2026/07/07 03:28:52 Downloading https://releases.bazel.build/8.7.0/release/bazel-8.7.0-linux-x86_64...
Extracting Bazel installation...
Starting local Bazel server (8.7.0) and connecting to it...
Computing main repo mapping: 
Computing main repo mapping: 
Computing main repo mapping: 
Computing main repo mapping: 
Loading: 
Loading: 0 packages loaded
Loading: 0 packages loaded
Loading: 0 packages loaded
    currently loading: proto
Loading: 0 packages loaded
    currently loading: proto
Loading: 0 packages loaded
    currently loading: proto
Analyzing: 6 targets (1 packages loaded, 0 targets configured)
Analyzing: 6 targets (1 packages loaded, 0 targets configured)

Analyzing: 6 targets (31 packages loaded, 28 targets configured)

Analyzing: 6 targets (77 packages loaded, 30 targets configured)

Analyzing: 6 targets (83 packages loaded, 46 targets configured)

Analyzing: 6 targets (83 packages loaded, 46 targets configured)

Analyzing: 6 targets (104 packages loaded, 6951 targets configured)

Analyzing: 6 targets (140 packages loaded, 8182 targets configured)

Analyzing: 6 targets (160 packages loaded, 8461 targets configured)

Analyzing: 6 targets (177 packages loaded, 13149 targets configured)

Analyzing: 6 targets (185 packages loaded, 15154 targets configured)

Analyzing: 6 targets (197 packages loaded, 20193 targets configured)
[11 / 322] Compiling absl/time/internal/cctz/src/time_zone_if.cc [for tool]; 0s processwrapper-sandbox ... (4 actions running)
Analyzing: 6 targets (198 packages loaded, 20775 targets configured)
[15 / 322] Compiling absl/time/internal/cctz/src/time_zone_if.cc [for tool]; 1s processwrapper-sandbox ... (4 actions, 3 running)
Analyzing: 6 targets (204 packages loaded, 26382 targets configured)
[16 / 322] Compiling absl/time/internal/cctz/src/time_zone_if.cc [for tool]; 2s processwrapper-sandbox ... (4 actions, 3 running)
Analyzing: 6 targets (206 packages loaded, 26853 targets configured)
[20 / 322] Compiling absl/time/internal/cctz/src/time_zone_format.cc [for tool]; 1s processwrapper-sandbox ... (4 actions, 3 running)
Analyzing: 6 targets (206 packages loaded, 26853 targets configured)
[24 / 322] Compiling absl/time/internal/cctz/src/time_zone_format.cc [for tool]; 2s processwrapper-sandbox ... (4 actions, 3 running)
Analyzing: 6 targets (206 packages loaded, 26853 targets configured)
[239 / 1,723] Compiling absl/time/internal/cctz/src/time_zone_info.cc [for tool]; 2s processwrapper-sandbox ... (4 actions, 2 running)
Analyzing: 6 targets (206 packages loaded, 26853 targets configured)
[301 / 1,930] Compiling absl/time/internal/cctz/src/civil_time_detail.cc [for tool]; 1s processwrapper-sandbox ... (4 actions, 3 running)
Analyzing: 6 targets (206 packages loaded, 26853 targets configured)
[309 / 1,930] Compiling absl/base/internal/raw_logging.cc [for tool]; 0s processwrapper-sandbox ... (4 actions running)
Analyzing: 6 targets (206 packages loaded, 26853 targets configured)
[316 / 1,930] Compiling absl/time/internal/cctz/src/time_zone_lookup.cc [for tool]; 1s processwrapper-sandbox ... (4 actions running)
Analyzing: 6 targets (206 packages loaded, 26853 targets configured)
[326 / 1,930] Compiling absl/log/log_sink.cc; 1s processwrapper-sandbox ... (4 actions, 3 running)
Analyzing: 6 targets (206 packages loaded, 26853 targets configured)
[332 / 1,930] Compiling absl/log/internal/proto.cc; 0s processwrapper-sandbox ... (4 actions, 3 running)
Analyzing: 6 targets (206 packages loaded, 26853 targets configured)
[336 / 1,930] Compiling absl/log/log_entry.cc; 1s processwrapper-sandbox ... (4 actions, 3 running)
Analyzing: 6 targets (206 packages loaded, 26853 targets configured)
[625 / 1,934] Compiling absl/log/internal/check_op.cc; 0s processwrapper-sandbox ... (4 actions, 3 running)
Analyzing: 6 targets (206 packages loaded, 26853 targets configured)
[762 / 1,934] Compiling absl/log/internal/vlog_config.cc; 1s processwrapper-sandbox ... (4 actions, 3 running)
Analyzing: 6 targets (206 packages loaded, 26853 targets configured)
[773 / 1,934] Compiling absl/log/globals.cc; 0s processwrapper-sandbox ... (4 actions, 3 running)
Analyzing: 6 targets (206 packages loaded, 26853 targets configured)
[781 / 1,934] Compiling absl/log/globals.cc; 1s processwrapper-sandbox ... (4 actions, 3 running)
Analyzing: 6 targets (206 packages loaded, 26853 targets configured)
[793 / 1,934] Compiling absl/log/internal/log_sink_set.cc; 1s processwrapper-sandbox ... (4 actions, 3 running)
Analyzing: 6 targets (206 packages loaded, 26853 targets configured)
[801 / 1,934] Compiling absl/status/statusor.cc; 1s processwrapper-sandbox ... (4 actions, 3 running)
Analyzing: 6 targets (206 packages loaded, 26853 targets configured)
[808 / 1,934] Compiling absl/status/statusor.cc; 2s processwrapper-sandbox ... (4 actions running)
Analyzing: 6 targets (206 packages loaded, 26853 targets configured)
[816 / 1,934] Compiling absl/debugging/internal/decode_rust_punycode.cc [for tool]; 1s processwrapper-sandbox ... (4 actions running)
Analyzing: 6 targets (206 packages loaded, 26853 targets configured)
[823 / 1,934] Compiling src/google/protobuf/stubs/common.cc; 1s processwrapper-sandbox ... (4 actions, 3 running)
Analyzing: 6 targets (206 packages loaded, 26853 targets configured)
[829 / 1,934] Compiling src/google/protobuf/stubs/common.cc; 2s processwrapper-sandbox ... (4 actions, 3 running)
Analyzing: 6 targets (206 packages loaded, 26853 targets configured)
[834 / 1,934] Compiling absl/debugging/internal/demangle.cc [for tool]; 1s processwrapper-sandbox ... (4 actions, 3 running)
Analyzing: 6 targets (206 packages loaded, 26853 targets configured)
[837 / 1,934] Compiling absl/debugging/internal/demangle.cc [for tool]; 2s processwrapper-sandbox ... (4 actions, 3 running)
INFO: From Compiling src/lib/util/ares_iface_ips.c:
external/c-ares+/src/lib/util/ares_iface_ips.c:140:3: warning: 'ares_iface_ips_add' defined but not used [-Wunused-function]
  140 |   ares_iface_ips_add(ares_iface_ips_t *ips, ares_iface_ip_flags_t flags,
      |   ^~~~~~~~~~~~~~~~~~
Analyzing: 6 targets (206 packages loaded, 26853 targets configured)
[846 / 1,934] Compiling absl/debugging/internal/demangle.cc [for tool]; 3s processwrapper-sandbox ... (4 actions, 3 running)
Analyzing: 6 targets (206 packages loaded, 26853 targets configured)
[853 / 1,934] Compiling src/google/protobuf/micro_string.cc; 3s processwrapper-sandbox ... (4 actions, 3 running)
Analyzing: 6 targets (206 packages loaded, 26853 targets configured)
[862 / 1,934] Compiling src/google/protobuf/micro_string.cc; 4s processwrapper-sandbox ... (4 actions, 3 running)
Analyzing: 6 targets (206 packages loaded, 26853 targets configured)
[876 / 1,934] Compiling absl/numeric/int128.cc [for tool]; 1s processwrapper-sandbox ... (4 actions, 3 running)
Analyzing: 6 targets (206 packages loaded, 26853 targets configured)
[880 / 1,934] Compiling src/google/protobuf/any_lite.cc; 2s processwrapper-sandbox ... (4 actions, 3 running)
Analyzing: 6 targets (206 packages loaded, 26853 targets configured)
[884 / 1,934] Compiling src/google/protobuf/arena.cc; 1s processwrapper-sandbox ... (4 actions, 3 running)
Analyzing: 6 targets (206 packages loaded, 26853 targets configured)
[885 / 1,934] Compiling src/google/protobuf/arenastring.cc; 1s processwrapper-sandbox ... (4 actions, 3 running)
Analyzing: 6 targets (206 packages loaded, 26853 targets configured)
[887 / 1,934] Compiling src/google/protobuf/arenastring.cc; 2s processwrapper-sandbox ... (4 actions running)
Analyzing: 6 targets (206 packages loaded, 26853 targets configured)
[891 / 1,934] Compiling src/google/protobuf/io/zero_copy_stream_impl_lite.cc; 1s processwrapper-sandbox ... (4 actions running)
Analyzing: 6 targets (207 packages loaded, 26857 targets configured)
[893 / 1,934] Compiling src/google/protobuf/extension_set.cc; 1s processwrapper-sandbox ... (4 actions running)
Analyzing: 6 targets (263 packages loaded, 27150 targets configured)
[895 / 1,934] Compiling src/google/protobuf/extension_set.cc; 2s processwrapper-sandbox ... (4 actions, 3 running)
Analyzing: 6 targets (334 packages loaded, 27393 targets configured)
[896 / 1,934] Compiling src/google/protobuf/extension_set.cc; 3s processwrapper-sandbox ... (4 actions running)
Analyzing: 6 targets (336 packages loaded, 27681 targets configured)
[898 / 1,934] Compiling src/google/protobuf/extension_set.cc; 5s processwrapper-sandbox ... (4 actions running)
INFO: Analyzed 6 targets (341 packages loaded, 27740 targets configured).
[900 / 1,934] Compiling src/google/protobuf/extension_set.cc; 6s processwrapper-sandbox ... (4 actions, 3 running)
[905 / 1,934] Compiling src/google/protobuf/io/coded_stream.cc; 0s processwrapper-sandbox ... (4 actions, 3 running)
[912 / 1,934] Compiling src/google/protobuf/generated_enum_util.cc; 1s processwrapper-sandbox ... (4 actions, 3 running)
[918 / 1,934] Compiling absl/strings/numbers.cc [for tool]; 0s processwrapper-sandbox ... (4 actions, 3 running)
[921 / 1,934] Compiling src/google/protobuf/generated_message_tctable_lite.cc; 2s processwrapper-sandbox ... (4 actions running)
[926 / 1,934] Compiling src/google/protobuf/generated_message_tctable_lite.cc; 3s processwrapper-sandbox ... (4 actions, 3 running)
[931 / 1,934] Compiling src/google/protobuf/generated_message_tctable_lite.cc; 4s processwrapper-sandbox ... (4 actions, 3 running)
[937 / 1,934] Compiling absl/strings/internal/cord_rep_btree.cc [for tool]; 0s processwrapper-sandbox ... (4 actions, 3 running)
[940 / 1,934] Compiling absl/strings/internal/cord_rep_btree.cc [for tool]; 2s processwrapper-sandbox ... (4 actions running)
[945 / 1,934] Compiling absl/strings/internal/cord_rep_btree_navigator.cc [for tool]; 0s processwrapper-sandbox ... (4 actions running)
[948 / 1,934] Compiling src/google/protobuf/implicit_weak_message.cc; 1s processwrapper-sandbox ... (4 actions, 3 running)
[954 / 1,934] Compiling src/google/protobuf/inlined_string_field.cc; 1s processwrapper-sandbox ... (4 actions, 3 running)
[958 / 1,934] Compiling absl/synchronization/mutex.cc; 1s processwrapper-sandbox ... (4 actions, 3 running)
[964 / 1,934] Compiling src/google/protobuf/map.cc; 1s processwrapper-sandbox ... (4 actions, 3 running)
[968 / 1,934] Compiling absl/status/internal/status_internal.cc; 1s processwrapper-sandbox ... (4 actions running)
[974 / 1,934] Compiling src/google/protobuf/message_lite.cc; 1s processwrapper-sandbox ... (4 actions, 3 running)
[979 / 1,934] Compiling absl/strings/internal/cordz_info.cc [for tool]; 0s processwrapper-sandbox ... (4 actions, 3 running)
[984 / 1,934] Compiling src/google/protobuf/parse_context.cc; 1s processwrapper-sandbox ... (4 actions, 3 running)
[993 / 1,934] Compiling absl/strings/cord.cc [for tool]; 1s processwrapper-sandbox ... (4 actions, 3 running)
[997 / 1,934] Compiling absl/strings/cord.cc [for tool]; 2s processwrapper-sandbox ... (4 actions, 3 running)
[1,002 / 1,934] Compiling src/google/protobuf/repeated_ptr_field.cc; 0s processwrapper-sandbox ... (4 actions running)
[1,006 / 1,934] Compiling src/google/protobuf/repeated_ptr_field.cc; 1s processwrapper-sandbox ... (4 actions running)
[1,014 / 1,934] Compiling absl/container/internal/raw_hash_set.cc [for tool]; 1s processwrapper-sandbox ... (4 actions, 3 running)
[1,022 / 1,934] Compiling absl/status/internal/status_internal.cc [for tool]; 0s processwrapper-sandbox ... (4 actions, 3 running)
[1,026 / 1,934] Compiling absl/status/internal/status_internal.cc [for tool]; 1s processwrapper-sandbox ... (4 actions, 3 running)
[1,030 / 1,934] Compiling src/google/protobuf/io/gzip_stream.cc; 1s processwrapper-sandbox ... (4 actions, 3 running)
[1,036 / 1,934] Compiling src/google/protobuf/io/zero_copy_sink.cc; 0s processwrapper-sandbox ... (4 actions, 3 running)
[1,042 / 1,934] Compiling src/google/protobuf/io/printer.cc; 0s processwrapper-sandbox ... (4 actions running)
[1,046 / 1,934] Compiling src/google/protobuf/io/printer.cc; 1s processwrapper-sandbox ... (4 actions, 3 running)
[1,052 / 1,934] Compiling src/google/protobuf/io/printer.cc; 3s processwrapper-sandbox ... (4 actions, 3 running)
[1,057 / 1,934] Compiling absl/strings/internal/cord_rep_crc.cc; 0s processwrapper-sandbox ... (4 actions, 3 running)
[1,065 / 1,934] Compiling absl/strings/internal/cord_rep_consume.cc; 0s processwrapper-sandbox ... (4 actions, 3 running)
[1,069 / 1,934] Compiling src/google/protobuf/io/tokenizer.cc; 1s processwrapper-sandbox ... (4 actions, 3 running)
[1,074 / 1,934] Compiling absl/strings/cord.cc; 1s processwrapper-sandbox ... (4 actions, 3 running)
[1,077 / 1,934] Compiling absl/strings/internal/cord_rep_btree.cc; 1s processwrapper-sandbox ... (4 actions running)
[1,082 / 2,061] Compiling absl/log/internal/vlog_config.cc [for tool]; 1s processwrapper-sandbox ... (3 actions, 2 running)
[1,218 / 2,649] Compiling src/google/protobuf/cpp_features.pb.cc; 1s processwrapper-sandbox ... (4 actions, 3 running)
[1,220 / 2,649] Compiling src/google/protobuf/cpp_features.pb.cc; 2s processwrapper-sandbox ... (4 actions, 3 running)
[1,221 / 2,649] Compiling src/google/protobuf/compiler/main_no_generators.cc [for tool]; 2s processwrapper-sandbox ... (4 actions running)
[1,230 / 2,657] Compiling src/google/protobuf/descriptor.cc; 1s processwrapper-sandbox ... (4 actions, 3 running)
[1,234 / 2,657] Compiling src/google/protobuf/descriptor.cc; 2s processwrapper-sandbox ... (4 actions, 3 running)
[1,238 / 2,657] Compiling src/google/protobuf/descriptor.cc; 3s processwrapper-sandbox ... (4 actions, 3 running)
[1,242 / 2,657] Compiling src/google/protobuf/descriptor.cc; 4s processwrapper-sandbox ... (4 actions, 3 running)
[1,246 / 2,657] Compiling src/google/protobuf/descriptor.cc; 6s processwrapper-sandbox ... (4 actions running)
[1,248 / 2,657] Compiling src/google/protobuf/descriptor.cc; 7s processwrapper-sandbox ... (4 actions running)
[1,251 / 2,657] Compiling src/google/protobuf/descriptor.cc; 8s processwrapper-sandbox ... (4 actions running)
[1,253 / 2,657] Compiling src/google/protobuf/descriptor.cc; 9s processwrapper-sandbox ... (4 actions running)
[1,256 / 2,657] Compiling src/google/protobuf/descriptor.cc; 10s processwrapper-sandbox ... (4 actions, 3 running)
[1,261 / 2,657] Compiling src/google/protobuf/descriptor.cc; 11s processwrapper-sandbox ... (4 actions, 3 running)
[1,263 / 2,657] Compiling src/google/protobuf/descriptor.cc; 12s processwrapper-sandbox ... (4 actions, 3 running)
[1,264 / 2,657] Compiling src/google/protobuf/descriptor.cc; 14s processwrapper-sandbox ... (4 actions running)
[1,269 / 2,657] Compiling src/google/protobuf/descriptor.cc; 15s processwrapper-sandbox ... (4 actions, 3 running)
INFO: From Compiling src/google/protobuf/descriptor.cc:
external/protobuf+/src/google/protobuf/descriptor.cc: In member function 'void google::protobuf::DescriptorBuilder::CrossLinkField(google::protobuf::FieldDescriptor*, const google::protobuf::FieldDescriptorProto&)':
external/protobuf+/src/google/protobuf/descriptor.cc:8005:65: warning: 'bool google::protobuf::FieldOptions::weak() const' is deprecated [-Wdeprecated-declarations]
 8005 |     bool is_weak = !pool_->enforce_weak_ && proto.options().weak();
      |                                             ~~~~~~~~~~~~~~~~~~~~^~
In file included from bazel-out/k8-fastbuild/bin/external/protobuf+/src/google/protobuf/_virtual_includes/protobuf/google/protobuf/cpp_features.pb.h:34,
                 from external/protobuf+/src/google/protobuf/descriptor.cc:72:
bazel-out/k8-fastbuild/bin/external/protobuf+/src/google/protobuf/_virtual_includes/protobuf/google/protobuf/descriptor.pb.h:19782:13: note: declared here
19782 | inline bool FieldOptions::weak() const {
      |             ^~~~~~~~~~~~
external/protobuf+/src/google/protobuf/descriptor.cc: In function 'google::protobuf::internal::cpp::HasbitMode google::protobuf::internal::cpp::GetFieldHasbitModeWithoutProfile(const google::protobuf::FieldDescriptor*)':
external/protobuf+/src/google/protobuf/descriptor.cc:10707:62: warning: 'bool google::protobuf::FieldOptions::weak() const' is deprecated [-Wdeprecated-declarations]
10707 |   if (field->real_containing_oneof() || field->options().weak() ||
      |                                         ~~~~~~~~~~~~~~~~~~~~~^~
bazel-out/k8-fastbuild/bin/external/protobuf+/src/google/protobuf/_virtual_includes/protobuf/google/protobuf/descriptor.pb.h:19782:13: note: declared here
19782 | inline bool FieldOptions::weak() const {
      |             ^~~~~~~~~~~~
[1,271 / 2,657] Compiling src/google/protobuf/unknown_field_set.cc; 2s processwrapper-sandbox ... (4 actions running)
[1,274 / 2,657] Compiling src/google/protobuf/extension_set.cc [for tool]; 3s processwrapper-sandbox ... (4 actions running)
[1,275 / 2,657] Compiling src/google/protobuf/extension_set.cc [for tool]; 4s processwrapper-sandbox ... (4 actions, 3 running)
[1,277 / 2,657] Compiling src/google/protobuf/descriptor.pb.cc; 4s processwrapper-sandbox ... (4 actions, 3 running)
[1,279 / 2,657] Compiling src/google/protobuf/text_format.cc; 4s processwrapper-sandbox ... (4 actions running)
[1,282 / 2,657] Compiling src/google/protobuf/text_format.cc; 5s processwrapper-sandbox ... (4 actions, 3 running)
INFO: From Compiling src/google/protobuf/text_format.cc:
external/protobuf+/src/google/protobuf/text_format.cc: In member function 'google::protobuf::TextFormat::ParseLocation google::protobuf::TextFormat::ParseInfoTree::GetLocation(const google::protobuf::FieldDescriptor*, int) const':
external/protobuf+/src/google/protobuf/text_format.cc:260:26: warning: 'google::protobuf::TextFormat::ParseLocationRange google::protobuf::TextFormat::ParseInfoTree::GetLocationRange(const google::protobuf::FieldDescriptor*, int) const' is deprecated: Please use GetFieldLocation() [-Wdeprecated-declarations]
  260 |   return GetLocationRange(field, index).start;
      |          ~~~~~~~~~~~~~~~~^~~~~~~~~~~~~~
external/protobuf+/src/google/protobuf/text_format.cc:242:32: note: declared here
  242 | TextFormat::ParseLocationRange TextFormat::ParseInfoTree::GetLocationRange(
      |                                ^~~~~~~~~~
external/protobuf+/src/google/protobuf/text_format.cc: In member function 'bool google::protobuf::TextFormat::Parser::ParserImpl::ConsumeField(google::protobuf::Message*)':
external/protobuf+/src/google/protobuf/text_format.cc:795:54: warning: 'bool google::protobuf::FieldOptions::weak() const' is deprecated [-Wdeprecated-declarations]
  795 |       if (consumed_semicolon && field->options().weak() &&
      |                                 ~~~~~~~~~~~~~~~~~~~~~^~
In file included from external/protobuf+/src/google/protobuf/text_format.cc:50:
bazel-out/k8-fastbuild/bin/external/protobuf+/src/google/protobuf/_virtual_includes/protobuf/google/protobuf/descriptor.pb.h:19782:13: note: declared here
19782 | inline bool FieldOptions::weak() const {
      |             ^~~~~~~~~~~~
[1,286 / 2,657] Compiling src/google/protobuf/descriptor_database.cc; 3s processwrapper-sandbox ... (4 actions, 3 running)
[1,287 / 2,657] Compiling src/google/protobuf/descriptor_database.cc; 4s processwrapper-sandbox ... (4 actions running)
[1,289 / 2,657] Compiling src/google/protobuf/descriptor_database.cc; 5s processwrapper-sandbox ... (4 actions, 3 running)
[1,293 / 2,657] Compiling src/google/protobuf/generated_message_tctable_lite.cc [for tool]; 5s processwrapper-sandbox ... (4 actions, 3 running)
[1,294 / 2,657] Compiling src/google/protobuf/generated_message_tctable_lite.cc [for tool]; 7s processwrapper-sandbox ... (4 actions, 3 running)
[1,297 / 2,657] Compiling src/google/protobuf/generated_message_tctable_lite.cc [for tool]; 8s processwrapper-sandbox ... (4 actions running)
INFO: From Compiling src/google/protobuf/dynamic_message.cc:
external/protobuf+/src/google/protobuf/dynamic_message.cc: In member function 'void google::protobuf::DynamicMessage::CrossLinkPrototypes()':
external/protobuf+/src/google/protobuf/dynamic_message.cc:845:31: warning: 'bool google::protobuf::FieldOptions::weak() const' is deprecated [-Wdeprecated-declarations]
  845 |         !field->options().weak() && !InRealOneof(field) &&
      |          ~~~~~~~~~~~~~~~~~~~~~^~
In file included from external/protobuf+/src/google/protobuf/dynamic_message.cc:57:
bazel-out/k8-fastbuild/bin/external/protobuf+/src/google/protobuf/_virtual_includes/protobuf/google/protobuf/descriptor.pb.h:19782:13: note: declared here
19782 | inline bool FieldOptions::weak() const {
      |             ^~~~~~~~~~~~
[1,301 / 2,657] Compiling src/google/protobuf/message.cc; 2s processwrapper-sandbox ... (4 actions running)
[1,304 / 2,657] Compiling src/google/protobuf/message.cc; 3s processwrapper-sandbox ... (4 actions, 3 running)
[1,306 / 2,657] Compiling src/google/protobuf/message.cc; 4s processwrapper-sandbox ... (4 actions, 3 running)
[1,310 / 2,657] Compiling src/google/protobuf/message.cc; 5s processwrapper-sandbox ... (4 actions, 3 running)
INFO: From Compiling src/google/protobuf/message.cc:
In file included from external/abseil-cpp+/absl/log/internal/check_impl.h:20,
                 from external/abseil-cpp+/absl/log/absl_check.h:38,
                 from bazel-out/k8-fastbuild/bin/external/protobuf+/src/google/protobuf/_virtual_includes/protobuf/google/protobuf/message.h:107,
                 from external/protobuf+/src/google/protobuf/message.cc:12:
bazel-out/k8-fastbuild/bin/external/protobuf+/src/google/protobuf/_virtual_includes/protobuf/google/protobuf/reflection_visit_fields.h: In instantiation of 'static void google::protobuf::internal::ReflectionVisit::VisitFields(MessageT&, CallbackFn&&, google::protobuf::internal::FieldMask) [with MessageT = const google::protobuf::Message; CallbackFn = google::protobuf::internal::ReflectionVisit::VisitMessageFields<google::protobuf::Message::AbslUnparseFlagImpl() const::<lambda(const auto:60&)> >(const google::protobuf::Message&, google::protobuf::Message::AbslUnparseFlagImpl() const::<lambda(const auto:60&)>&&)::<lambda(auto:54)>]':
bazel-out/k8-fastbuild/bin/external/protobuf+/src/google/protobuf/_virtual_includes/protobuf/google/protobuf/reflection_visit_fields.h:417:31:   required from 'static void google::protobuf::internal::ReflectionVisit::VisitMessageFields(const google::protobuf::Message&, CallbackFn&&) [with CallbackFn = google::protobuf::Message::AbslUnparseFlagImpl() const::<lambda(const auto:60&)>]'
bazel-out/k8-fastbuild/bin/external/protobuf+/src/google/protobuf/_virtual_includes/protobuf/google/protobuf/reflection_visit_fields.h:494:38:   required from 'void google::protobuf::internal::VisitMessageFields(const google::protobuf::Message&, CallbackFn&&) [with CallbackFn = google::protobuf::Message::AbslUnparseFlagImpl() const::<lambda(const auto:60&)>]'
external/protobuf+/src/google/protobuf/message.cc:314:31:   required from here
bazel-out/k8-fastbuild/bin/external/protobuf+/src/google/protobuf/_virtual_includes/protobuf/google/protobuf/reflection_visit_fields.h:109:39: warning: 'bool google::protobuf::FieldOptions::weak() const' is deprecated [-Wdeprecated-declarations]
  109 |     ABSL_DCHECK(!field->options().weak()) << "weak fields are not supported";
      |                  ~~~~~~~~~~~~~~~~~~~~~^~
external/abseil-cpp+/absl/log/internal/conditions.h:68:7: note: in definition of macro 'ABSL_LOG_INTERNAL_STATELESS_CONDITION'
   68 |     !(condition) ? (void)0 : ::absl::log_internal::Voidify() &&
      |       ^~~~~~~~~
external/abseil-cpp+/absl/log/internal/check_impl.h:26:3: note: in expansion of macro 'ABSL_LOG_INTERNAL_CONDITION_FATAL'
   26 |   ABSL_LOG_INTERNAL_CONDITION_FATAL(STATELESS,                        \
      |   ^~~~~~~~~~~~~~~~~~~~~~~~~~~~~~~~~
external/abseil-cpp+/absl/log/internal/check_impl.h:27:37: note: in expansion of macro 'ABSL_PREDICT_FALSE'
   27 |                                     ABSL_PREDICT_FALSE(!(condition))) \
      |                                     ^~~~~~~~~~~~~~~~~~
external/abseil-cpp+/absl/log/internal/check_impl.h:40:3: note: in expansion of macro 'ABSL_LOG_INTERNAL_CHECK_IMPL'
   40 |   ABSL_LOG_INTERNAL_CHECK_IMPL(condition, condition_text)
      |   ^~~~~~~~~~~~~~~~~~~~~~~~~~~~
external/abseil-cpp+/absl/log/absl_check.h:47:3: note: in expansion of macro 'ABSL_LOG_INTERNAL_DCHECK_IMPL'
   47 |   ABSL_LOG_INTERNAL_DCHECK_IMPL((condition), #condition)
      |   ^~~~~~~~~~~~~~~~~~~~~~~~~~~~~
bazel-out/k8-fastbuild/bin/external/protobuf+/src/google/protobuf/_virtual_includes/protobuf/google/protobuf/reflection_visit_fields.h:109:5: note: in expansion of macro 'ABSL_DCHECK'
  109 |     ABSL_DCHECK(!field->options().weak()) << "weak fields are not supported";
      |     ^~~~~~~~~~~
In file included from external/protobuf+/src/google/protobuf/message.cc:44:
bazel-out/k8-fastbuild/bin/external/protobuf+/src/google/protobuf/_virtual_includes/protobuf/google/protobuf/descriptor.pb.h:19782:13: note: declared here
19782 | inline bool FieldOptions::weak() const {
      |             ^~~~~~~~~~~~
bazel-out/k8-fastbuild/bin/external/protobuf+/src/google/protobuf/_virtual_includes/protobuf/google/protobuf/reflection_visit_fields.h:109:39: warning: 'bool google::protobuf::FieldOptions::weak() const' is deprecated [-Wdeprecated-declarations]
  109 |     ABSL_DCHECK(!field->options().weak()) << "weak fields are not supported";
      |                  ~~~~~~~~~~~~~~~~~~~~~^~
external/abseil-cpp+/absl/log/internal/conditions.h:68:7: note: in definition of macro 'ABSL_LOG_INTERNAL_STATELESS_CONDITION'
   68 |     !(condition) ? (void)0 : ::absl::log_internal::Voidify() &&
      |       ^~~~~~~~~
external/abseil-cpp+/absl/log/internal/check_impl.h:26:3: note: in expansion of macro 'ABSL_LOG_INTERNAL_CONDITION_FATAL'
   26 |   ABSL_LOG_INTERNAL_CONDITION_FATAL(STATELESS,                        \
      |   ^~~~~~~~~~~~~~~~~~~~~~~~~~~~~~~~~
external/abseil-cpp+/absl/log/internal/check_impl.h:27:37: note: in expansion of macro 'ABSL_PREDICT_FALSE'
   27 |                                     ABSL_PREDICT_FALSE(!(condition))) \
      |                                     ^~~~~~~~~~~~~~~~~~
external/abseil-cpp+/absl/log/internal/check_impl.h:40:3: note: in expansion of macro 'ABSL_LOG_INTERNAL_CHECK_IMPL'
   40 |   ABSL_LOG_INTERNAL_CHECK_IMPL(condition, condition_text)
      |   ^~~~~~~~~~~~~~~~~~~~~~~~~~~~
external/abseil-cpp+/absl/log/absl_check.h:47:3: note: in expansion of macro 'ABSL_LOG_INTERNAL_DCHECK_IMPL'
   47 |   ABSL_LOG_INTERNAL_DCHECK_IMPL((condition), #condition)
      |   ^~~~~~~~~~~~~~~~~~~~~~~~~~~~~
bazel-out/k8-fastbuild/bin/external/protobuf+/src/google/protobuf/_virtual_includes/protobuf/google/protobuf/reflection_visit_fields.h:109:5: note: in expansion of macro 'ABSL_DCHECK'
  109 |     ABSL_DCHECK(!field->options().weak()) << "weak fields are not supported";
      |     ^~~~~~~~~~~
bazel-out/k8-fastbuild/bin/external/protobuf+/src/google/protobuf/_virtual_includes/protobuf/google/protobuf/descriptor.pb.h:19782:13: note: declared here
19782 | inline bool FieldOptions::weak() const {
      |             ^~~~~~~~~~~~
[1,313 / 2,657] Compiling src/google/protobuf/feature_resolver.cc; 2s processwrapper-sandbox ... (4 actions, 3 running)
[1,315 / 2,657] Compiling src/google/protobuf/feature_resolver.cc; 3s processwrapper-sandbox ... (4 actions, 3 running)
[1,319 / 2,657] Compiling src/google/protobuf/map.cc [for tool]; 2s processwrapper-sandbox ... (4 actions, 3 running)
[1,322 / 2,657] Compiling src/google/protobuf/generated_message_bases.cc; 1s processwrapper-sandbox ... (4 actions, 3 running)
[1,325 / 2,657] Compiling src/google/protobuf/internal_feature_helper.cc; 2s processwrapper-sandbox ... (4 actions running)
[1,328 / 2,657] Compiling src/google/protobuf/generated_message_reflection.cc; 1s processwrapper-sandbox ... (4 actions, 3 running)
[1,330 / 2,657] Compiling src/google/protobuf/generated_message_reflection.cc; 3s processwrapper-sandbox ... (4 actions, 3 running)
[1,333 / 2,657] Compiling src/google/protobuf/generated_message_reflection.cc; 4s processwrapper-sandbox ... (4 actions, 3 running)
INFO: From Compiling src/google/protobuf/generated_message_tctable_gen.cc:
external/protobuf+/src/google/protobuf/generated_message_tctable_gen.cc: In function 'bool google::protobuf::internal::{anonymous}::HasWeakFields(const google::protobuf::Descriptor*)':
external/protobuf+/src/google/protobuf/generated_message_tctable_gen.cc:668:45: warning: 'bool google::protobuf::FieldOptions::weak() const' is deprecated [-Wdeprecated-declarations]
  668 |     if (descriptor->field(i)->options().weak()) {
      |         ~~~~~~~~~~~~~~~~~~~~~~~~~~~~~~~~~~~~^~
In file included from bazel-out/k8-fastbuild/bin/external/protobuf+/src/google/protobuf/_virtual_includes/protobuf/google/protobuf/generated_message_tctable_gen.h:21,
                 from external/protobuf+/src/google/protobuf/generated_message_tctable_gen.cc:8:
bazel-out/k8-fastbuild/bin/external/protobuf+/src/google/protobuf/_virtual_includes/protobuf/google/protobuf/descriptor.pb.h:19782:13: note: declared here
19782 | inline bool FieldOptions::weak() const {
      |             ^~~~~~~~~~~~
external/protobuf+/src/google/protobuf/generated_message_tctable_gen.cc: In function 'bool google::protobuf::internal::IsFieldTypeEligibleForFastParsing(const google::protobuf::FieldDescriptor*)':
external/protobuf+/src/google/protobuf/generated_message_tctable_gen.cc:707:28: warning: 'bool google::protobuf::FieldOptions::weak() const' is deprecated [-Wdeprecated-declarations]
  707 |       field->options().weak()) {
      |       ~~~~~~~~~~~~~~~~~~~~~^~
bazel-out/k8-fastbuild/bin/external/protobuf+/src/google/protobuf/_virtual_includes/protobuf/google/protobuf/descriptor.pb.h:19782:13: note: declared here
19782 | inline bool FieldOptions::weak() const {
      |             ^~~~~~~~~~~~
external/protobuf+/src/google/protobuf/generated_message_tctable_gen.cc: In lambda function:
external/protobuf+/src/google/protobuf/generated_message_tctable_gen.cc:742:54: warning: 'bool google::protobuf::FieldOptions::weak() const' is deprecated [-Wdeprecated-declarations]
  742 |            !field->is_map() && !field->options().weak() &&
      |                                 ~~~~~~~~~~~~~~~~~~~~~^~
bazel-out/k8-fastbuild/bin/external/protobuf+/src/google/protobuf/_virtual_includes/protobuf/google/protobuf/descriptor.pb.h:19782:13: note: declared here
19782 | inline bool FieldOptions::weak() const {
      |             ^~~~~~~~~~~~
external/protobuf+/src/google/protobuf/generated_message_tctable_gen.cc: In static member function 'static std::vector<google::protobuf::internal::TailCallTableInfo::FieldEntryInfo> google::protobuf::internal::TailCallTableInfo::BuildFieldEntries(const google::protobuf::Descriptor*, const MessageOptions&, absl::lts_20250814::Span<const FieldOptions>, std::vector<AuxEntry>&)':
external/protobuf+/src/google/protobuf/generated_message_tctable_gen.cc:782:39: warning: 'bool google::protobuf::FieldOptions::weak() const' is deprecated [-Wdeprecated-declarations]
  782 |       } else if (field->options().weak()) {
      |                  ~~~~~~~~~~~~~~~~~~~~~^~
bazel-out/k8-fastbuild/bin/external/protobuf+/src/google/protobuf/_virtual_includes/protobuf/google/protobuf/descriptor.pb.h:19782:13: note: declared here
19782 | inline bool FieldOptions::weak() const {
      |             ^~~~~~~~~~~~
[1,337 / 2,657] Compiling src/google/protobuf/generated_message_reflection.cc; 5s processwrapper-sandbox ... (4 actions running)
[1,339 / 2,657] Compiling src/google/protobuf/generated_message_reflection.cc; 6s processwrapper-sandbox ... (4 actions running)
[1,472 / 2,800] Compiling src/google/protobuf/generated_message_reflection.cc; 8s processwrapper-sandbox ... (4 actions, 3 running)
INFO: From Compiling src/google/protobuf/generated_message_reflection.cc:
external/protobuf+/src/google/protobuf/generated_message_reflection.cc: In member function 'const google::protobuf::Message* google::protobuf::Reflection::GetDefaultMessageInstance(const google::protobuf::FieldDescriptor*) const':
external/protobuf+/src/google/protobuf/generated_message_reflection.cc:2518:29: warning: 'bool google::protobuf::FieldOptions::weak() const' is deprecated [-Wdeprecated-declarations]
 2518 |       !field->options().weak() && !IsLazyField(field) &&
      |        ~~~~~~~~~~~~~~~~~~~~~^~
In file included from bazel-out/k8-fastbuild/bin/external/protobuf+/src/google/protobuf/_virtual_includes/protobuf/google/protobuf/cpp_features.pb.h:34,
                 from external/protobuf+/src/google/protobuf/generated_message_reflection.cc:44:
bazel-out/k8-fastbuild/bin/external/protobuf+/src/google/protobuf/_virtual_includes/protobuf/google/protobuf/descriptor.pb.h:19782:13: note: declared here
19782 | inline bool FieldOptions::weak() const {
      |             ^~~~~~~~~~~~
In file included from external/abseil-cpp+/absl/log/internal/check_impl.h:20,
                 from external/abseil-cpp+/absl/log/absl_check.h:38,
                 from bazel-out/k8-fastbuild/bin/external/protobuf+/src/google/protobuf/_virtual_includes/protobuf/google/protobuf/generated_message_reflection.h:25,
                 from external/protobuf+/src/google/protobuf/generated_message_reflection.cc:12:
external/protobuf+/src/google/protobuf/generated_message_reflection.cc: In member function 'bool google::protobuf::Reflection::HasFieldWithHasbits(const google::protobuf::Message&, const google::protobuf::FieldDescriptor*) const':
external/protobuf+/src/google/protobuf/generated_message_reflection.cc:3228:37: warning: 'bool google::protobuf::FieldOptions::weak() const' is deprecated [-Wdeprecated-declarations]
 3228 |   ABSL_DCHECK(!field->options().weak());
      |                ~~~~~~~~~~~~~~~~~~~~~^~
external/abseil-cpp+/absl/log/internal/conditions.h:68:7: note: in definition of macro 'ABSL_LOG_INTERNAL_STATELESS_CONDITION'
   68 |     !(condition) ? (void)0 : ::absl::log_internal::Voidify() &&
      |       ^~~~~~~~~
external/abseil-cpp+/absl/log/internal/check_impl.h:26:3: note: in expansion of macro 'ABSL_LOG_INTERNAL_CONDITION_FATAL'
   26 |   ABSL_LOG_INTERNAL_CONDITION_FATAL(STATELESS,                        \
      |   ^~~~~~~~~~~~~~~~~~~~~~~~~~~~~~~~~
external/abseil-cpp+/absl/log/internal/check_impl.h:27:37: note: in expansion of macro 'ABSL_PREDICT_FALSE'
   27 |                                     ABSL_PREDICT_FALSE(!(condition))) \
      |                                     ^~~~~~~~~~~~~~~~~~
external/abseil-cpp+/absl/log/internal/check_impl.h:40:3: note: in expansion of macro 'ABSL_LOG_INTERNAL_CHECK_IMPL'
   40 |   ABSL_LOG_INTERNAL_CHECK_IMPL(condition, condition_text)
      |   ^~~~~~~~~~~~~~~~~~~~~~~~~~~~
external/abseil-cpp+/absl/log/absl_check.h:47:3: note: in expansion of macro 'ABSL_LOG_INTERNAL_DCHECK_IMPL'
   47 |   ABSL_LOG_INTERNAL_DCHECK_IMPL((condition), #condition)
      |   ^~~~~~~~~~~~~~~~~~~~~~~~~~~~~
external/protobuf+/src/google/protobuf/generated_message_reflection.cc:3228:3: note: in expansion of macro 'ABSL_DCHECK'
 3228 |   ABSL_DCHECK(!field->options().weak());
      |   ^~~~~~~~~~~
bazel-out/k8-fastbuild/bin/external/protobuf+/src/google/protobuf/_virtual_includes/protobuf/google/protobuf/descriptor.pb.h:19782:13: note: declared here
19782 | inline bool FieldOptions::weak() const {
      |             ^~~~~~~~~~~~
external/protobuf+/src/google/protobuf/generated_message_reflection.cc: In member function 'void google::protobuf::Reflection::SetHasBit(google::protobuf::Message*, const google::protobuf::FieldDescriptor*) const':
external/protobuf+/src/google/protobuf/generated_message_reflection.cc:3261:37: warning: 'bool google::protobuf::FieldOptions::weak() const' is deprecated [-Wdeprecated-declarations]
 3261 |   ABSL_DCHECK(!field->options().weak());
      |                ~~~~~~~~~~~~~~~~~~~~~^~
external/abseil-cpp+/absl/log/internal/conditions.h:68:7: note: in definition of macro 'ABSL_LOG_INTERNAL_STATELESS_CONDITION'
   68 |     !(condition) ? (void)0 : ::absl::log_internal::Voidify() &&
      |       ^~~~~~~~~
external/abseil-cpp+/absl/log/internal/check_impl.h:26:3: note: in expansion of macro 'ABSL_LOG_INTERNAL_CONDITION_FATAL'
   26 |   ABSL_LOG_INTERNAL_CONDITION_FATAL(STATELESS,                        \
      |   ^~~~~~~~~~~~~~~~~~~~~~~~~~~~~~~~~
external/abseil-cpp+/absl/log/internal/check_impl.h:27:37: note: in expansion of macro 'ABSL_PREDICT_FALSE'
   27 |                                     ABSL_PREDICT_FALSE(!(condition))) \
      |                                     ^~~~~~~~~~~~~~~~~~
external/abseil-cpp+/absl/log/internal/check_impl.h:40:3: note: in expansion of macro 'ABSL_LOG_INTERNAL_CHECK_IMPL'
   40 |   ABSL_LOG_INTERNAL_CHECK_IMPL(condition, condition_text)
      |   ^~~~~~~~~~~~~~~~~~~~~~~~~~~~
external/abseil-cpp+/absl/log/absl_check.h:47:3: note: in expansion of macro 'ABSL_LOG_INTERNAL_DCHECK_IMPL'
   47 |   ABSL_LOG_INTERNAL_DCHECK_IMPL((condition), #condition)
      |   ^~~~~~~~~~~~~~~~~~~~~~~~~~~~~
external/protobuf+/src/google/protobuf/generated_message_reflection.cc:3261:3: note: in expansion of macro 'ABSL_DCHECK'
 3261 |   ABSL_DCHECK(!field->options().weak());
      |   ^~~~~~~~~~~
bazel-out/k8-fastbuild/bin/external/protobuf+/src/google/protobuf/_virtual_includes/protobuf/google/protobuf/descriptor.pb.h:19782:13: note: declared here
19782 | inline bool FieldOptions::weak() const {
      |             ^~~~~~~~~~~~
external/protobuf+/src/google/protobuf/generated_message_reflection.cc: In member function 'void google::protobuf::Reflection::ClearHasBit(google::protobuf::Message*, const google::protobuf::FieldDescriptor*) const':
external/protobuf+/src/google/protobuf/generated_message_reflection.cc:3270:37: warning: 'bool google::protobuf::FieldOptions::weak() const' is deprecated [-Wdeprecated-declarations]
 3270 |   ABSL_DCHECK(!field->options().weak());
      |                ~~~~~~~~~~~~~~~~~~~~~^~
external/abseil-cpp+/absl/log/internal/conditions.h:68:7: note: in definition of macro 'ABSL_LOG_INTERNAL_STATELESS_CONDITION'
   68 |     !(condition) ? (void)0 : ::absl::log_internal::Voidify() &&
      |       ^~~~~~~~~
external/abseil-cpp+/absl/log/internal/check_impl.h:26:3: note: in expansion of macro 'ABSL_LOG_INTERNAL_CONDITION_FATAL'
   26 |   ABSL_LOG_INTERNAL_CONDITION_FATAL(STATELESS,                        \
      |   ^~~~~~~~~~~~~~~~~~~~~~~~~~~~~~~~~
external/abseil-cpp+/absl/log/internal/check_impl.h:27:37: note: in expansion of macro 'ABSL_PREDICT_FALSE'
   27 |                                     ABSL_PREDICT_FALSE(!(condition))) \
      |                                     ^~~~~~~~~~~~~~~~~~
external/abseil-cpp+/absl/log/internal/check_impl.h:40:3: note: in expansion of macro 'ABSL_LOG_INTERNAL_CHECK_IMPL'
   40 |   ABSL_LOG_INTERNAL_CHECK_IMPL(condition, condition_text)
      |   ^~~~~~~~~~~~~~~~~~~~~~~~~~~~
external/abseil-cpp+/absl/log/absl_check.h:47:3: note: in expansion of macro 'ABSL_LOG_INTERNAL_DCHECK_IMPL'
   47 |   ABSL_LOG_INTERNAL_DCHECK_IMPL((condition), #condition)
      |   ^~~~~~~~~~~~~~~~~~~~~~~~~~~~~
external/protobuf+/src/google/protobuf/generated_message_reflection.cc:3270:3: note: in expansion of macro 'ABSL_DCHECK'
 3270 |   ABSL_DCHECK(!field->options().weak());
      |   ^~~~~~~~~~~
bazel-out/k8-fastbuild/bin/external/protobuf+/src/google/protobuf/_virtual_includes/protobuf/google/protobuf/descriptor.pb.h:19782:13: note: declared here
19782 | inline bool FieldOptions::weak() const {
      |             ^~~~~~~~~~~~
external/protobuf+/src/google/protobuf/generated_message_reflection.cc: In member function 'void google::protobuf::Reflection::NaiveSwapHasBit(google::protobuf::Message*, google::protobuf::Message*, const google::protobuf::FieldDescriptor*) const':
external/protobuf+/src/google/protobuf/generated_message_reflection.cc:3279:37: warning: 'bool google::protobuf::FieldOptions::weak() const' is deprecated [-Wdeprecated-declarations]
 3279 |   ABSL_DCHECK(!field->options().weak());
      |                ~~~~~~~~~~~~~~~~~~~~~^~
external/abseil-cpp+/absl/log/internal/conditions.h:68:7: note: in definition of macro 'ABSL_LOG_INTERNAL_STATELESS_CONDITION'
   68 |     !(condition) ? (void)0 : ::absl::log_internal::Voidify() &&
      |       ^~~~~~~~~
external/abseil-cpp+/absl/log/internal/check_impl.h:26:3: note: in expansion of macro 'ABSL_LOG_INTERNAL_CONDITION_FATAL'
   26 |   ABSL_LOG_INTERNAL_CONDITION_FATAL(STATELESS,                        \
      |   ^~~~~~~~~~~~~~~~~~~~~~~~~~~~~~~~~
external/abseil-cpp+/absl/log/internal/check_impl.h:27:37: note: in expansion of macro 'ABSL_PREDICT_FALSE'
   27 |                                     ABSL_PREDICT_FALSE(!(condition))) \
      |                                     ^~~~~~~~~~~~~~~~~~
external/abseil-cpp+/absl/log/internal/check_impl.h:40:3: note: in expansion of macro 'ABSL_LOG_INTERNAL_CHECK_IMPL'
   40 |   ABSL_LOG_INTERNAL_CHECK_IMPL(condition, condition_text)
      |   ^~~~~~~~~~~~~~~~~~~~~~~~~~~~
external/abseil-cpp+/absl/log/absl_check.h:47:3: note: in expansion of macro 'ABSL_LOG_INTERNAL_DCHECK_IMPL'
   47 |   ABSL_LOG_INTERNAL_DCHECK_IMPL((condition), #condition)
      |   ^~~~~~~~~~~~~~~~~~~~~~~~~~~~~
external/protobuf+/src/google/protobuf/generated_message_reflection.cc:3279:3: note: in expansion of macro 'ABSL_DCHECK'
 3279 |   ABSL_DCHECK(!field->options().weak());
      |   ^~~~~~~~~~~
bazel-out/k8-fastbuild/bin/external/protobuf+/src/google/protobuf/_virtual_includes/protobuf/google/protobuf/descriptor.pb.h:19782:13: note: declared here
19782 | inline bool FieldOptions::weak() const {
      |             ^~~~~~~~~~~~
bazel-out/k8-fastbuild/bin/external/protobuf+/src/google/protobuf/_virtual_includes/protobuf/google/protobuf/reflection_visit_fields.h: In instantiation of 'static void google::protobuf::internal::ReflectionVisit::VisitFields(MessageT&, CallbackFn&&, google::protobuf::internal::FieldMask) [with MessageT = google::protobuf::Message; CallbackFn = google::protobuf::internal::ReflectionVisit::VisitMessageFields<google::protobuf::Reflection::MaybePoisonAfterClear(google::protobuf::Message&) const::<lambda(google::protobuf::Message&)> >(google::protobuf::Message&, google::protobuf::Reflection::MaybePoisonAfterClear(google::protobuf::Message&) const::<lambda(google::protobuf::Message&)>&&)::<lambda(auto:57)>]':
bazel-out/k8-fastbuild/bin/external/protobuf+/src/google/protobuf/_virtual_includes/protobuf/google/protobuf/reflection_visit_fields.h:447:31:   required from 'static void google::protobuf::internal::ReflectionVisit::VisitMessageFields(google::protobuf::Message&, CallbackFn&&) [with CallbackFn = google::protobuf::Reflection::MaybePoisonAfterClear(google::protobuf::Message&) const::<lambda(google::protobuf::Message&)>]'
bazel-out/k8-fastbuild/bin/external/protobuf+/src/google/protobuf/_virtual_includes/protobuf/google/protobuf/reflection_visit_fields.h:502:38:   required from 'void google::protobuf::internal::VisitMutableMessageFields(google::protobuf::Message&, CallbackFn&&) [with CallbackFn = google::protobuf::Reflection::MaybePoisonAfterClear(google::protobuf::Message&) const::<lambda(google::protobuf::Message&)>]'
external/protobuf+/src/google/protobuf/generated_message_reflection.cc:1399:40:   required from here
bazel-out/k8-fastbuild/bin/external/protobuf+/src/google/protobuf/_virtual_includes/protobuf/google/protobuf/reflection_visit_fields.h:109:39: warning: 'bool google::protobuf::FieldOptions::weak() const' is deprecated [-Wdeprecated-declarations]
  109 |     ABSL_DCHECK(!field->options().weak()) << "weak fields are not supported";
      |                  ~~~~~~~~~~~~~~~~~~~~~^~
external/abseil-cpp+/absl/log/internal/conditions.h:68:7: note: in definition of macro 'ABSL_LOG_INTERNAL_STATELESS_CONDITION'
   68 |     !(condition) ? (void)0 : ::absl::log_internal::Voidify() &&
      |       ^~~~~~~~~
external/abseil-cpp+/absl/log/internal/check_impl.h:26:3: note: in expansion of macro 'ABSL_LOG_INTERNAL_CONDITION_FATAL'
   26 |   ABSL_LOG_INTERNAL_CONDITION_FATAL(STATELESS,                        \
      |   ^~~~~~~~~~~~~~~~~~~~~~~~~~~~~~~~~
external/abseil-cpp+/absl/log/internal/check_impl.h:27:37: note: in expansion of macro 'ABSL_PREDICT_FALSE'
   27 |                                     ABSL_PREDICT_FALSE(!(condition))) \
      |                                     ^~~~~~~~~~~~~~~~~~
external/abseil-cpp+/absl/log/internal/check_impl.h:40:3: note: in expansion of macro 'ABSL_LOG_INTERNAL_CHECK_IMPL'
   40 |   ABSL_LOG_INTERNAL_CHECK_IMPL(condition, condition_text)
      |   ^~~~~~~~~~~~~~~~~~~~~~~~~~~~
external/abseil-cpp+/absl/log/absl_check.h:47:3: note: in expansion of macro 'ABSL_LOG_INTERNAL_DCHECK_IMPL'
   47 |   ABSL_LOG_INTERNAL_DCHECK_IMPL((condition), #condition)
      |   ^~~~~~~~~~~~~~~~~~~~~~~~~~~~~
bazel-out/k8-fastbuild/bin/external/protobuf+/src/google/protobuf/_virtual_includes/protobuf/google/protobuf/reflection_visit_fields.h:109:5: note: in expansion of macro 'ABSL_DCHECK'
  109 |     ABSL_DCHECK(!field->options().weak()) << "weak fields are not supported";
      |     ^~~~~~~~~~~
bazel-out/k8-fastbuild/bin/external/protobuf+/src/google/protobuf/_virtual_includes/protobuf/google/protobuf/descriptor.pb.h:19782:13: note: declared here
19782 | inline bool FieldOptions::weak() const {
      |             ^~~~~~~~~~~~
bazel-out/k8-fastbuild/bin/external/protobuf+/src/google/protobuf/_virtual_includes/protobuf/google/protobuf/reflection_visit_fields.h:109:39: warning: 'bool google::protobuf::FieldOptions::weak() const' is deprecated [-Wdeprecated-declarations]
  109 |     ABSL_DCHECK(!field->options().weak()) << "weak fields are not supported";
      |                  ~~~~~~~~~~~~~~~~~~~~~^~
external/abseil-cpp+/absl/log/internal/conditions.h:68:7: note: in definition of macro 'ABSL_LOG_INTERNAL_STATELESS_CONDITION'
   68 |     !(condition) ? (void)0 : ::absl::log_internal::Voidify() &&
      |       ^~~~~~~~~
external/abseil-cpp+/absl/log/internal/check_impl.h:26:3: note: in expansion of macro 'ABSL_LOG_INTERNAL_CONDITION_FATAL'
   26 |   ABSL_LOG_INTERNAL_CONDITION_FATAL(STATELESS,                        \
      |   ^~~~~~~~~~~~~~~~~~~~~~~~~~~~~~~~~
external/abseil-cpp+/absl/log/internal/check_impl.h:27:37: note: in expansion of macro 'ABSL_PREDICT_FALSE'
   27 |                                     ABSL_PREDICT_FALSE(!(condition))) \
      |                                     ^~~~~~~~~~~~~~~~~~
external/abseil-cpp+/absl/log/internal/check_impl.h:40:3: note: in expansion of macro 'ABSL_LOG_INTERNAL_CHECK_IMPL'
   40 |   ABSL_LOG_INTERNAL_CHECK_IMPL(condition, condition_text)
      |   ^~~~~~~~~~~~~~~~~~~~~~~~~~~~
external/abseil-cpp+/absl/log/absl_check.h:47:3: note: in expansion of macro 'ABSL_LOG_INTERNAL_DCHECK_IMPL'
   47 |   ABSL_LOG_INTERNAL_DCHECK_IMPL((condition), #condition)
      |   ^~~~~~~~~~~~~~~~~~~~~~~~~~~~~
bazel-out/k8-fastbuild/bin/external/protobuf+/src/google/protobuf/_virtual_includes/protobuf/google/protobuf/reflection_visit_fields.h:109:5: note: in expansion of macro 'ABSL_DCHECK'
  109 |     ABSL_DCHECK(!field->options().weak()) << "weak fields are not supported";
      |     ^~~~~~~~~~~
bazel-out/k8-fastbuild/bin/external/protobuf+/src/google/protobuf/_virtual_includes/protobuf/google/protobuf/descriptor.pb.h:19782:13: note: declared here
19782 | inline bool FieldOptions::weak() const {
      |             ^~~~~~~~~~~~
[1,481 / 2,800] Compiling src/google/protobuf/compiler/command_line_interface.cc [for tool]; 2s processwrapper-sandbox ... (4 actions running)
[1,482 / 2,800] Compiling src/google/protobuf/compiler/command_line_interface.cc [for tool]; 3s processwrapper-sandbox ... (4 actions running)
[1,485 / 2,800] Compiling src/google/protobuf/compiler/command_line_interface.cc [for tool]; 4s processwrapper-sandbox ... (4 actions, 3 running)
[1,488 / 2,800] Compiling src/google/protobuf/compiler/command_line_interface.cc [for tool]; 5s processwrapper-sandbox ... (4 actions, 3 running)
[1,490 / 2,800] Compiling src/google/protobuf/compiler/command_line_interface.cc [for tool]; 6s processwrapper-sandbox ... (4 actions, 3 running)
[1,492 / 2,800] Compiling src/google/protobuf/compiler/command_line_interface.cc [for tool]; 7s processwrapper-sandbox ... (4 actions, 3 running)
[1,494 / 2,800] Compiling src/google/protobuf/compiler/command_line_interface.cc [for tool]; 9s processwrapper-sandbox ... (4 actions running)
[1,497 / 2,800] Compiling src/google/protobuf/compiler/command_line_interface.cc [for tool]; 10s processwrapper-sandbox ... (4 actions, 3 running)
[1,504 / 2,800] Compiling src/google/protobuf/compiler/command_line_interface.cc [for tool]; 11s processwrapper-sandbox ... (4 actions, 3 running)
[1,508 / 2,800] Compiling absl/log/internal/log_message.cc [for tool]; 1s processwrapper-sandbox ... (4 actions running)
[1,523 / 2,800] Compiling src/google/protobuf/compiler/subprocess.cc [for tool]; 2s processwrapper-sandbox ... (4 actions, 3 running)
[1,539 / 2,800] Compiling src/google/protobuf/io/tokenizer.cc [for tool]; 1s processwrapper-sandbox ... (4 actions, 3 running)
[1,549 / 2,800] Compiling src/google/protobuf/io/tokenizer.cc [for tool]; 2s processwrapper-sandbox ... (4 actions, 3 running)
[1,555 / 2,800] Compiling src/google/protobuf/compiler/importer.cc [for tool]; 1s processwrapper-sandbox ... (4 actions running)
[1,557 / 2,800] Compiling src/google/protobuf/compiler/importer.cc [for tool]; 2s processwrapper-sandbox ... (4 actions running)
[1,560 / 2,800] Compiling upb_generator/minitable/generator.cc [for tool]; 3s processwrapper-sandbox ... (4 actions, 3 running)
[1,563 / 2,800] Compiling src/google/protobuf/io/printer.cc [for tool]; 2s processwrapper-sandbox ... (4 actions, 3 running)
[1,564 / 2,800] Compiling src/google/protobuf/io/printer.cc [for tool]; 3s processwrapper-sandbox ... (4 actions running)
[1,566 / 2,800] Compiling src/google/protobuf/io/printer.cc [for tool]; 4s processwrapper-sandbox ... (4 actions running)
[1,569 / 2,800] Compiling src/google/protobuf/compiler/parser.cc [for tool]; 5s processwrapper-sandbox ... (4 actions, 3 running)
[1,571 / 2,800] Compiling src/google/protobuf/compiler/parser.cc [for tool]; 6s processwrapper-sandbox ... (4 actions, 3 running)
[1,573 / 2,800] Compiling src/google/protobuf/compiler/parser.cc [for tool]; 7s processwrapper-sandbox ... (4 actions, 3 running)
[1,576 / 2,800] Compiling src/google/protobuf/compiler/rust/rust_field_type.cc [for tool]; 1s processwrapper-sandbox ... (4 actions, 3 running)
[1,577 / 2,800] Compiling src/google/protobuf/compiler/cpp/enum.cc [for tool]; 2s processwrapper-sandbox ... (4 actions running)
[1,579 / 2,800] Compiling src/google/protobuf/compiler/cpp/enum.cc [for tool]; 3s processwrapper-sandbox ... (4 actions running)
[1,582 / 2,800] Compiling src/google/protobuf/compiler/cpp/enum.cc [for tool]; 4s processwrapper-sandbox ... (4 actions, 3 running)
[1,588 / 2,800] Compiling src/google/protobuf/compiler/cpp/enum.cc [for tool]; 5s processwrapper-sandbox ... (4 actions, 3 running)
[1,591 / 2,800] Compiling src/google/protobuf/compiler/cpp/enum.cc [for tool]; 7s processwrapper-sandbox ... (4 actions, 3 running)
INFO: From Compiling src/google/protobuf/compiler/cpp/enum.cc [for tool]:
In file included from external/protobuf+/src/google/protobuf/compiler/cpp/enum.cc:29:
bazel-out/k8-opt-exec-ST-020102668b12/bin/external/protobuf+/src/google/protobuf/compiler/cpp/_virtual_includes/names_internal/google/protobuf/compiler/cpp/helpers.h: In function 'bool google::protobuf::compiler::cpp::IsWeak(const google::protobuf::FieldDescriptor*, const Options&)':
bazel-out/k8-opt-exec-ST-020102668b12/bin/external/protobuf+/src/google/protobuf/compiler/cpp/_virtual_includes/names_internal/google/protobuf/compiler/cpp/helpers.h:359:28: warning: 'bool google::protobuf::FieldOptions::weak() const' is deprecated [-Wdeprecated-declarations]
  359 |   if (field->options().weak()) {
      |       ~~~~~~~~~~~~~~~~~~~~~^~
In file included from bazel-out/k8-opt-exec-ST-020102668b12/bin/external/protobuf+/src/google/protobuf/compiler/_virtual_includes/code_generator_lite/google/protobuf/compiler/code_generator_lite.h:18,
                 from bazel-out/k8-opt-exec-ST-020102668b12/bin/external/protobuf+/src/google/protobuf/compiler/_virtual_includes/code_generator/google/protobuf/compiler/code_generator.h:25,
                 from bazel-out/k8-opt-exec-ST-020102668b12/bin/external/protobuf+/src/google/protobuf/compiler/cpp/_virtual_includes/cpp/google/protobuf/compiler/cpp/generator.h:24,
                 from external/protobuf+/src/google/protobuf/compiler/cpp/enum.cc:28:
bazel-out/k8-opt-exec-ST-020102668b12/bin/external/protobuf+/src/google/protobuf/_virtual_includes/protobuf/google/protobuf/descriptor.pb.h:19782:13: note: declared here
19782 | inline bool FieldOptions::weak() const {
      |             ^~~~~~~~~~~~
[1,594 / 2,800] Compiling absl/strings/cord.cc [for tool]; 1s processwrapper-sandbox ... (4 actions running)
[1,597 / 2,800] Compiling absl/strings/cord.cc [for tool]; 2s processwrapper-sandbox ... (4 actions running)
[1,600 / 2,800] Compiling src/google/protobuf/compiler/cpp/extension.cc [for tool]; 2s processwrapper-sandbox ... (4 actions, 3 running)
[1,604 / 2,800] Compiling src/google/protobuf/compiler/cpp/extension.cc [for tool]; 4s processwrapper-sandbox ... (4 actions, 3 running)
[1,607 / 2,800] Compiling src/google/protobuf/compiler/cpp/extension.cc [for tool]; 5s processwrapper-sandbox ... (4 actions, 3 running)
INFO: From Compiling upb/wire/decode.c [for tool]:
In function 'upb_Decoder_DecodeMessageSetItem',
    inlined from '_upb_Decoder_DecodeFieldData' at external/protobuf+/upb/wire/decode.c:1088:16,
    inlined from '_upb_Decoder_DecodeFieldNoFast' at external/protobuf+/upb/wire/decode.c:1115:9,
    inlined from '_upb_Decoder_DecodeField' at external/protobuf+/upb/wire/decode.c:1170:10,
    inlined from '_upb_Decoder_DecodeMessage' at external/protobuf+/upb/wire/decode.c:1181:11:
external/protobuf+/upb/wire/decode.c:742:11: warning: '*(const char **)((char *)&sv + offsetof(upb_StringView, data))' may be used uninitialized [-Wmaybe-uninitialized]
  742 |           upb_Decoder_AddMessageSetItem(d, msg, layout, type_id, sv.data,
      |           ^~~~~~~~~~~~~~~~~~~~~~~~~~~~~~~~~~~~~~~~~~~~~~~~~~~~~~~~~~~~~~~
  743 |                                         sv.size);
      |                                         ~~~~~~~~
external/protobuf+/upb/wire/decode.c: In function '_upb_Decoder_DecodeMessage':
external/protobuf+/upb/wire/decode.c:732:24: note: '*(const char **)((char *)&sv + offsetof(upb_StringView, data))' was declared here
  732 |         upb_StringView sv;
      |                        ^~
In function 'upb_Decoder_DecodeMessageSetItem',
    inlined from '_upb_Decoder_DecodeFieldData' at external/protobuf+/upb/wire/decode.c:1088:16,
    inlined from '_upb_Decoder_DecodeFieldNoFast' at external/protobuf+/upb/wire/decode.c:1115:9,
    inlined from '_upb_Decoder_DecodeField' at external/protobuf+/upb/wire/decode.c:1170:10,
    inlined from '_upb_Decoder_DecodeMessage' at external/protobuf+/upb/wire/decode.c:1181:11:
external/protobuf+/upb/wire/decode.c:742:11: warning: '*(size_t *)((char *)&sv + offsetof(upb_StringView, size))' may be used uninitialized [-Wmaybe-uninitialized]
  742 |           upb_Decoder_AddMessageSetItem(d, msg, layout, type_id, sv.data,
      |           ^~~~~~~~~~~~~~~~~~~~~~~~~~~~~~~~~~~~~~~~~~~~~~~~~~~~~~~~~~~~~~~
  743 |                                         sv.size);
      |                                         ~~~~~~~~
external/protobuf+/upb/wire/decode.c: In function '_upb_Decoder_DecodeMessage':
external/protobuf+/upb/wire/decode.c:732:24: note: '*(size_t *)((char *)&sv + offsetof(upb_StringView, size))' was declared here
  732 |         upb_StringView sv;
      |                        ^~
In file included from /usr/include/string.h:548,
                 from external/protobuf+/upb/mem/internal/arena.h:13,
                 from external/protobuf+/upb/mem/arena.h:28,
                 from external/protobuf+/upb/wire/decode.h:16,
                 from external/protobuf+/upb/wire/decode.c:8:
In function 'memcpy',
    inlined from '_upb_Decoder_DecodeFixedPacked' at external/protobuf+/upb/wire/decode.c:296:5,
    inlined from '_upb_Decoder_DecodeToArray' at external/protobuf+/upb/wire/decode.c:442:14,
    inlined from '_upb_Decoder_DecodeKnownField' at external/protobuf+/upb/wire/decode.c:1006:14,
    inlined from '_upb_Decoder_DecodeFieldData' at external/protobuf+/upb/wire/decode.c:1081:12,
    inlined from '_upb_Decoder_DecodeFieldNoFast' at external/protobuf+/upb/wire/decode.c:1115:9,
    inlined from '_upb_Decoder_DecodeField' at external/protobuf+/upb/wire/decode.c:1170:10,
    inlined from '_upb_Decoder_DecodeMessage' at external/protobuf+/upb/wire/decode.c:1181:11:
/usr/include/x86_64-linux-gnu/bits/string_fortified.h:29:10: warning: '*(const char **)((char *)&sv + offsetof(upb_StringView, data))' may be used uninitialized [-Wmaybe-uninitialized]
   29 |   return __builtin___memcpy_chk (__dest, __src, __len,
      |          ^~~~~~~~~~~~~~~~~~~~~~~~~~~~~~~~~~~~~~~~~~~~~
   30 |                                  __glibc_objsize0 (__dest));
      |                                  ~~~~~~~~~~~~~~~~~~~~~~~~~~
external/protobuf+/upb/wire/decode.c: In function '_upb_Decoder_DecodeMessage':
external/protobuf+/upb/wire/decode.c:281:18: note: '*(const char **)((char *)&sv + offsetof(upb_StringView, data))' was declared here
  281 |   upb_StringView sv;
      |                  ^~
In function 'memcpy',
    inlined from '_upb_Decoder_DecodeFixedPacked' at external/protobuf+/upb/wire/decode.c:296:5,
    inlined from '_upb_Decoder_DecodeToArray' at external/protobuf+/upb/wire/decode.c:442:14,
    inlined from '_upb_Decoder_DecodeKnownField' at external/protobuf+/upb/wire/decode.c:1006:14,
    inlined from '_upb_Decoder_DecodeFieldData' at external/protobuf+/upb/wire/decode.c:1081:12,
    inlined from '_upb_Decoder_DecodeFieldNoFast' at external/protobuf+/upb/wire/decode.c:1115:9,
    inlined from '_upb_Decoder_DecodeField' at external/protobuf+/upb/wire/decode.c:1170:10,
    inlined from '_upb_Decoder_DecodeMessage' at external/protobuf+/upb/wire/decode.c:1181:11:
/usr/include/x86_64-linux-gnu/bits/string_fortified.h:29:10: warning: '*(size_t *)((char *)&sv + offsetof(upb_StringView, size))' may be used uninitialized [-Wmaybe-uninitialized]
   29 |   return __builtin___memcpy_chk (__dest, __src, __len,
      |          ^~~~~~~~~~~~~~~~~~~~~~~~~~~~~~~~~~~~~~~~~~~~~
   30 |                                  __glibc_objsize0 (__dest));
      |                                  ~~~~~~~~~~~~~~~~~~~~~~~~~~
external/protobuf+/upb/wire/decode.c: In function '_upb_Decoder_DecodeMessage':
external/protobuf+/upb/wire/decode.c:281:18: note: '*(size_t *)((char *)&sv + offsetof(upb_StringView, size))' was declared here
  281 |   upb_StringView sv;
      |                  ^~
In function '_upb_Decoder_DecodeUnknownField',
    inlined from '_upb_Decoder_DecodeFieldData' at external/protobuf+/upb/wire/decode.c:1085:16,
    inlined from '_upb_Decoder_DecodeFieldNoFast' at external/protobuf+/upb/wire/decode.c:1115:9,
    inlined from '_upb_Decoder_DecodeField' at external/protobuf+/upb/wire/decode.c:1170:10,
    inlined from '_upb_Decoder_DecodeMessage' at external/protobuf+/upb/wire/decode.c:1181:11:
external/protobuf+/upb/wire/decode.c:1040:8: warning: 'sv.data' may be used uninitialized [-Wmaybe-uninitialized]
 1040 |     if (sv.data != d->input.buffer_start) {
      |        ^
external/protobuf+/upb/wire/decode.c: In function '_upb_Decoder_DecodeMessage':
external/protobuf+/upb/wire/decode.c:1035:18: note: 'sv.data' was declared here
 1035 |   upb_StringView sv;
      |                  ^~
In file included from external/protobuf+/upb/message/internal/message.h:31,
                 from external/protobuf+/upb/message/message.h:22,
                 from external/protobuf+/upb/wire/decode.h:17:
In function '_upb_Message_AddUnknown_dont_copy_me__upb_internal_use_only',
    inlined from '_upb_Decoder_DecodeUnknownField' at external/protobuf+/upb/wire/decode.c:1049:8,
    inlined from '_upb_Decoder_DecodeFieldData' at external/protobuf+/upb/wire/decode.c:1085:16,
    inlined from '_upb_Decoder_DecodeFieldNoFast' at external/protobuf+/upb/wire/decode.c:1115:9,
    inlined from '_upb_Decoder_DecodeField' at external/protobuf+/upb/wire/decode.c:1170:10,
    inlined from '_upb_Decoder_DecodeMessage' at external/protobuf+/upb/wire/decode.c:1181:11:
external/protobuf+/upb/message/internal/message.h:217:22: warning: 'sv.size' may be used uninitialized [-Wmaybe-uninitialized]
  217 |   return UPB_PRIVATE(_upb_Message_AddUnknownSlowPath)(
      |                      ^
external/protobuf+/upb/port/def.inc:406:24: note: in definition of macro 'UPB_PRIVATE'
  406 | #define UPB_PRIVATE(x) x##_dont_copy_me__upb_internal_use_only
      |                        ^
external/protobuf+/upb/wire/decode.c: In function '_upb_Decoder_DecodeMessage':
external/protobuf+/upb/wire/decode.c:1035:18: note: 'sv.size' was declared here
 1035 |   upb_StringView sv;
      |                  ^~
[1,610 / 2,800] Compiling src/google/protobuf/compiler/cpp/extension.cc [for tool]; 6s processwrapper-sandbox ... (4 actions, 3 running)
INFO: From Compiling src/google/protobuf/compiler/cpp/extension.cc [for tool]:
In file included from bazel-out/k8-opt-exec-ST-020102668b12/bin/external/protobuf+/src/google/protobuf/compiler/cpp/_virtual_includes/cpp/google/protobuf/compiler/cpp/extension.h:19,
                 from external/protobuf+/src/google/protobuf/compiler/cpp/extension.cc:12:
bazel-out/k8-opt-exec-ST-020102668b12/bin/external/protobuf+/src/google/protobuf/compiler/cpp/_virtual_includes/names_internal/google/protobuf/compiler/cpp/helpers.h: In function 'bool google::protobuf::compiler::cpp::IsWeak(const google::protobuf::FieldDescriptor*, const Options&)':
bazel-out/k8-opt-exec-ST-020102668b12/bin/external/protobuf+/src/google/protobuf/compiler/cpp/_virtual_includes/names_internal/google/protobuf/compiler/cpp/helpers.h:359:28: warning: 'bool google::protobuf::FieldOptions::weak() const' is deprecated [-Wdeprecated-declarations]
  359 |   if (field->options().weak()) {
      |       ~~~~~~~~~~~~~~~~~~~~~^~
In file included from bazel-out/k8-opt-exec-ST-020102668b12/bin/external/protobuf+/src/google/protobuf/compiler/_virtual_includes/code_generator_lite/google/protobuf/compiler/code_generator_lite.h:18,
                 from bazel-out/k8-opt-exec-ST-020102668b12/bin/external/protobuf+/src/google/protobuf/compiler/_virtual_includes/code_generator/google/protobuf/compiler/code_generator.h:25,
                 from bazel-out/k8-opt-exec-ST-020102668b12/bin/external/protobuf+/src/google/protobuf/compiler/cpp/_virtual_includes/names_internal/google/protobuf/compiler/cpp/helpers.h:30:
bazel-out/k8-opt-exec-ST-020102668b12/bin/external/protobuf+/src/google/protobuf/_virtual_includes/protobuf/google/protobuf/descriptor.pb.h:19782:13: note: declared here
19782 | inline bool FieldOptions::weak() const {
      |             ^~~~~~~~~~~~
[1,619 / 2,800] Compiling src/google/protobuf/util/message_differencer.cc [for tool]; 7s processwrapper-sandbox ... (4 actions, 3 running)
[1,628 / 2,800] Compiling src/google/protobuf/util/message_differencer.cc [for tool]; 8s processwrapper-sandbox ... (4 actions, 3 running)
[1,645 / 2,800] Compiling src/google/protobuf/compiler/cpp/field.cc [for tool]; 2s processwrapper-sandbox ... (4 actions, 3 running)
[1,652 / 2,800] Compiling src/google/protobuf/compiler/cpp/field.cc [for tool]; 3s processwrapper-sandbox ... (4 actions, 3 running)
[1,662 / 2,800] Compiling src/google/protobuf/compiler/cpp/field.cc [for tool]; 4s processwrapper-sandbox ... (4 actions, 3 running)
[1,669 / 2,800] Compiling src/google/protobuf/compiler/cpp/field.cc [for tool]; 5s processwrapper-sandbox ... (4 actions running)
INFO: From Compiling src/google/protobuf/compiler/cpp/field.cc [for tool]:
In file included from bazel-out/k8-opt-exec-ST-020102668b12/bin/external/protobuf+/src/google/protobuf/compiler/cpp/_virtual_includes/cpp/google/protobuf/compiler/cpp/field.h:26,
                 from external/protobuf+/src/google/protobuf/compiler/cpp/field.cc:12:
bazel-out/k8-opt-exec-ST-020102668b12/bin/external/protobuf+/src/google/protobuf/compiler/cpp/_virtual_includes/names_internal/google/protobuf/compiler/cpp/helpers.h: In function 'bool google::protobuf::compiler::cpp::IsWeak(const google::protobuf::FieldDescriptor*, const Options&)':
bazel-out/k8-opt-exec-ST-020102668b12/bin/external/protobuf+/src/google/protobuf/compiler/cpp/_virtual_includes/names_internal/google/protobuf/compiler/cpp/helpers.h:359:28: warning: 'bool google::protobuf::FieldOptions::weak() const' is deprecated [-Wdeprecated-declarations]
  359 |   if (field->options().weak()) {
      |       ~~~~~~~~~~~~~~~~~~~~~^~
In file included from bazel-out/k8-opt-exec-ST-020102668b12/bin/external/protobuf+/src/google/protobuf/compiler/_virtual_includes/code_generator_lite/google/protobuf/compiler/code_generator_lite.h:18,
                 from bazel-out/k8-opt-exec-ST-020102668b12/bin/external/protobuf+/src/google/protobuf/compiler/_virtual_includes/code_generator/google/protobuf/compiler/code_generator.h:25,
                 from bazel-out/k8-opt-exec-ST-020102668b12/bin/external/protobuf+/src/google/protobuf/compiler/cpp/_virtual_includes/names_internal/google/protobuf/compiler/cpp/helpers.h:30:
bazel-out/k8-opt-exec-ST-020102668b12/bin/external/protobuf+/src/google/protobuf/_virtual_includes/protobuf/google/protobuf/descriptor.pb.h:19782:13: note: declared here
19782 | inline bool FieldOptions::weak() const {
      |             ^~~~~~~~~~~~
[1,671 / 2,800] Compiling src/google/protobuf/json/internal/message_path.cc [for tool]; 1s processwrapper-sandbox ... (4 actions running)
[1,675 / 2,800] Compiling src/google/protobuf/compiler/cpp/field_chunk.cc [for tool]; 2s processwrapper-sandbox ... (4 actions, 3 running)
INFO: From Compiling src/google/protobuf/compiler/cpp/field_chunk.cc [for tool]:
In file included from bazel-out/k8-opt-exec-ST-020102668b12/bin/external/protobuf+/src/google/protobuf/compiler/cpp/_virtual_includes/cpp/google/protobuf/compiler/cpp/field_chunk.h:10,
                 from external/protobuf+/src/google/protobuf/compiler/cpp/field_chunk.cc:1:
bazel-out/k8-opt-exec-ST-020102668b12/bin/external/protobuf+/src/google/protobuf/compiler/cpp/_virtual_includes/names_internal/google/protobuf/compiler/cpp/helpers.h: In function 'bool google::protobuf::compiler::cpp::IsWeak(const google::protobuf::FieldDescriptor*, const Options&)':
bazel-out/k8-opt-exec-ST-020102668b12/bin/external/protobuf+/src/google/protobuf/compiler/cpp/_virtual_includes/names_internal/google/protobuf/compiler/cpp/helpers.h:359:28: warning: 'bool google::protobuf::FieldOptions::weak() const' is deprecated [-Wdeprecated-declarations]
  359 |   if (field->options().weak()) {
      |       ~~~~~~~~~~~~~~~~~~~~~^~
In file included from bazel-out/k8-opt-exec-ST-020102668b12/bin/external/protobuf+/src/google/protobuf/compiler/_virtual_includes/code_generator_lite/google/protobuf/compiler/code_generator_lite.h:18,
                 from bazel-out/k8-opt-exec-ST-020102668b12/bin/external/protobuf+/src/google/protobuf/compiler/_virtual_includes/code_generator/google/protobuf/compiler/code_generator.h:25,
                 from bazel-out/k8-opt-exec-ST-020102668b12/bin/external/protobuf+/src/google/protobuf/compiler/cpp/_virtual_includes/names_internal/google/protobuf/compiler/cpp/helpers.h:30:
bazel-out/k8-opt-exec-ST-020102668b12/bin/external/protobuf+/src/google/protobuf/_virtual_includes/protobuf/google/protobuf/descriptor.pb.h:19782:13: note: declared here
19782 | inline bool FieldOptions::weak() const {
      |             ^~~~~~~~~~~~
[1,681 / 2,800] Compiling src/google/protobuf/message.cc [for tool]; 2s processwrapper-sandbox ... (4 actions, 3 running)
[1,684 / 2,800] Compiling src/google/protobuf/message.cc [for tool]; 3s processwrapper-sandbox ... (4 actions running)
[1,686 / 2,800] Compiling src/google/protobuf/message.cc [for tool]; 4s processwrapper-sandbox ... (4 actions running)
[1,687 / 2,800] Compiling src/google/protobuf/message.cc [for tool]; 5s processwrapper-sandbox ... (4 actions running)
[1,691 / 2,800] Compiling src/google/protobuf/message.cc [for tool]; 6s processwrapper-sandbox ... (4 actions running)
INFO: From Compiling src/google/protobuf/message.cc [for tool]:
In file included from external/abseil-cpp+/absl/log/internal/check_impl.h:20,
                 from external/abseil-cpp+/absl/log/absl_check.h:38,
                 from bazel-out/k8-opt-exec-ST-d57f47055a04/bin/external/protobuf+/src/google/protobuf/_virtual_includes/protobuf/google/protobuf/message.h:107,
                 from external/protobuf+/src/google/protobuf/message.cc:12:
bazel-out/k8-opt-exec-ST-d57f47055a04/bin/external/protobuf+/src/google/protobuf/_virtual_includes/protobuf/google/protobuf/reflection_visit_fields.h: In instantiation of 'static void google::protobuf::internal::ReflectionVisit::VisitFields(MessageT&, CallbackFn&&, google::protobuf::internal::FieldMask) [with MessageT = const google::protobuf::Message; CallbackFn = google::protobuf::internal::ReflectionVisit::VisitMessageFields<google::protobuf::Message::AbslUnparseFlagImpl() const::<lambda(const auto:60&)> >(const google::protobuf::Message&, google::protobuf::Message::AbslUnparseFlagImpl() const::<lambda(const auto:60&)>&&)::<lambda(auto:54)>]':
bazel-out/k8-opt-exec-ST-d57f47055a04/bin/external/protobuf+/src/google/protobuf/_virtual_includes/protobuf/google/protobuf/reflection_visit_fields.h:417:31:   required from 'static void google::protobuf::internal::ReflectionVisit::VisitMessageFields(const google::protobuf::Message&, CallbackFn&&) [with CallbackFn = google::protobuf::Message::AbslUnparseFlagImpl() const::<lambda(const auto:60&)>]'
bazel-out/k8-opt-exec-ST-d57f47055a04/bin/external/protobuf+/src/google/protobuf/_virtual_includes/protobuf/google/protobuf/reflection_visit_fields.h:494:38:   required from 'void google::protobuf::internal::VisitMessageFields(const google::protobuf::Message&, CallbackFn&&) [with CallbackFn = google::protobuf::Message::AbslUnparseFlagImpl() const::<lambda(const auto:60&)>]'
external/protobuf+/src/google/protobuf/message.cc:314:31:   required from here
bazel-out/k8-opt-exec-ST-d57f47055a04/bin/external/protobuf+/src/google/protobuf/_virtual_includes/protobuf/google/protobuf/reflection_visit_fields.h:109:39: warning: 'bool google::protobuf::FieldOptions::weak() const' is deprecated [-Wdeprecated-declarations]
  109 |     ABSL_DCHECK(!field->options().weak()) << "weak fields are not supported";
      |                  ~~~~~~~~~~~~~~~~~~~~~^~
external/abseil-cpp+/absl/log/internal/conditions.h:68:7: note: in definition of macro 'ABSL_LOG_INTERNAL_STATELESS_CONDITION'
   68 |     !(condition) ? (void)0 : ::absl::log_internal::Voidify() &&
      |       ^~~~~~~~~
external/abseil-cpp+/absl/log/internal/check_impl.h:26:3: note: in expansion of macro 'ABSL_LOG_INTERNAL_CONDITION_FATAL'
   26 |   ABSL_LOG_INTERNAL_CONDITION_FATAL(STATELESS,                        \
      |   ^~~~~~~~~~~~~~~~~~~~~~~~~~~~~~~~~
external/abseil-cpp+/absl/log/internal/check_impl.h:27:37: note: in expansion of macro 'ABSL_PREDICT_FALSE'
   27 |                                     ABSL_PREDICT_FALSE(!(condition))) \
      |                                     ^~~~~~~~~~~~~~~~~~
external/abseil-cpp+/absl/log/internal/check_impl.h:43:3: note: in expansion of macro 'ABSL_LOG_INTERNAL_CHECK_IMPL'
   43 |   ABSL_LOG_INTERNAL_CHECK_IMPL(true || (condition), "true")
      |   ^~~~~~~~~~~~~~~~~~~~~~~~~~~~
external/abseil-cpp+/absl/log/absl_check.h:47:3: note: in expansion of macro 'ABSL_LOG_INTERNAL_DCHECK_IMPL'
   47 |   ABSL_LOG_INTERNAL_DCHECK_IMPL((condition), #condition)
      |   ^~~~~~~~~~~~~~~~~~~~~~~~~~~~~
bazel-out/k8-opt-exec-ST-d57f47055a04/bin/external/protobuf+/src/google/protobuf/_virtual_includes/protobuf/google/protobuf/reflection_visit_fields.h:109:5: note: in expansion of macro 'ABSL_DCHECK'
  109 |     ABSL_DCHECK(!field->options().weak()) << "weak fields are not supported";
      |     ^~~~~~~~~~~
In file included from external/protobuf+/src/google/protobuf/message.cc:44:
bazel-out/k8-opt-exec-ST-d57f47055a04/bin/external/protobuf+/src/google/protobuf/_virtual_includes/protobuf/google/protobuf/descriptor.pb.h:19782:13: note: declared here
19782 | inline bool FieldOptions::weak() const {
      |             ^~~~~~~~~~~~
bazel-out/k8-opt-exec-ST-d57f47055a04/bin/external/protobuf+/src/google/protobuf/_virtual_includes/protobuf/google/protobuf/reflection_visit_fields.h:109:39: warning: 'bool google::protobuf::FieldOptions::weak() const' is deprecated [-Wdeprecated-declarations]
  109 |     ABSL_DCHECK(!field->options().weak()) << "weak fields are not supported";
      |                  ~~~~~~~~~~~~~~~~~~~~~^~
external/abseil-cpp+/absl/log/internal/conditions.h:68:7: note: in definition of macro 'ABSL_LOG_INTERNAL_STATELESS_CONDITION'
   68 |     !(condition) ? (void)0 : ::absl::log_internal::Voidify() &&
      |       ^~~~~~~~~
external/abseil-cpp+/absl/log/internal/check_impl.h:26:3: note: in expansion of macro 'ABSL_LOG_INTERNAL_CONDITION_FATAL'
   26 |   ABSL_LOG_INTERNAL_CONDITION_FATAL(STATELESS,                        \
      |   ^~~~~~~~~~~~~~~~~~~~~~~~~~~~~~~~~
external/abseil-cpp+/absl/log/internal/check_impl.h:27:37: note: in expansion of macro 'ABSL_PREDICT_FALSE'
   27 |                                     ABSL_PREDICT_FALSE(!(condition))) \
      |                                     ^~~~~~~~~~~~~~~~~~
external/abseil-cpp+/absl/log/internal/check_impl.h:43:3: note: in expansion of macro 'ABSL_LOG_INTERNAL_CHECK_IMPL'
   43 |   ABSL_LOG_INTERNAL_CHECK_IMPL(true || (condition), "true")
      |   ^~~~~~~~~~~~~~~~~~~~~~~~~~~~
external/abseil-cpp+/absl/log/absl_check.h:47:3: note: in expansion of macro 'ABSL_LOG_INTERNAL_DCHECK_IMPL'
   47 |   ABSL_LOG_INTERNAL_DCHECK_IMPL((condition), #condition)
      |   ^~~~~~~~~~~~~~~~~~~~~~~~~~~~~
bazel-out/k8-opt-exec-ST-d57f47055a04/bin/external/protobuf+/src/google/protobuf/_virtual_includes/protobuf/google/protobuf/reflection_visit_fields.h:109:5: note: in expansion of macro 'ABSL_DCHECK'
  109 |     ABSL_DCHECK(!field->options().weak()) << "weak fields are not supported";
      |     ^~~~~~~~~~~
bazel-out/k8-opt-exec-ST-d57f47055a04/bin/external/protobuf+/src/google/protobuf/_virtual_includes/protobuf/google/protobuf/descriptor.pb.h:19782:13: note: declared here
19782 | inline bool FieldOptions::weak() const {
      |             ^~~~~~~~~~~~
[1,697 / 2,800] Compiling src/google/protobuf/compiler/cpp/field_generators/cord_field.cc [for tool]; 5s processwrapper-sandbox ... (4 actions, 3 running)
INFO: From Compiling src/google/protobuf/compiler/cpp/field_generators/cord_field.cc [for tool]:
In file included from bazel-out/k8-opt-exec-ST-020102668b12/bin/external/protobuf+/src/google/protobuf/compiler/cpp/_virtual_includes/cpp/google/protobuf/compiler/cpp/field.h:26,
                 from external/protobuf+/src/google/protobuf/compiler/cpp/field_generators/cord_field.cc:23:
bazel-out/k8-opt-exec-ST-020102668b12/bin/external/protobuf+/src/google/protobuf/compiler/cpp/_virtual_includes/names_internal/google/protobuf/compiler/cpp/helpers.h: In function 'bool google::protobuf::compiler::cpp::IsWeak(const google::protobuf::FieldDescriptor*, const Options&)':
bazel-out/k8-opt-exec-ST-020102668b12/bin/external/protobuf+/src/google/protobuf/compiler/cpp/_virtual_includes/names_internal/google/protobuf/compiler/cpp/helpers.h:359:28: warning: 'bool google::protobuf::FieldOptions::weak() const' is deprecated [-Wdeprecated-declarations]
  359 |   if (field->options().weak()) {
      |       ~~~~~~~~~~~~~~~~~~~~~^~
In file included from bazel-out/k8-opt-exec-ST-020102668b12/bin/external/protobuf+/src/google/protobuf/compiler/_virtual_includes/code_generator_lite/google/protobuf/compiler/code_generator_lite.h:18,
                 from bazel-out/k8-opt-exec-ST-020102668b12/bin/external/protobuf+/src/google/protobuf/compiler/_virtual_includes/code_generator/google/protobuf/compiler/code_generator.h:25,
                 from bazel-out/k8-opt-exec-ST-020102668b12/bin/external/protobuf+/src/google/protobuf/compiler/cpp/_virtual_includes/names_internal/google/protobuf/compiler/cpp/helpers.h:30:
bazel-out/k8-opt-exec-ST-020102668b12/bin/external/protobuf+/src/google/protobuf/_virtual_includes/protobuf/google/protobuf/descriptor.pb.h:19782:13: note: declared here
19782 | inline bool FieldOptions::weak() const {
      |             ^~~~~~~~~~~~
[1,701 / 2,800] Compiling src/google/protobuf/reflection_ops.cc [for tool]; 1s processwrapper-sandbox ... (4 actions, 3 running)
[1,703 / 2,800] Compiling src/google/protobuf/reflection_ops.cc [for tool]; 3s processwrapper-sandbox ... (4 actions, 3 running)
INFO: From Compiling upb/wire/decode.c [for tool]:
In function 'upb_Decoder_DecodeMessageSetItem',
    inlined from '_upb_Decoder_DecodeFieldData' at external/protobuf+/upb/wire/decode.c:1088:16,
    inlined from '_upb_Decoder_DecodeFieldNoFast' at external/protobuf+/upb/wire/decode.c:1115:9,
    inlined from '_upb_Decoder_DecodeField' at external/protobuf+/upb/wire/decode.c:1170:10,
    inlined from '_upb_Decoder_DecodeMessage' at external/protobuf+/upb/wire/decode.c:1181:11:
external/protobuf+/upb/wire/decode.c:742:11: warning: '*(const char **)((char *)&sv + offsetof(upb_StringView, data))' may be used uninitialized [-Wmaybe-uninitialized]
  742 |           upb_Decoder_AddMessageSetItem(d, msg, layout, type_id, sv.data,
      |           ^~~~~~~~~~~~~~~~~~~~~~~~~~~~~~~~~~~~~~~~~~~~~~~~~~~~~~~~~~~~~~~
  743 |                                         sv.size);
      |                                         ~~~~~~~~
external/protobuf+/upb/wire/decode.c: In function '_upb_Decoder_DecodeMessage':
external/protobuf+/upb/wire/decode.c:732:24: note: '*(const char **)((char *)&sv + offsetof(upb_StringView, data))' was declared here
  732 |         upb_StringView sv;
      |                        ^~
In function 'upb_Decoder_DecodeMessageSetItem',
    inlined from '_upb_Decoder_DecodeFieldData' at external/protobuf+/upb/wire/decode.c:1088:16,
    inlined from '_upb_Decoder_DecodeFieldNoFast' at external/protobuf+/upb/wire/decode.c:1115:9,
    inlined from '_upb_Decoder_DecodeField' at external/protobuf+/upb/wire/decode.c:1170:10,
    inlined from '_upb_Decoder_DecodeMessage' at external/protobuf+/upb/wire/decode.c:1181:11:
external/protobuf+/upb/wire/decode.c:742:11: warning: '*(size_t *)((char *)&sv + offsetof(upb_StringView, size))' may be used uninitialized [-Wmaybe-uninitialized]
  742 |           upb_Decoder_AddMessageSetItem(d, msg, layout, type_id, sv.data,
      |           ^~~~~~~~~~~~~~~~~~~~~~~~~~~~~~~~~~~~~~~~~~~~~~~~~~~~~~~~~~~~~~~
  743 |                                         sv.size);
      |                                         ~~~~~~~~
external/protobuf+/upb/wire/decode.c: In function '_upb_Decoder_DecodeMessage':
external/protobuf+/upb/wire/decode.c:732:24: note: '*(size_t *)((char *)&sv + offsetof(upb_StringView, size))' was declared here
  732 |         upb_StringView sv;
      |                        ^~
In file included from /usr/include/string.h:548,
                 from external/protobuf+/upb/mem/internal/arena.h:13,
                 from external/protobuf+/upb/mem/arena.h:28,
                 from external/protobuf+/upb/wire/decode.h:16,
                 from external/protobuf+/upb/wire/decode.c:8:
In function 'memcpy',
    inlined from '_upb_Decoder_DecodeFixedPacked' at external/protobuf+/upb/wire/decode.c:296:5,
    inlined from '_upb_Decoder_DecodeToArray' at external/protobuf+/upb/wire/decode.c:442:14,
    inlined from '_upb_Decoder_DecodeKnownField' at external/protobuf+/upb/wire/decode.c:1006:14,
    inlined from '_upb_Decoder_DecodeFieldData' at external/protobuf+/upb/wire/decode.c:1081:12,
    inlined from '_upb_Decoder_DecodeFieldNoFast' at external/protobuf+/upb/wire/decode.c:1115:9,
    inlined from '_upb_Decoder_DecodeField' at external/protobuf+/upb/wire/decode.c:1170:10,
    inlined from '_upb_Decoder_DecodeMessage' at external/protobuf+/upb/wire/decode.c:1181:11:
/usr/include/x86_64-linux-gnu/bits/string_fortified.h:29:10: warning: '*(const char **)((char *)&sv + offsetof(upb_StringView, data))' may be used uninitialized [-Wmaybe-uninitialized]
   29 |   return __builtin___memcpy_chk (__dest, __src, __len,
      |          ^~~~~~~~~~~~~~~~~~~~~~~~~~~~~~~~~~~~~~~~~~~~~
   30 |                                  __glibc_objsize0 (__dest));
      |                                  ~~~~~~~~~~~~~~~~~~~~~~~~~~
external/protobuf+/upb/wire/decode.c: In function '_upb_Decoder_DecodeMessage':
external/protobuf+/upb/wire/decode.c:281:18: note: '*(const char **)((char *)&sv + offsetof(upb_StringView, data))' was declared here
  281 |   upb_StringView sv;
      |                  ^~
In function 'memcpy',
    inlined from '_upb_Decoder_DecodeFixedPacked' at external/protobuf+/upb/wire/decode.c:296:5,
    inlined from '_upb_Decoder_DecodeToArray' at external/protobuf+/upb/wire/decode.c:442:14,
    inlined from '_upb_Decoder_DecodeKnownField' at external/protobuf+/upb/wire/decode.c:1006:14,
    inlined from '_upb_Decoder_DecodeFieldData' at external/protobuf+/upb/wire/decode.c:1081:12,
    inlined from '_upb_Decoder_DecodeFieldNoFast' at external/protobuf+/upb/wire/decode.c:1115:9,
    inlined from '_upb_Decoder_DecodeField' at external/protobuf+/upb/wire/decode.c:1170:10,
    inlined from '_upb_Decoder_DecodeMessage' at external/protobuf+/upb/wire/decode.c:1181:11:
/usr/include/x86_64-linux-gnu/bits/string_fortified.h:29:10: warning: '*(size_t *)((char *)&sv + offsetof(upb_StringView, size))' may be used uninitialized [-Wmaybe-uninitialized]
   29 |   return __builtin___memcpy_chk (__dest, __src, __len,
      |          ^~~~~~~~~~~~~~~~~~~~~~~~~~~~~~~~~~~~~~~~~~~~~
   30 |                                  __glibc_objsize0 (__dest));
      |                                  ~~~~~~~~~~~~~~~~~~~~~~~~~~
external/protobuf+/upb/wire/decode.c: In function '_upb_Decoder_DecodeMessage':
external/protobuf+/upb/wire/decode.c:281:18: note: '*(size_t *)((char *)&sv + offsetof(upb_StringView, size))' was declared here
  281 |   upb_StringView sv;
      |                  ^~
In function '_upb_Decoder_DecodeUnknownField',
    inlined from '_upb_Decoder_DecodeFieldData' at external/protobuf+/upb/wire/decode.c:1085:16,
    inlined from '_upb_Decoder_DecodeFieldNoFast' at external/protobuf+/upb/wire/decode.c:1115:9,
    inlined from '_upb_Decoder_DecodeField' at external/protobuf+/upb/wire/decode.c:1170:10,
    inlined from '_upb_Decoder_DecodeMessage' at external/protobuf+/upb/wire/decode.c:1181:11:
external/protobuf+/upb/wire/decode.c:1040:8: warning: 'sv.data' may be used uninitialized [-Wmaybe-uninitialized]
 1040 |     if (sv.data != d->input.buffer_start) {
      |        ^
external/protobuf+/upb/wire/decode.c: In function '_upb_Decoder_DecodeMessage':
external/protobuf+/upb/wire/decode.c:1035:18: note: 'sv.data' was declared here
 1035 |   upb_StringView sv;
      |                  ^~
In file included from external/protobuf+/upb/message/internal/message.h:31,
                 from external/protobuf+/upb/message/message.h:22,
                 from external/protobuf+/upb/wire/decode.h:17:
In function '_upb_Message_AddUnknown_dont_copy_me__upb_internal_use_only',
    inlined from '_upb_Decoder_DecodeUnknownField' at external/protobuf+/upb/wire/decode.c:1049:8,
    inlined from '_upb_Decoder_DecodeFieldData' at external/protobuf+/upb/wire/decode.c:1085:16,
    inlined from '_upb_Decoder_DecodeFieldNoFast' at external/protobuf+/upb/wire/decode.c:1115:9,
    inlined from '_upb_Decoder_DecodeField' at external/protobuf+/upb/wire/decode.c:1170:10,
    inlined from '_upb_Decoder_DecodeMessage' at external/protobuf+/upb/wire/decode.c:1181:11:
external/protobuf+/upb/message/internal/message.h:217:22: warning: 'sv.size' may be used uninitialized [-Wmaybe-uninitialized]
  217 |   return UPB_PRIVATE(_upb_Message_AddUnknownSlowPath)(
      |                      ^
external/protobuf+/upb/port/def.inc:406:24: note: in definition of macro 'UPB_PRIVATE'
  406 | #define UPB_PRIVATE(x) x##_dont_copy_me__upb_internal_use_only
      |                        ^
external/protobuf+/upb/wire/decode.c: In function '_upb_Decoder_DecodeMessage':
external/protobuf+/upb/wire/decode.c:1035:18: note: 'sv.size' was declared here
 1035 |   upb_StringView sv;
      |                  ^~
[1,707 / 2,800] Compiling src/google/protobuf/compiler/cpp/field_generators/enum_field.cc [for tool]; 2s processwrapper-sandbox ... (4 actions, 3 running)
[1,715 / 2,800] Compiling src/google/protobuf/compiler/cpp/field_generators/enum_field.cc [for tool]; 3s processwrapper-sandbox ... (4 actions, 3 running)
[1,725 / 2,800] Compiling src/google/protobuf/compiler/cpp/field_generators/enum_field.cc [for tool]; 4s processwrapper-sandbox ... (4 actions, 3 running)
INFO: From Compiling src/google/protobuf/compiler/cpp/field_generators/enum_field.cc [for tool]:
In file included from bazel-out/k8-opt-exec-ST-020102668b12/bin/external/protobuf+/src/google/protobuf/compiler/cpp/_virtual_includes/cpp/google/protobuf/compiler/cpp/field.h:26,
                 from external/protobuf+/src/google/protobuf/compiler/cpp/field_generators/enum_field.cc:20:
bazel-out/k8-opt-exec-ST-020102668b12/bin/external/protobuf+/src/google/protobuf/compiler/cpp/_virtual_includes/names_internal/google/protobuf/compiler/cpp/helpers.h: In function 'bool google::protobuf::compiler::cpp::IsWeak(const google::protobuf::FieldDescriptor*, const Options&)':
bazel-out/k8-opt-exec-ST-020102668b12/bin/external/protobuf+/src/google/protobuf/compiler/cpp/_virtual_includes/names_internal/google/protobuf/compiler/cpp/helpers.h:359:28: warning: 'bool google::protobuf::FieldOptions::weak() const' is deprecated [-Wdeprecated-declarations]
  359 |   if (field->options().weak()) {
      |       ~~~~~~~~~~~~~~~~~~~~~^~
In file included from bazel-out/k8-opt-exec-ST-020102668b12/bin/external/protobuf+/src/google/protobuf/compiler/_virtual_includes/code_generator_lite/google/protobuf/compiler/code_generator_lite.h:18,
                 from bazel-out/k8-opt-exec-ST-020102668b12/bin/external/protobuf+/src/google/protobuf/compiler/_virtual_includes/code_generator/google/protobuf/compiler/code_generator.h:25,
                 from bazel-out/k8-opt-exec-ST-020102668b12/bin/external/protobuf+/src/google/protobuf/compiler/cpp/_virtual_includes/names_internal/google/protobuf/compiler/cpp/helpers.h:30:
bazel-out/k8-opt-exec-ST-020102668b12/bin/external/protobuf+/src/google/protobuf/_virtual_includes/protobuf/google/protobuf/descriptor.pb.h:19782:13: note: declared here
19782 | inline bool FieldOptions::weak() const {
      |             ^~~~~~~~~~~~
[1,730 / 2,800] Compiling src/google/protobuf/io/printer.cc [for tool]; 0s processwrapper-sandbox ... (4 actions running)
[1,731 / 2,800] Compiling src/google/protobuf/io/printer.cc [for tool]; 2s processwrapper-sandbox ... (4 actions, 3 running)
[1,731 / 2,800] Compiling src/google/protobuf/io/printer.cc [for tool]; 3s processwrapper-sandbox ... (4 actions running)
[1,733 / 2,800] Compiling src/google/protobuf/compiler/cpp/field_generators/map_field.cc [for tool]; 4s processwrapper-sandbox ... (4 actions, 3 running)
[1,737 / 2,800] Compiling src/google/protobuf/compiler/cpp/field_generators/map_field.cc [for tool]; 5s processwrapper-sandbox ... (4 actions running)
INFO: From Compiling src/google/protobuf/compiler/cpp/field_generators/map_field.cc [for tool]:
In file included from bazel-out/k8-opt-exec-ST-020102668b12/bin/external/protobuf+/src/google/protobuf/compiler/cpp/_virtual_includes/cpp/google/protobuf/compiler/cpp/field.h:26,
                 from external/protobuf+/src/google/protobuf/compiler/cpp/field_generators/map_field.cc:19:
bazel-out/k8-opt-exec-ST-020102668b12/bin/external/protobuf+/src/google/protobuf/compiler/cpp/_virtual_includes/names_internal/google/protobuf/compiler/cpp/helpers.h: In function 'bool google::protobuf::compiler::cpp::IsWeak(const google::protobuf::FieldDescriptor*, const Options&)':
bazel-out/k8-opt-exec-ST-020102668b12/bin/external/protobuf+/src/google/protobuf/compiler/cpp/_virtual_includes/names_internal/google/protobuf/compiler/cpp/helpers.h:359:28: warning: 'bool google::protobuf::FieldOptions::weak() const' is deprecated [-Wdeprecated-declarations]
  359 |   if (field->options().weak()) {
      |       ~~~~~~~~~~~~~~~~~~~~~^~
In file included from bazel-out/k8-opt-exec-ST-020102668b12/bin/external/protobuf+/src/google/protobuf/compiler/_virtual_includes/code_generator_lite/google/protobuf/compiler/code_generator_lite.h:18,
                 from bazel-out/k8-opt-exec-ST-020102668b12/bin/external/protobuf+/src/google/protobuf/compiler/_virtual_includes/code_generator/google/protobuf/compiler/code_generator.h:25,
                 from bazel-out/k8-opt-exec-ST-020102668b12/bin/external/protobuf+/src/google/protobuf/compiler/cpp/_virtual_includes/names_internal/google/protobuf/compiler/cpp/helpers.h:30:
bazel-out/k8-opt-exec-ST-020102668b12/bin/external/protobuf+/src/google/protobuf/_virtual_includes/protobuf/google/protobuf/descriptor.pb.h:19782:13: note: declared here
19782 | inline bool FieldOptions::weak() const {
      |             ^~~~~~~~~~~~
[1,744 / 2,800] Compiling src/google/protobuf/text_format.cc [for tool]; 6s processwrapper-sandbox ... (4 actions, 3 running)
[1,749 / 2,800] Compiling src/google/protobuf/text_format.cc [for tool]; 8s processwrapper-sandbox ... (4 actions running)
INFO: From Compiling src/google/protobuf/text_format.cc [for tool]:
external/protobuf+/src/google/protobuf/text_format.cc: In member function 'google::protobuf::TextFormat::ParseLocation google::protobuf::TextFormat::ParseInfoTree::GetLocation(const google::protobuf::FieldDescriptor*, int) const':
external/protobuf+/src/google/protobuf/text_format.cc:260:26: warning: 'google::protobuf::TextFormat::ParseLocationRange google::protobuf::TextFormat::ParseInfoTree::GetLocationRange(const google::protobuf::FieldDescriptor*, int) const' is deprecated: Please use GetFieldLocation() [-Wdeprecated-declarations]
  260 |   return GetLocationRange(field, index).start;
      |          ~~~~~~~~~~~~~~~~^~~~~~~~~~~~~~
external/protobuf+/src/google/protobuf/text_format.cc:242:32: note: declared here
  242 | TextFormat::ParseLocationRange TextFormat::ParseInfoTree::GetLocationRange(
      |                                ^~~~~~~~~~
external/protobuf+/src/google/protobuf/text_format.cc: In member function 'bool google::protobuf::TextFormat::Parser::ParserImpl::ConsumeField(google::protobuf::Message*)':
external/protobuf+/src/google/protobuf/text_format.cc:795:54: warning: 'bool google::protobuf::FieldOptions::weak() const' is deprecated [-Wdeprecated-declarations]
  795 |       if (consumed_semicolon && field->options().weak() &&
      |                                 ~~~~~~~~~~~~~~~~~~~~~^~
In file included from external/protobuf+/src/google/protobuf/text_format.cc:50:
bazel-out/k8-opt-exec-ST-d57f47055a04/bin/external/protobuf+/src/google/protobuf/_virtual_includes/protobuf/google/protobuf/descriptor.pb.h:19782:13: note: declared here
19782 | inline bool FieldOptions::weak() const {
      |             ^~~~~~~~~~~~
[1,751 / 2,800] Compiling upb_generator/c/generator.cc [for tool]; 5s processwrapper-sandbox ... (4 actions running)
[1,753 / 2,800] Compiling src/google/protobuf/compiler/cpp/field_generators/message_field.cc [for tool]; 4s processwrapper-sandbox ... (4 actions, 3 running)
[1,760 / 2,800] Compiling src/google/protobuf/compiler/cpp/field_generators/message_field.cc [for tool]; 6s processwrapper-sandbox ... (4 actions running)
INFO: From Compiling src/google/protobuf/compiler/cpp/field_generators/message_field.cc [for tool]:
In file included from bazel-out/k8-opt-exec-ST-020102668b12/bin/external/protobuf+/src/google/protobuf/compiler/cpp/_virtual_includes/cpp/google/protobuf/compiler/cpp/field.h:26,
                 from external/protobuf+/src/google/protobuf/compiler/cpp/field_generators/message_field.cc:21:
bazel-out/k8-opt-exec-ST-020102668b12/bin/external/protobuf+/src/google/protobuf/compiler/cpp/_virtual_includes/names_internal/google/protobuf/compiler/cpp/helpers.h: In function 'bool google::protobuf::compiler::cpp::IsWeak(const google::protobuf::FieldDescriptor*, const Options&)':
bazel-out/k8-opt-exec-ST-020102668b12/bin/external/protobuf+/src/google/protobuf/compiler/cpp/_virtual_includes/names_internal/google/protobuf/compiler/cpp/helpers.h:359:28: warning: 'bool google::protobuf::FieldOptions::weak() const' is deprecated [-Wdeprecated-declarations]
  359 |   if (field->options().weak()) {
      |       ~~~~~~~~~~~~~~~~~~~~~^~
In file included from bazel-out/k8-opt-exec-ST-020102668b12/bin/external/protobuf+/src/google/protobuf/compiler/_virtual_includes/code_generator_lite/google/protobuf/compiler/code_generator_lite.h:18,
                 from bazel-out/k8-opt-exec-ST-020102668b12/bin/external/protobuf+/src/google/protobuf/compiler/_virtual_includes/code_generator/google/protobuf/compiler/code_generator.h:25,
                 from bazel-out/k8-opt-exec-ST-020102668b12/bin/external/protobuf+/src/google/protobuf/compiler/cpp/_virtual_includes/names_internal/google/protobuf/compiler/cpp/helpers.h:30:
bazel-out/k8-opt-exec-ST-020102668b12/bin/external/protobuf+/src/google/protobuf/_virtual_includes/protobuf/google/protobuf/descriptor.pb.h:19782:13: note: declared here
19782 | inline bool FieldOptions::weak() const {
      |             ^~~~~~~~~~~~
[1,762 / 2,800] Compiling src/google/protobuf/wire_format.cc [for tool]; 2s processwrapper-sandbox ... (4 actions running)
[1,765 / 2,800] Compiling src/google/protobuf/wire_format.cc [for tool]; 3s processwrapper-sandbox ... (4 actions running)
[1,766 / 2,800] Compiling src/google/protobuf/wire_format.cc [for tool]; 4s processwrapper-sandbox ... (4 actions, 3 running)
[1,771 / 2,800] Compiling src/google/protobuf/compiler/cpp/field_generators/primitive_field.cc [for tool]; 4s processwrapper-sandbox ... (4 actions, 3 running)
[1,772 / 2,800] Compiling src/google/protobuf/compiler/cpp/field_generators/primitive_field.cc [for tool]; 5s processwrapper-sandbox ... (4 actions, 3 running)
INFO: From Compiling src/google/protobuf/compiler/cpp/field_generators/primitive_field.cc [for tool]:
In file included from bazel-out/k8-opt-exec-ST-020102668b12/bin/external/protobuf+/src/google/protobuf/compiler/cpp/_virtual_includes/cpp/google/protobuf/compiler/cpp/field.h:26,
                 from external/protobuf+/src/google/protobuf/compiler/cpp/field_generators/primitive_field.cc:22:
bazel-out/k8-opt-exec-ST-020102668b12/bin/external/protobuf+/src/google/protobuf/compiler/cpp/_virtual_includes/names_internal/google/protobuf/compiler/cpp/helpers.h: In function 'bool google::protobuf::compiler::cpp::IsWeak(const google::protobuf::FieldDescriptor*, const Options&)':
bazel-out/k8-opt-exec-ST-020102668b12/bin/external/protobuf+/src/google/protobuf/compiler/cpp/_virtual_includes/names_internal/google/protobuf/compiler/cpp/helpers.h:359:28: warning: 'bool google::protobuf::FieldOptions::weak() const' is deprecated [-Wdeprecated-declarations]
  359 |   if (field->options().weak()) {
      |       ~~~~~~~~~~~~~~~~~~~~~^~
In file included from bazel-out/k8-opt-exec-ST-020102668b12/bin/external/protobuf+/src/google/protobuf/compiler/_virtual_includes/code_generator_lite/google/protobuf/compiler/code_generator_lite.h:18,
                 from bazel-out/k8-opt-exec-ST-020102668b12/bin/external/protobuf+/src/google/protobuf/compiler/_virtual_includes/code_generator/google/protobuf/compiler/code_generator.h:25,
                 from bazel-out/k8-opt-exec-ST-020102668b12/bin/external/protobuf+/src/google/protobuf/compiler/cpp/_virtual_includes/names_internal/google/protobuf/compiler/cpp/helpers.h:30:
bazel-out/k8-opt-exec-ST-020102668b12/bin/external/protobuf+/src/google/protobuf/_virtual_includes/protobuf/google/protobuf/descriptor.pb.h:19782:13: note: declared here
19782 | inline bool FieldOptions::weak() const {
      |             ^~~~~~~~~~~~
[1,774 / 2,800] Compiling src/google/protobuf/map_field.cc [for tool]; 2s processwrapper-sandbox ... (4 actions running)
[1,776 / 2,800] Compiling src/google/protobuf/compiler/cpp/field_generators/string_field.cc [for tool]; 2s processwrapper-sandbox ... (4 actions, 3 running)
[1,778 / 2,800] Compiling src/google/protobuf/compiler/cpp/field_generators/string_field.cc [for tool]; 3s processwrapper-sandbox ... (4 actions, 3 running)
[1,779 / 2,800] Compiling src/google/protobuf/compiler/cpp/field_generators/string_field.cc [for tool]; 4s processwrapper-sandbox ... (4 actions running)
[1,782 / 2,800] Compiling src/google/protobuf/compiler/cpp/field_generators/string_field.cc [for tool]; 6s processwrapper-sandbox ... (4 actions, 3 running)
INFO: From Compiling src/google/protobuf/compiler/cpp/field_generators/string_field.cc [for tool]:
In file included from bazel-out/k8-opt-exec-ST-020102668b12/bin/external/protobuf+/src/google/protobuf/compiler/cpp/_virtual_includes/cpp/google/protobuf/compiler/cpp/field.h:26,
                 from external/protobuf+/src/google/protobuf/compiler/cpp/field_generators/string_field.cc:20:
bazel-out/k8-opt-exec-ST-020102668b12/bin/external/protobuf+/src/google/protobuf/compiler/cpp/_virtual_includes/names_internal/google/protobuf/compiler/cpp/helpers.h: In function 'bool google::protobuf::compiler::cpp::IsWeak(const google::protobuf::FieldDescriptor*, const Options&)':
bazel-out/k8-opt-exec-ST-020102668b12/bin/external/protobuf+/src/google/protobuf/compiler/cpp/_virtual_includes/names_internal/google/protobuf/compiler/cpp/helpers.h:359:28: warning: 'bool google::protobuf::FieldOptions::weak() const' is deprecated [-Wdeprecated-declarations]
  359 |   if (field->options().weak()) {
      |       ~~~~~~~~~~~~~~~~~~~~~^~
In file included from bazel-out/k8-opt-exec-ST-020102668b12/bin/external/protobuf+/src/google/protobuf/compiler/_virtual_includes/code_generator_lite/google/protobuf/compiler/code_generator_lite.h:18,
                 from bazel-out/k8-opt-exec-ST-020102668b12/bin/external/protobuf+/src/google/protobuf/compiler/_virtual_includes/code_generator/google/protobuf/compiler/code_generator.h:25,
                 from bazel-out/k8-opt-exec-ST-020102668b12/bin/external/protobuf+/src/google/protobuf/compiler/cpp/_virtual_includes/names_internal/google/protobuf/compiler/cpp/helpers.h:30:
bazel-out/k8-opt-exec-ST-020102668b12/bin/external/protobuf+/src/google/protobuf/_virtual_includes/protobuf/google/protobuf/descriptor.pb.h:19782:13: note: declared here
19782 | inline bool FieldOptions::weak() const {
      |             ^~~~~~~~~~~~
[1,784 / 2,800] Compiling src/google/protobuf/generated_message_tctable_gen.cc [for tool]; 2s processwrapper-sandbox ... (4 actions running)
[1,787 / 2,800] Compiling src/google/protobuf/generated_message_tctable_gen.cc [for tool]; 3s processwrapper-sandbox ... (4 actions, 3 running)
INFO: From Compiling src/google/protobuf/generated_message_tctable_gen.cc [for tool]:
external/protobuf+/src/google/protobuf/generated_message_tctable_gen.cc: In function 'bool google::protobuf::internal::{anonymous}::HasWeakFields(const google::protobuf::Descriptor*)':
external/protobuf+/src/google/protobuf/generated_message_tctable_gen.cc:668:45: warning: 'bool google::protobuf::FieldOptions::weak() const' is deprecated [-Wdeprecated-declarations]
  668 |     if (descriptor->field(i)->options().weak()) {
      |         ~~~~~~~~~~~~~~~~~~~~~~~~~~~~~~~~~~~~^~
In file included from bazel-out/k8-opt-exec-ST-d57f47055a04/bin/external/protobuf+/src/google/protobuf/_virtual_includes/protobuf/google/protobuf/generated_message_tctable_gen.h:21,
                 from external/protobuf+/src/google/protobuf/generated_message_tctable_gen.cc:8:
bazel-out/k8-opt-exec-ST-d57f47055a04/bin/external/protobuf+/src/google/protobuf/_virtual_includes/protobuf/google/protobuf/descriptor.pb.h:19782:13: note: declared here
19782 | inline bool FieldOptions::weak() const {
      |             ^~~~~~~~~~~~
external/protobuf+/src/google/protobuf/generated_message_tctable_gen.cc: In function 'bool google::protobuf::internal::IsFieldTypeEligibleForFastParsing(const google::protobuf::FieldDescriptor*)':
external/protobuf+/src/google/protobuf/generated_message_tctable_gen.cc:707:28: warning: 'bool google::protobuf::FieldOptions::weak() const' is deprecated [-Wdeprecated-declarations]
  707 |       field->options().weak()) {
      |       ~~~~~~~~~~~~~~~~~~~~~^~
bazel-out/k8-opt-exec-ST-d57f47055a04/bin/external/protobuf+/src/google/protobuf/_virtual_includes/protobuf/google/protobuf/descriptor.pb.h:19782:13: note: declared here
19782 | inline bool FieldOptions::weak() const {
      |             ^~~~~~~~~~~~
external/protobuf+/src/google/protobuf/generated_message_tctable_gen.cc: In lambda function:
external/protobuf+/src/google/protobuf/generated_message_tctable_gen.cc:742:54: warning: 'bool google::protobuf::FieldOptions::weak() const' is deprecated [-Wdeprecated-declarations]
  742 |            !field->is_map() && !field->options().weak() &&
      |                                 ~~~~~~~~~~~~~~~~~~~~~^~
bazel-out/k8-opt-exec-ST-d57f47055a04/bin/external/protobuf+/src/google/protobuf/_virtual_includes/protobuf/google/protobuf/descriptor.pb.h:19782:13: note: declared here
19782 | inline bool FieldOptions::weak() const {
      |             ^~~~~~~~~~~~
external/protobuf+/src/google/protobuf/generated_message_tctable_gen.cc: In static member function 'static std::vector<google::protobuf::internal::TailCallTableInfo::FieldEntryInfo> google::protobuf::internal::TailCallTableInfo::BuildFieldEntries(const google::protobuf::Descriptor*, const MessageOptions&, absl::lts_20250814::Span<const FieldOptions>, std::vector<AuxEntry>&)':
external/protobuf+/src/google/protobuf/generated_message_tctable_gen.cc:782:39: warning: 'bool google::protobuf::FieldOptions::weak() const' is deprecated [-Wdeprecated-declarations]
  782 |       } else if (field->options().weak()) {
      |                  ~~~~~~~~~~~~~~~~~~~~~^~
bazel-out/k8-opt-exec-ST-d57f47055a04/bin/external/protobuf+/src/google/protobuf/_virtual_includes/protobuf/google/protobuf/descriptor.pb.h:19782:13: note: declared here
19782 | inline bool FieldOptions::weak() const {
      |             ^~~~~~~~~~~~
[1,790 / 2,800] Compiling src/google/protobuf/compiler/cpp/field_generators/string_view_field.cc [for tool]; 3s processwrapper-sandbox ... (4 actions, 3 running)
[1,791 / 2,800] Compiling src/google/protobuf/compiler/cpp/field_generators/string_view_field.cc [for tool]; 5s processwrapper-sandbox ... (4 actions, 3 running)
INFO: From Compiling src/google/protobuf/compiler/cpp/field_generators/string_view_field.cc [for tool]:
In file included from bazel-out/k8-opt-exec-ST-020102668b12/bin/external/protobuf+/src/google/protobuf/compiler/cpp/_virtual_includes/cpp/google/protobuf/compiler/cpp/field.h:26,
                 from external/protobuf+/src/google/protobuf/compiler/cpp/field_generators/string_view_field.cc:19:
bazel-out/k8-opt-exec-ST-020102668b12/bin/external/protobuf+/src/google/protobuf/compiler/cpp/_virtual_includes/names_internal/google/protobuf/compiler/cpp/helpers.h: In function 'bool google::protobuf::compiler::cpp::IsWeak(const google::protobuf::FieldDescriptor*, const Options&)':
bazel-out/k8-opt-exec-ST-020102668b12/bin/external/protobuf+/src/google/protobuf/compiler/cpp/_virtual_includes/names_internal/google/protobuf/compiler/cpp/helpers.h:359:28: warning: 'bool google::protobuf::FieldOptions::weak() const' is deprecated [-Wdeprecated-declarations]
  359 |   if (field->options().weak()) {
      |       ~~~~~~~~~~~~~~~~~~~~~^~
In file included from bazel-out/k8-opt-exec-ST-020102668b12/bin/external/protobuf+/src/google/protobuf/compiler/_virtual_includes/code_generator_lite/google/protobuf/compiler/code_generator_lite.h:18,
                 from bazel-out/k8-opt-exec-ST-020102668b12/bin/external/protobuf+/src/google/protobuf/compiler/_virtual_includes/code_generator/google/protobuf/compiler/code_generator.h:25,
                 from bazel-out/k8-opt-exec-ST-020102668b12/bin/external/protobuf+/src/google/protobuf/compiler/cpp/_virtual_includes/names_internal/google/protobuf/compiler/cpp/helpers.h:30:
bazel-out/k8-opt-exec-ST-020102668b12/bin/external/protobuf+/src/google/protobuf/_virtual_includes/protobuf/google/protobuf/descriptor.pb.h:19782:13: note: declared here
19782 | inline bool FieldOptions::weak() const {
      |             ^~~~~~~~~~~~
[1,794 / 2,800] Compiling src/google/protobuf/generated_message_reflection.cc [for tool]; 1s processwrapper-sandbox ... (4 actions running)
[1,795 / 2,800] Compiling src/google/protobuf/generated_message_reflection.cc [for tool]; 2s processwrapper-sandbox ... (4 actions running)
[1,797 / 2,800] Compiling src/google/protobuf/generated_message_reflection.cc [for tool]; 4s processwrapper-sandbox ... (4 actions, 3 running)
[1,797 / 2,800] Compiling src/google/protobuf/generated_message_reflection.cc [for tool]; 5s processwrapper-sandbox ... (4 actions running)
[1,799 / 2,800] Compiling src/google/protobuf/generated_message_reflection.cc [for tool]; 6s processwrapper-sandbox ... (4 actions running)
[1,800 / 2,800] Compiling src/google/protobuf/generated_message_reflection.cc [for tool]; 7s processwrapper-sandbox ... (4 actions, 3 running)
[1,801 / 2,800] Compiling src/google/protobuf/generated_message_reflection.cc [for tool]; 9s processwrapper-sandbox ... (4 actions, 3 running)
[1,802 / 2,800] Compiling src/google/protobuf/generated_message_reflection.cc [for tool]; 10s processwrapper-sandbox ... (4 actions running)
INFO: From Compiling src/google/protobuf/generated_message_reflection.cc [for tool]:
external/protobuf+/src/google/protobuf/generated_message_reflection.cc: In member function 'const google::protobuf::Message* google::protobuf::Reflection::GetDefaultMessageInstance(const google::protobuf::FieldDescriptor*) const':
external/protobuf+/src/google/protobuf/generated_message_reflection.cc:2518:29: warning: 'bool google::protobuf::FieldOptions::weak() const' is deprecated [-Wdeprecated-declarations]
 2518 |       !field->options().weak() && !IsLazyField(field) &&
      |        ~~~~~~~~~~~~~~~~~~~~~^~
In file included from bazel-out/k8-opt-exec-ST-d57f47055a04/bin/external/protobuf+/src/google/protobuf/_virtual_includes/protobuf/google/protobuf/cpp_features.pb.h:34,
                 from external/protobuf+/src/google/protobuf/generated_message_reflection.cc:44:
bazel-out/k8-opt-exec-ST-d57f47055a04/bin/external/protobuf+/src/google/protobuf/_virtual_includes/protobuf/google/protobuf/descriptor.pb.h:19782:13: note: declared here
19782 | inline bool FieldOptions::weak() const {
      |             ^~~~~~~~~~~~
In file included from external/abseil-cpp+/absl/log/internal/check_impl.h:20,
                 from external/abseil-cpp+/absl/log/absl_check.h:38,
                 from bazel-out/k8-opt-exec-ST-d57f47055a04/bin/external/protobuf+/src/google/protobuf/_virtual_includes/protobuf/google/protobuf/generated_message_reflection.h:25,
                 from external/protobuf+/src/google/protobuf/generated_message_reflection.cc:12:
external/protobuf+/src/google/protobuf/generated_message_reflection.cc: In member function 'bool google::protobuf::Reflection::HasFieldWithHasbits(const google::protobuf::Message&, const google::protobuf::FieldDescriptor*) const':
external/protobuf+/src/google/protobuf/generated_message_reflection.cc:3228:37: warning: 'bool google::protobuf::FieldOptions::weak() const' is deprecated [-Wdeprecated-declarations]
 3228 |   ABSL_DCHECK(!field->options().weak());
      |                ~~~~~~~~~~~~~~~~~~~~~^~
external/abseil-cpp+/absl/log/internal/conditions.h:68:7: note: in definition of macro 'ABSL_LOG_INTERNAL_STATELESS_CONDITION'
   68 |     !(condition) ? (void)0 : ::absl::log_internal::Voidify() &&
      |       ^~~~~~~~~
external/abseil-cpp+/absl/log/internal/check_impl.h:26:3: note: in expansion of macro 'ABSL_LOG_INTERNAL_CONDITION_FATAL'
   26 |   ABSL_LOG_INTERNAL_CONDITION_FATAL(STATELESS,                        \
      |   ^~~~~~~~~~~~~~~~~~~~~~~~~~~~~~~~~
external/abseil-cpp+/absl/log/internal/check_impl.h:27:37: note: in expansion of macro 'ABSL_PREDICT_FALSE'
   27 |                                     ABSL_PREDICT_FALSE(!(condition))) \
      |                                     ^~~~~~~~~~~~~~~~~~
external/abseil-cpp+/absl/log/internal/check_impl.h:43:3: note: in expansion of macro 'ABSL_LOG_INTERNAL_CHECK_IMPL'
   43 |   ABSL_LOG_INTERNAL_CHECK_IMPL(true || (condition), "true")
      |   ^~~~~~~~~~~~~~~~~~~~~~~~~~~~
external/abseil-cpp+/absl/log/absl_check.h:47:3: note: in expansion of macro 'ABSL_LOG_INTERNAL_DCHECK_IMPL'
   47 |   ABSL_LOG_INTERNAL_DCHECK_IMPL((condition), #condition)
      |   ^~~~~~~~~~~~~~~~~~~~~~~~~~~~~
external/protobuf+/src/google/protobuf/generated_message_reflection.cc:3228:3: note: in expansion of macro 'ABSL_DCHECK'
 3228 |   ABSL_DCHECK(!field->options().weak());
      |   ^~~~~~~~~~~
bazel-out/k8-opt-exec-ST-d57f47055a04/bin/external/protobuf+/src/google/protobuf/_virtual_includes/protobuf/google/protobuf/descriptor.pb.h:19782:13: note: declared here
19782 | inline bool FieldOptions::weak() const {
      |             ^~~~~~~~~~~~
external/protobuf+/src/google/protobuf/generated_message_reflection.cc: In member function 'void google::protobuf::Reflection::SetHasBit(google::protobuf::Message*, const google::protobuf::FieldDescriptor*) const':
external/protobuf+/src/google/protobuf/generated_message_reflection.cc:3261:37: warning: 'bool google::protobuf::FieldOptions::weak() const' is deprecated [-Wdeprecated-declarations]
 3261 |   ABSL_DCHECK(!field->options().weak());
      |                ~~~~~~~~~~~~~~~~~~~~~^~
external/abseil-cpp+/absl/log/internal/conditions.h:68:7: note: in definition of macro 'ABSL_LOG_INTERNAL_STATELESS_CONDITION'
   68 |     !(condition) ? (void)0 : ::absl::log_internal::Voidify() &&
      |       ^~~~~~~~~
external/abseil-cpp+/absl/log/internal/check_impl.h:26:3: note: in expansion of macro 'ABSL_LOG_INTERNAL_CONDITION_FATAL'
   26 |   ABSL_LOG_INTERNAL_CONDITION_FATAL(STATELESS,                        \
      |   ^~~~~~~~~~~~~~~~~~~~~~~~~~~~~~~~~
external/abseil-cpp+/absl/log/internal/check_impl.h:27:37: note: in expansion of macro 'ABSL_PREDICT_FALSE'
   27 |                                     ABSL_PREDICT_FALSE(!(condition))) \
      |                                     ^~~~~~~~~~~~~~~~~~
external/abseil-cpp+/absl/log/internal/check_impl.h:43:3: note: in expansion of macro 'ABSL_LOG_INTERNAL_CHECK_IMPL'
   43 |   ABSL_LOG_INTERNAL_CHECK_IMPL(true || (condition), "true")
      |   ^~~~~~~~~~~~~~~~~~~~~~~~~~~~
external/abseil-cpp+/absl/log/absl_check.h:47:3: note: in expansion of macro 'ABSL_LOG_INTERNAL_DCHECK_IMPL'
   47 |   ABSL_LOG_INTERNAL_DCHECK_IMPL((condition), #condition)
      |   ^~~~~~~~~~~~~~~~~~~~~~~~~~~~~
external/protobuf+/src/google/protobuf/generated_message_reflection.cc:3261:3: note: in expansion of macro 'ABSL_DCHECK'
 3261 |   ABSL_DCHECK(!field->options().weak());
      |   ^~~~~~~~~~~
bazel-out/k8-opt-exec-ST-d57f47055a04/bin/external/protobuf+/src/google/protobuf/_virtual_includes/protobuf/google/protobuf/descriptor.pb.h:19782:13: note: declared here
19782 | inline bool FieldOptions::weak() const {
      |             ^~~~~~~~~~~~
external/protobuf+/src/google/protobuf/generated_message_reflection.cc: In member function 'void google::protobuf::Reflection::ClearHasBit(google::protobuf::Message*, const google::protobuf::FieldDescriptor*) const':
external/protobuf+/src/google/protobuf/generated_message_reflection.cc:3270:37: warning: 'bool google::protobuf::FieldOptions::weak() const' is deprecated [-Wdeprecated-declarations]
 3270 |   ABSL_DCHECK(!field->options().weak());
      |                ~~~~~~~~~~~~~~~~~~~~~^~
external/abseil-cpp+/absl/log/internal/conditions.h:68:7: note: in definition of macro 'ABSL_LOG_INTERNAL_STATELESS_CONDITION'
   68 |     !(condition) ? (void)0 : ::absl::log_internal::Voidify() &&
      |       ^~~~~~~~~
external/abseil-cpp+/absl/log/internal/check_impl.h:26:3: note: in expansion of macro 'ABSL_LOG_INTERNAL_CONDITION_FATAL'
   26 |   ABSL_LOG_INTERNAL_CONDITION_FATAL(STATELESS,                        \
      |   ^~~~~~~~~~~~~~~~~~~~~~~~~~~~~~~~~
external/abseil-cpp+/absl/log/internal/check_impl.h:27:37: note: in expansion of macro 'ABSL_PREDICT_FALSE'
   27 |                                     ABSL_PREDICT_FALSE(!(condition))) \
      |                                     ^~~~~~~~~~~~~~~~~~
external/abseil-cpp+/absl/log/internal/check_impl.h:43:3: note: in expansion of macro 'ABSL_LOG_INTERNAL_CHECK_IMPL'
   43 |   ABSL_LOG_INTERNAL_CHECK_IMPL(true || (condition), "true")
      |   ^~~~~~~~~~~~~~~~~~~~~~~~~~~~
external/abseil-cpp+/absl/log/absl_check.h:47:3: note: in expansion of macro 'ABSL_LOG_INTERNAL_DCHECK_IMPL'
   47 |   ABSL_LOG_INTERNAL_DCHECK_IMPL((condition), #condition)
      |   ^~~~~~~~~~~~~~~~~~~~~~~~~~~~~
external/protobuf+/src/google/protobuf/generated_message_reflection.cc:3270:3: note: in expansion of macro 'ABSL_DCHECK'
 3270 |   ABSL_DCHECK(!field->options().weak());
      |   ^~~~~~~~~~~
bazel-out/k8-opt-exec-ST-d57f47055a04/bin/external/protobuf+/src/google/protobuf/_virtual_includes/protobuf/google/protobuf/descriptor.pb.h:19782:13: note: declared here
19782 | inline bool FieldOptions::weak() const {
      |             ^~~~~~~~~~~~
external/protobuf+/src/google/protobuf/generated_message_reflection.cc: In member function 'void google::protobuf::Reflection::NaiveSwapHasBit(google::protobuf::Message*, google::protobuf::Message*, const google::protobuf::FieldDescriptor*) const':
external/protobuf+/src/google/protobuf/generated_message_reflection.cc:3279:37: warning: 'bool google::protobuf::FieldOptions::weak() const' is deprecated [-Wdeprecated-declarations]
 3279 |   ABSL_DCHECK(!field->options().weak());
      |                ~~~~~~~~~~~~~~~~~~~~~^~
external/abseil-cpp+/absl/log/internal/conditions.h:68:7: note: in definition of macro 'ABSL_LOG_INTERNAL_STATELESS_CONDITION'
   68 |     !(condition) ? (void)0 : ::absl::log_internal::Voidify() &&
      |       ^~~~~~~~~
external/abseil-cpp+/absl/log/internal/check_impl.h:26:3: note: in expansion of macro 'ABSL_LOG_INTERNAL_CONDITION_FATAL'
   26 |   ABSL_LOG_INTERNAL_CONDITION_FATAL(STATELESS,                        \
      |   ^~~~~~~~~~~~~~~~~~~~~~~~~~~~~~~~~
external/abseil-cpp+/absl/log/internal/check_impl.h:27:37: note: in expansion of macro 'ABSL_PREDICT_FALSE'
   27 |                                     ABSL_PREDICT_FALSE(!(condition))) \
      |                                     ^~~~~~~~~~~~~~~~~~
external/abseil-cpp+/absl/log/internal/check_impl.h:43:3: note: in expansion of macro 'ABSL_LOG_INTERNAL_CHECK_IMPL'
   43 |   ABSL_LOG_INTERNAL_CHECK_IMPL(true || (condition), "true")
      |   ^~~~~~~~~~~~~~~~~~~~~~~~~~~~
external/abseil-cpp+/absl/log/absl_check.h:47:3: note: in expansion of macro 'ABSL_LOG_INTERNAL_DCHECK_IMPL'
   47 |   ABSL_LOG_INTERNAL_DCHECK_IMPL((condition), #condition)
      |   ^~~~~~~~~~~~~~~~~~~~~~~~~~~~~
external/protobuf+/src/google/protobuf/generated_message_reflection.cc:3279:3: note: in expansion of macro 'ABSL_DCHECK'
 3279 |   ABSL_DCHECK(!field->options().weak());
      |   ^~~~~~~~~~~
bazel-out/k8-opt-exec-ST-d57f47055a04/bin/external/protobuf+/src/google/protobuf/_virtual_includes/protobuf/google/protobuf/descriptor.pb.h:19782:13: note: declared here
19782 | inline bool FieldOptions::weak() const {
      |             ^~~~~~~~~~~~
bazel-out/k8-opt-exec-ST-d57f47055a04/bin/external/protobuf+/src/google/protobuf/_virtual_includes/protobuf/google/protobuf/reflection_visit_fields.h: In instantiation of 'static void google::protobuf::internal::ReflectionVisit::VisitFields(MessageT&, CallbackFn&&, google::protobuf::internal::FieldMask) [with MessageT = google::protobuf::Message; CallbackFn = google::protobuf::internal::ReflectionVisit::VisitMessageFields<google::protobuf::Reflection::MaybePoisonAfterClear(google::protobuf::Message&) const::<lambda(google::protobuf::Message&)> >(google::protobuf::Message&, google::protobuf::Reflection::MaybePoisonAfterClear(google::protobuf::Message&) const::<lambda(google::protobuf::Message&)>&&)::<lambda(auto:57)>]':
bazel-out/k8-opt-exec-ST-d57f47055a04/bin/external/protobuf+/src/google/protobuf/_virtual_includes/protobuf/google/protobuf/reflection_visit_fields.h:447:31:   required from 'static void google::protobuf::internal::ReflectionVisit::VisitMessageFields(google::protobuf::Message&, CallbackFn&&) [with CallbackFn = google::protobuf::Reflection::MaybePoisonAfterClear(google::protobuf::Message&) const::<lambda(google::protobuf::Message&)>]'
bazel-out/k8-opt-exec-ST-d57f47055a04/bin/external/protobuf+/src/google/protobuf/_virtual_includes/protobuf/google/protobuf/reflection_visit_fields.h:502:38:   required from 'void google::protobuf::internal::VisitMutableMessageFields(google::protobuf::Message&, CallbackFn&&) [with CallbackFn = google::protobuf::Reflection::MaybePoisonAfterClear(google::protobuf::Message&) const::<lambda(google::protobuf::Message&)>]'
external/protobuf+/src/google/protobuf/generated_message_reflection.cc:1399:40:   required from here
bazel-out/k8-opt-exec-ST-d57f47055a04/bin/external/protobuf+/src/google/protobuf/_virtual_includes/protobuf/google/protobuf/reflection_visit_fields.h:109:39: warning: 'bool google::protobuf::FieldOptions::weak() const' is deprecated [-Wdeprecated-declarations]
  109 |     ABSL_DCHECK(!field->options().weak()) << "weak fields are not supported";
      |                  ~~~~~~~~~~~~~~~~~~~~~^~
external/abseil-cpp+/absl/log/internal/conditions.h:68:7: note: in definition of macro 'ABSL_LOG_INTERNAL_STATELESS_CONDITION'
   68 |     !(condition) ? (void)0 : ::absl::log_internal::Voidify() &&
      |       ^~~~~~~~~
external/abseil-cpp+/absl/log/internal/check_impl.h:26:3: note: in expansion of macro 'ABSL_LOG_INTERNAL_CONDITION_FATAL'
   26 |   ABSL_LOG_INTERNAL_CONDITION_FATAL(STATELESS,                        \
      |   ^~~~~~~~~~~~~~~~~~~~~~~~~~~~~~~~~
external/abseil-cpp+/absl/log/internal/check_impl.h:27:37: note: in expansion of macro 'ABSL_PREDICT_FALSE'
   27 |                                     ABSL_PREDICT_FALSE(!(condition))) \
      |                                     ^~~~~~~~~~~~~~~~~~
external/abseil-cpp+/absl/log/internal/check_impl.h:43:3: note: in expansion of macro 'ABSL_LOG_INTERNAL_CHECK_IMPL'
   43 |   ABSL_LOG_INTERNAL_CHECK_IMPL(true || (condition), "true")
      |   ^~~~~~~~~~~~~~~~~~~~~~~~~~~~
external/abseil-cpp+/absl/log/absl_check.h:47:3: note: in expansion of macro 'ABSL_LOG_INTERNAL_DCHECK_IMPL'
   47 |   ABSL_LOG_INTERNAL_DCHECK_IMPL((condition), #condition)
      |   ^~~~~~~~~~~~~~~~~~~~~~~~~~~~~
bazel-out/k8-opt-exec-ST-d57f47055a04/bin/external/protobuf+/src/google/protobuf/_virtual_includes/protobuf/google/protobuf/reflection_visit_fields.h:109:5: note: in expansion of macro 'ABSL_DCHECK'
  109 |     ABSL_DCHECK(!field->options().weak()) << "weak fields are not supported";
      |     ^~~~~~~~~~~
bazel-out/k8-opt-exec-ST-d57f47055a04/bin/external/protobuf+/src/google/protobuf/_virtual_includes/protobuf/google/protobuf/descriptor.pb.h:19782:13: note: declared here
19782 | inline bool FieldOptions::weak() const {
      |             ^~~~~~~~~~~~
bazel-out/k8-opt-exec-ST-d57f47055a04/bin/external/protobuf+/src/google/protobuf/_virtual_includes/protobuf/google/protobuf/reflection_visit_fields.h:109:39: warning: 'bool google::protobuf::FieldOptions::weak() const' is deprecated [-Wdeprecated-declarations]
  109 |     ABSL_DCHECK(!field->options().weak()) << "weak fields are not supported";
      |                  ~~~~~~~~~~~~~~~~~~~~~^~
external/abseil-cpp+/absl/log/internal/conditions.h:68:7: note: in definition of macro 'ABSL_LOG_INTERNAL_STATELESS_CONDITION'
   68 |     !(condition) ? (void)0 : ::absl::log_internal::Voidify() &&
      |       ^~~~~~~~~
external/abseil-cpp+/absl/log/internal/check_impl.h:26:3: note: in expansion of macro 'ABSL_LOG_INTERNAL_CONDITION_FATAL'
   26 |   ABSL_LOG_INTERNAL_CONDITION_FATAL(STATELESS,                        \
      |   ^~~~~~~~~~~~~~~~~~~~~~~~~~~~~~~~~
external/abseil-cpp+/absl/log/internal/check_impl.h:27:37: note: in expansion of macro 'ABSL_PREDICT_FALSE'
   27 |                                     ABSL_PREDICT_FALSE(!(condition))) \
      |                                     ^~~~~~~~~~~~~~~~~~
external/abseil-cpp+/absl/log/internal/check_impl.h:43:3: note: in expansion of macro 'ABSL_LOG_INTERNAL_CHECK_IMPL'
   43 |   ABSL_LOG_INTERNAL_CHECK_IMPL(true || (condition), "true")
      |   ^~~~~~~~~~~~~~~~~~~~~~~~~~~~
external/abseil-cpp+/absl/log/absl_check.h:47:3: note: in expansion of macro 'ABSL_LOG_INTERNAL_DCHECK_IMPL'
   47 |   ABSL_LOG_INTERNAL_DCHECK_IMPL((condition), #condition)
      |   ^~~~~~~~~~~~~~~~~~~~~~~~~~~~~
bazel-out/k8-opt-exec-ST-d57f47055a04/bin/external/protobuf+/src/google/protobuf/_virtual_includes/protobuf/google/protobuf/reflection_visit_fields.h:109:5: note: in expansion of macro 'ABSL_DCHECK'
  109 |     ABSL_DCHECK(!field->options().weak()) << "weak fields are not supported";
      |     ^~~~~~~~~~~
bazel-out/k8-opt-exec-ST-d57f47055a04/bin/external/protobuf+/src/google/protobuf/_virtual_includes/protobuf/google/protobuf/descriptor.pb.h:19782:13: note: declared here
19782 | inline bool FieldOptions::weak() const {
      |             ^~~~~~~~~~~~
[1,805 / 2,800] Compiling src/google/protobuf/compiler/cpp/file.cc [for tool]; 10s processwrapper-sandbox ... (4 actions, 3 running)
[1,805 / 2,800] Compiling src/google/protobuf/compiler/cpp/file.cc [for tool]; 12s processwrapper-sandbox ... (4 actions running)
[1,807 / 2,800] Compiling src/google/protobuf/compiler/cpp/file.cc [for tool]; 13s processwrapper-sandbox ... (4 actions running)
INFO: From Compiling src/google/protobuf/compiler/cpp/file.cc [for tool]:
In file included from bazel-out/k8-opt-exec-ST-020102668b12/bin/external/protobuf+/src/google/protobuf/compiler/cpp/_virtual_includes/cpp/google/protobuf/compiler/cpp/extension.h:19,
                 from bazel-out/k8-opt-exec-ST-020102668b12/bin/external/protobuf+/src/google/protobuf/compiler/cpp/_virtual_includes/cpp/google/protobuf/compiler/cpp/file.h:26,
                 from external/protobuf+/src/google/protobuf/compiler/cpp/file.cc:12:
bazel-out/k8-opt-exec-ST-020102668b12/bin/external/protobuf+/src/google/protobuf/compiler/cpp/_virtual_includes/names_internal/google/protobuf/compiler/cpp/helpers.h: In function 'bool google::protobuf::compiler::cpp::IsWeak(const google::protobuf::FieldDescriptor*, const Options&)':
bazel-out/k8-opt-exec-ST-020102668b12/bin/external/protobuf+/src/google/protobuf/compiler/cpp/_virtual_includes/names_internal/google/protobuf/compiler/cpp/helpers.h:359:28: warning: 'bool google::protobuf::FieldOptions::weak() const' is deprecated [-Wdeprecated-declarations]
  359 |   if (field->options().weak()) {
      |       ~~~~~~~~~~~~~~~~~~~~~^~
In file included from bazel-out/k8-opt-exec-ST-020102668b12/bin/external/protobuf+/src/google/protobuf/compiler/_virtual_includes/code_generator_lite/google/protobuf/compiler/code_generator_lite.h:18,
                 from bazel-out/k8-opt-exec-ST-020102668b12/bin/external/protobuf+/src/google/protobuf/compiler/_virtual_includes/code_generator/google/protobuf/compiler/code_generator.h:25,
                 from bazel-out/k8-opt-exec-ST-020102668b12/bin/external/protobuf+/src/google/protobuf/compiler/cpp/_virtual_includes/names_internal/google/protobuf/compiler/cpp/helpers.h:30:
bazel-out/k8-opt-exec-ST-020102668b12/bin/external/protobuf+/src/google/protobuf/_virtual_includes/protobuf/google/protobuf/descriptor.pb.h:19782:13: note: declared here
19782 | inline bool FieldOptions::weak() const {
      |             ^~~~~~~~~~~~
[1,809 / 2,800] Compiling src/google/protobuf/extension_set.cc [for tool]; 3s processwrapper-sandbox ... (4 actions, 3 running)
[1,809 / 2,800] Compiling src/google/protobuf/extension_set.cc [for tool]; 5s processwrapper-sandbox ... (4 actions running)
[1,815 / 2,800] Compiling src/google/protobuf/compiler/cpp/generator.cc [for tool]; 3s processwrapper-sandbox ... (4 actions running)
[1,816 / 2,800] Compiling src/google/protobuf/compiler/cpp/generator.cc [for tool]; 5s processwrapper-sandbox ... (4 actions, 3 running)
INFO: From Compiling src/google/protobuf/compiler/cpp/generator.cc [for tool]:
In file included from bazel-out/k8-opt-exec-ST-020102668b12/bin/external/protobuf+/src/google/protobuf/compiler/cpp/_virtual_includes/cpp/google/protobuf/compiler/cpp/extension.h:19,
                 from bazel-out/k8-opt-exec-ST-020102668b12/bin/external/protobuf+/src/google/protobuf/compiler/cpp/_virtual_includes/cpp/google/protobuf/compiler/cpp/file.h:26,
                 from external/protobuf+/src/google/protobuf/compiler/cpp/generator.cc:31:
bazel-out/k8-opt-exec-ST-020102668b12/bin/external/protobuf+/src/google/protobuf/compiler/cpp/_virtual_includes/names_internal/google/protobuf/compiler/cpp/helpers.h: In function 'bool google::protobuf::compiler::cpp::IsWeak(const google::protobuf::FieldDescriptor*, const Options&)':
bazel-out/k8-opt-exec-ST-020102668b12/bin/external/protobuf+/src/google/protobuf/compiler/cpp/_virtual_includes/names_internal/google/protobuf/compiler/cpp/helpers.h:359:28: warning: 'bool google::protobuf::FieldOptions::weak() const' is deprecated [-Wdeprecated-declarations]
  359 |   if (field->options().weak()) {
      |       ~~~~~~~~~~~~~~~~~~~~~^~
In file included from bazel-out/k8-opt-exec-ST-020102668b12/bin/external/protobuf+/src/google/protobuf/compiler/_virtual_includes/code_generator_lite/google/protobuf/compiler/code_generator_lite.h:18,
                 from bazel-out/k8-opt-exec-ST-020102668b12/bin/external/protobuf+/src/google/protobuf/compiler/_virtual_includes/code_generator/google/protobuf/compiler/code_generator.h:25,
                 from bazel-out/k8-opt-exec-ST-020102668b12/bin/external/protobuf+/src/google/protobuf/compiler/cpp/_virtual_includes/cpp/google/protobuf/compiler/cpp/generator.h:24,
                 from external/protobuf+/src/google/protobuf/compiler/cpp/generator.cc:12:
bazel-out/k8-opt-exec-ST-020102668b12/bin/external/protobuf+/src/google/protobuf/_virtual_includes/protobuf/google/protobuf/descriptor.pb.h:19782:13: note: declared here
19782 | inline bool FieldOptions::weak() const {
      |             ^~~~~~~~~~~~
[1,818 / 2,800] Compiling src/google/protobuf/extension_set_heavy.cc [for tool]; 3s processwrapper-sandbox ... (4 actions running)
[1,822 / 2,800] Compiling src/google/protobuf/compiler/cpp/ifndef_guard.cc [for tool]; 1s processwrapper-sandbox ... (4 actions running)
[1,826 / 2,800] Compiling src/google/protobuf/wire_format.cc [for tool]; 1s processwrapper-sandbox ... (4 actions, 3 running)
[1,827 / 2,800] Compiling src/google/protobuf/wire_format.cc [for tool]; 3s processwrapper-sandbox ... (4 actions, 3 running)
INFO: From Compiling src/google/protobuf/dynamic_message.cc [for tool]:
external/protobuf+/src/google/protobuf/dynamic_message.cc: In member function 'void google::protobuf::DynamicMessage::CrossLinkPrototypes()':
external/protobuf+/src/google/protobuf/dynamic_message.cc:845:31: warning: 'bool google::protobuf::FieldOptions::weak() const' is deprecated [-Wdeprecated-declarations]
  845 |         !field->options().weak() && !InRealOneof(field) &&
      |          ~~~~~~~~~~~~~~~~~~~~~^~
In file included from external/protobuf+/src/google/protobuf/dynamic_message.cc:57:
bazel-out/k8-opt-exec-ST-d57f47055a04/bin/external/protobuf+/src/google/protobuf/_virtual_includes/protobuf/google/protobuf/descriptor.pb.h:19782:13: note: declared here
19782 | inline bool FieldOptions::weak() const {
      |             ^~~~~~~~~~~~
[1,828 / 2,800] Compiling src/google/protobuf/wire_format.cc [for tool]; 4s processwrapper-sandbox ... (4 actions, 3 running)
[1,829 / 2,800] Compiling src/google/protobuf/wire_format.cc [for tool]; 5s processwrapper-sandbox ... (4 actions running)
[1,831 / 2,800] Compiling src/google/protobuf/compiler/cpp/message.cc [for tool]; 5s processwrapper-sandbox ... (4 actions, 3 running)
[1,834 / 2,800] Compiling src/google/protobuf/compiler/cpp/message.cc [for tool]; 7s processwrapper-sandbox ... (4 actions, 3 running)
[1,836 / 2,800] Compiling src/google/protobuf/compiler/cpp/message.cc [for tool]; 8s processwrapper-sandbox ... (4 actions running)
[1,837 / 2,800] Compiling src/google/protobuf/compiler/cpp/message.cc [for tool]; 9s processwrapper-sandbox ... (4 actions, 3 running)
[1,838 / 2,800] Compiling src/google/protobuf/compiler/cpp/message.cc [for tool]; 10s processwrapper-sandbox ... (4 actions, 3 running)
[1,844 / 2,800] Compiling src/google/protobuf/compiler/cpp/message.cc [for tool]; 12s processwrapper-sandbox ... (4 actions running)
[1,845 / 2,800] Compiling src/google/protobuf/compiler/cpp/message.cc [for tool]; 13s processwrapper-sandbox ... (4 actions running)
[1,846 / 2,800] Compiling src/google/protobuf/compiler/cpp/message.cc [for tool]; 15s processwrapper-sandbox ... (4 actions running)
INFO: From Compiling src/google/protobuf/text_format.cc [for tool]:
external/protobuf+/src/google/protobuf/text_format.cc: In member function 'google::protobuf::TextFormat::ParseLocation google::protobuf::TextFormat::ParseInfoTree::GetLocation(const google::protobuf::FieldDescriptor*, int) const':
external/protobuf+/src/google/protobuf/text_format.cc:260:26: warning: 'google::protobuf::TextFormat::ParseLocationRange google::protobuf::TextFormat::ParseInfoTree::GetLocationRange(const google::protobuf::FieldDescriptor*, int) const' is deprecated: Please use GetFieldLocation() [-Wdeprecated-declarations]
  260 |   return GetLocationRange(field, index).start;
      |          ~~~~~~~~~~~~~~~~^~~~~~~~~~~~~~
external/protobuf+/src/google/protobuf/text_format.cc:242:32: note: declared here
  242 | TextFormat::ParseLocationRange TextFormat::ParseInfoTree::GetLocationRange(
      |                                ^~~~~~~~~~
external/protobuf+/src/google/protobuf/text_format.cc: In member function 'bool google::protobuf::TextFormat::Parser::ParserImpl::ConsumeField(google::protobuf::Message*)':
external/protobuf+/src/google/protobuf/text_format.cc:795:54: warning: 'bool google::protobuf::FieldOptions::weak() const' is deprecated [-Wdeprecated-declarations]
  795 |       if (consumed_semicolon && field->options().weak() &&
      |                                 ~~~~~~~~~~~~~~~~~~~~~^~
In file included from external/protobuf+/src/google/protobuf/text_format.cc:50:
bazel-out/k8-opt-exec-ST-020102668b12/bin/external/protobuf+/src/google/protobuf/_virtual_includes/protobuf/google/protobuf/descriptor.pb.h:19782:13: note: declared here
19782 | inline bool FieldOptions::weak() const {
      |             ^~~~~~~~~~~~
[1,849 / 2,800] Compiling src/google/protobuf/compiler/cpp/message.cc [for tool]; 17s processwrapper-sandbox ... (4 actions running)
[1,851 / 2,800] Compiling src/google/protobuf/compiler/cpp/message.cc [for tool]; 19s processwrapper-sandbox ... (4 actions running)
INFO: From Compiling src/google/protobuf/compiler/cpp/message.cc [for tool]:
In file included from bazel-out/k8-opt-exec-ST-020102668b12/bin/external/protobuf+/src/google/protobuf/compiler/cpp/_virtual_includes/cpp/google/protobuf/compiler/cpp/extension.h:19,
                 from bazel-out/k8-opt-exec-ST-020102668b12/bin/external/protobuf+/src/google/protobuf/compiler/cpp/_virtual_includes/cpp/google/protobuf/compiler/cpp/message.h:25,
                 from external/protobuf+/src/google/protobuf/compiler/cpp/message.cc:12:
bazel-out/k8-opt-exec-ST-020102668b12/bin/external/protobuf+/src/google/protobuf/compiler/cpp/_virtual_includes/names_internal/google/protobuf/compiler/cpp/helpers.h: In function 'bool google::protobuf::compiler::cpp::IsWeak(const google::protobuf::FieldDescriptor*, const Options&)':
bazel-out/k8-opt-exec-ST-020102668b12/bin/external/protobuf+/src/google/protobuf/compiler/cpp/_virtual_includes/names_internal/google/protobuf/compiler/cpp/helpers.h:359:28: warning: 'bool google::protobuf::FieldOptions::weak() const' is deprecated [-Wdeprecated-declarations]
  359 |   if (field->options().weak()) {
      |       ~~~~~~~~~~~~~~~~~~~~~^~
In file included from bazel-out/k8-opt-exec-ST-020102668b12/bin/external/protobuf+/src/google/protobuf/compiler/_virtual_includes/code_generator_lite/google/protobuf/compiler/code_generator_lite.h:18,
                 from bazel-out/k8-opt-exec-ST-020102668b12/bin/external/protobuf+/src/google/protobuf/compiler/_virtual_includes/code_generator/google/protobuf/compiler/code_generator.h:25,
                 from bazel-out/k8-opt-exec-ST-020102668b12/bin/external/protobuf+/src/google/protobuf/compiler/cpp/_virtual_includes/names_internal/google/protobuf/compiler/cpp/helpers.h:30:
bazel-out/k8-opt-exec-ST-020102668b12/bin/external/protobuf+/src/google/protobuf/_virtual_includes/protobuf/google/protobuf/descriptor.pb.h:19782:13: note: declared here
19782 | inline bool FieldOptions::weak() const {
      |             ^~~~~~~~~~~~
external/protobuf+/src/google/protobuf/compiler/cpp/message.cc: In function 'void google::protobuf::compiler::cpp::{anonymous}::PrintPresenceCheck(const google::protobuf::FieldDescriptor*, const std::vector<int>&, google::protobuf::io::Printer*, int*, const google::protobuf::compiler::cpp::Options&)':
external/protobuf+/src/google/protobuf/compiler/cpp/message.cc:172:29: warning: 'bool google::protobuf::FieldOptions::weak() const' is deprecated [-Wdeprecated-declarations]
  172 |   if (!field->options().weak()) {
      |        ~~~~~~~~~~~~~~~~~~~~~^~
bazel-out/k8-opt-exec-ST-020102668b12/bin/external/protobuf+/src/google/protobuf/_virtual_includes/protobuf/google/protobuf/descriptor.pb.h:19782:13: note: declared here
19782 | inline bool FieldOptions::weak() const {
      |             ^~~~~~~~~~~~
external/protobuf+/src/google/protobuf/compiler/cpp/message.cc: In member function 'void google::protobuf::compiler::cpp::MessageGenerator::GenerateFieldAccessorDeclarations(google::protobuf::io::Printer*)':
external/protobuf+/src/google/protobuf/compiler/cpp/message.cc:757:66: warning: 'bool google::protobuf::FieldOptions::weak() const' is deprecated [-Wdeprecated-declarations]
  757 |     if (!field->real_containing_oneof() && !field->options().weak()) {
      |                                             ~~~~~~~~~~~~~~~~~~~~~^~
bazel-out/k8-opt-exec-ST-020102668b12/bin/external/protobuf+/src/google/protobuf/_virtual_includes/protobuf/google/protobuf/descriptor.pb.h:19782:13: note: declared here
19782 | inline bool FieldOptions::weak() const {
      |             ^~~~~~~~~~~~
external/protobuf+/src/google/protobuf/compiler/cpp/message.cc: In member function 'void google::protobuf::compiler::cpp::MessageGenerator::GenerateSingularFieldHasBits(const google::protobuf::FieldDescriptor*, google::protobuf::io::Printer*)':
external/protobuf+/src/google/protobuf/compiler/cpp/message.cc:1129:28: warning: 'bool google::protobuf::FieldOptions::weak() const' is deprecated [-Wdeprecated-declarations]
 1129 |   if (field->options().weak()) {
      |       ~~~~~~~~~~~~~~~~~~~~~^~
bazel-out/k8-opt-exec-ST-020102668b12/bin/external/protobuf+/src/google/protobuf/_virtual_includes/protobuf/google/protobuf/descriptor.pb.h:19782:13: note: declared here
19782 | inline bool FieldOptions::weak() const {
      |             ^~~~~~~~~~~~
external/protobuf+/src/google/protobuf/compiler/cpp/message.cc: In member function 'void google::protobuf::compiler::cpp::MessageGenerator::EmitCheckAndUpdateByteSizeForField(const google::protobuf::FieldDescriptor*, google::protobuf::io::Printer*) const':
external/protobuf+/src/google/protobuf/compiler/cpp/message.cc:1344:28: warning: 'bool google::protobuf::FieldOptions::weak() const' is deprecated [-Wdeprecated-declarations]
 1344 |   if (field->options().weak()) {
      |       ~~~~~~~~~~~~~~~~~~~~~^~
bazel-out/k8-opt-exec-ST-020102668b12/bin/external/protobuf+/src/google/protobuf/_virtual_includes/protobuf/google/protobuf/descriptor.pb.h:19782:13: note: declared here
19782 | inline bool FieldOptions::weak() const {
      |             ^~~~~~~~~~~~
external/protobuf+/src/google/protobuf/compiler/cpp/message.cc: In member function 'void google::protobuf::compiler::cpp::MessageGenerator::MaybeEmitUpdateCachedHasbits(const google::protobuf::FieldDescriptor*, google::protobuf::io::Printer*, int&) const':
external/protobuf+/src/google/protobuf/compiler/cpp/message.cc:1377:59: warning: 'bool google::protobuf::FieldOptions::weak() const' is deprecated [-Wdeprecated-declarations]
 1377 |   if (!HasHasbit(field, options_) || field->options().weak()) return;
      |                                      ~~~~~~~~~~~~~~~~~~~~~^~
bazel-out/k8-opt-exec-ST-020102668b12/bin/external/protobuf+/src/google/protobuf/_virtual_includes/protobuf/google/protobuf/descriptor.pb.h:19782:13: note: declared here
19782 | inline bool FieldOptions::weak() const {
      |             ^~~~~~~~~~~~
external/protobuf+/src/google/protobuf/compiler/cpp/message.cc: In lambda function:
external/protobuf+/src/google/protobuf/compiler/cpp/message.cc:2114:64: warning: 'bool google::protobuf::FieldOptions::weak() const' is deprecated [-Wdeprecated-declarations]
 2114 |             if (!field->is_repeated() && !field->options().weak() &&
      |                                           ~~~~~~~~~~~~~~~~~~~~~^~
bazel-out/k8-opt-exec-ST-020102668b12/bin/external/protobuf+/src/google/protobuf/_virtual_includes/protobuf/google/protobuf/descriptor.pb.h:19782:13: note: declared here
19782 | inline bool FieldOptions::weak() const {
      |             ^~~~~~~~~~~~
external/protobuf+/src/google/protobuf/compiler/cpp/message.cc: In member function 'size_t google::protobuf::compiler::cpp::MessageGenerator::GenerateOffsets(google::protobuf::io::Printer*)':
external/protobuf+/src/google/protobuf/compiler/cpp/message.cc:2595:30: warning: 'bool google::protobuf::FieldOptions::weak() const' is deprecated [-Wdeprecated-declarations]
 2595 |     if (field->options().weak()) {
      |         ~~~~~~~~~~~~~~~~~~~~~^~
bazel-out/k8-opt-exec-ST-020102668b12/bin/external/protobuf+/src/google/protobuf/_virtual_includes/protobuf/google/protobuf/descriptor.pb.h:19782:13: note: declared here
19782 | inline bool FieldOptions::weak() const {
      |             ^~~~~~~~~~~~
external/protobuf+/src/google/protobuf/compiler/cpp/message.cc: In lambda function:
external/protobuf+/src/google/protobuf/compiler/cpp/message.cc:4188:39: warning: 'bool google::protobuf::FieldOptions::weak() const' is deprecated [-Wdeprecated-declarations]
 4188 |       } else if (field->options().weak() ||
      |                  ~~~~~~~~~~~~~~~~~~~~~^~
bazel-out/k8-opt-exec-ST-020102668b12/bin/external/protobuf+/src/google/protobuf/_virtual_includes/protobuf/google/protobuf/descriptor.pb.h:19782:13: note: declared here
19782 | inline bool FieldOptions::weak() const {
      |             ^~~~~~~~~~~~
external/protobuf+/src/google/protobuf/compiler/cpp/message.cc: In member function 'void google::protobuf::compiler::cpp::MessageGenerator::GenerateSerializeOneField(google::protobuf::io::Printer*, const google::protobuf::FieldDescriptor*, int)':
external/protobuf+/src/google/protobuf/compiler/cpp/message.cc:4528:28: warning: 'bool google::protobuf::FieldOptions::weak() const' is deprecated [-Wdeprecated-declarations]
 4528 |   if (field->options().weak()) {
      |       ~~~~~~~~~~~~~~~~~~~~~^~
bazel-out/k8-opt-exec-ST-020102668b12/bin/external/protobuf+/src/google/protobuf/_virtual_includes/protobuf/google/protobuf/descriptor.pb.h:19782:13: note: declared here
19782 | inline bool FieldOptions::weak() const {
      |             ^~~~~~~~~~~~
external/protobuf+/src/google/protobuf/compiler/cpp/message.cc: In lambda function:
external/protobuf+/src/google/protobuf/compiler/cpp/message.cc:4834:43: warning: 'bool google::protobuf::FieldOptions::weak() const' is deprecated [-Wdeprecated-declarations]
 4834 |                  if (field->options().weak()) {
      |                      ~~~~~~~~~~~~~~~~~~~~~^~
bazel-out/k8-opt-exec-ST-020102668b12/bin/external/protobuf+/src/google/protobuf/_virtual_includes/protobuf/google/protobuf/descriptor.pb.h:19782:13: note: declared here
19782 | inline bool FieldOptions::weak() const {
      |             ^~~~~~~~~~~~
[1,856 / 2,800] Compiling src/google/protobuf/descriptor.cc [for tool]; 1s processwrapper-sandbox ... (4 actions running)
[1,859 / 2,800] Compiling src/google/protobuf/descriptor.cc [for tool]; 3s processwrapper-sandbox ... (4 actions, 3 running)
[1,862 / 2,800] Compiling src/google/protobuf/descriptor.cc [for tool]; 4s processwrapper-sandbox ... (4 actions, 3 running)
INFO: From Compiling src/google/protobuf/compiler/cpp/message_layout_helper.cc [for tool]:
In file included from bazel-out/k8-opt-exec-ST-020102668b12/bin/external/protobuf+/src/google/protobuf/compiler/cpp/_virtual_includes/cpp/google/protobuf/compiler/cpp/message_layout_helper.h:20,
                 from external/protobuf+/src/google/protobuf/compiler/cpp/message_layout_helper.cc:1:
bazel-out/k8-opt-exec-ST-020102668b12/bin/external/protobuf+/src/google/protobuf/compiler/cpp/_virtual_includes/names_internal/google/protobuf/compiler/cpp/helpers.h: In function 'bool google::protobuf::compiler::cpp::IsWeak(const google::protobuf::FieldDescriptor*, const Options&)':
bazel-out/k8-opt-exec-ST-020102668b12/bin/external/protobuf+/src/google/protobuf/compiler/cpp/_virtual_includes/names_internal/google/protobuf/compiler/cpp/helpers.h:359:28: warning: 'bool google::protobuf::FieldOptions::weak() const' is deprecated [-Wdeprecated-declarations]
  359 |   if (field->options().weak()) {
      |       ~~~~~~~~~~~~~~~~~~~~~^~
In file included from bazel-out/k8-opt-exec-ST-020102668b12/bin/external/protobuf+/src/google/protobuf/compiler/_virtual_includes/code_generator_lite/google/protobuf/compiler/code_generator_lite.h:18,
                 from bazel-out/k8-opt-exec-ST-020102668b12/bin/external/protobuf+/src/google/protobuf/compiler/_virtual_includes/code_generator/google/protobuf/compiler/code_generator.h:25,
                 from bazel-out/k8-opt-exec-ST-020102668b12/bin/external/protobuf+/src/google/protobuf/compiler/cpp/_virtual_includes/names_internal/google/protobuf/compiler/cpp/helpers.h:30:
bazel-out/k8-opt-exec-ST-020102668b12/bin/external/protobuf+/src/google/protobuf/_virtual_includes/protobuf/google/protobuf/descriptor.pb.h:19782:13: note: declared here
19782 | inline bool FieldOptions::weak() const {
      |             ^~~~~~~~~~~~
[1,864 / 2,800] Compiling src/google/protobuf/descriptor.cc [for tool]; 5s processwrapper-sandbox ... (4 actions running)
[1,867 / 2,800] Compiling src/google/protobuf/descriptor.cc [for tool]; 6s processwrapper-sandbox ... (4 actions, 3 running)
[1,871 / 2,800] Compiling src/google/protobuf/descriptor.cc [for tool]; 7s processwrapper-sandbox ... (4 actions, 3 running)
[1,873 / 2,800] Compiling src/google/protobuf/descriptor.cc [for tool]; 9s processwrapper-sandbox ... (4 actions, 3 running)
INFO: From Compiling src/google/protobuf/message.cc [for tool]:
In file included from external/abseil-cpp+/absl/log/internal/check_impl.h:20,
                 from external/abseil-cpp+/absl/log/absl_check.h:38,
                 from bazel-out/k8-opt-exec-ST-020102668b12/bin/external/protobuf+/src/google/protobuf/_virtual_includes/protobuf/google/protobuf/message.h:107,
                 from external/protobuf+/src/google/protobuf/message.cc:12:
bazel-out/k8-opt-exec-ST-020102668b12/bin/external/protobuf+/src/google/protobuf/_virtual_includes/protobuf/google/protobuf/reflection_visit_fields.h: In instantiation of 'static void google::protobuf::internal::ReflectionVisit::VisitFields(MessageT&, CallbackFn&&, google::protobuf::internal::FieldMask) [with MessageT = const google::protobuf::Message; CallbackFn = google::protobuf::internal::ReflectionVisit::VisitMessageFields<google::protobuf::Message::AbslUnparseFlagImpl() const::<lambda(const auto:60&)> >(const google::protobuf::Message&, google::protobuf::Message::AbslUnparseFlagImpl() const::<lambda(const auto:60&)>&&)::<lambda(auto:54)>]':
bazel-out/k8-opt-exec-ST-020102668b12/bin/external/protobuf+/src/google/protobuf/_virtual_includes/protobuf/google/protobuf/reflection_visit_fields.h:417:31:   required from 'static void google::protobuf::internal::ReflectionVisit::VisitMessageFields(const google::protobuf::Message&, CallbackFn&&) [with CallbackFn = google::protobuf::Message::AbslUnparseFlagImpl() const::<lambda(const auto:60&)>]'
bazel-out/k8-opt-exec-ST-020102668b12/bin/external/protobuf+/src/google/protobuf/_virtual_includes/protobuf/google/protobuf/reflection_visit_fields.h:494:38:   required from 'void google::protobuf::internal::VisitMessageFields(const google::protobuf::Message&, CallbackFn&&) [with CallbackFn = google::protobuf::Message::AbslUnparseFlagImpl() const::<lambda(const auto:60&)>]'
external/protobuf+/src/google/protobuf/message.cc:314:31:   required from here
bazel-out/k8-opt-exec-ST-020102668b12/bin/external/protobuf+/src/google/protobuf/_virtual_includes/protobuf/google/protobuf/reflection_visit_fields.h:109:39: warning: 'bool google::protobuf::FieldOptions::weak() const' is deprecated [-Wdeprecated-declarations]
  109 |     ABSL_DCHECK(!field->options().weak()) << "weak fields are not supported";
      |                  ~~~~~~~~~~~~~~~~~~~~~^~
external/abseil-cpp+/absl/log/internal/conditions.h:68:7: note: in definition of macro 'ABSL_LOG_INTERNAL_STATELESS_CONDITION'
   68 |     !(condition) ? (void)0 : ::absl::log_internal::Voidify() &&
      |       ^~~~~~~~~
external/abseil-cpp+/absl/log/internal/check_impl.h:26:3: note: in expansion of macro 'ABSL_LOG_INTERNAL_CONDITION_FATAL'
   26 |   ABSL_LOG_INTERNAL_CONDITION_FATAL(STATELESS,                        \
      |   ^~~~~~~~~~~~~~~~~~~~~~~~~~~~~~~~~
external/abseil-cpp+/absl/log/internal/check_impl.h:27:37: note: in expansion of macro 'ABSL_PREDICT_FALSE'
   27 |                                     ABSL_PREDICT_FALSE(!(condition))) \
      |                                     ^~~~~~~~~~~~~~~~~~
external/abseil-cpp+/absl/log/internal/check_impl.h:43:3: note: in expansion of macro 'ABSL_LOG_INTERNAL_CHECK_IMPL'
   43 |   ABSL_LOG_INTERNAL_CHECK_IMPL(true || (condition), "true")
      |   ^~~~~~~~~~~~~~~~~~~~~~~~~~~~
external/abseil-cpp+/absl/log/absl_check.h:47:3: note: in expansion of macro 'ABSL_LOG_INTERNAL_DCHECK_IMPL'
   47 |   ABSL_LOG_INTERNAL_DCHECK_IMPL((condition), #condition)
      |   ^~~~~~~~~~~~~~~~~~~~~~~~~~~~~
bazel-out/k8-opt-exec-ST-020102668b12/bin/external/protobuf+/src/google/protobuf/_virtual_includes/protobuf/google/protobuf/reflection_visit_fields.h:109:5: note: in expansion of macro 'ABSL_DCHECK'
  109 |     ABSL_DCHECK(!field->options().weak()) << "weak fields are not supported";
      |     ^~~~~~~~~~~
In file included from external/protobuf+/src/google/protobuf/message.cc:44:
bazel-out/k8-opt-exec-ST-020102668b12/bin/external/protobuf+/src/google/protobuf/_virtual_includes/protobuf/google/protobuf/descriptor.pb.h:19782:13: note: declared here
19782 | inline bool FieldOptions::weak() const {
      |             ^~~~~~~~~~~~
bazel-out/k8-opt-exec-ST-020102668b12/bin/external/protobuf+/src/google/protobuf/_virtual_includes/protobuf/google/protobuf/reflection_visit_fields.h:109:39: warning: 'bool google::protobuf::FieldOptions::weak() const' is deprecated [-Wdeprecated-declarations]
  109 |     ABSL_DCHECK(!field->options().weak()) << "weak fields are not supported";
      |                  ~~~~~~~~~~~~~~~~~~~~~^~
external/abseil-cpp+/absl/log/internal/conditions.h:68:7: note: in definition of macro 'ABSL_LOG_INTERNAL_STATELESS_CONDITION'
   68 |     !(condition) ? (void)0 : ::absl::log_internal::Voidify() &&
      |       ^~~~~~~~~
external/abseil-cpp+/absl/log/internal/check_impl.h:26:3: note: in expansion of macro 'ABSL_LOG_INTERNAL_CONDITION_FATAL'
   26 |   ABSL_LOG_INTERNAL_CONDITION_FATAL(STATELESS,                        \
      |   ^~~~~~~~~~~~~~~~~~~~~~~~~~~~~~~~~
external/abseil-cpp+/absl/log/internal/check_impl.h:27:37: note: in expansion of macro 'ABSL_PREDICT_FALSE'
   27 |                                     ABSL_PREDICT_FALSE(!(condition))) \
      |                                     ^~~~~~~~~~~~~~~~~~
external/abseil-cpp+/absl/log/internal/check_impl.h:43:3: note: in expansion of macro 'ABSL_LOG_INTERNAL_CHECK_IMPL'
   43 |   ABSL_LOG_INTERNAL_CHECK_IMPL(true || (condition), "true")
      |   ^~~~~~~~~~~~~~~~~~~~~~~~~~~~
external/abseil-cpp+/absl/log/absl_check.h:47:3: note: in expansion of macro 'ABSL_LOG_INTERNAL_DCHECK_IMPL'
   47 |   ABSL_LOG_INTERNAL_DCHECK_IMPL((condition), #condition)
      |   ^~~~~~~~~~~~~~~~~~~~~~~~~~~~~
bazel-out/k8-opt-exec-ST-020102668b12/bin/external/protobuf+/src/google/protobuf/_virtual_includes/protobuf/google/protobuf/reflection_visit_fields.h:109:5: note: in expansion of macro 'ABSL_DCHECK'
  109 |     ABSL_DCHECK(!field->options().weak()) << "weak fields are not supported";
      |     ^~~~~~~~~~~
bazel-out/k8-opt-exec-ST-020102668b12/bin/external/protobuf+/src/google/protobuf/_virtual_includes/protobuf/google/protobuf/descriptor.pb.h:19782:13: note: declared here
19782 | inline bool FieldOptions::weak() const {
      |             ^~~~~~~~~~~~
[1,875 / 2,800] Compiling src/google/protobuf/descriptor.cc [for tool]; 10s processwrapper-sandbox ... (4 actions, 3 running)
[1,878 / 2,800] Compiling src/google/protobuf/descriptor.cc [for tool]; 11s processwrapper-sandbox ... (4 actions running)
[1,881 / 2,800] Compiling src/google/protobuf/descriptor.cc [for tool]; 13s processwrapper-sandbox ... (4 actions, 3 running)
[1,884 / 2,800] Compiling src/google/protobuf/descriptor.cc [for tool]; 14s processwrapper-sandbox ... (4 actions, 3 running)
INFO: From Compiling src/google/protobuf/compiler/cpp/parse_function_generator.cc [for tool]:
In file included from bazel-out/k8-opt-exec-ST-020102668b12/bin/external/protobuf+/src/google/protobuf/compiler/cpp/_virtual_includes/cpp/google/protobuf/compiler/cpp/parse_function_generator.h:18,
                 from external/protobuf+/src/google/protobuf/compiler/cpp/parse_function_generator.cc:8:
bazel-out/k8-opt-exec-ST-020102668b12/bin/external/protobuf+/src/google/protobuf/compiler/cpp/_virtual_includes/names_internal/google/protobuf/compiler/cpp/helpers.h: In function 'bool google::protobuf::compiler::cpp::IsWeak(const google::protobuf::FieldDescriptor*, const Options&)':
bazel-out/k8-opt-exec-ST-020102668b12/bin/external/protobuf+/src/google/protobuf/compiler/cpp/_virtual_includes/names_internal/google/protobuf/compiler/cpp/helpers.h:359:28: warning: 'bool google::protobuf::FieldOptions::weak() const' is deprecated [-Wdeprecated-declarations]
  359 |   if (field->options().weak()) {
      |       ~~~~~~~~~~~~~~~~~~~~~^~
In file included from bazel-out/k8-opt-exec-ST-020102668b12/bin/external/protobuf+/src/google/protobuf/compiler/_virtual_includes/code_generator_lite/google/protobuf/compiler/code_generator_lite.h:18,
                 from bazel-out/k8-opt-exec-ST-020102668b12/bin/external/protobuf+/src/google/protobuf/compiler/_virtual_includes/code_generator/google/protobuf/compiler/code_generator.h:25,
                 from bazel-out/k8-opt-exec-ST-020102668b12/bin/external/protobuf+/src/google/protobuf/compiler/cpp/_virtual_includes/names_internal/google/protobuf/compiler/cpp/helpers.h:30:
bazel-out/k8-opt-exec-ST-020102668b12/bin/external/protobuf+/src/google/protobuf/_virtual_includes/protobuf/google/protobuf/descriptor.pb.h:19782:13: note: declared here
19782 | inline bool FieldOptions::weak() const {
      |             ^~~~~~~~~~~~
[1,887 / 2,800] Compiling src/google/protobuf/descriptor.cc [for tool]; 15s processwrapper-sandbox ... (4 actions, 3 running)
[1,890 / 2,800] Compiling src/google/protobuf/descriptor.cc [for tool]; 16s processwrapper-sandbox ... (4 actions running)
[1,892 / 2,800] Compiling src/google/protobuf/descriptor.cc [for tool]; 18s processwrapper-sandbox ... (4 actions, 3 running)
[1,893 / 2,800] Compiling src/google/protobuf/descriptor.cc [for tool]; 19s processwrapper-sandbox ... (4 actions, 3 running)
INFO: From Compiling src/google/protobuf/compiler/cpp/service.cc [for tool]:
In file included from external/protobuf+/src/google/protobuf/compiler/cpp/service.cc:17:
bazel-out/k8-opt-exec-ST-020102668b12/bin/external/protobuf+/src/google/protobuf/compiler/cpp/_virtual_includes/names_internal/google/protobuf/compiler/cpp/helpers.h: In function 'bool google::protobuf::compiler::cpp::IsWeak(const google::protobuf::FieldDescriptor*, const Options&)':
bazel-out/k8-opt-exec-ST-020102668b12/bin/external/protobuf+/src/google/protobuf/compiler/cpp/_virtual_includes/names_internal/google/protobuf/compiler/cpp/helpers.h:359:28: warning: 'bool google::protobuf::FieldOptions::weak() const' is deprecated [-Wdeprecated-declarations]
  359 |   if (field->options().weak()) {
      |       ~~~~~~~~~~~~~~~~~~~~~^~
In file included from bazel-out/k8-opt-exec-ST-020102668b12/bin/external/protobuf+/src/google/protobuf/compiler/_virtual_includes/code_generator_lite/google/protobuf/compiler/code_generator_lite.h:18,
                 from bazel-out/k8-opt-exec-ST-020102668b12/bin/external/protobuf+/src/google/protobuf/compiler/_virtual_includes/code_generator/google/protobuf/compiler/code_generator.h:25,
                 from bazel-out/k8-opt-exec-ST-020102668b12/bin/external/protobuf+/src/google/protobuf/compiler/cpp/_virtual_includes/names_internal/google/protobuf/compiler/cpp/helpers.h:30:
bazel-out/k8-opt-exec-ST-020102668b12/bin/external/protobuf+/src/google/protobuf/_virtual_includes/protobuf/google/protobuf/descriptor.pb.h:19782:13: note: declared here
19782 | inline bool FieldOptions::weak() const {
      |             ^~~~~~~~~~~~
[1,895 / 2,800] Compiling src/google/protobuf/descriptor.cc [for tool]; 20s processwrapper-sandbox ... (4 actions, 3 running)
INFO: From Compiling src/google/protobuf/generated_message_tctable_gen.cc [for tool]:
external/protobuf+/src/google/protobuf/generated_message_tctable_gen.cc: In function 'bool google::protobuf::internal::{anonymous}::HasWeakFields(const google::protobuf::Descriptor*)':
external/protobuf+/src/google/protobuf/generated_message_tctable_gen.cc:668:45: warning: 'bool google::protobuf::FieldOptions::weak() const' is deprecated [-Wdeprecated-declarations]
  668 |     if (descriptor->field(i)->options().weak()) {
      |         ~~~~~~~~~~~~~~~~~~~~~~~~~~~~~~~~~~~~^~
In file included from bazel-out/k8-opt-exec-ST-020102668b12/bin/external/protobuf+/src/google/protobuf/_virtual_includes/protobuf/google/protobuf/generated_message_tctable_gen.h:21,
                 from external/protobuf+/src/google/protobuf/generated_message_tctable_gen.cc:8:
bazel-out/k8-opt-exec-ST-020102668b12/bin/external/protobuf+/src/google/protobuf/_virtual_includes/protobuf/google/protobuf/descriptor.pb.h:19782:13: note: declared here
19782 | inline bool FieldOptions::weak() const {
      |             ^~~~~~~~~~~~
external/protobuf+/src/google/protobuf/generated_message_tctable_gen.cc: In function 'bool google::protobuf::internal::IsFieldTypeEligibleForFastParsing(const google::protobuf::FieldDescriptor*)':
external/protobuf+/src/google/protobuf/generated_message_tctable_gen.cc:707:28: warning: 'bool google::protobuf::FieldOptions::weak() const' is deprecated [-Wdeprecated-declarations]
  707 |       field->options().weak()) {
      |       ~~~~~~~~~~~~~~~~~~~~~^~
bazel-out/k8-opt-exec-ST-020102668b12/bin/external/protobuf+/src/google/protobuf/_virtual_includes/protobuf/google/protobuf/descriptor.pb.h:19782:13: note: declared here
19782 | inline bool FieldOptions::weak() const {
      |             ^~~~~~~~~~~~
external/protobuf+/src/google/protobuf/generated_message_tctable_gen.cc: In lambda function:
external/protobuf+/src/google/protobuf/generated_message_tctable_gen.cc:742:54: warning: 'bool google::protobuf::FieldOptions::weak() const' is deprecated [-Wdeprecated-declarations]
  742 |            !field->is_map() && !field->options().weak() &&
      |                                 ~~~~~~~~~~~~~~~~~~~~~^~
bazel-out/k8-opt-exec-ST-020102668b12/bin/external/protobuf+/src/google/protobuf/_virtual_includes/protobuf/google/protobuf/descriptor.pb.h:19782:13: note: declared here
19782 | inline bool FieldOptions::weak() const {
      |             ^~~~~~~~~~~~
external/protobuf+/src/google/protobuf/generated_message_tctable_gen.cc: In static member function 'static std::vector<google::protobuf::internal::TailCallTableInfo::FieldEntryInfo> google::protobuf::internal::TailCallTableInfo::BuildFieldEntries(const google::protobuf::Descriptor*, const MessageOptions&, absl::lts_20250814::Span<const FieldOptions>, std::vector<AuxEntry>&)':
external/protobuf+/src/google/protobuf/generated_message_tctable_gen.cc:782:39: warning: 'bool google::protobuf::FieldOptions::weak() const' is deprecated [-Wdeprecated-declarations]
  782 |       } else if (field->options().weak()) {
      |                  ~~~~~~~~~~~~~~~~~~~~~^~
bazel-out/k8-opt-exec-ST-020102668b12/bin/external/protobuf+/src/google/protobuf/_virtual_includes/protobuf/google/protobuf/descriptor.pb.h:19782:13: note: declared here
19782 | inline bool FieldOptions::weak() const {
      |             ^~~~~~~~~~~~
[1,898 / 2,800] Compiling src/google/protobuf/descriptor.cc [for tool]; 21s processwrapper-sandbox ... (4 actions, 3 running)
[1,904 / 2,800] Compiling src/google/protobuf/descriptor.cc [for tool]; 22s processwrapper-sandbox ... (4 actions running)
[1,906 / 2,800] Compiling src/google/protobuf/descriptor.cc [for tool]; 23s processwrapper-sandbox ... (4 actions running)
INFO: From Compiling src/google/protobuf/descriptor.cc [for tool]:
external/protobuf+/src/google/protobuf/descriptor.cc: In member function 'void google::protobuf::DescriptorBuilder::CrossLinkField(google::protobuf::FieldDescriptor*, const google::protobuf::FieldDescriptorProto&)':
external/protobuf+/src/google/protobuf/descriptor.cc:8005:65: warning: 'bool google::protobuf::FieldOptions::weak() const' is deprecated [-Wdeprecated-declarations]
 8005 |     bool is_weak = !pool_->enforce_weak_ && proto.options().weak();
      |                                             ~~~~~~~~~~~~~~~~~~~~^~
In file included from bazel-out/k8-opt-exec-ST-d57f47055a04/bin/external/protobuf+/src/google/protobuf/_virtual_includes/protobuf/google/protobuf/cpp_features.pb.h:34,
                 from external/protobuf+/src/google/protobuf/descriptor.cc:72:
bazel-out/k8-opt-exec-ST-d57f47055a04/bin/external/protobuf+/src/google/protobuf/_virtual_includes/protobuf/google/protobuf/descriptor.pb.h:19782:13: note: declared here
19782 | inline bool FieldOptions::weak() const {
      |             ^~~~~~~~~~~~
external/protobuf+/src/google/protobuf/descriptor.cc: In function 'google::protobuf::internal::cpp::HasbitMode google::protobuf::internal::cpp::GetFieldHasbitModeWithoutProfile(const google::protobuf::FieldDescriptor*)':
external/protobuf+/src/google/protobuf/descriptor.cc:10707:62: warning: 'bool google::protobuf::FieldOptions::weak() const' is deprecated [-Wdeprecated-declarations]
10707 |   if (field->real_containing_oneof() || field->options().weak() ||
      |                                         ~~~~~~~~~~~~~~~~~~~~~^~
bazel-out/k8-opt-exec-ST-d57f47055a04/bin/external/protobuf+/src/google/protobuf/_virtual_includes/protobuf/google/protobuf/descriptor.pb.h:19782:13: note: declared here
19782 | inline bool FieldOptions::weak() const {
      |             ^~~~~~~~~~~~
INFO: From Compiling src/google/protobuf/compiler/cpp/tracker.cc [for tool]:
In file included from external/protobuf+/src/google/protobuf/compiler/cpp/tracker.cc:20:
bazel-out/k8-opt-exec-ST-020102668b12/bin/external/protobuf+/src/google/protobuf/compiler/cpp/_virtual_includes/names_internal/google/protobuf/compiler/cpp/helpers.h: In function 'bool google::protobuf::compiler::cpp::IsWeak(const google::protobuf::FieldDescriptor*, const Options&)':
bazel-out/k8-opt-exec-ST-020102668b12/bin/external/protobuf+/src/google/protobuf/compiler/cpp/_virtual_includes/names_internal/google/protobuf/compiler/cpp/helpers.h:359:28: warning: 'bool google::protobuf::FieldOptions::weak() const' is deprecated [-Wdeprecated-declarations]
  359 |   if (field->options().weak()) {
      |       ~~~~~~~~~~~~~~~~~~~~~^~
In file included from bazel-out/k8-opt-exec-ST-020102668b12/bin/external/protobuf+/src/google/protobuf/compiler/_virtual_includes/code_generator_lite/google/protobuf/compiler/code_generator_lite.h:18,
                 from bazel-out/k8-opt-exec-ST-020102668b12/bin/external/protobuf+/src/google/protobuf/compiler/_virtual_includes/code_generator/google/protobuf/compiler/code_generator.h:25,
                 from bazel-out/k8-opt-exec-ST-020102668b12/bin/external/protobuf+/src/google/protobuf/compiler/cpp/_virtual_includes/names_internal/google/protobuf/compiler/cpp/helpers.h:30:
bazel-out/k8-opt-exec-ST-020102668b12/bin/external/protobuf+/src/google/protobuf/_virtual_includes/protobuf/google/protobuf/descriptor.pb.h:19782:13: note: declared here
19782 | inline bool FieldOptions::weak() const {
      |             ^~~~~~~~~~~~
[1,909 / 2,800] Compiling src/google/protobuf/generated_message_reflection.cc [for tool]; 1s processwrapper-sandbox ... (4 actions running)
[1,918 / 2,800] Compiling src/google/protobuf/generated_message_reflection.cc [for tool]; 3s processwrapper-sandbox ... (4 actions, 3 running)
[1,920 / 2,800] Compiling src/google/protobuf/generated_message_reflection.cc [for tool]; 4s processwrapper-sandbox ... (4 actions, 3 running)
[1,922 / 2,800] Compiling src/google/protobuf/generated_message_reflection.cc [for tool]; 5s processwrapper-sandbox ... (4 actions running)
[1,927 / 2,800] Compiling src/google/protobuf/generated_message_reflection.cc [for tool]; 6s processwrapper-sandbox ... (4 actions running)
[1,929 / 2,800] Compiling src/google/protobuf/generated_message_reflection.cc [for tool]; 8s processwrapper-sandbox ... (4 actions, 3 running)
[1,931 / 2,800] Compiling src/google/protobuf/generated_message_reflection.cc [for tool]; 9s processwrapper-sandbox ... (4 actions running)
[1,935 / 2,800] Compiling src/google/protobuf/generated_message_reflection.cc [for tool]; 10s processwrapper-sandbox ... (4 actions running)
INFO: From Compiling src/google/protobuf/generated_message_reflection.cc [for tool]:
external/protobuf+/src/google/protobuf/generated_message_reflection.cc: In member function 'const google::protobuf::Message* google::protobuf::Reflection::GetDefaultMessageInstance(const google::protobuf::FieldDescriptor*) const':
external/protobuf+/src/google/protobuf/generated_message_reflection.cc:2518:29: warning: 'bool google::protobuf::FieldOptions::weak() const' is deprecated [-Wdeprecated-declarations]
 2518 |       !field->options().weak() && !IsLazyField(field) &&
      |        ~~~~~~~~~~~~~~~~~~~~~^~
In file included from bazel-out/k8-opt-exec-ST-020102668b12/bin/external/protobuf+/src/google/protobuf/_virtual_includes/protobuf/google/protobuf/cpp_features.pb.h:34,
                 from external/protobuf+/src/google/protobuf/generated_message_reflection.cc:44:
bazel-out/k8-opt-exec-ST-020102668b12/bin/external/protobuf+/src/google/protobuf/_virtual_includes/protobuf/google/protobuf/descriptor.pb.h:19782:13: note: declared here
19782 | inline bool FieldOptions::weak() const {
      |             ^~~~~~~~~~~~
In file included from external/abseil-cpp+/absl/log/internal/check_impl.h:20,
                 from external/abseil-cpp+/absl/log/absl_check.h:38,
                 from bazel-out/k8-opt-exec-ST-020102668b12/bin/external/protobuf+/src/google/protobuf/_virtual_includes/protobuf/google/protobuf/generated_message_reflection.h:25,
                 from external/protobuf+/src/google/protobuf/generated_message_reflection.cc:12:
external/protobuf+/src/google/protobuf/generated_message_reflection.cc: In member function 'bool google::protobuf::Reflection::HasFieldWithHasbits(const google::protobuf::Message&, const google::protobuf::FieldDescriptor*) const':
external/protobuf+/src/google/protobuf/generated_message_reflection.cc:3228:37: warning: 'bool google::protobuf::FieldOptions::weak() const' is deprecated [-Wdeprecated-declarations]
 3228 |   ABSL_DCHECK(!field->options().weak());
      |                ~~~~~~~~~~~~~~~~~~~~~^~
external/abseil-cpp+/absl/log/internal/conditions.h:68:7: note: in definition of macro 'ABSL_LOG_INTERNAL_STATELESS_CONDITION'
   68 |     !(condition) ? (void)0 : ::absl::log_internal::Voidify() &&
      |       ^~~~~~~~~
external/abseil-cpp+/absl/log/internal/check_impl.h:26:3: note: in expansion of macro 'ABSL_LOG_INTERNAL_CONDITION_FATAL'
   26 |   ABSL_LOG_INTERNAL_CONDITION_FATAL(STATELESS,                        \
      |   ^~~~~~~~~~~~~~~~~~~~~~~~~~~~~~~~~
external/abseil-cpp+/absl/log/internal/check_impl.h:27:37: note: in expansion of macro 'ABSL_PREDICT_FALSE'
   27 |                                     ABSL_PREDICT_FALSE(!(condition))) \
      |                                     ^~~~~~~~~~~~~~~~~~
external/abseil-cpp+/absl/log/internal/check_impl.h:43:3: note: in expansion of macro 'ABSL_LOG_INTERNAL_CHECK_IMPL'
   43 |   ABSL_LOG_INTERNAL_CHECK_IMPL(true || (condition), "true")
      |   ^~~~~~~~~~~~~~~~~~~~~~~~~~~~
external/abseil-cpp+/absl/log/absl_check.h:47:3: note: in expansion of macro 'ABSL_LOG_INTERNAL_DCHECK_IMPL'
   47 |   ABSL_LOG_INTERNAL_DCHECK_IMPL((condition), #condition)
      |   ^~~~~~~~~~~~~~~~~~~~~~~~~~~~~
external/protobuf+/src/google/protobuf/generated_message_reflection.cc:3228:3: note: in expansion of macro 'ABSL_DCHECK'
 3228 |   ABSL_DCHECK(!field->options().weak());
      |   ^~~~~~~~~~~
bazel-out/k8-opt-exec-ST-020102668b12/bin/external/protobuf+/src/google/protobuf/_virtual_includes/protobuf/google/protobuf/descriptor.pb.h:19782:13: note: declared here
19782 | inline bool FieldOptions::weak() const {
      |             ^~~~~~~~~~~~
external/protobuf+/src/google/protobuf/generated_message_reflection.cc: In member function 'void google::protobuf::Reflection::SetHasBit(google::protobuf::Message*, const google::protobuf::FieldDescriptor*) const':
external/protobuf+/src/google/protobuf/generated_message_reflection.cc:3261:37: warning: 'bool google::protobuf::FieldOptions::weak() const' is deprecated [-Wdeprecated-declarations]
 3261 |   ABSL_DCHECK(!field->options().weak());
      |                ~~~~~~~~~~~~~~~~~~~~~^~
external/abseil-cpp+/absl/log/internal/conditions.h:68:7: note: in definition of macro 'ABSL_LOG_INTERNAL_STATELESS_CONDITION'
   68 |     !(condition) ? (void)0 : ::absl::log_internal::Voidify() &&
      |       ^~~~~~~~~
external/abseil-cpp+/absl/log/internal/check_impl.h:26:3: note: in expansion of macro 'ABSL_LOG_INTERNAL_CONDITION_FATAL'
   26 |   ABSL_LOG_INTERNAL_CONDITION_FATAL(STATELESS,                        \
      |   ^~~~~~~~~~~~~~~~~~~~~~~~~~~~~~~~~
external/abseil-cpp+/absl/log/internal/check_impl.h:27:37: note: in expansion of macro 'ABSL_PREDICT_FALSE'
   27 |                                     ABSL_PREDICT_FALSE(!(condition))) \
      |                                     ^~~~~~~~~~~~~~~~~~
external/abseil-cpp+/absl/log/internal/check_impl.h:43:3: note: in expansion of macro 'ABSL_LOG_INTERNAL_CHECK_IMPL'
   43 |   ABSL_LOG_INTERNAL_CHECK_IMPL(true || (condition), "true")
      |   ^~~~~~~~~~~~~~~~~~~~~~~~~~~~
external/abseil-cpp+/absl/log/absl_check.h:47:3: note: in expansion of macro 'ABSL_LOG_INTERNAL_DCHECK_IMPL'
   47 |   ABSL_LOG_INTERNAL_DCHECK_IMPL((condition), #condition)
      |   ^~~~~~~~~~~~~~~~~~~~~~~~~~~~~
external/protobuf+/src/google/protobuf/generated_message_reflection.cc:3261:3: note: in expansion of macro 'ABSL_DCHECK'
 3261 |   ABSL_DCHECK(!field->options().weak());
      |   ^~~~~~~~~~~
bazel-out/k8-opt-exec-ST-020102668b12/bin/external/protobuf+/src/google/protobuf/_virtual_includes/protobuf/google/protobuf/descriptor.pb.h:19782:13: note: declared here
19782 | inline bool FieldOptions::weak() const {
      |             ^~~~~~~~~~~~
external/protobuf+/src/google/protobuf/generated_message_reflection.cc: In member function 'void google::protobuf::Reflection::ClearHasBit(google::protobuf::Message*, const google::protobuf::FieldDescriptor*) const':
external/protobuf+/src/google/protobuf/generated_message_reflection.cc:3270:37: warning: 'bool google::protobuf::FieldOptions::weak() const' is deprecated [-Wdeprecated-declarations]
 3270 |   ABSL_DCHECK(!field->options().weak());
      |                ~~~~~~~~~~~~~~~~~~~~~^~
external/abseil-cpp+/absl/log/internal/conditions.h:68:7: note: in definition of macro 'ABSL_LOG_INTERNAL_STATELESS_CONDITION'
   68 |     !(condition) ? (void)0 : ::absl::log_internal::Voidify() &&
      |       ^~~~~~~~~
external/abseil-cpp+/absl/log/internal/check_impl.h:26:3: note: in expansion of macro 'ABSL_LOG_INTERNAL_CONDITION_FATAL'
   26 |   ABSL_LOG_INTERNAL_CONDITION_FATAL(STATELESS,                        \
      |   ^~~~~~~~~~~~~~~~~~~~~~~~~~~~~~~~~
external/abseil-cpp+/absl/log/internal/check_impl.h:27:37: note: in expansion of macro 'ABSL_PREDICT_FALSE'
   27 |                                     ABSL_PREDICT_FALSE(!(condition))) \
      |                                     ^~~~~~~~~~~~~~~~~~
external/abseil-cpp+/absl/log/internal/check_impl.h:43:3: note: in expansion of macro 'ABSL_LOG_INTERNAL_CHECK_IMPL'
   43 |   ABSL_LOG_INTERNAL_CHECK_IMPL(true || (condition), "true")
      |   ^~~~~~~~~~~~~~~~~~~~~~~~~~~~
external/abseil-cpp+/absl/log/absl_check.h:47:3: note: in expansion of macro 'ABSL_LOG_INTERNAL_DCHECK_IMPL'
   47 |   ABSL_LOG_INTERNAL_DCHECK_IMPL((condition), #condition)
      |   ^~~~~~~~~~~~~~~~~~~~~~~~~~~~~
external/protobuf+/src/google/protobuf/generated_message_reflection.cc:3270:3: note: in expansion of macro 'ABSL_DCHECK'
 3270 |   ABSL_DCHECK(!field->options().weak());
      |   ^~~~~~~~~~~
bazel-out/k8-opt-exec-ST-020102668b12/bin/external/protobuf+/src/google/protobuf/_virtual_includes/protobuf/google/protobuf/descriptor.pb.h:19782:13: note: declared here
19782 | inline bool FieldOptions::weak() const {
      |             ^~~~~~~~~~~~
external/protobuf+/src/google/protobuf/generated_message_reflection.cc: In member function 'void google::protobuf::Reflection::NaiveSwapHasBit(google::protobuf::Message*, google::protobuf::Message*, const google::protobuf::FieldDescriptor*) const':
external/protobuf+/src/google/protobuf/generated_message_reflection.cc:3279:37: warning: 'bool google::protobuf::FieldOptions::weak() const' is deprecated [-Wdeprecated-declarations]
 3279 |   ABSL_DCHECK(!field->options().weak());
      |                ~~~~~~~~~~~~~~~~~~~~~^~
external/abseil-cpp+/absl/log/internal/conditions.h:68:7: note: in definition of macro 'ABSL_LOG_INTERNAL_STATELESS_CONDITION'
   68 |     !(condition) ? (void)0 : ::absl::log_internal::Voidify() &&
      |       ^~~~~~~~~
external/abseil-cpp+/absl/log/internal/check_impl.h:26:3: note: in expansion of macro 'ABSL_LOG_INTERNAL_CONDITION_FATAL'
   26 |   ABSL_LOG_INTERNAL_CONDITION_FATAL(STATELESS,                        \
      |   ^~~~~~~~~~~~~~~~~~~~~~~~~~~~~~~~~
external/abseil-cpp+/absl/log/internal/check_impl.h:27:37: note: in expansion of macro 'ABSL_PREDICT_FALSE'
   27 |                                     ABSL_PREDICT_FALSE(!(condition))) \
      |                                     ^~~~~~~~~~~~~~~~~~
external/abseil-cpp+/absl/log/internal/check_impl.h:43:3: note: in expansion of macro 'ABSL_LOG_INTERNAL_CHECK_IMPL'
   43 |   ABSL_LOG_INTERNAL_CHECK_IMPL(true || (condition), "true")
      |   ^~~~~~~~~~~~~~~~~~~~~~~~~~~~
external/abseil-cpp+/absl/log/absl_check.h:47:3: note: in expansion of macro 'ABSL_LOG_INTERNAL_DCHECK_IMPL'
   47 |   ABSL_LOG_INTERNAL_DCHECK_IMPL((condition), #condition)
      |   ^~~~~~~~~~~~~~~~~~~~~~~~~~~~~
external/protobuf+/src/google/protobuf/generated_message_reflection.cc:3279:3: note: in expansion of macro 'ABSL_DCHECK'
 3279 |   ABSL_DCHECK(!field->options().weak());
      |   ^~~~~~~~~~~
bazel-out/k8-opt-exec-ST-020102668b12/bin/external/protobuf+/src/google/protobuf/_virtual_includes/protobuf/google/protobuf/descriptor.pb.h:19782:13: note: declared here
19782 | inline bool FieldOptions::weak() const {
      |             ^~~~~~~~~~~~
bazel-out/k8-opt-exec-ST-020102668b12/bin/external/protobuf+/src/google/protobuf/_virtual_includes/protobuf/google/protobuf/reflection_visit_fields.h: In instantiation of 'static void google::protobuf::internal::ReflectionVisit::VisitFields(MessageT&, CallbackFn&&, google::protobuf::internal::FieldMask) [with MessageT = google::protobuf::Message; CallbackFn = google::protobuf::internal::ReflectionVisit::VisitMessageFields<google::protobuf::Reflection::MaybePoisonAfterClear(google::protobuf::Message&) const::<lambda(google::protobuf::Message&)> >(google::protobuf::Message&, google::protobuf::Reflection::MaybePoisonAfterClear(google::protobuf::Message&) const::<lambda(google::protobuf::Message&)>&&)::<lambda(auto:57)>]':
bazel-out/k8-opt-exec-ST-020102668b12/bin/external/protobuf+/src/google/protobuf/_virtual_includes/protobuf/google/protobuf/reflection_visit_fields.h:447:31:   required from 'static void google::protobuf::internal::ReflectionVisit::VisitMessageFields(google::protobuf::Message&, CallbackFn&&) [with CallbackFn = google::protobuf::Reflection::MaybePoisonAfterClear(google::protobuf::Message&) const::<lambda(google::protobuf::Message&)>]'
bazel-out/k8-opt-exec-ST-020102668b12/bin/external/protobuf+/src/google/protobuf/_virtual_includes/protobuf/google/protobuf/reflection_visit_fields.h:502:38:   required from 'void google::protobuf::internal::VisitMutableMessageFields(google::protobuf::Message&, CallbackFn&&) [with CallbackFn = google::protobuf::Reflection::MaybePoisonAfterClear(google::protobuf::Message&) const::<lambda(google::protobuf::Message&)>]'
external/protobuf+/src/google/protobuf/generated_message_reflection.cc:1399:40:   required from here
bazel-out/k8-opt-exec-ST-020102668b12/bin/external/protobuf+/src/google/protobuf/_virtual_includes/protobuf/google/protobuf/reflection_visit_fields.h:109:39: warning: 'bool google::protobuf::FieldOptions::weak() const' is deprecated [-Wdeprecated-declarations]
  109 |     ABSL_DCHECK(!field->options().weak()) << "weak fields are not supported";
      |                  ~~~~~~~~~~~~~~~~~~~~~^~
external/abseil-cpp+/absl/log/internal/conditions.h:68:7: note: in definition of macro 'ABSL_LOG_INTERNAL_STATELESS_CONDITION'
   68 |     !(condition) ? (void)0 : ::absl::log_internal::Voidify() &&
      |       ^~~~~~~~~
external/abseil-cpp+/absl/log/internal/check_impl.h:26:3: note: in expansion of macro 'ABSL_LOG_INTERNAL_CONDITION_FATAL'
   26 |   ABSL_LOG_INTERNAL_CONDITION_FATAL(STATELESS,                        \
      |   ^~~~~~~~~~~~~~~~~~~~~~~~~~~~~~~~~
external/abseil-cpp+/absl/log/internal/check_impl.h:27:37: note: in expansion of macro 'ABSL_PREDICT_FALSE'
   27 |                                     ABSL_PREDICT_FALSE(!(condition))) \
      |                                     ^~~~~~~~~~~~~~~~~~
external/abseil-cpp+/absl/log/internal/check_impl.h:43:3: note: in expansion of macro 'ABSL_LOG_INTERNAL_CHECK_IMPL'
   43 |   ABSL_LOG_INTERNAL_CHECK_IMPL(true || (condition), "true")
      |   ^~~~~~~~~~~~~~~~~~~~~~~~~~~~
external/abseil-cpp+/absl/log/absl_check.h:47:3: note: in expansion of macro 'ABSL_LOG_INTERNAL_DCHECK_IMPL'
   47 |   ABSL_LOG_INTERNAL_DCHECK_IMPL((condition), #condition)
      |   ^~~~~~~~~~~~~~~~~~~~~~~~~~~~~
bazel-out/k8-opt-exec-ST-020102668b12/bin/external/protobuf+/src/google/protobuf/_virtual_includes/protobuf/google/protobuf/reflection_visit_fields.h:109:5: note: in expansion of macro 'ABSL_DCHECK'
  109 |     ABSL_DCHECK(!field->options().weak()) << "weak fields are not supported";
      |     ^~~~~~~~~~~
bazel-out/k8-opt-exec-ST-020102668b12/bin/external/protobuf+/src/google/protobuf/_virtual_includes/protobuf/google/protobuf/descriptor.pb.h:19782:13: note: declared here
19782 | inline bool FieldOptions::weak() const {
      |             ^~~~~~~~~~~~
bazel-out/k8-opt-exec-ST-020102668b12/bin/external/protobuf+/src/google/protobuf/_virtual_includes/protobuf/google/protobuf/reflection_visit_fields.h:109:39: warning: 'bool google::protobuf::FieldOptions::weak() const' is deprecated [-Wdeprecated-declarations]
  109 |     ABSL_DCHECK(!field->options().weak()) << "weak fields are not supported";
      |                  ~~~~~~~~~~~~~~~~~~~~~^~
external/abseil-cpp+/absl/log/internal/conditions.h:68:7: note: in definition of macro 'ABSL_LOG_INTERNAL_STATELESS_CONDITION'
   68 |     !(condition) ? (void)0 : ::absl::log_internal::Voidify() &&
      |       ^~~~~~~~~
external/abseil-cpp+/absl/log/internal/check_impl.h:26:3: note: in expansion of macro 'ABSL_LOG_INTERNAL_CONDITION_FATAL'
   26 |   ABSL_LOG_INTERNAL_CONDITION_FATAL(STATELESS,                        \
      |   ^~~~~~~~~~~~~~~~~~~~~~~~~~~~~~~~~
external/abseil-cpp+/absl/log/internal/check_impl.h:27:37: note: in expansion of macro 'ABSL_PREDICT_FALSE'
   27 |                                     ABSL_PREDICT_FALSE(!(condition))) \
      |                                     ^~~~~~~~~~~~~~~~~~
external/abseil-cpp+/absl/log/internal/check_impl.h:43:3: note: in expansion of macro 'ABSL_LOG_INTERNAL_CHECK_IMPL'
   43 |   ABSL_LOG_INTERNAL_CHECK_IMPL(true || (condition), "true")
      |   ^~~~~~~~~~~~~~~~~~~~~~~~~~~~
external/abseil-cpp+/absl/log/absl_check.h:47:3: note: in expansion of macro 'ABSL_LOG_INTERNAL_DCHECK_IMPL'
   47 |   ABSL_LOG_INTERNAL_DCHECK_IMPL((condition), #condition)
      |   ^~~~~~~~~~~~~~~~~~~~~~~~~~~~~
bazel-out/k8-opt-exec-ST-020102668b12/bin/external/protobuf+/src/google/protobuf/_virtual_includes/protobuf/google/protobuf/reflection_visit_fields.h:109:5: note: in expansion of macro 'ABSL_DCHECK'
  109 |     ABSL_DCHECK(!field->options().weak()) << "weak fields are not supported";
      |     ^~~~~~~~~~~
bazel-out/k8-opt-exec-ST-020102668b12/bin/external/protobuf+/src/google/protobuf/_virtual_includes/protobuf/google/protobuf/descriptor.pb.h:19782:13: note: declared here
19782 | inline bool FieldOptions::weak() const {
      |             ^~~~~~~~~~~~
[1,937 / 2,800] Compiling src/google/protobuf/compiler/csharp/csharp_enum_field.cc [for tool]; 1s processwrapper-sandbox ... (4 actions running)
[1,939 / 2,800] Compiling src/google/protobuf/compiler/csharp/csharp_enum_field.cc [for tool]; 2s processwrapper-sandbox ... (4 actions running)
[1,945 / 2,800] Compiling src/google/protobuf/compiler/parser.cc [for tool]; 0s processwrapper-sandbox ... (4 actions, 3 running)
[1,946 / 2,800] Compiling src/google/protobuf/compiler/parser.cc [for tool]; 2s processwrapper-sandbox ... (4 actions running)
[1,947 / 2,800] Compiling src/google/protobuf/compiler/parser.cc [for tool]; 4s processwrapper-sandbox ... (4 actions, 3 running)
[1,948 / 2,800] Compiling src/google/protobuf/compiler/parser.cc [for tool]; 5s processwrapper-sandbox ... (4 actions, 3 running)
[1,949 / 2,800] Compiling src/google/protobuf/compiler/parser.cc [for tool]; 7s processwrapper-sandbox ... (4 actions running)
[1,950 / 2,800] Compiling src/google/protobuf/extension_set_heavy.cc [for tool]; 3s processwrapper-sandbox ... (4 actions running)
[1,953 / 2,800] Compiling src/google/protobuf/compiler/importer.cc [for tool]; 2s processwrapper-sandbox ... (4 actions, 3 running)
[1,954 / 2,800] Compiling src/google/protobuf/dynamic_message.cc [for tool]; 2s processwrapper-sandbox ... (3 actions running)
INFO: From Compiling src/google/protobuf/dynamic_message.cc [for tool]:
external/protobuf+/src/google/protobuf/dynamic_message.cc: In member function 'void google::protobuf::DynamicMessage::CrossLinkPrototypes()':
external/protobuf+/src/google/protobuf/dynamic_message.cc:845:31: warning: 'bool google::protobuf::FieldOptions::weak() const' is deprecated [-Wdeprecated-declarations]
  845 |         !field->options().weak() && !InRealOneof(field) &&
      |          ~~~~~~~~~~~~~~~~~~~~~^~
In file included from external/protobuf+/src/google/protobuf/dynamic_message.cc:57:
bazel-out/k8-opt-exec-ST-020102668b12/bin/external/protobuf+/src/google/protobuf/_virtual_includes/protobuf/google/protobuf/descriptor.pb.h:19782:13: note: declared here
19782 | inline bool FieldOptions::weak() const {
      |             ^~~~~~~~~~~~
[1,956 / 2,800] Compiling src/google/protobuf/compiler/csharp/csharp_helpers.cc [for tool]; 3s processwrapper-sandbox ... (4 actions, 3 running)
[1,957 / 2,800] Compiling src/google/protobuf/compiler/java/internal_helpers.cc [for tool]; 2s processwrapper-sandbox ... (4 actions running)
[1,958 / 2,800] Compiling src/google/protobuf/compiler/java/internal_helpers.cc [for tool]; 5s processwrapper-sandbox ... (4 actions, 3 running)
[1,960 / 2,800] Compiling src/google/protobuf/descriptor_database.cc [for tool]; 5s processwrapper-sandbox ... (4 actions, 3 running)
[1,960 / 2,800] Compiling src/google/protobuf/descriptor_database.cc [for tool]; 7s processwrapper-sandbox ... (4 actions running)
[1,961 / 2,800] Compiling src/google/protobuf/compiler/csharp/csharp_field_base.cc [for tool]; 3s processwrapper-sandbox ... (4 actions running)
[1,962 / 2,800] Compiling src/google/protobuf/compiler/csharp/csharp_message.cc [for tool]; 5s processwrapper-sandbox ... (4 actions, 3 running)
[1,964 / 2,800] Compiling src/google/protobuf/descriptor.pb.cc [for tool]; 4s processwrapper-sandbox ... (4 actions running)
[1,965 / 2,800] Compiling src/google/protobuf/descriptor.pb.cc [for tool]; 5s processwrapper-sandbox ... (4 actions, 3 running)
[1,967 / 2,800] Compiling src/google/protobuf/descriptor.pb.cc [for tool]; 7s processwrapper-sandbox ... (4 actions running)
[1,968 / 2,800] Compiling src/google/protobuf/compiler/csharp/csharp_helpers.cc [for tool]; 2s processwrapper-sandbox ... (4 actions, 3 running)
[1,969 / 2,800] Compiling src/google/protobuf/compiler/java/full/enum_field.cc [for tool]; 2s processwrapper-sandbox ... (4 actions, 3 running)
[1,970 / 2,800] Compiling src/google/protobuf/compiler/java/full/enum_field.cc [for tool]; 4s processwrapper-sandbox ... (4 actions, 3 running)
[1,970 / 2,800] Compiling src/google/protobuf/compiler/java/full/enum_field.cc [for tool]; 5s processwrapper-sandbox ... (4 actions running)
[1,971 / 2,800] Compiling src/google/protobuf/descriptor.cc [for tool]; 4s processwrapper-sandbox ... (4 actions running)
[1,972 / 2,800] Compiling src/google/protobuf/descriptor.cc [for tool]; 5s processwrapper-sandbox ... (4 actions running)
[1,973 / 2,800] Compiling src/google/protobuf/descriptor.cc [for tool]; 6s processwrapper-sandbox ... (4 actions, 3 running)
[1,973 / 2,800] Compiling src/google/protobuf/descriptor.cc [for tool]; 8s processwrapper-sandbox ... (4 actions running)
[1,974 / 2,800] Compiling src/google/protobuf/descriptor.cc [for tool]; 10s processwrapper-sandbox ... (4 actions, 3 running)
[1,976 / 2,800] Compiling src/google/protobuf/descriptor.cc [for tool]; 11s processwrapper-sandbox ... (4 actions running)
[1,977 / 2,800] Compiling src/google/protobuf/descriptor.cc [for tool]; 14s processwrapper-sandbox ... (4 actions, 3 running)
[1,978 / 2,800] Compiling src/google/protobuf/descriptor.cc [for tool]; 15s processwrapper-sandbox ... (4 actions running)
[1,979 / 2,800] Compiling src/google/protobuf/descriptor.cc [for tool]; 17s processwrapper-sandbox ... (4 actions running)
[1,981 / 2,800] Compiling src/google/protobuf/descriptor.cc [for tool]; 19s processwrapper-sandbox ... (4 actions, 3 running)
[1,981 / 2,800] Compiling src/google/protobuf/descriptor.cc [for tool]; 20s processwrapper-sandbox ... (4 actions running)
[1,982 / 2,800] Compiling src/google/protobuf/descriptor.cc [for tool]; 22s processwrapper-sandbox ... (4 actions running)
[1,984 / 2,800] Compiling src/google/protobuf/descriptor.cc [for tool]; 23s processwrapper-sandbox ... (4 actions running)
INFO: From Compiling src/google/protobuf/descriptor.cc [for tool]:
external/protobuf+/src/google/protobuf/descriptor.cc: In member function 'void google::protobuf::DescriptorBuilder::CrossLinkField(google::protobuf::FieldDescriptor*, const google::protobuf::FieldDescriptorProto&)':
external/protobuf+/src/google/protobuf/descriptor.cc:8005:65: warning: 'bool google::protobuf::FieldOptions::weak() const' is deprecated [-Wdeprecated-declarations]
 8005 |     bool is_weak = !pool_->enforce_weak_ && proto.options().weak();
      |                                             ~~~~~~~~~~~~~~~~~~~~^~
In file included from bazel-out/k8-opt-exec-ST-020102668b12/bin/external/protobuf+/src/google/protobuf/_virtual_includes/protobuf/google/protobuf/cpp_features.pb.h:34,
                 from external/protobuf+/src/google/protobuf/descriptor.cc:72:
bazel-out/k8-opt-exec-ST-020102668b12/bin/external/protobuf+/src/google/protobuf/_virtual_includes/protobuf/google/protobuf/descriptor.pb.h:19782:13: note: declared here
19782 | inline bool FieldOptions::weak() const {
      |             ^~~~~~~~~~~~
external/protobuf+/src/google/protobuf/descriptor.cc: In function 'google::protobuf::internal::cpp::HasbitMode google::protobuf::internal::cpp::GetFieldHasbitModeWithoutProfile(const google::protobuf::FieldDescriptor*)':
external/protobuf+/src/google/protobuf/descriptor.cc:10707:62: warning: 'bool google::protobuf::FieldOptions::weak() const' is deprecated [-Wdeprecated-declarations]
10707 |   if (field->real_containing_oneof() || field->options().weak() ||
      |                                         ~~~~~~~~~~~~~~~~~~~~~^~
bazel-out/k8-opt-exec-ST-020102668b12/bin/external/protobuf+/src/google/protobuf/_virtual_includes/protobuf/google/protobuf/descriptor.pb.h:19782:13: note: declared here
19782 | inline bool FieldOptions::weak() const {
      |             ^~~~~~~~~~~~
[1,986 / 2,800] Compiling src/google/protobuf/compiler/java/full/string_field.cc [for tool]; 2s processwrapper-sandbox ... (4 actions, 3 running)
[1,986 / 2,800] Compiling src/google/protobuf/compiler/java/full/string_field.cc [for tool]; 3s processwrapper-sandbox ... (4 actions running)
[1,988 / 2,800] Compiling src/google/protobuf/compiler/java/full/string_field.cc [for tool]; 5s processwrapper-sandbox ... (4 actions running)
[1,991 / 2,800] Compiling src/google/protobuf/compiler/csharp/csharp_repeated_message_field.cc [for tool]; 2s processwrapper-sandbox ... (4 actions running)
[1,992 / 2,800] Compiling src/google/protobuf/compiler/kotlin/generator.cc [for tool]; 2s processwrapper-sandbox ... (4 actions, 3 running)
[1,992 / 2,800] Compiling src/google/protobuf/compiler/kotlin/generator.cc [for tool]; 3s processwrapper-sandbox ... (4 actions running)
[1,997 / 2,800] Compiling src/google/protobuf/compiler/csharp/csharp_repeated_primitive_field.cc [for tool]; 3s processwrapper-sandbox ... (4 actions, 3 running)
[1,999 / 2,800] Compiling src/google/protobuf/compiler/java/lite/enum_field.cc [for tool]; 2s processwrapper-sandbox ... (4 actions running)
[2,000 / 2,800] Compiling src/google/protobuf/compiler/java/lite/enum_field.cc [for tool]; 5s processwrapper-sandbox ... (4 actions, 3 running)
[2,002 / 2,800] Compiling src/google/protobuf/compiler/kotlin/field.cc [for tool]; 6s processwrapper-sandbox ... (4 actions running)
[2,003 / 2,800] Compiling src/google/protobuf/compiler/csharp/csharp_wrapper_field.cc [for tool]; 3s processwrapper-sandbox ... (4 actions running)
[2,006 / 2,800] Compiling src/google/protobuf/compiler/kotlin/file.cc [for tool]; 2s processwrapper-sandbox ... (4 actions, 3 running)
[2,007 / 2,800] Compiling src/google/protobuf/compiler/plugin.cc [for tool]; 2s processwrapper-sandbox ... (4 actions, 3 running)
[2,008 / 2,800] Compiling src/google/protobuf/compiler/ruby/rbs_generator.cc [for tool]; 3s processwrapper-sandbox ... (4 actions running)
[2,009 / 2,800] Compiling src/google/protobuf/compiler/ruby/rbs_generator.cc [for tool]; 4s processwrapper-sandbox ... (4 actions, 3 running)
[2,010 / 2,800] Compiling src/google/protobuf/compiler/kotlin/message.cc [for tool]; 3s processwrapper-sandbox ... (4 actions, 3 running)
[2,013 / 2,800] Compiling src/google/protobuf/compiler/kotlin/message.cc [for tool]; 5s processwrapper-sandbox ... (4 actions running)
[2,014 / 2,800] Compiling src/google/protobuf/compiler/java/lite/map_field.cc [for tool]; 4s processwrapper-sandbox ... (4 actions, 3 running)
[2,015 / 2,800] Compiling src/google/protobuf/compiler/java/lite/map_field.cc [for tool]; 5s processwrapper-sandbox ... (4 actions, 3 running)
[2,016 / 2,800] Compiling src/google/protobuf/compiler/cpp/helpers.cc [for tool]; 4s processwrapper-sandbox ... (4 actions running)
[2,017 / 2,800] Compiling src/google/protobuf/compiler/cpp/helpers.cc [for tool]; 6s processwrapper-sandbox ... (4 actions, 3 running)
[2,018 / 2,800] Compiling src/google/protobuf/compiler/cpp/helpers.cc [for tool]; 8s processwrapper-sandbox ... (4 actions running)
[2,019 / 2,800] Compiling src/google/protobuf/compiler/cpp/helpers.cc [for tool]; 10s processwrapper-sandbox ... (4 actions running)
INFO: From Compiling src/google/protobuf/compiler/cpp/helpers.cc [for tool]:
In file included from external/protobuf+/src/google/protobuf/compiler/cpp/helpers.cc:12:
bazel-out/k8-opt-exec-ST-020102668b12/bin/external/protobuf+/src/google/protobuf/compiler/cpp/_virtual_includes/names_internal/google/protobuf/compiler/cpp/helpers.h: In function 'bool google::protobuf::compiler::cpp::IsWeak(const google::protobuf::FieldDescriptor*, const Options&)':
bazel-out/k8-opt-exec-ST-020102668b12/bin/external/protobuf+/src/google/protobuf/compiler/cpp/_virtual_includes/names_internal/google/protobuf/compiler/cpp/helpers.h:359:28: warning: 'bool google::protobuf::FieldOptions::weak() const' is deprecated [-Wdeprecated-declarations]
  359 |   if (field->options().weak()) {
      |       ~~~~~~~~~~~~~~~~~~~~~^~
In file included from bazel-out/k8-opt-exec-ST-020102668b12/bin/external/protobuf+/src/google/protobuf/compiler/_virtual_includes/code_generator_lite/google/protobuf/compiler/code_generator_lite.h:18,
                 from bazel-out/k8-opt-exec-ST-020102668b12/bin/external/protobuf+/src/google/protobuf/compiler/_virtual_includes/code_generator/google/protobuf/compiler/code_generator.h:25,
                 from bazel-out/k8-opt-exec-ST-020102668b12/bin/external/protobuf+/src/google/protobuf/compiler/cpp/_virtual_includes/names_internal/google/protobuf/compiler/cpp/helpers.h:30:
bazel-out/k8-opt-exec-ST-020102668b12/bin/external/protobuf+/src/google/protobuf/_virtual_includes/protobuf/google/protobuf/descriptor.pb.h:19782:13: note: declared here
19782 | inline bool FieldOptions::weak() const {
      |             ^~~~~~~~~~~~
external/protobuf+/src/google/protobuf/compiler/cpp/helpers.cc: In member function 'google::protobuf::compiler::cpp::MessageAnalysis google::protobuf::compiler::cpp::MessageSCCAnalyzer::GetSCCAnalysis(const google::protobuf::compiler::SCC*)':
external/protobuf+/src/google/protobuf/compiler/cpp/helpers.cc:1736:32: warning: 'bool google::protobuf::FieldOptions::weak() const' is deprecated [-Wdeprecated-declarations]
 1736 |       if (field->options().weak()) {
      |           ~~~~~~~~~~~~~~~~~~~~~^~
bazel-out/k8-opt-exec-ST-020102668b12/bin/external/protobuf+/src/google/protobuf/_virtual_includes/protobuf/google/protobuf/descriptor.pb.h:19782:13: note: declared here
19782 | inline bool FieldOptions::weak() const {
      |             ^~~~~~~~~~~~
[2,021 / 2,800] Compiling src/google/protobuf/compiler/java/file.cc [for tool]; 4s processwrapper-sandbox ... (4 actions running)
[2,022 / 2,800] Compiling src/google/protobuf/compiler/java/file.cc [for tool]; 6s processwrapper-sandbox ... (4 actions, 3 running)
[2,023 / 2,800] Compiling src/google/protobuf/compiler/java/lite/primitive_field.cc [for tool]; 5s processwrapper-sandbox ... (4 actions running)
[2,025 / 2,800] Compiling src/google/protobuf/compiler/rust/context.cc [for tool]; 3s processwrapper-sandbox ... (4 actions, 3 running)
[2,027 / 2,800] Compiling src/google/protobuf/compiler/java/lite/string_field.cc [for tool]; 1s processwrapper-sandbox ... (4 actions, 3 running)
[2,027 / 2,800] Compiling src/google/protobuf/compiler/java/lite/string_field.cc [for tool]; 3s processwrapper-sandbox ... (4 actions running)
[2,028 / 2,800] Compiling src/google/protobuf/compiler/java/lite/string_field.cc [for tool]; 4s processwrapper-sandbox ... (4 actions running)
[2,029 / 2,800] Compiling src/google/protobuf/compiler/java/lite/string_field.cc [for tool]; 5s processwrapper-sandbox ... (4 actions, 3 running)
[2,031 / 2,800] Compiling src/google/protobuf/compiler/rust/naming.cc [for tool]; 3s processwrapper-sandbox ... (4 actions running)
INFO: From Compiling src/google/protobuf/compiler/rust/naming.cc [for tool]:
In file included from external/protobuf+/src/google/protobuf/compiler/rust/naming.cc:26:
bazel-out/k8-opt-exec-ST-020102668b12/bin/external/protobuf+/src/google/protobuf/compiler/cpp/_virtual_includes/names_internal/google/protobuf/compiler/cpp/helpers.h: In function 'bool google::protobuf::compiler::cpp::IsWeak(const google::protobuf::FieldDescriptor*, const Options&)':
bazel-out/k8-opt-exec-ST-020102668b12/bin/external/protobuf+/src/google/protobuf/compiler/cpp/_virtual_includes/names_internal/google/protobuf/compiler/cpp/helpers.h:359:28: warning: 'bool google::protobuf::FieldOptions::weak() const' is deprecated [-Wdeprecated-declarations]
  359 |   if (field->options().weak()) {
      |       ~~~~~~~~~~~~~~~~~~~~~^~
In file included from bazel-out/k8-opt-exec-ST-020102668b12/bin/external/protobuf+/src/google/protobuf/compiler/rust/_virtual_includes/naming/google/protobuf/compiler/rust/naming.h:17,
                 from external/protobuf+/src/google/protobuf/compiler/rust/naming.cc:8:
bazel-out/k8-opt-exec-ST-020102668b12/bin/external/protobuf+/src/google/protobuf/_virtual_includes/protobuf/google/protobuf/descriptor.pb.h:19782:13: note: declared here
19782 | inline bool FieldOptions::weak() const {
      |             ^~~~~~~~~~~~
[2,032 / 2,800] Compiling src/google/protobuf/compiler/objectivec/enum_field.cc [for tool]; 3s processwrapper-sandbox ... (4 actions running)
[2,033 / 2,800] Compiling src/google/protobuf/compiler/objectivec/enum_field.cc [for tool]; 5s processwrapper-sandbox ... (4 actions, 3 running)
[2,036 / 2,800] Compiling src/google/protobuf/compiler/java/full/generator_factory.cc [for tool]; 1s processwrapper-sandbox ... (4 actions running)
[2,037 / 2,800] Compiling src/google/protobuf/compiler/rust/accessors/with_presence.cc [for tool]; 3s processwrapper-sandbox ... (4 actions, 3 running)
INFO: From Compiling src/google/protobuf/compiler/rust/accessors/with_presence.cc [for tool]:
In file included from external/protobuf+/src/google/protobuf/compiler/rust/accessors/with_presence.cc:13:
bazel-out/k8-opt-exec-ST-020102668b12/bin/external/protobuf+/src/google/protobuf/compiler/cpp/_virtual_includes/names_internal/google/protobuf/compiler/cpp/helpers.h: In function 'bool google::protobuf::compiler::cpp::IsWeak(const google::protobuf::FieldDescriptor*, const Options&)':
bazel-out/k8-opt-exec-ST-020102668b12/bin/external/protobuf+/src/google/protobuf/compiler/cpp/_virtual_includes/names_internal/google/protobuf/compiler/cpp/helpers.h:359:28: warning: 'bool google::protobuf::FieldOptions::weak() const' is deprecated [-Wdeprecated-declarations]
  359 |   if (field->options().weak()) {
      |       ~~~~~~~~~~~~~~~~~~~~~^~
In file included from bazel-out/k8-opt-exec-ST-020102668b12/bin/external/protobuf+/src/google/protobuf/compiler/_virtual_includes/code_generator_lite/google/protobuf/compiler/code_generator_lite.h:18,
                 from bazel-out/k8-opt-exec-ST-020102668b12/bin/external/protobuf+/src/google/protobuf/compiler/_virtual_includes/code_generator/google/protobuf/compiler/code_generator.h:25,
                 from bazel-out/k8-opt-exec-ST-020102668b12/bin/external/protobuf+/src/google/protobuf/compiler/cpp/_virtual_includes/names_internal/google/protobuf/compiler/cpp/helpers.h:30:
bazel-out/k8-opt-exec-ST-020102668b12/bin/external/protobuf+/src/google/protobuf/_virtual_includes/protobuf/google/protobuf/descriptor.pb.h:19782:13: note: declared here
19782 | inline bool FieldOptions::weak() const {
      |             ^~~~~~~~~~~~
[2,039 / 2,800] Compiling src/google/protobuf/compiler/objectivec/extension.cc [for tool]; 4s processwrapper-sandbox ... (4 actions running)
[2,040 / 2,800] Compiling src/google/protobuf/compiler/java/full/message.cc [for tool]; 3s processwrapper-sandbox ... (4 actions running)
[2,041 / 2,800] Compiling src/google/protobuf/compiler/java/full/message.cc [for tool]; 4s processwrapper-sandbox ... (4 actions running)
[2,042 / 2,800] Compiling src/google/protobuf/compiler/java/full/message.cc [for tool]; 6s processwrapper-sandbox ... (4 actions, 3 running)
[2,044 / 2,800] Compiling src/google/protobuf/compiler/rust/accessors/singular_string.cc [for tool]; 3s processwrapper-sandbox ... (4 actions, 3 running)
INFO: From Compiling src/google/protobuf/compiler/rust/accessors/singular_string.cc [for tool]:
In file included from external/protobuf+/src/google/protobuf/compiler/rust/accessors/singular_string.cc:13:
bazel-out/k8-opt-exec-ST-020102668b12/bin/external/protobuf+/src/google/protobuf/compiler/cpp/_virtual_includes/names_internal/google/protobuf/compiler/cpp/helpers.h: In function 'bool google::protobuf::compiler::cpp::IsWeak(const google::protobuf::FieldDescriptor*, const Options&)':
bazel-out/k8-opt-exec-ST-020102668b12/bin/external/protobuf+/src/google/protobuf/compiler/cpp/_virtual_includes/names_internal/google/protobuf/compiler/cpp/helpers.h:359:28: warning: 'bool google::protobuf::FieldOptions::weak() const' is deprecated [-Wdeprecated-declarations]
  359 |   if (field->options().weak()) {
      |       ~~~~~~~~~~~~~~~~~~~~~^~
In file included from bazel-out/k8-opt-exec-ST-020102668b12/bin/external/protobuf+/src/google/protobuf/compiler/_virtual_includes/code_generator_lite/google/protobuf/compiler/code_generator_lite.h:18,
                 from bazel-out/k8-opt-exec-ST-020102668b12/bin/external/protobuf+/src/google/protobuf/compiler/_virtual_includes/code_generator/google/protobuf/compiler/code_generator.h:25,
                 from bazel-out/k8-opt-exec-ST-020102668b12/bin/external/protobuf+/src/google/protobuf/compiler/cpp/_virtual_includes/names_internal/google/protobuf/compiler/cpp/helpers.h:30:
bazel-out/k8-opt-exec-ST-020102668b12/bin/external/protobuf+/src/google/protobuf/_virtual_includes/protobuf/google/protobuf/descriptor.pb.h:19782:13: note: declared here
19782 | inline bool FieldOptions::weak() const {
      |             ^~~~~~~~~~~~
[2,045 / 2,800] Compiling src/google/protobuf/compiler/java/full/message_builder.cc [for tool]; 2s processwrapper-sandbox ... (4 actions running)
[2,046 / 2,800] Compiling src/google/protobuf/compiler/java/full/message_builder.cc [for tool]; 5s processwrapper-sandbox ... (4 actions, 3 running)
INFO: From Compiling src/google/protobuf/compiler/rust/accessors/singular_scalar.cc [for tool]:
In file included from external/protobuf+/src/google/protobuf/compiler/rust/accessors/singular_scalar.cc:13:
bazel-out/k8-opt-exec-ST-020102668b12/bin/external/protobuf+/src/google/protobuf/compiler/cpp/_virtual_includes/names_internal/google/protobuf/compiler/cpp/helpers.h: In function 'bool google::protobuf::compiler::cpp::IsWeak(const google::protobuf::FieldDescriptor*, const Options&)':
bazel-out/k8-opt-exec-ST-020102668b12/bin/external/protobuf+/src/google/protobuf/compiler/cpp/_virtual_includes/names_internal/google/protobuf/compiler/cpp/helpers.h:359:28: warning: 'bool google::protobuf::FieldOptions::weak() const' is deprecated [-Wdeprecated-declarations]
  359 |   if (field->options().weak()) {
      |       ~~~~~~~~~~~~~~~~~~~~~^~
In file included from bazel-out/k8-opt-exec-ST-020102668b12/bin/external/protobuf+/src/google/protobuf/compiler/_virtual_includes/code_generator_lite/google/protobuf/compiler/code_generator_lite.h:18,
                 from bazel-out/k8-opt-exec-ST-020102668b12/bin/external/protobuf+/src/google/protobuf/compiler/_virtual_includes/code_generator/google/protobuf/compiler/code_generator.h:25,
                 from bazel-out/k8-opt-exec-ST-020102668b12/bin/external/protobuf+/src/google/protobuf/compiler/cpp/_virtual_includes/names_internal/google/protobuf/compiler/cpp/helpers.h:30:
bazel-out/k8-opt-exec-ST-020102668b12/bin/external/protobuf+/src/google/protobuf/_virtual_includes/protobuf/google/protobuf/descriptor.pb.h:19782:13: note: declared here
19782 | inline bool FieldOptions::weak() const {
      |             ^~~~~~~~~~~~
[2,048 / 2,800] Compiling src/google/protobuf/compiler/objectivec/file.cc [for tool]; 6s processwrapper-sandbox ... (4 actions running)
[2,049 / 2,800] Compiling src/google/protobuf/compiler/kotlin/generator.cc [for tool]; 3s processwrapper-sandbox ... (4 actions, 3 running)
[2,050 / 2,800] Compiling src/google/protobuf/compiler/java/full/enum.cc [for tool]; 4s processwrapper-sandbox ... (4 actions, 3 running)
INFO: From Compiling src/google/protobuf/compiler/rust/accessors/singular_message.cc [for tool]:
In file included from external/protobuf+/src/google/protobuf/compiler/rust/accessors/singular_message.cc:12:
bazel-out/k8-opt-exec-ST-020102668b12/bin/external/protobuf+/src/google/protobuf/compiler/cpp/_virtual_includes/names_internal/google/protobuf/compiler/cpp/helpers.h: In function 'bool google::protobuf::compiler::cpp::IsWeak(const google::protobuf::FieldDescriptor*, const Options&)':
bazel-out/k8-opt-exec-ST-020102668b12/bin/external/protobuf+/src/google/protobuf/compiler/cpp/_virtual_includes/names_internal/google/protobuf/compiler/cpp/helpers.h:359:28: warning: 'bool google::protobuf::FieldOptions::weak() const' is deprecated [-Wdeprecated-declarations]
  359 |   if (field->options().weak()) {
      |       ~~~~~~~~~~~~~~~~~~~~~^~
In file included from bazel-out/k8-opt-exec-ST-020102668b12/bin/external/protobuf+/src/google/protobuf/compiler/_virtual_includes/code_generator_lite/google/protobuf/compiler/code_generator_lite.h:18,
                 from bazel-out/k8-opt-exec-ST-020102668b12/bin/external/protobuf+/src/google/protobuf/compiler/_virtual_includes/code_generator/google/protobuf/compiler/code_generator.h:25,
                 from bazel-out/k8-opt-exec-ST-020102668b12/bin/external/protobuf+/src/google/protobuf/compiler/cpp/_virtual_includes/names_internal/google/protobuf/compiler/cpp/helpers.h:30:
bazel-out/k8-opt-exec-ST-020102668b12/bin/external/protobuf+/src/google/protobuf/_virtual_includes/protobuf/google/protobuf/descriptor.pb.h:19782:13: note: declared here
19782 | inline bool FieldOptions::weak() const {
      |             ^~~~~~~~~~~~
[2,052 / 2,800] Compiling src/google/protobuf/compiler/objectivec/generator.cc [for tool]; 2s processwrapper-sandbox ... (4 actions, 3 running)
[2,052 / 2,800] Compiling src/google/protobuf/compiler/objectivec/generator.cc [for tool]; 3s processwrapper-sandbox ... (4 actions running)
[2,053 / 2,800] Compiling src/google/protobuf/compiler/kotlin/field.cc [for tool]; 3s processwrapper-sandbox ... (4 actions, 3 running)
[2,054 / 2,800] Compiling src/google/protobuf/compiler/kotlin/field.cc [for tool]; 4s processwrapper-sandbox ... (4 actions, 3 running)
INFO: From Compiling src/google/protobuf/compiler/rust/accessors/singular_cord.cc [for tool]:
In file included from external/protobuf+/src/google/protobuf/compiler/rust/accessors/singular_cord.cc:12:
bazel-out/k8-opt-exec-ST-020102668b12/bin/external/protobuf+/src/google/protobuf/compiler/cpp/_virtual_includes/names_internal/google/protobuf/compiler/cpp/helpers.h: In function 'bool google::protobuf::compiler::cpp::IsWeak(const google::protobuf::FieldDescriptor*, const Options&)':
bazel-out/k8-opt-exec-ST-020102668b12/bin/external/protobuf+/src/google/protobuf/compiler/cpp/_virtual_includes/names_internal/google/protobuf/compiler/cpp/helpers.h:359:28: warning: 'bool google::protobuf::FieldOptions::weak() const' is deprecated [-Wdeprecated-declarations]
  359 |   if (field->options().weak()) {
      |       ~~~~~~~~~~~~~~~~~~~~~^~
In file included from bazel-out/k8-opt-exec-ST-020102668b12/bin/external/protobuf+/src/google/protobuf/compiler/_virtual_includes/code_generator_lite/google/protobuf/compiler/code_generator_lite.h:18,
                 from bazel-out/k8-opt-exec-ST-020102668b12/bin/external/protobuf+/src/google/protobuf/compiler/_virtual_includes/code_generator/google/protobuf/compiler/code_generator.h:25,
                 from bazel-out/k8-opt-exec-ST-020102668b12/bin/external/protobuf+/src/google/protobuf/compiler/cpp/_virtual_includes/names_internal/google/protobuf/compiler/cpp/helpers.h:30:
bazel-out/k8-opt-exec-ST-020102668b12/bin/external/protobuf+/src/google/protobuf/_virtual_includes/protobuf/google/protobuf/descriptor.pb.h:19782:13: note: declared here
19782 | inline bool FieldOptions::weak() const {
      |             ^~~~~~~~~~~~
[2,055 / 2,800] Compiling src/google/protobuf/compiler/kotlin/field.cc [for tool]; 6s processwrapper-sandbox ... (4 actions running)
[2,056 / 2,800] Compiling src/google/protobuf/compiler/objectivec/helpers.cc [for tool]; 3s processwrapper-sandbox ... (4 actions running)
INFO: From Compiling src/google/protobuf/compiler/rust/accessors/repeated_field.cc [for tool]:
In file included from external/protobuf+/src/google/protobuf/compiler/rust/accessors/repeated_field.cc:12:
bazel-out/k8-opt-exec-ST-020102668b12/bin/external/protobuf+/src/google/protobuf/compiler/cpp/_virtual_includes/names_internal/google/protobuf/compiler/cpp/helpers.h: In function 'bool google::protobuf::compiler::cpp::IsWeak(const google::protobuf::FieldDescriptor*, const Options&)':
bazel-out/k8-opt-exec-ST-020102668b12/bin/external/protobuf+/src/google/protobuf/compiler/cpp/_virtual_includes/names_internal/google/protobuf/compiler/cpp/helpers.h:359:28: warning: 'bool google::protobuf::FieldOptions::weak() const' is deprecated [-Wdeprecated-declarations]
  359 |   if (field->options().weak()) {
      |       ~~~~~~~~~~~~~~~~~~~~~^~
In file included from bazel-out/k8-opt-exec-ST-020102668b12/bin/external/protobuf+/src/google/protobuf/compiler/_virtual_includes/code_generator_lite/google/protobuf/compiler/code_generator_lite.h:18,
                 from bazel-out/k8-opt-exec-ST-020102668b12/bin/external/protobuf+/src/google/protobuf/compiler/_virtual_includes/code_generator/google/protobuf/compiler/code_generator.h:25,
                 from bazel-out/k8-opt-exec-ST-020102668b12/bin/external/protobuf+/src/google/protobuf/compiler/cpp/_virtual_includes/names_internal/google/protobuf/compiler/cpp/helpers.h:30:
bazel-out/k8-opt-exec-ST-020102668b12/bin/external/protobuf+/src/google/protobuf/_virtual_includes/protobuf/google/protobuf/descriptor.pb.h:19782:13: note: declared here
19782 | inline bool FieldOptions::weak() const {
      |             ^~~~~~~~~~~~
[2,058 / 2,800] Compiling src/google/protobuf/compiler/java/full/enum_field.cc [for tool]; 4s processwrapper-sandbox ... (4 actions, 3 running)
[2,058 / 2,800] Compiling src/google/protobuf/compiler/java/full/enum_field.cc [for tool]; 5s processwrapper-sandbox ... (4 actions running)
[2,061 / 2,800] Compiling src/google/protobuf/compiler/rust/accessors/map.cc [for tool]; 2s processwrapper-sandbox ... (4 actions, 3 running)
INFO: From Compiling src/google/protobuf/compiler/rust/accessors/map.cc [for tool]:
In file included from external/protobuf+/src/google/protobuf/compiler/rust/accessors/map.cc:11:
bazel-out/k8-opt-exec-ST-020102668b12/bin/external/protobuf+/src/google/protobuf/compiler/cpp/_virtual_includes/names_internal/google/protobuf/compiler/cpp/helpers.h: In function 'bool google::protobuf::compiler::cpp::IsWeak(const google::protobuf::FieldDescriptor*, const Options&)':
bazel-out/k8-opt-exec-ST-020102668b12/bin/external/protobuf+/src/google/protobuf/compiler/cpp/_virtual_includes/names_internal/google/protobuf/compiler/cpp/helpers.h:359:28: warning: 'bool google::protobuf::FieldOptions::weak() const' is deprecated [-Wdeprecated-declarations]
  359 |   if (field->options().weak()) {
      |       ~~~~~~~~~~~~~~~~~~~~~^~
In file included from bazel-out/k8-opt-exec-ST-020102668b12/bin/external/protobuf+/src/google/protobuf/compiler/_virtual_includes/code_generator_lite/google/protobuf/compiler/code_generator_lite.h:18,
                 from bazel-out/k8-opt-exec-ST-020102668b12/bin/external/protobuf+/src/google/protobuf/compiler/_virtual_includes/code_generator/google/protobuf/compiler/code_generator.h:25,
                 from bazel-out/k8-opt-exec-ST-020102668b12/bin/external/protobuf+/src/google/protobuf/compiler/cpp/_virtual_includes/names_internal/google/protobuf/compiler/cpp/helpers.h:30:
bazel-out/k8-opt-exec-ST-020102668b12/bin/external/protobuf+/src/google/protobuf/_virtual_includes/protobuf/google/protobuf/descriptor.pb.h:19782:13: note: declared here
19782 | inline bool FieldOptions::weak() const {
      |             ^~~~~~~~~~~~
[2,062 / 2,800] Compiling src/google/protobuf/compiler/java/full/map_field.cc [for tool]; 2s processwrapper-sandbox ... (4 actions, 3 running)
[2,062 / 2,800] Compiling src/google/protobuf/compiler/java/full/map_field.cc [for tool]; 3s processwrapper-sandbox ... (4 actions running)
[2,063 / 2,800] Compiling src/google/protobuf/compiler/java/full/map_field.cc [for tool]; 5s processwrapper-sandbox ... (4 actions, 3 running)
[2,066 / 2,800] Compiling src/google/protobuf/compiler/objectivec/message.cc [for tool]; 1s processwrapper-sandbox ... (4 actions, 3 running)
[2,066 / 2,800] Compiling src/google/protobuf/compiler/objectivec/message.cc [for tool]; 2s processwrapper-sandbox ... (4 actions running)
[2,067 / 2,800] Compiling src/google/protobuf/compiler/objectivec/message.cc [for tool]; 3s processwrapper-sandbox ... (4 actions, 3 running)
[2,069 / 2,800] Compiling src/google/protobuf/compiler/objectivec/message.cc [for tool]; 5s processwrapper-sandbox ... (4 actions, 3 running)
[2,070 / 2,800] Compiling src/google/protobuf/compiler/objectivec/message.cc [for tool]; 6s processwrapper-sandbox ... (4 actions, 3 running)
[2,071 / 2,800] Compiling src/google/protobuf/compiler/rust/oneof.cc [for tool]; 3s processwrapper-sandbox ... (4 actions running)
INFO: From Compiling src/google/protobuf/compiler/rust/oneof.cc [for tool]:
In file included from external/protobuf+/src/google/protobuf/compiler/rust/oneof.cc:16:
bazel-out/k8-opt-exec-ST-020102668b12/bin/external/protobuf+/src/google/protobuf/compiler/cpp/_virtual_includes/names_internal/google/protobuf/compiler/cpp/helpers.h: In function 'bool google::protobuf::compiler::cpp::IsWeak(const google::protobuf::FieldDescriptor*, const Options&)':
bazel-out/k8-opt-exec-ST-020102668b12/bin/external/protobuf+/src/google/protobuf/compiler/cpp/_virtual_includes/names_internal/google/protobuf/compiler/cpp/helpers.h:359:28: warning: 'bool google::protobuf::FieldOptions::weak() const' is deprecated [-Wdeprecated-declarations]
  359 |   if (field->options().weak()) {
      |       ~~~~~~~~~~~~~~~~~~~~~^~
In file included from bazel-out/k8-opt-exec-ST-020102668b12/bin/external/protobuf+/src/google/protobuf/compiler/_virtual_includes/code_generator_lite/google/protobuf/compiler/code_generator_lite.h:18,
                 from bazel-out/k8-opt-exec-ST-020102668b12/bin/external/protobuf+/src/google/protobuf/compiler/_virtual_includes/code_generator/google/protobuf/compiler/code_generator.h:25,
                 from bazel-out/k8-opt-exec-ST-020102668b12/bin/external/protobuf+/src/google/protobuf/compiler/cpp/_virtual_includes/names_internal/google/protobuf/compiler/cpp/helpers.h:30:
bazel-out/k8-opt-exec-ST-020102668b12/bin/external/protobuf+/src/google/protobuf/_virtual_includes/protobuf/google/protobuf/descriptor.pb.h:19782:13: note: declared here
19782 | inline bool FieldOptions::weak() const {
      |             ^~~~~~~~~~~~
[2,072 / 2,800] Compiling src/google/protobuf/compiler/java/file.cc [for tool]; 3s processwrapper-sandbox ... (4 actions running)
[2,073 / 2,800] Compiling src/google/protobuf/compiler/java/full/primitive_field.cc [for tool]; 4s processwrapper-sandbox ... (4 actions, 3 running)
[2,076 / 2,800] Compiling src/google/protobuf/compiler/java/generator.cc [for tool]; 1s processwrapper-sandbox ... (4 actions, 3 running)
[2,077 / 2,800] Compiling src/google/protobuf/compiler/java/generator.cc [for tool]; 2s processwrapper-sandbox ... (4 actions running)
[2,078 / 2,800] Compiling src/google/protobuf/compiler/objectivec/oneof.cc [for tool]; 4s processwrapper-sandbox ... (4 actions, 3 running)
[2,079 / 2,800] Compiling src/google/protobuf/compiler/objectivec/oneof.cc [for tool]; 5s processwrapper-sandbox ... (4 actions running)
[2,088 / 2,800] Compiling src/google/protobuf/compiler/java/full/string_field.cc [for tool]; 6s processwrapper-sandbox ... (4 actions running)
[2,090 / 2,800] Compiling src/google/protobuf/compiler/objectivec/primitive_field.cc [for tool]; 2s processwrapper-sandbox ... (4 actions, 3 running)
[2,091 / 2,800] Compiling src/google/protobuf/compiler/rust/enum.cc [for tool]; 3s processwrapper-sandbox ... (4 actions, 3 running)
[2,092 / 2,800] Compiling src/google/protobuf/compiler/rust/enum.cc [for tool]; 5s processwrapper-sandbox ... (4 actions, 3 running)
[2,094 / 2,800] Compiling src/google/protobuf/compiler/java/lite/enum.cc [for tool]; 3s processwrapper-sandbox ... (4 actions running)
[2,095 / 2,800] Compiling src/google/protobuf/compiler/java/lite/enum.cc [for tool]; 2s processwrapper-sandbox ... (4 actions, 3 running)
[2,095 / 2,800] Compiling src/google/protobuf/compiler/java/lite/enum.cc [for tool]; 4s processwrapper-sandbox ... (4 actions running)
[2,098 / 2,800] Compiling src/google/protobuf/compiler/java/lite/extension.cc [for tool]; 3s processwrapper-sandbox ... (4 actions, 3 running)
[2,099 / 2,800] Compiling src/google/protobuf/compiler/rust/message.cc [for tool]; 2s processwrapper-sandbox ... (4 actions running)
[2,100 / 2,800] Compiling src/google/protobuf/compiler/rust/message.cc [for tool]; 3s processwrapper-sandbox ... (4 actions running)
[2,102 / 2,800] Compiling src/google/protobuf/compiler/rust/message.cc [for tool]; 5s processwrapper-sandbox ... (4 actions, 3 running)
INFO: From Compiling src/google/protobuf/compiler/rust/message.cc [for tool]:
In file included from external/protobuf+/src/google/protobuf/compiler/rust/message.cc:20:
bazel-out/k8-opt-exec-ST-020102668b12/bin/external/protobuf+/src/google/protobuf/compiler/cpp/_virtual_includes/names_internal/google/protobuf/compiler/cpp/helpers.h: In function 'bool google::protobuf::compiler::cpp::IsWeak(const google::protobuf::FieldDescriptor*, const Options&)':
bazel-out/k8-opt-exec-ST-020102668b12/bin/external/protobuf+/src/google/protobuf/compiler/cpp/_virtual_includes/names_internal/google/protobuf/compiler/cpp/helpers.h:359:28: warning: 'bool google::protobuf::FieldOptions::weak() const' is deprecated [-Wdeprecated-declarations]
  359 |   if (field->options().weak()) {
      |       ~~~~~~~~~~~~~~~~~~~~~^~
In file included from bazel-out/k8-opt-exec-ST-020102668b12/bin/external/protobuf+/src/google/protobuf/compiler/_virtual_includes/code_generator_lite/google/protobuf/compiler/code_generator_lite.h:18,
                 from bazel-out/k8-opt-exec-ST-020102668b12/bin/external/protobuf+/src/google/protobuf/compiler/_virtual_includes/code_generator/google/protobuf/compiler/code_generator.h:25,
                 from bazel-out/k8-opt-exec-ST-020102668b12/bin/external/protobuf+/src/google/protobuf/compiler/cpp/_virtual_includes/names_internal/google/protobuf/compiler/cpp/helpers.h:30:
bazel-out/k8-opt-exec-ST-020102668b12/bin/external/protobuf+/src/google/protobuf/_virtual_includes/protobuf/google/protobuf/descriptor.pb.h:19782:13: note: declared here
19782 | inline bool FieldOptions::weak() const {
      |             ^~~~~~~~~~~~
[2,103 / 2,800] Compiling src/google/protobuf/compiler/php/php_generator.cc [for tool]; 3s processwrapper-sandbox ... (4 actions, 3 running)
[2,104 / 2,800] Compiling src/google/protobuf/compiler/php/php_generator.cc [for tool]; 4s processwrapper-sandbox ... (4 actions, 3 running)
[2,105 / 2,800] Compiling src/google/protobuf/compiler/php/php_generator.cc [for tool]; 5s processwrapper-sandbox ... (4 actions running)
[2,106 / 2,800] Compiling src/google/protobuf/compiler/php/php_generator.cc [for tool]; 6s processwrapper-sandbox ... (4 actions running)
[2,107 / 2,800] Compiling src/google/protobuf/compiler/java/lite/message.cc [for tool]; 5s processwrapper-sandbox ... (4 actions, 3 running)
[2,108 / 2,800] Compiling src/google/protobuf/compiler/java/lite/message.cc [for tool]; 4s processwrapper-sandbox ... (4 actions running)
[2,110 / 2,800] Compiling src/google/protobuf/compiler/java/lite/message.cc [for tool]; 5s processwrapper-sandbox ... (4 actions running)
[2,111 / 2,800] Compiling src/google/protobuf/compiler/java/lite/message_builder.cc [for tool]; 4s processwrapper-sandbox ... (4 actions running)
[2,112 / 2,800] Compiling src/google/protobuf/compiler/rust/generator.cc [for tool]; 4s processwrapper-sandbox ... (4 actions running)
[2,113 / 2,800] Compiling src/google/protobuf/compiler/rust/generator.cc [for tool]; 5s processwrapper-sandbox ... (4 actions running)
[2,114 / 2,800] Compiling upb_generator/c/generator.cc [for tool]; 6s processwrapper-sandbox ... (4 actions, 3 running)
[2,116 / 2,800] Compiling src/google/protobuf/compiler/java/lite/enum_field.cc [for tool]; 3s processwrapper-sandbox ... (4 actions running)
[2,117 / 2,800] Compiling src/google/protobuf/compiler/java/lite/enum_field.cc [for tool]; 4s processwrapper-sandbox ... (4 actions, 3 running)
[2,122 / 2,800] Compiling src/google/protobuf/compiler/java/lite/enum_field.cc [for tool]; 5s processwrapper-sandbox ... (4 actions, 3 running)
[2,126 / 2,800] Compiling src/google/protobuf/compiler/java/field_common.cc [for tool]; 4s processwrapper-sandbox ... (4 actions, 3 running)
[2,128 / 2,800] Compiling src/google/protobuf/compiler/rust/oneof.cc [for tool]; 2s processwrapper-sandbox ... (4 actions, 3 running)
[2,132 / 2,800] Compiling src/google/protobuf/compiler/rust/oneof.cc [for tool]; 4s processwrapper-sandbox ... (4 actions running)
INFO: From Compiling src/google/protobuf/compiler/rust/oneof.cc [for tool]:
In file included from external/protobuf+/src/google/protobuf/compiler/rust/oneof.cc:16:
bazel-out/k8-opt-exec-ST-d57f47055a04/bin/external/protobuf+/src/google/protobuf/compiler/cpp/_virtual_includes/names_internal/google/protobuf/compiler/cpp/helpers.h: In function 'bool google::protobuf::compiler::cpp::IsWeak(const google::protobuf::FieldDescriptor*, const Options&)':
bazel-out/k8-opt-exec-ST-d57f47055a04/bin/external/protobuf+/src/google/protobuf/compiler/cpp/_virtual_includes/names_internal/google/protobuf/compiler/cpp/helpers.h:359:28: warning: 'bool google::protobuf::FieldOptions::weak() const' is deprecated [-Wdeprecated-declarations]
  359 |   if (field->options().weak()) {
      |       ~~~~~~~~~~~~~~~~~~~~~^~
In file included from bazel-out/k8-opt-exec-ST-d57f47055a04/bin/external/protobuf+/src/google/protobuf/compiler/_virtual_includes/code_generator_lite/google/protobuf/compiler/code_generator_lite.h:18,
                 from bazel-out/k8-opt-exec-ST-d57f47055a04/bin/external/protobuf+/src/google/protobuf/compiler/_virtual_includes/code_generator/google/protobuf/compiler/code_generator.h:25,
                 from bazel-out/k8-opt-exec-ST-d57f47055a04/bin/external/protobuf+/src/google/protobuf/compiler/cpp/_virtual_includes/names_internal/google/protobuf/compiler/cpp/helpers.h:30:
bazel-out/k8-opt-exec-ST-d57f47055a04/bin/external/protobuf+/src/google/protobuf/_virtual_includes/protobuf/google/protobuf/descriptor.pb.h:19782:13: note: declared here
19782 | inline bool FieldOptions::weak() const {
      |             ^~~~~~~~~~~~
[2,138 / 2,800] Compiling src/google/protobuf/compiler/java/doc_comment.cc [for tool]; 2s processwrapper-sandbox ... (4 actions, 3 running)
[2,141 / 2,800] Compiling src/google/protobuf/compiler/java/doc_comment.cc [for tool]; 4s processwrapper-sandbox ... (4 actions running)
[2,143 / 2,800] Compiling src/google/protobuf/compiler/rust/accessors/accessors.cc [for tool]; 3s processwrapper-sandbox ... (4 actions, 3 running)
[2,144 / 2,800] Compiling src/google/protobuf/compiler/ruby/ruby_generator.cc [for tool]; 3s processwrapper-sandbox ... (4 actions running)
[2,146 / 2,800] Compiling src/google/protobuf/compiler/java/helpers.cc [for tool]; 4s processwrapper-sandbox ... (4 actions, 3 running)
[2,147 / 2,800] Compiling src/google/protobuf/compiler/java/lite/map_field.cc [for tool]; 4s processwrapper-sandbox ... (4 actions running)
[2,148 / 2,800] Compiling src/google/protobuf/compiler/ruby/rbs_generator.cc [for tool]; 3s processwrapper-sandbox ... (4 actions, 3 running)
[2,149 / 2,800] Compiling src/google/protobuf/compiler/rust/accessors/map.cc [for tool]; 4s processwrapper-sandbox ... (4 actions, 3 running)
INFO: From Compiling src/google/protobuf/compiler/rust/accessors/map.cc [for tool]:
In file included from external/protobuf+/src/google/protobuf/compiler/rust/accessors/map.cc:11:
bazel-out/k8-opt-exec-ST-d57f47055a04/bin/external/protobuf+/src/google/protobuf/compiler/cpp/_virtual_includes/names_internal/google/protobuf/compiler/cpp/helpers.h: In function 'bool google::protobuf::compiler::cpp::IsWeak(const google::protobuf::FieldDescriptor*, const Options&)':
bazel-out/k8-opt-exec-ST-d57f47055a04/bin/external/protobuf+/src/google/protobuf/compiler/cpp/_virtual_includes/names_internal/google/protobuf/compiler/cpp/helpers.h:359:28: warning: 'bool google::protobuf::FieldOptions::weak() const' is deprecated [-Wdeprecated-declarations]
  359 |   if (field->options().weak()) {
      |       ~~~~~~~~~~~~~~~~~~~~~^~
In file included from bazel-out/k8-opt-exec-ST-d57f47055a04/bin/external/protobuf+/src/google/protobuf/compiler/_virtual_includes/code_generator_lite/google/protobuf/compiler/code_generator_lite.h:18,
                 from bazel-out/k8-opt-exec-ST-d57f47055a04/bin/external/protobuf+/src/google/protobuf/compiler/_virtual_includes/code_generator/google/protobuf/compiler/code_generator.h:25,
                 from bazel-out/k8-opt-exec-ST-d57f47055a04/bin/external/protobuf+/src/google/protobuf/compiler/cpp/_virtual_includes/names_internal/google/protobuf/compiler/cpp/helpers.h:30:
bazel-out/k8-opt-exec-ST-d57f47055a04/bin/external/protobuf+/src/google/protobuf/_virtual_includes/protobuf/google/protobuf/descriptor.pb.h:19782:13: note: declared here
19782 | inline bool FieldOptions::weak() const {
      |             ^~~~~~~~~~~~
[2,151 / 2,800] Compiling src/google/protobuf/compiler/java/lite/message_field.cc [for tool]; 2s processwrapper-sandbox ... (4 actions running)
[2,152 / 2,800] Compiling src/google/protobuf/compiler/python/pyi_generator.cc [for tool]; 3s processwrapper-sandbox ... (4 actions, 3 running)
INFO: From Compiling src/google/protobuf/compiler/rust/accessors/repeated_field.cc [for tool]:
In file included from external/protobuf+/src/google/protobuf/compiler/rust/accessors/repeated_field.cc:12:
bazel-out/k8-opt-exec-ST-d57f47055a04/bin/external/protobuf+/src/google/protobuf/compiler/cpp/_virtual_includes/names_internal/google/protobuf/compiler/cpp/helpers.h: In function 'bool google::protobuf::compiler::cpp::IsWeak(const google::protobuf::FieldDescriptor*, const Options&)':
bazel-out/k8-opt-exec-ST-d57f47055a04/bin/external/protobuf+/src/google/protobuf/compiler/cpp/_virtual_includes/names_internal/google/protobuf/compiler/cpp/helpers.h:359:28: warning: 'bool google::protobuf::FieldOptions::weak() const' is deprecated [-Wdeprecated-declarations]
  359 |   if (field->options().weak()) {
      |       ~~~~~~~~~~~~~~~~~~~~~^~
In file included from bazel-out/k8-opt-exec-ST-d57f47055a04/bin/external/protobuf+/src/google/protobuf/compiler/_virtual_includes/code_generator_lite/google/protobuf/compiler/code_generator_lite.h:18,
                 from bazel-out/k8-opt-exec-ST-d57f47055a04/bin/external/protobuf+/src/google/protobuf/compiler/_virtual_includes/code_generator/google/protobuf/compiler/code_generator.h:25,
                 from bazel-out/k8-opt-exec-ST-d57f47055a04/bin/external/protobuf+/src/google/protobuf/compiler/cpp/_virtual_includes/names_internal/google/protobuf/compiler/cpp/helpers.h:30:
bazel-out/k8-opt-exec-ST-d57f47055a04/bin/external/protobuf+/src/google/protobuf/_virtual_includes/protobuf/google/protobuf/descriptor.pb.h:19782:13: note: declared here
19782 | inline bool FieldOptions::weak() const {
      |             ^~~~~~~~~~~~
[2,154 / 2,800] Compiling src/google/protobuf/compiler/python/pyi_generator.cc [for tool]; 4s processwrapper-sandbox ... (4 actions, 3 running)
[2,155 / 2,800] Compiling src/google/protobuf/compiler/java/lite/primitive_field.cc [for tool]; 2s processwrapper-sandbox ... (4 actions running)
INFO: From Compiling src/google/protobuf/compiler/rust/accessors/singular_cord.cc [for tool]:
In file included from external/protobuf+/src/google/protobuf/compiler/rust/accessors/singular_cord.cc:12:
bazel-out/k8-opt-exec-ST-d57f47055a04/bin/external/protobuf+/src/google/protobuf/compiler/cpp/_virtual_includes/names_internal/google/protobuf/compiler/cpp/helpers.h: In function 'bool google::protobuf::compiler::cpp::IsWeak(const google::protobuf::FieldDescriptor*, const Options&)':
bazel-out/k8-opt-exec-ST-d57f47055a04/bin/external/protobuf+/src/google/protobuf/compiler/cpp/_virtual_includes/names_internal/google/protobuf/compiler/cpp/helpers.h:359:28: warning: 'bool google::protobuf::FieldOptions::weak() const' is deprecated [-Wdeprecated-declarations]
  359 |   if (field->options().weak()) {
      |       ~~~~~~~~~~~~~~~~~~~~~^~
In file included from bazel-out/k8-opt-exec-ST-d57f47055a04/bin/external/protobuf+/src/google/protobuf/compiler/_virtual_includes/code_generator_lite/google/protobuf/compiler/code_generator_lite.h:18,
                 from bazel-out/k8-opt-exec-ST-d57f47055a04/bin/external/protobuf+/src/google/protobuf/compiler/_virtual_includes/code_generator/google/protobuf/compiler/code_generator.h:25,
                 from bazel-out/k8-opt-exec-ST-d57f47055a04/bin/external/protobuf+/src/google/protobuf/compiler/cpp/_virtual_includes/names_internal/google/protobuf/compiler/cpp/helpers.h:30:
bazel-out/k8-opt-exec-ST-d57f47055a04/bin/external/protobuf+/src/google/protobuf/_virtual_includes/protobuf/google/protobuf/descriptor.pb.h:19782:13: note: declared here
19782 | inline bool FieldOptions::weak() const {
      |             ^~~~~~~~~~~~
[2,156 / 2,800] Compiling src/google/protobuf/compiler/java/lite/primitive_field.cc [for tool]; 5s processwrapper-sandbox ... (4 actions, 3 running)
[2,158 / 2,800] Compiling src/google/protobuf/compiler/python/generator.cc [for tool]; 5s processwrapper-sandbox ... (4 actions running)
INFO: From Compiling src/google/protobuf/compiler/rust/accessors/singular_message.cc [for tool]:
In file included from external/protobuf+/src/google/protobuf/compiler/rust/accessors/singular_message.cc:12:
bazel-out/k8-opt-exec-ST-d57f47055a04/bin/external/protobuf+/src/google/protobuf/compiler/cpp/_virtual_includes/names_internal/google/protobuf/compiler/cpp/helpers.h: In function 'bool google::protobuf::compiler::cpp::IsWeak(const google::protobuf::FieldDescriptor*, const Options&)':
bazel-out/k8-opt-exec-ST-d57f47055a04/bin/external/protobuf+/src/google/protobuf/compiler/cpp/_virtual_includes/names_internal/google/protobuf/compiler/cpp/helpers.h:359:28: warning: 'bool google::protobuf::FieldOptions::weak() const' is deprecated [-Wdeprecated-declarations]
  359 |   if (field->options().weak()) {
      |       ~~~~~~~~~~~~~~~~~~~~~^~
In file included from bazel-out/k8-opt-exec-ST-d57f47055a04/bin/external/protobuf+/src/google/protobuf/compiler/_virtual_includes/code_generator_lite/google/protobuf/compiler/code_generator_lite.h:18,
                 from bazel-out/k8-opt-exec-ST-d57f47055a04/bin/external/protobuf+/src/google/protobuf/compiler/_virtual_includes/code_generator/google/protobuf/compiler/code_generator.h:25,
                 from bazel-out/k8-opt-exec-ST-d57f47055a04/bin/external/protobuf+/src/google/protobuf/compiler/cpp/_virtual_includes/names_internal/google/protobuf/compiler/cpp/helpers.h:30:
bazel-out/k8-opt-exec-ST-d57f47055a04/bin/external/protobuf+/src/google/protobuf/_virtual_includes/protobuf/google/protobuf/descriptor.pb.h:19782:13: note: declared here
19782 | inline bool FieldOptions::weak() const {
      |             ^~~~~~~~~~~~
[2,159 / 2,800] Compiling src/google/protobuf/compiler/python/generator.cc [for tool]; 8s processwrapper-sandbox ... (4 actions, 3 running)
[2,160 / 2,800] Compiling src/google/protobuf/compiler/python/generator.cc [for tool]; 5s processwrapper-sandbox ... (4 actions running)
[2,161 / 2,800] Compiling src/google/protobuf/compiler/python/generator.cc [for tool]; 6s processwrapper-sandbox ... (4 actions, 3 running)
[2,162 / 2,800] Compiling src/google/protobuf/compiler/python/generator.cc [for tool]; 7s processwrapper-sandbox ... (4 actions, 3 running)
INFO: From Compiling src/google/protobuf/compiler/rust/accessors/singular_scalar.cc [for tool]:
In file included from external/protobuf+/src/google/protobuf/compiler/rust/accessors/singular_scalar.cc:13:
bazel-out/k8-opt-exec-ST-d57f47055a04/bin/external/protobuf+/src/google/protobuf/compiler/cpp/_virtual_includes/names_internal/google/protobuf/compiler/cpp/helpers.h: In function 'bool google::protobuf::compiler::cpp::IsWeak(const google::protobuf::FieldDescriptor*, const Options&)':
bazel-out/k8-opt-exec-ST-d57f47055a04/bin/external/protobuf+/src/google/protobuf/compiler/cpp/_virtual_includes/names_internal/google/protobuf/compiler/cpp/helpers.h:359:28: warning: 'bool google::protobuf::FieldOptions::weak() const' is deprecated [-Wdeprecated-declarations]
  359 |   if (field->options().weak()) {
      |       ~~~~~~~~~~~~~~~~~~~~~^~
In file included from bazel-out/k8-opt-exec-ST-d57f47055a04/bin/external/protobuf+/src/google/protobuf/compiler/_virtual_includes/code_generator_lite/google/protobuf/compiler/code_generator_lite.h:18,
                 from bazel-out/k8-opt-exec-ST-d57f47055a04/bin/external/protobuf+/src/google/protobuf/compiler/_virtual_includes/code_generator/google/protobuf/compiler/code_generator.h:25,
                 from bazel-out/k8-opt-exec-ST-d57f47055a04/bin/external/protobuf+/src/google/protobuf/compiler/cpp/_virtual_includes/names_internal/google/protobuf/compiler/cpp/helpers.h:30:
bazel-out/k8-opt-exec-ST-d57f47055a04/bin/external/protobuf+/src/google/protobuf/_virtual_includes/protobuf/google/protobuf/descriptor.pb.h:19782:13: note: declared here
19782 | inline bool FieldOptions::weak() const {
      |             ^~~~~~~~~~~~
[2,164 / 2,800] Compiling src/google/protobuf/compiler/java/internal_helpers.cc [for tool]; 2s processwrapper-sandbox ... (4 actions running)
[2,165 / 2,800] Compiling src/google/protobuf/compiler/java/internal_helpers.cc [for tool]; 4s processwrapper-sandbox ... (4 actions, 3 running)
[2,166 / 2,800] Compiling src/google/protobuf/compiler/python/pyi_generator.cc [for tool]; 5s processwrapper-sandbox ... (4 actions, 3 running)
INFO: From Compiling src/google/protobuf/compiler/rust/accessors/singular_string.cc [for tool]:
In file included from external/protobuf+/src/google/protobuf/compiler/rust/accessors/singular_string.cc:13:
bazel-out/k8-opt-exec-ST-d57f47055a04/bin/external/protobuf+/src/google/protobuf/compiler/cpp/_virtual_includes/names_internal/google/protobuf/compiler/cpp/helpers.h: In function 'bool google::protobuf::compiler::cpp::IsWeak(const google::protobuf::FieldDescriptor*, const Options&)':
bazel-out/k8-opt-exec-ST-d57f47055a04/bin/external/protobuf+/src/google/protobuf/compiler/cpp/_virtual_includes/names_internal/google/protobuf/compiler/cpp/helpers.h:359:28: warning: 'bool google::protobuf::FieldOptions::weak() const' is deprecated [-Wdeprecated-declarations]
  359 |   if (field->options().weak()) {
      |       ~~~~~~~~~~~~~~~~~~~~~^~
In file included from bazel-out/k8-opt-exec-ST-d57f47055a04/bin/external/protobuf+/src/google/protobuf/compiler/_virtual_includes/code_generator_lite/google/protobuf/compiler/code_generator_lite.h:18,
                 from bazel-out/k8-opt-exec-ST-d57f47055a04/bin/external/protobuf+/src/google/protobuf/compiler/_virtual_includes/code_generator/google/protobuf/compiler/code_generator.h:25,
                 from bazel-out/k8-opt-exec-ST-d57f47055a04/bin/external/protobuf+/src/google/protobuf/compiler/cpp/_virtual_includes/names_internal/google/protobuf/compiler/cpp/helpers.h:30:
bazel-out/k8-opt-exec-ST-d57f47055a04/bin/external/protobuf+/src/google/protobuf/_virtual_includes/protobuf/google/protobuf/descriptor.pb.h:19782:13: note: declared here
19782 | inline bool FieldOptions::weak() const {
      |             ^~~~~~~~~~~~
[2,168 / 2,800] Compiling src/google/protobuf/compiler/php/php_generator.cc [for tool]; 2s processwrapper-sandbox ... (4 actions running)
[2,169 / 2,800] Compiling src/google/protobuf/compiler/php/php_generator.cc [for tool]; 4s processwrapper-sandbox ... (4 actions, 3 running)
[2,170 / 2,800] Compiling src/google/protobuf/compiler/php/php_generator.cc [for tool]; 5s processwrapper-sandbox ... (4 actions running)
[2,173 / 2,800] Compiling src/google/protobuf/compiler/rust/accessors/with_presence.cc [for tool]; 2s processwrapper-sandbox ... (4 actions, 3 running)
[2,174 / 2,800] Compiling src/google/protobuf/compiler/rust/accessors/with_presence.cc [for tool]; 3s processwrapper-sandbox ... (4 actions, 3 running)
INFO: From Compiling src/google/protobuf/compiler/rust/accessors/with_presence.cc [for tool]:
In file included from external/protobuf+/src/google/protobuf/compiler/rust/accessors/with_presence.cc:13:
bazel-out/k8-opt-exec-ST-d57f47055a04/bin/external/protobuf+/src/google/protobuf/compiler/cpp/_virtual_includes/names_internal/google/protobuf/compiler/cpp/helpers.h: In function 'bool google::protobuf::compiler::cpp::IsWeak(const google::protobuf::FieldDescriptor*, const Options&)':
bazel-out/k8-opt-exec-ST-d57f47055a04/bin/external/protobuf+/src/google/protobuf/compiler/cpp/_virtual_includes/names_internal/google/protobuf/compiler/cpp/helpers.h:359:28: warning: 'bool google::protobuf::FieldOptions::weak() const' is deprecated [-Wdeprecated-declarations]
  359 |   if (field->options().weak()) {
      |       ~~~~~~~~~~~~~~~~~~~~~^~
In file included from bazel-out/k8-opt-exec-ST-d57f47055a04/bin/external/protobuf+/src/google/protobuf/compiler/_virtual_includes/code_generator_lite/google/protobuf/compiler/code_generator_lite.h:18,
                 from bazel-out/k8-opt-exec-ST-d57f47055a04/bin/external/protobuf+/src/google/protobuf/compiler/_virtual_includes/code_generator/google/protobuf/compiler/code_generator.h:25,
                 from bazel-out/k8-opt-exec-ST-d57f47055a04/bin/external/protobuf+/src/google/protobuf/compiler/cpp/_virtual_includes/names_internal/google/protobuf/compiler/cpp/helpers.h:30:
bazel-out/k8-opt-exec-ST-d57f47055a04/bin/external/protobuf+/src/google/protobuf/_virtual_includes/protobuf/google/protobuf/descriptor.pb.h:19782:13: note: declared here
19782 | inline bool FieldOptions::weak() const {
      |             ^~~~~~~~~~~~
[2,176 / 2,800] Compiling src/google/protobuf/compiler/java/field_common.cc [for tool]; 3s processwrapper-sandbox ... (4 actions running)
[2,177 / 2,800] Compiling src/google/protobuf/compiler/command_line_interface.cc [for tool]; 3s processwrapper-sandbox ... (4 actions, 3 running)
[2,178 / 2,800] Compiling src/google/protobuf/compiler/command_line_interface.cc [for tool]; 5s processwrapper-sandbox ... (4 actions running)
[2,179 / 2,800] Compiling src/google/protobuf/compiler/command_line_interface.cc [for tool]; 6s processwrapper-sandbox ... (4 actions, 3 running)
[2,180 / 2,800] Compiling src/google/protobuf/compiler/command_line_interface.cc [for tool]; 7s processwrapper-sandbox ... (4 actions, 3 running)
INFO: From Compiling src/google/protobuf/compiler/rust/naming.cc [for tool]:
In file included from external/protobuf+/src/google/protobuf/compiler/rust/naming.cc:26:
bazel-out/k8-opt-exec-ST-d57f47055a04/bin/external/protobuf+/src/google/protobuf/compiler/cpp/_virtual_includes/names_internal/google/protobuf/compiler/cpp/helpers.h: In function 'bool google::protobuf::compiler::cpp::IsWeak(const google::protobuf::FieldDescriptor*, const Options&)':
bazel-out/k8-opt-exec-ST-d57f47055a04/bin/external/protobuf+/src/google/protobuf/compiler/cpp/_virtual_includes/names_internal/google/protobuf/compiler/cpp/helpers.h:359:28: warning: 'bool google::protobuf::FieldOptions::weak() const' is deprecated [-Wdeprecated-declarations]
  359 |   if (field->options().weak()) {
      |       ~~~~~~~~~~~~~~~~~~~~~^~
In file included from bazel-out/k8-opt-exec-ST-d57f47055a04/bin/external/protobuf+/src/google/protobuf/compiler/rust/_virtual_includes/naming/google/protobuf/compiler/rust/naming.h:17,
                 from external/protobuf+/src/google/protobuf/compiler/rust/naming.cc:8:
bazel-out/k8-opt-exec-ST-d57f47055a04/bin/external/protobuf+/src/google/protobuf/_virtual_includes/protobuf/google/protobuf/descriptor.pb.h:19782:13: note: declared here
19782 | inline bool FieldOptions::weak() const {
      |             ^~~~~~~~~~~~
[2,182 / 2,800] Compiling src/google/protobuf/compiler/command_line_interface.cc [for tool]; 9s processwrapper-sandbox ... (4 actions running)
[2,183 / 2,800] Compiling src/google/protobuf/compiler/command_line_interface.cc [for tool]; 11s processwrapper-sandbox ... (4 actions running)
[2,184 / 2,800] Compiling src/google/protobuf/compiler/java/helpers.cc [for tool]; 4s processwrapper-sandbox ... (4 actions running)
[2,187 / 2,800] Compiling src/google/protobuf/compiler/main_no_generators.cc [for tool]; 2s processwrapper-sandbox ... (4 actions running)
[2,188 / 2,800] Compiling src/google/protobuf/compiler/objectivec/oneof.cc [for tool]; 3s processwrapper-sandbox ... (4 actions running)
[2,189 / 2,800] Compiling src/google/protobuf/compiler/objectivec/oneof.cc [for tool]; 4s processwrapper-sandbox ... (4 actions, 3 running)
[2,191 / 2,800] Compiling src/google/protobuf/compiler/cpp/enum.cc [for tool]; 6s processwrapper-sandbox ... (4 actions running)
INFO: From Compiling src/google/protobuf/compiler/cpp/enum.cc [for tool]:
In file included from external/protobuf+/src/google/protobuf/compiler/cpp/enum.cc:29:
bazel-out/k8-opt-exec-ST-d57f47055a04/bin/external/protobuf+/src/google/protobuf/compiler/cpp/_virtual_includes/names_internal/google/protobuf/compiler/cpp/helpers.h: In function 'bool google::protobuf::compiler::cpp::IsWeak(const google::protobuf::FieldDescriptor*, const Options&)':
bazel-out/k8-opt-exec-ST-d57f47055a04/bin/external/protobuf+/src/google/protobuf/compiler/cpp/_virtual_includes/names_internal/google/protobuf/compiler/cpp/helpers.h:359:28: warning: 'bool google::protobuf::FieldOptions::weak() const' is deprecated [-Wdeprecated-declarations]
  359 |   if (field->options().weak()) {
      |       ~~~~~~~~~~~~~~~~~~~~~^~
In file included from bazel-out/k8-opt-exec-ST-d57f47055a04/bin/external/protobuf+/src/google/protobuf/compiler/_virtual_includes/code_generator_lite/google/protobuf/compiler/code_generator_lite.h:18,
                 from bazel-out/k8-opt-exec-ST-d57f47055a04/bin/external/protobuf+/src/google/protobuf/compiler/_virtual_includes/code_generator/google/protobuf/compiler/code_generator.h:25,
                 from bazel-out/k8-opt-exec-ST-d57f47055a04/bin/external/protobuf+/src/google/protobuf/compiler/cpp/_virtual_includes/cpp/google/protobuf/compiler/cpp/generator.h:24,
                 from external/protobuf+/src/google/protobuf/compiler/cpp/enum.cc:28:
bazel-out/k8-opt-exec-ST-d57f47055a04/bin/external/protobuf+/src/google/protobuf/_virtual_includes/protobuf/google/protobuf/descriptor.pb.h:19782:13: note: declared here
19782 | inline bool FieldOptions::weak() const {
      |             ^~~~~~~~~~~~
[2,192 / 2,800] Compiling src/google/protobuf/compiler/java/names.cc [for tool]; 3s processwrapper-sandbox ... (4 actions, 3 running)
[2,194 / 2,800] Compiling src/google/protobuf/compiler/objectivec/message_field.cc [for tool]; 4s processwrapper-sandbox ... (4 actions running)
[2,195 / 2,800] Compiling src/google/protobuf/compiler/cpp/extension.cc [for tool]; 2s processwrapper-sandbox ... (4 actions running)
[2,196 / 2,800] Compiling src/google/protobuf/compiler/cpp/extension.cc [for tool]; 3s processwrapper-sandbox ... (4 actions running)
[2,204 / 2,800] Compiling src/google/protobuf/compiler/cpp/extension.cc [for tool]; 4s processwrapper-sandbox ... (4 actions, 3 running)
[2,205 / 2,800] Compiling src/google/protobuf/compiler/cpp/extension.cc [for tool]; 6s processwrapper-sandbox ... (4 actions running)
INFO: From Compiling src/google/protobuf/compiler/cpp/extension.cc [for tool]:
In file included from bazel-out/k8-opt-exec-ST-d57f47055a04/bin/external/protobuf+/src/google/protobuf/compiler/cpp/_virtual_includes/cpp/google/protobuf/compiler/cpp/extension.h:19,
                 from external/protobuf+/src/google/protobuf/compiler/cpp/extension.cc:12:
bazel-out/k8-opt-exec-ST-d57f47055a04/bin/external/protobuf+/src/google/protobuf/compiler/cpp/_virtual_includes/names_internal/google/protobuf/compiler/cpp/helpers.h: In function 'bool google::protobuf::compiler::cpp::IsWeak(const google::protobuf::FieldDescriptor*, const Options&)':
bazel-out/k8-opt-exec-ST-d57f47055a04/bin/external/protobuf+/src/google/protobuf/compiler/cpp/_virtual_includes/names_internal/google/protobuf/compiler/cpp/helpers.h:359:28: warning: 'bool google::protobuf::FieldOptions::weak() const' is deprecated [-Wdeprecated-declarations]
  359 |   if (field->options().weak()) {
      |       ~~~~~~~~~~~~~~~~~~~~~^~
In file included from bazel-out/k8-opt-exec-ST-d57f47055a04/bin/external/protobuf+/src/google/protobuf/compiler/_virtual_includes/code_generator_lite/google/protobuf/compiler/code_generator_lite.h:18,
                 from bazel-out/k8-opt-exec-ST-d57f47055a04/bin/external/protobuf+/src/google/protobuf/compiler/_virtual_includes/code_generator/google/protobuf/compiler/code_generator.h:25,
                 from bazel-out/k8-opt-exec-ST-d57f47055a04/bin/external/protobuf+/src/google/protobuf/compiler/cpp/_virtual_includes/names_internal/google/protobuf/compiler/cpp/helpers.h:30:
bazel-out/k8-opt-exec-ST-d57f47055a04/bin/external/protobuf+/src/google/protobuf/_virtual_includes/protobuf/google/protobuf/descriptor.pb.h:19782:13: note: declared here
19782 | inline bool FieldOptions::weak() const {
      |             ^~~~~~~~~~~~
[2,207 / 2,800] Compiling src/google/protobuf/compiler/objectivec/message.cc [for tool]; 6s processwrapper-sandbox ... (4 actions, 3 running)
[2,208 / 2,800] Compiling src/google/protobuf/compiler/rust/enum.cc [for tool]; 4s processwrapper-sandbox ... (4 actions running)
[2,209 / 2,800] Compiling src/google/protobuf/compiler/cpp/field.cc [for tool]; 4s processwrapper-sandbox ... (4 actions running)
INFO: From Compiling src/google/protobuf/compiler/cpp/field.cc [for tool]:
In file included from bazel-out/k8-opt-exec-ST-d57f47055a04/bin/external/protobuf+/src/google/protobuf/compiler/cpp/_virtual_includes/cpp/google/protobuf/compiler/cpp/field.h:26,
                 from external/protobuf+/src/google/protobuf/compiler/cpp/field.cc:12:
bazel-out/k8-opt-exec-ST-d57f47055a04/bin/external/protobuf+/src/google/protobuf/compiler/cpp/_virtual_includes/names_internal/google/protobuf/compiler/cpp/helpers.h: In function 'bool google::protobuf::compiler::cpp::IsWeak(const google::protobuf::FieldDescriptor*, const Options&)':
bazel-out/k8-opt-exec-ST-d57f47055a04/bin/external/protobuf+/src/google/protobuf/compiler/cpp/_virtual_includes/names_internal/google/protobuf/compiler/cpp/helpers.h:359:28: warning: 'bool google::protobuf::FieldOptions::weak() const' is deprecated [-Wdeprecated-declarations]
  359 |   if (field->options().weak()) {
      |       ~~~~~~~~~~~~~~~~~~~~~^~
In file included from bazel-out/k8-opt-exec-ST-d57f47055a04/bin/external/protobuf+/src/google/protobuf/compiler/_virtual_includes/code_generator_lite/google/protobuf/compiler/code_generator_lite.h:18,
                 from bazel-out/k8-opt-exec-ST-d57f47055a04/bin/external/protobuf+/src/google/protobuf/compiler/_virtual_includes/code_generator/google/protobuf/compiler/code_generator.h:25,
                 from bazel-out/k8-opt-exec-ST-d57f47055a04/bin/external/protobuf+/src/google/protobuf/compiler/cpp/_virtual_includes/names_internal/google/protobuf/compiler/cpp/helpers.h:30:
bazel-out/k8-opt-exec-ST-d57f47055a04/bin/external/protobuf+/src/google/protobuf/_virtual_includes/protobuf/google/protobuf/descriptor.pb.h:19782:13: note: declared here
19782 | inline bool FieldOptions::weak() const {
      |             ^~~~~~~~~~~~
[2,210 / 2,800] Compiling src/google/protobuf/compiler/objectivec/enum_field.cc [for tool]; 4s processwrapper-sandbox ... (4 actions, 3 running)
[2,212 / 2,800] Compiling src/google/protobuf/compiler/rust/message.cc [for tool]; 3s processwrapper-sandbox ... (4 actions, 3 running)
[2,212 / 2,800] Compiling src/google/protobuf/compiler/rust/message.cc [for tool]; 5s processwrapper-sandbox ... (4 actions running)
INFO: From Compiling src/google/protobuf/compiler/cpp/field_chunk.cc [for tool]:
In file included from bazel-out/k8-opt-exec-ST-d57f47055a04/bin/external/protobuf+/src/google/protobuf/compiler/cpp/_virtual_includes/cpp/google/protobuf/compiler/cpp/field_chunk.h:10,
                 from external/protobuf+/src/google/protobuf/compiler/cpp/field_chunk.cc:1:
bazel-out/k8-opt-exec-ST-d57f47055a04/bin/external/protobuf+/src/google/protobuf/compiler/cpp/_virtual_includes/names_internal/google/protobuf/compiler/cpp/helpers.h: In function 'bool google::protobuf::compiler::cpp::IsWeak(const google::protobuf::FieldDescriptor*, const Options&)':
bazel-out/k8-opt-exec-ST-d57f47055a04/bin/external/protobuf+/src/google/protobuf/compiler/cpp/_virtual_includes/names_internal/google/protobuf/compiler/cpp/helpers.h:359:28: warning: 'bool google::protobuf::FieldOptions::weak() const' is deprecated [-Wdeprecated-declarations]
  359 |   if (field->options().weak()) {
      |       ~~~~~~~~~~~~~~~~~~~~~^~
In file included from bazel-out/k8-opt-exec-ST-d57f47055a04/bin/external/protobuf+/src/google/protobuf/compiler/_virtual_includes/code_generator_lite/google/protobuf/compiler/code_generator_lite.h:18,
                 from bazel-out/k8-opt-exec-ST-d57f47055a04/bin/external/protobuf+/src/google/protobuf/compiler/_virtual_includes/code_generator/google/protobuf/compiler/code_generator.h:25,
                 from bazel-out/k8-opt-exec-ST-d57f47055a04/bin/external/protobuf+/src/google/protobuf/compiler/cpp/_virtual_includes/names_internal/google/protobuf/compiler/cpp/helpers.h:30:
bazel-out/k8-opt-exec-ST-d57f47055a04/bin/external/protobuf+/src/google/protobuf/_virtual_includes/protobuf/google/protobuf/descriptor.pb.h:19782:13: note: declared here
19782 | inline bool FieldOptions::weak() const {
      |             ^~~~~~~~~~~~
INFO: From Compiling src/google/protobuf/compiler/rust/message.cc [for tool]:
In file included from external/protobuf+/src/google/protobuf/compiler/rust/message.cc:20:
bazel-out/k8-opt-exec-ST-d57f47055a04/bin/external/protobuf+/src/google/protobuf/compiler/cpp/_virtual_includes/names_internal/google/protobuf/compiler/cpp/helpers.h: In function 'bool google::protobuf::compiler::cpp::IsWeak(const google::protobuf::FieldDescriptor*, const Options&)':
bazel-out/k8-opt-exec-ST-d57f47055a04/bin/external/protobuf+/src/google/protobuf/compiler/cpp/_virtual_includes/names_internal/google/protobuf/compiler/cpp/helpers.h:359:28: warning: 'bool google::protobuf::FieldOptions::weak() const' is deprecated [-Wdeprecated-declarations]
  359 |   if (field->options().weak()) {
      |       ~~~~~~~~~~~~~~~~~~~~~^~
In file included from bazel-out/k8-opt-exec-ST-d57f47055a04/bin/external/protobuf+/src/google/protobuf/compiler/_virtual_includes/code_generator_lite/google/protobuf/compiler/code_generator_lite.h:18,
                 from bazel-out/k8-opt-exec-ST-d57f47055a04/bin/external/protobuf+/src/google/protobuf/compiler/_virtual_includes/code_generator/google/protobuf/compiler/code_generator.h:25,
                 from bazel-out/k8-opt-exec-ST-d57f47055a04/bin/external/protobuf+/src/google/protobuf/compiler/cpp/_virtual_includes/names_internal/google/protobuf/compiler/cpp/helpers.h:30:
bazel-out/k8-opt-exec-ST-d57f47055a04/bin/external/protobuf+/src/google/protobuf/_virtual_includes/protobuf/google/protobuf/descriptor.pb.h:19782:13: note: declared here
19782 | inline bool FieldOptions::weak() const {
      |             ^~~~~~~~~~~~
[2,214 / 2,800] Compiling src/google/protobuf/compiler/objectivec/import_writer.cc [for tool]; 3s processwrapper-sandbox ... (4 actions, 3 running)
[2,215 / 2,800] Compiling src/google/protobuf/compiler/objectivec/extension.cc [for tool]; 4s processwrapper-sandbox ... (4 actions running)
[2,216 / 2,800] Compiling src/google/protobuf/compiler/cpp/field_generators/cord_field.cc [for tool]; 3s processwrapper-sandbox ... (4 actions running)
[2,217 / 2,800] Compiling src/google/protobuf/compiler/cpp/field_generators/cord_field.cc [for tool]; 4s processwrapper-sandbox ... (4 actions, 3 running)
INFO: From Compiling src/google/protobuf/compiler/cpp/field_generators/cord_field.cc [for tool]:
In file included from bazel-out/k8-opt-exec-ST-d57f47055a04/bin/external/protobuf+/src/google/protobuf/compiler/cpp/_virtual_includes/cpp/google/protobuf/compiler/cpp/field.h:26,
                 from external/protobuf+/src/google/protobuf/compiler/cpp/field_generators/cord_field.cc:23:
bazel-out/k8-opt-exec-ST-d57f47055a04/bin/external/protobuf+/src/google/protobuf/compiler/cpp/_virtual_includes/names_internal/google/protobuf/compiler/cpp/helpers.h: In function 'bool google::protobuf::compiler::cpp::IsWeak(const google::protobuf::FieldDescriptor*, const Options&)':
bazel-out/k8-opt-exec-ST-d57f47055a04/bin/external/protobuf+/src/google/protobuf/compiler/cpp/_virtual_includes/names_internal/google/protobuf/compiler/cpp/helpers.h:359:28: warning: 'bool google::protobuf::FieldOptions::weak() const' is deprecated [-Wdeprecated-declarations]
  359 |   if (field->options().weak()) {
      |       ~~~~~~~~~~~~~~~~~~~~~^~
In file included from bazel-out/k8-opt-exec-ST-d57f47055a04/bin/external/protobuf+/src/google/protobuf/compiler/_virtual_includes/code_generator_lite/google/protobuf/compiler/code_generator_lite.h:18,
                 from bazel-out/k8-opt-exec-ST-d57f47055a04/bin/external/protobuf+/src/google/protobuf/compiler/_virtual_includes/code_generator/google/protobuf/compiler/code_generator.h:25,
                 from bazel-out/k8-opt-exec-ST-d57f47055a04/bin/external/protobuf+/src/google/protobuf/compiler/cpp/_virtual_includes/names_internal/google/protobuf/compiler/cpp/helpers.h:30:
bazel-out/k8-opt-exec-ST-d57f47055a04/bin/external/protobuf+/src/google/protobuf/_virtual_includes/protobuf/google/protobuf/descriptor.pb.h:19782:13: note: declared here
19782 | inline bool FieldOptions::weak() const {
      |             ^~~~~~~~~~~~
[2,219 / 2,800] Compiling src/google/protobuf/compiler/objectivec/field.cc [for tool]; 3s processwrapper-sandbox ... (4 actions, 3 running)
[2,219 / 2,800] Compiling src/google/protobuf/compiler/objectivec/field.cc [for tool]; 4s processwrapper-sandbox ... (4 actions running)
[2,220 / 2,800] Compiling upb_generator/minitable/generator.cc [for tool]; 4s processwrapper-sandbox ... (4 actions, 3 running)
[2,222 / 2,801] Compiling src/google/protobuf/compiler/cpp/field_generators/enum_field.cc [for tool]; 3s processwrapper-sandbox ... (4 actions, 3 running)
[2,222 / 2,801] Compiling src/google/protobuf/compiler/cpp/field_generators/enum_field.cc [for tool]; 5s processwrapper-sandbox ... (4 actions running)
INFO: From Compiling src/google/protobuf/compiler/cpp/field_generators/enum_field.cc [for tool]:
In file included from bazel-out/k8-opt-exec-ST-d57f47055a04/bin/external/protobuf+/src/google/protobuf/compiler/cpp/_virtual_includes/cpp/google/protobuf/compiler/cpp/field.h:26,
                 from external/protobuf+/src/google/protobuf/compiler/cpp/field_generators/enum_field.cc:20:
bazel-out/k8-opt-exec-ST-d57f47055a04/bin/external/protobuf+/src/google/protobuf/compiler/cpp/_virtual_includes/names_internal/google/protobuf/compiler/cpp/helpers.h: In function 'bool google::protobuf::compiler::cpp::IsWeak(const google::protobuf::FieldDescriptor*, const Options&)':
bazel-out/k8-opt-exec-ST-d57f47055a04/bin/external/protobuf+/src/google/protobuf/compiler/cpp/_virtual_includes/names_internal/google/protobuf/compiler/cpp/helpers.h:359:28: warning: 'bool google::protobuf::FieldOptions::weak() const' is deprecated [-Wdeprecated-declarations]
  359 |   if (field->options().weak()) {
      |       ~~~~~~~~~~~~~~~~~~~~~^~
In file included from bazel-out/k8-opt-exec-ST-d57f47055a04/bin/external/protobuf+/src/google/protobuf/compiler/_virtual_includes/code_generator_lite/google/protobuf/compiler/code_generator_lite.h:18,
                 from bazel-out/k8-opt-exec-ST-d57f47055a04/bin/external/protobuf+/src/google/protobuf/compiler/_virtual_includes/code_generator/google/protobuf/compiler/code_generator.h:25,
                 from bazel-out/k8-opt-exec-ST-d57f47055a04/bin/external/protobuf+/src/google/protobuf/compiler/cpp/_virtual_includes/names_internal/google/protobuf/compiler/cpp/helpers.h:30:
bazel-out/k8-opt-exec-ST-d57f47055a04/bin/external/protobuf+/src/google/protobuf/_virtual_includes/protobuf/google/protobuf/descriptor.pb.h:19782:13: note: declared here
19782 | inline bool FieldOptions::weak() const {
      |             ^~~~~~~~~~~~
[2,224 / 2,801] Compiling src/google/protobuf/compiler/objectivec/file.cc [for tool]; 3s processwrapper-sandbox ... (4 actions, 3 running)
[2,224 / 2,801] Compiling src/google/protobuf/compiler/objectivec/file.cc [for tool]; 5s processwrapper-sandbox ... (4 actions running)
[2,225 / 2,801] Compiling src/google/protobuf/compiler/cpp/helpers.cc [for tool]; 6s processwrapper-sandbox ... (4 actions, 3 running)
[2,230 / 2,801] Compiling src/google/protobuf/compiler/cpp/helpers.cc [for tool]; 7s processwrapper-sandbox ... (4 actions, 3 running)
INFO: From Compiling src/google/protobuf/compiler/cpp/field_generators/map_field.cc [for tool]:
In file included from bazel-out/k8-opt-exec-ST-d57f47055a04/bin/external/protobuf+/src/google/protobuf/compiler/cpp/_virtual_includes/cpp/google/protobuf/compiler/cpp/field.h:26,
                 from external/protobuf+/src/google/protobuf/compiler/cpp/field_generators/map_field.cc:19:
bazel-out/k8-opt-exec-ST-d57f47055a04/bin/external/protobuf+/src/google/protobuf/compiler/cpp/_virtual_includes/names_internal/google/protobuf/compiler/cpp/helpers.h: In function 'bool google::protobuf::compiler::cpp::IsWeak(const google::protobuf::FieldDescriptor*, const Options&)':
bazel-out/k8-opt-exec-ST-d57f47055a04/bin/external/protobuf+/src/google/protobuf/compiler/cpp/_virtual_includes/names_internal/google/protobuf/compiler/cpp/helpers.h:359:28: warning: 'bool google::protobuf::FieldOptions::weak() const' is deprecated [-Wdeprecated-declarations]
  359 |   if (field->options().weak()) {
      |       ~~~~~~~~~~~~~~~~~~~~~^~
In file included from bazel-out/k8-opt-exec-ST-d57f47055a04/bin/external/protobuf+/src/google/protobuf/compiler/_virtual_includes/code_generator_lite/google/protobuf/compiler/code_generator_lite.h:18,
                 from bazel-out/k8-opt-exec-ST-d57f47055a04/bin/external/protobuf+/src/google/protobuf/compiler/_virtual_includes/code_generator/google/protobuf/compiler/code_generator.h:25,
                 from bazel-out/k8-opt-exec-ST-d57f47055a04/bin/external/protobuf+/src/google/protobuf/compiler/cpp/_virtual_includes/names_internal/google/protobuf/compiler/cpp/helpers.h:30:
bazel-out/k8-opt-exec-ST-d57f47055a04/bin/external/protobuf+/src/google/protobuf/_virtual_includes/protobuf/google/protobuf/descriptor.pb.h:19782:13: note: declared here
19782 | inline bool FieldOptions::weak() const {
      |             ^~~~~~~~~~~~
[2,234 / 2,801] Compiling src/google/protobuf/compiler/cpp/helpers.cc [for tool]; 8s processwrapper-sandbox ... (4 actions, 3 running)
[2,238 / 2,801] Compiling src/google/protobuf/compiler/cpp/helpers.cc [for tool]; 10s processwrapper-sandbox ... (4 actions running)
INFO: From Compiling src/google/protobuf/compiler/cpp/helpers.cc [for tool]:
In file included from external/protobuf+/src/google/protobuf/compiler/cpp/helpers.cc:12:
bazel-out/k8-opt-exec-ST-d57f47055a04/bin/external/protobuf+/src/google/protobuf/compiler/cpp/_virtual_includes/names_internal/google/protobuf/compiler/cpp/helpers.h: In function 'bool google::protobuf::compiler::cpp::IsWeak(const google::protobuf::FieldDescriptor*, const Options&)':
bazel-out/k8-opt-exec-ST-d57f47055a04/bin/external/protobuf+/src/google/protobuf/compiler/cpp/_virtual_includes/names_internal/google/protobuf/compiler/cpp/helpers.h:359:28: warning: 'bool google::protobuf::FieldOptions::weak() const' is deprecated [-Wdeprecated-declarations]
  359 |   if (field->options().weak()) {
      |       ~~~~~~~~~~~~~~~~~~~~~^~
In file included from bazel-out/k8-opt-exec-ST-d57f47055a04/bin/external/protobuf+/src/google/protobuf/compiler/_virtual_includes/code_generator_lite/google/protobuf/compiler/code_generator_lite.h:18,
                 from bazel-out/k8-opt-exec-ST-d57f47055a04/bin/external/protobuf+/src/google/protobuf/compiler/_virtual_includes/code_generator/google/protobuf/compiler/code_generator.h:25,
                 from bazel-out/k8-opt-exec-ST-d57f47055a04/bin/external/protobuf+/src/google/protobuf/compiler/cpp/_virtual_includes/names_internal/google/protobuf/compiler/cpp/helpers.h:30:
bazel-out/k8-opt-exec-ST-d57f47055a04/bin/external/protobuf+/src/google/protobuf/_virtual_includes/protobuf/google/protobuf/descriptor.pb.h:19782:13: note: declared here
19782 | inline bool FieldOptions::weak() const {
      |             ^~~~~~~~~~~~
external/protobuf+/src/google/protobuf/compiler/cpp/helpers.cc: In member function 'google::protobuf::compiler::cpp::MessageAnalysis google::protobuf::compiler::cpp::MessageSCCAnalyzer::GetSCCAnalysis(const google::protobuf::compiler::SCC*)':
external/protobuf+/src/google/protobuf/compiler/cpp/helpers.cc:1736:32: warning: 'bool google::protobuf::FieldOptions::weak() const' is deprecated [-Wdeprecated-declarations]
 1736 |       if (field->options().weak()) {
      |           ~~~~~~~~~~~~~~~~~~~~~^~
bazel-out/k8-opt-exec-ST-d57f47055a04/bin/external/protobuf+/src/google/protobuf/_virtual_includes/protobuf/google/protobuf/descriptor.pb.h:19782:13: note: declared here
19782 | inline bool FieldOptions::weak() const {
      |             ^~~~~~~~~~~~
[2,242 / 2,801] Compiling src/google/protobuf/compiler/cpp/field_generators/message_field.cc [for tool]; 3s processwrapper-sandbox ... (4 actions, 3 running)
[2,246 / 2,801] Compiling src/google/protobuf/compiler/cpp/field_generators/message_field.cc [for tool]; 4s processwrapper-sandbox ... (4 actions, 3 running)
[2,249 / 2,801] Compiling src/google/protobuf/compiler/cpp/field_generators/message_field.cc [for tool]; 6s processwrapper-sandbox ... (4 actions running)
INFO: From Compiling src/google/protobuf/compiler/cpp/field_generators/message_field.cc [for tool]:
In file included from bazel-out/k8-opt-exec-ST-d57f47055a04/bin/external/protobuf+/src/google/protobuf/compiler/cpp/_virtual_includes/cpp/google/protobuf/compiler/cpp/field.h:26,
                 from external/protobuf+/src/google/protobuf/compiler/cpp/field_generators/message_field.cc:21:
bazel-out/k8-opt-exec-ST-d57f47055a04/bin/external/protobuf+/src/google/protobuf/compiler/cpp/_virtual_includes/names_internal/google/protobuf/compiler/cpp/helpers.h: In function 'bool google::protobuf::compiler::cpp::IsWeak(const google::protobuf::FieldDescriptor*, const Options&)':
bazel-out/k8-opt-exec-ST-d57f47055a04/bin/external/protobuf+/src/google/protobuf/compiler/cpp/_virtual_includes/names_internal/google/protobuf/compiler/cpp/helpers.h:359:28: warning: 'bool google::protobuf::FieldOptions::weak() const' is deprecated [-Wdeprecated-declarations]
  359 |   if (field->options().weak()) {
      |       ~~~~~~~~~~~~~~~~~~~~~^~
In file included from bazel-out/k8-opt-exec-ST-d57f47055a04/bin/external/protobuf+/src/google/protobuf/compiler/_virtual_includes/code_generator_lite/google/protobuf/compiler/code_generator_lite.h:18,
                 from bazel-out/k8-opt-exec-ST-d57f47055a04/bin/external/protobuf+/src/google/protobuf/compiler/_virtual_includes/code_generator/google/protobuf/compiler/code_generator.h:25,
                 from bazel-out/k8-opt-exec-ST-d57f47055a04/bin/external/protobuf+/src/google/protobuf/compiler/cpp/_virtual_includes/names_internal/google/protobuf/compiler/cpp/helpers.h:30:
bazel-out/k8-opt-exec-ST-d57f47055a04/bin/external/protobuf+/src/google/protobuf/_virtual_includes/protobuf/google/protobuf/descriptor.pb.h:19782:13: note: declared here
19782 | inline bool FieldOptions::weak() const {
      |             ^~~~~~~~~~~~
INFO: From Compiling src/google/protobuf/compiler/cpp/tracker.cc [for tool]:
In file included from external/protobuf+/src/google/protobuf/compiler/cpp/tracker.cc:20:
bazel-out/k8-opt-exec-ST-d57f47055a04/bin/external/protobuf+/src/google/protobuf/compiler/cpp/_virtual_includes/names_internal/google/protobuf/compiler/cpp/helpers.h: In function 'bool google::protobuf::compiler::cpp::IsWeak(const google::protobuf::FieldDescriptor*, const Options&)':
bazel-out/k8-opt-exec-ST-d57f47055a04/bin/external/protobuf+/src/google/protobuf/compiler/cpp/_virtual_includes/names_internal/google/protobuf/compiler/cpp/helpers.h:359:28: warning: 'bool google::protobuf::FieldOptions::weak() const' is deprecated [-Wdeprecated-declarations]
  359 |   if (field->options().weak()) {
      |       ~~~~~~~~~~~~~~~~~~~~~^~
In file included from bazel-out/k8-opt-exec-ST-d57f47055a04/bin/external/protobuf+/src/google/protobuf/compiler/_virtual_includes/code_generator_lite/google/protobuf/compiler/code_generator_lite.h:18,
                 from bazel-out/k8-opt-exec-ST-d57f47055a04/bin/external/protobuf+/src/google/protobuf/compiler/_virtual_includes/code_generator/google/protobuf/compiler/code_generator.h:25,
                 from bazel-out/k8-opt-exec-ST-d57f47055a04/bin/external/protobuf+/src/google/protobuf/compiler/cpp/_virtual_includes/names_internal/google/protobuf/compiler/cpp/helpers.h:30:
bazel-out/k8-opt-exec-ST-d57f47055a04/bin/external/protobuf+/src/google/protobuf/_virtual_includes/protobuf/google/protobuf/descriptor.pb.h:19782:13: note: declared here
19782 | inline bool FieldOptions::weak() const {
      |             ^~~~~~~~~~~~
[2,252 / 2,801] Compiling src/google/protobuf/compiler/rust/generator.cc [for tool]; 3s processwrapper-sandbox ... (4 actions running)
[2,253 / 2,801] Compiling src/google/protobuf/compiler/rust/generator.cc [for tool]; 4s processwrapper-sandbox ... (4 actions running)
[2,254 / 2,801] Compiling src/google/protobuf/compiler/cpp/field_generators/primitive_field.cc [for tool]; 4s processwrapper-sandbox ... (4 actions, 3 running)
INFO: From Compiling src/google/protobuf/compiler/cpp/service.cc [for tool]:
In file included from external/protobuf+/src/google/protobuf/compiler/cpp/service.cc:17:
bazel-out/k8-opt-exec-ST-d57f47055a04/bin/external/protobuf+/src/google/protobuf/compiler/cpp/_virtual_includes/names_internal/google/protobuf/compiler/cpp/helpers.h: In function 'bool google::protobuf::compiler::cpp::IsWeak(const google::protobuf::FieldDescriptor*, const Options&)':
bazel-out/k8-opt-exec-ST-d57f47055a04/bin/external/protobuf+/src/google/protobuf/compiler/cpp/_virtual_includes/names_internal/google/protobuf/compiler/cpp/helpers.h:359:28: warning: 'bool google::protobuf::FieldOptions::weak() const' is deprecated [-Wdeprecated-declarations]
  359 |   if (field->options().weak()) {
      |       ~~~~~~~~~~~~~~~~~~~~~^~
In file included from bazel-out/k8-opt-exec-ST-d57f47055a04/bin/external/protobuf+/src/google/protobuf/compiler/_virtual_includes/code_generator_lite/google/protobuf/compiler/code_generator_lite.h:18,
                 from bazel-out/k8-opt-exec-ST-d57f47055a04/bin/external/protobuf+/src/google/protobuf/compiler/_virtual_includes/code_generator/google/protobuf/compiler/code_generator.h:25,
                 from bazel-out/k8-opt-exec-ST-d57f47055a04/bin/external/protobuf+/src/google/protobuf/compiler/cpp/_virtual_includes/names_internal/google/protobuf/compiler/cpp/helpers.h:30:
bazel-out/k8-opt-exec-ST-d57f47055a04/bin/external/protobuf+/src/google/protobuf/_virtual_includes/protobuf/google/protobuf/descriptor.pb.h:19782:13: note: declared here
19782 | inline bool FieldOptions::weak() const {
      |             ^~~~~~~~~~~~
INFO: From Compiling src/google/protobuf/compiler/cpp/field_generators/primitive_field.cc [for tool]:
In file included from bazel-out/k8-opt-exec-ST-d57f47055a04/bin/external/protobuf+/src/google/protobuf/compiler/cpp/_virtual_includes/cpp/google/protobuf/compiler/cpp/field.h:26,
                 from external/protobuf+/src/google/protobuf/compiler/cpp/field_generators/primitive_field.cc:22:
bazel-out/k8-opt-exec-ST-d57f47055a04/bin/external/protobuf+/src/google/protobuf/compiler/cpp/_virtual_includes/names_internal/google/protobuf/compiler/cpp/helpers.h: In function 'bool google::protobuf::compiler::cpp::IsWeak(const google::protobuf::FieldDescriptor*, const Options&)':
bazel-out/k8-opt-exec-ST-d57f47055a04/bin/external/protobuf+/src/google/protobuf/compiler/cpp/_virtual_includes/names_internal/google/protobuf/compiler/cpp/helpers.h:359:28: warning: 'bool google::protobuf::FieldOptions::weak() const' is deprecated [-Wdeprecated-declarations]
  359 |   if (field->options().weak()) {
      |       ~~~~~~~~~~~~~~~~~~~~~^~
In file included from bazel-out/k8-opt-exec-ST-d57f47055a04/bin/external/protobuf+/src/google/protobuf/compiler/_virtual_includes/code_generator_lite/google/protobuf/compiler/code_generator_lite.h:18,
                 from bazel-out/k8-opt-exec-ST-d57f47055a04/bin/external/protobuf+/src/google/protobuf/compiler/_virtual_includes/code_generator/google/protobuf/compiler/code_generator.h:25,
                 from bazel-out/k8-opt-exec-ST-d57f47055a04/bin/external/protobuf+/src/google/protobuf/compiler/cpp/_virtual_includes/names_internal/google/protobuf/compiler/cpp/helpers.h:30:
bazel-out/k8-opt-exec-ST-d57f47055a04/bin/external/protobuf+/src/google/protobuf/_virtual_includes/protobuf/google/protobuf/descriptor.pb.h:19782:13: note: declared here
19782 | inline bool FieldOptions::weak() const {
      |             ^~~~~~~~~~~~
[2,258 / 2,801] Compiling src/google/protobuf/compiler/cpp/parse_function_generator.cc [for tool]; 1s processwrapper-sandbox ... (4 actions, 3 running)
[2,259 / 2,801] Compiling src/google/protobuf/compiler/cpp/parse_function_generator.cc [for tool]; 2s processwrapper-sandbox ... (4 actions running)
[2,260 / 2,801] Compiling src/google/protobuf/compiler/cpp/parse_function_generator.cc [for tool]; 4s processwrapper-sandbox ... (4 actions running)
INFO: From Compiling src/google/protobuf/compiler/cpp/field_generators/string_field.cc [for tool]:
In file included from bazel-out/k8-opt-exec-ST-d57f47055a04/bin/external/protobuf+/src/google/protobuf/compiler/cpp/_virtual_includes/cpp/google/protobuf/compiler/cpp/field.h:26,
                 from external/protobuf+/src/google/protobuf/compiler/cpp/field_generators/string_field.cc:20:
bazel-out/k8-opt-exec-ST-d57f47055a04/bin/external/protobuf+/src/google/protobuf/compiler/cpp/_virtual_includes/names_internal/google/protobuf/compiler/cpp/helpers.h: In function 'bool google::protobuf::compiler::cpp::IsWeak(const google::protobuf::FieldDescriptor*, const Options&)':
bazel-out/k8-opt-exec-ST-d57f47055a04/bin/external/protobuf+/src/google/protobuf/compiler/cpp/_virtual_includes/names_internal/google/protobuf/compiler/cpp/helpers.h:359:28: warning: 'bool google::protobuf::FieldOptions::weak() const' is deprecated [-Wdeprecated-declarations]
  359 |   if (field->options().weak()) {
      |       ~~~~~~~~~~~~~~~~~~~~~^~
In file included from bazel-out/k8-opt-exec-ST-d57f47055a04/bin/external/protobuf+/src/google/protobuf/compiler/_virtual_includes/code_generator_lite/google/protobuf/compiler/code_generator_lite.h:18,
                 from bazel-out/k8-opt-exec-ST-d57f47055a04/bin/external/protobuf+/src/google/protobuf/compiler/_virtual_includes/code_generator/google/protobuf/compiler/code_generator.h:25,
                 from bazel-out/k8-opt-exec-ST-d57f47055a04/bin/external/protobuf+/src/google/protobuf/compiler/cpp/_virtual_includes/names_internal/google/protobuf/compiler/cpp/helpers.h:30:
bazel-out/k8-opt-exec-ST-d57f47055a04/bin/external/protobuf+/src/google/protobuf/_virtual_includes/protobuf/google/protobuf/descriptor.pb.h:19782:13: note: declared here
19782 | inline bool FieldOptions::weak() const {
      |             ^~~~~~~~~~~~
[2,261 / 2,801] Compiling src/google/protobuf/compiler/cpp/parse_function_generator.cc [for tool]; 6s processwrapper-sandbox ... (4 actions, 3 running)
INFO: From Compiling src/google/protobuf/compiler/cpp/parse_function_generator.cc [for tool]:
In file included from bazel-out/k8-opt-exec-ST-d57f47055a04/bin/external/protobuf+/src/google/protobuf/compiler/cpp/_virtual_includes/cpp/google/protobuf/compiler/cpp/parse_function_generator.h:18,
                 from external/protobuf+/src/google/protobuf/compiler/cpp/parse_function_generator.cc:8:
bazel-out/k8-opt-exec-ST-d57f47055a04/bin/external/protobuf+/src/google/protobuf/compiler/cpp/_virtual_includes/names_internal/google/protobuf/compiler/cpp/helpers.h: In function 'bool google::protobuf::compiler::cpp::IsWeak(const google::protobuf::FieldDescriptor*, const Options&)':
bazel-out/k8-opt-exec-ST-d57f47055a04/bin/external/protobuf+/src/google/protobuf/compiler/cpp/_virtual_includes/names_internal/google/protobuf/compiler/cpp/helpers.h:359:28: warning: 'bool google::protobuf::FieldOptions::weak() const' is deprecated [-Wdeprecated-declarations]
  359 |   if (field->options().weak()) {
      |       ~~~~~~~~~~~~~~~~~~~~~^~
In file included from bazel-out/k8-opt-exec-ST-d57f47055a04/bin/external/protobuf+/src/google/protobuf/compiler/_virtual_includes/code_generator_lite/google/protobuf/compiler/code_generator_lite.h:18,
                 from bazel-out/k8-opt-exec-ST-d57f47055a04/bin/external/protobuf+/src/google/protobuf/compiler/_virtual_includes/code_generator/google/protobuf/compiler/code_generator.h:25,
                 from bazel-out/k8-opt-exec-ST-d57f47055a04/bin/external/protobuf+/src/google/protobuf/compiler/cpp/_virtual_includes/names_internal/google/protobuf/compiler/cpp/helpers.h:30:
bazel-out/k8-opt-exec-ST-d57f47055a04/bin/external/protobuf+/src/google/protobuf/_virtual_includes/protobuf/google/protobuf/descriptor.pb.h:19782:13: note: declared here
19782 | inline bool FieldOptions::weak() const {
      |             ^~~~~~~~~~~~
INFO: From Compiling src/google/protobuf/compiler/cpp/message_layout_helper.cc [for tool]:
In file included from bazel-out/k8-opt-exec-ST-d57f47055a04/bin/external/protobuf+/src/google/protobuf/compiler/cpp/_virtual_includes/cpp/google/protobuf/compiler/cpp/message_layout_helper.h:20,
                 from external/protobuf+/src/google/protobuf/compiler/cpp/message_layout_helper.cc:1:
bazel-out/k8-opt-exec-ST-d57f47055a04/bin/external/protobuf+/src/google/protobuf/compiler/cpp/_virtual_includes/names_internal/google/protobuf/compiler/cpp/helpers.h: In function 'bool google::protobuf::compiler::cpp::IsWeak(const google::protobuf::FieldDescriptor*, const Options&)':
bazel-out/k8-opt-exec-ST-d57f47055a04/bin/external/protobuf+/src/google/protobuf/compiler/cpp/_virtual_includes/names_internal/google/protobuf/compiler/cpp/helpers.h:359:28: warning: 'bool google::protobuf::FieldOptions::weak() const' is deprecated [-Wdeprecated-declarations]
  359 |   if (field->options().weak()) {
      |       ~~~~~~~~~~~~~~~~~~~~~^~
In file included from bazel-out/k8-opt-exec-ST-d57f47055a04/bin/external/protobuf+/src/google/protobuf/compiler/_virtual_includes/code_generator_lite/google/protobuf/compiler/code_generator_lite.h:18,
                 from bazel-out/k8-opt-exec-ST-d57f47055a04/bin/external/protobuf+/src/google/protobuf/compiler/_virtual_includes/code_generator/google/protobuf/compiler/code_generator.h:25,
                 from bazel-out/k8-opt-exec-ST-d57f47055a04/bin/external/protobuf+/src/google/protobuf/compiler/cpp/_virtual_includes/names_internal/google/protobuf/compiler/cpp/helpers.h:30:
bazel-out/k8-opt-exec-ST-d57f47055a04/bin/external/protobuf+/src/google/protobuf/_virtual_includes/protobuf/google/protobuf/descriptor.pb.h:19782:13: note: declared here
19782 | inline bool FieldOptions::weak() const {
      |             ^~~~~~~~~~~~
[2,263 / 2,801] GoToolchainBinaryBuild external/rules_go++go_sdk+go_default_sdk/builder [for tool]; 6s processwrapper-sandbox ... (4 actions, 3 running)
[2,263 / 2,801] GoToolchainBinaryBuild external/rules_go++go_sdk+go_default_sdk/builder [for tool]; 7s processwrapper-sandbox ... (4 actions running)
[2,264 / 2,801] GoToolchainBinaryBuild external/rules_go++go_sdk+go_default_sdk/builder [for tool]; 9s processwrapper-sandbox ... (4 actions, 3 running)
[2,264 / 2,801] GoToolchainBinaryBuild external/rules_go++go_sdk+go_default_sdk/builder [for tool]; 10s processwrapper-sandbox ... (4 actions running)
INFO: From Compiling src/google/protobuf/compiler/cpp/field_generators/string_view_field.cc [for tool]:
In file included from bazel-out/k8-opt-exec-ST-d57f47055a04/bin/external/protobuf+/src/google/protobuf/compiler/cpp/_virtual_includes/cpp/google/protobuf/compiler/cpp/field.h:26,
                 from external/protobuf+/src/google/protobuf/compiler/cpp/field_generators/string_view_field.cc:19:
bazel-out/k8-opt-exec-ST-d57f47055a04/bin/external/protobuf+/src/google/protobuf/compiler/cpp/_virtual_includes/names_internal/google/protobuf/compiler/cpp/helpers.h: In function 'bool google::protobuf::compiler::cpp::IsWeak(const google::protobuf::FieldDescriptor*, const Options&)':
bazel-out/k8-opt-exec-ST-d57f47055a04/bin/external/protobuf+/src/google/protobuf/compiler/cpp/_virtual_includes/names_internal/google/protobuf/compiler/cpp/helpers.h:359:28: warning: 'bool google::protobuf::FieldOptions::weak() const' is deprecated [-Wdeprecated-declarations]
  359 |   if (field->options().weak()) {
      |       ~~~~~~~~~~~~~~~~~~~~~^~
In file included from bazel-out/k8-opt-exec-ST-d57f47055a04/bin/external/protobuf+/src/google/protobuf/compiler/_virtual_includes/code_generator_lite/google/protobuf/compiler/code_generator_lite.h:18,
                 from bazel-out/k8-opt-exec-ST-d57f47055a04/bin/external/protobuf+/src/google/protobuf/compiler/_virtual_includes/code_generator/google/protobuf/compiler/code_generator.h:25,
                 from bazel-out/k8-opt-exec-ST-d57f47055a04/bin/external/protobuf+/src/google/protobuf/compiler/cpp/_virtual_includes/names_internal/google/protobuf/compiler/cpp/helpers.h:30:
bazel-out/k8-opt-exec-ST-d57f47055a04/bin/external/protobuf+/src/google/protobuf/_virtual_includes/protobuf/google/protobuf/descriptor.pb.h:19782:13: note: declared here
19782 | inline bool FieldOptions::weak() const {
      |             ^~~~~~~~~~~~
[2,265 / 2,801] GoToolchainBinaryBuild external/rules_go++go_sdk+go_default_sdk/builder [for tool]; 11s processwrapper-sandbox ... (4 actions running)
INFO: From Compiling src/google/protobuf/compiler/cpp/generator.cc [for tool]:
In file included from bazel-out/k8-opt-exec-ST-d57f47055a04/bin/external/protobuf+/src/google/protobuf/compiler/cpp/_virtual_includes/cpp/google/protobuf/compiler/cpp/extension.h:19,
                 from bazel-out/k8-opt-exec-ST-d57f47055a04/bin/external/protobuf+/src/google/protobuf/compiler/cpp/_virtual_includes/cpp/google/protobuf/compiler/cpp/file.h:26,
                 from external/protobuf+/src/google/protobuf/compiler/cpp/generator.cc:31:
bazel-out/k8-opt-exec-ST-d57f47055a04/bin/external/protobuf+/src/google/protobuf/compiler/cpp/_virtual_includes/names_internal/google/protobuf/compiler/cpp/helpers.h: In function 'bool google::protobuf::compiler::cpp::IsWeak(const google::protobuf::FieldDescriptor*, const Options&)':
bazel-out/k8-opt-exec-ST-d57f47055a04/bin/external/protobuf+/src/google/protobuf/compiler/cpp/_virtual_includes/names_internal/google/protobuf/compiler/cpp/helpers.h:359:28: warning: 'bool google::protobuf::FieldOptions::weak() const' is deprecated [-Wdeprecated-declarations]
  359 |   if (field->options().weak()) {
      |       ~~~~~~~~~~~~~~~~~~~~~^~
In file included from bazel-out/k8-opt-exec-ST-d57f47055a04/bin/external/protobuf+/src/google/protobuf/compiler/_virtual_includes/code_generator_lite/google/protobuf/compiler/code_generator_lite.h:18,
                 from bazel-out/k8-opt-exec-ST-d57f47055a04/bin/external/protobuf+/src/google/protobuf/compiler/_virtual_includes/code_generator/google/protobuf/compiler/code_generator.h:25,
                 from bazel-out/k8-opt-exec-ST-d57f47055a04/bin/external/protobuf+/src/google/protobuf/compiler/cpp/_virtual_includes/cpp/google/protobuf/compiler/cpp/generator.h:24,
                 from external/protobuf+/src/google/protobuf/compiler/cpp/generator.cc:12:
bazel-out/k8-opt-exec-ST-d57f47055a04/bin/external/protobuf+/src/google/protobuf/_virtual_includes/protobuf/google/protobuf/descriptor.pb.h:19782:13: note: declared here
19782 | inline bool FieldOptions::weak() const {
      |             ^~~~~~~~~~~~
[2,266 / 2,801] GoToolchainBinaryBuild external/rules_go++go_sdk+go_default_sdk/builder [for tool]; 14s processwrapper-sandbox ... (3 actions running)
[2,267 / 2,801] Compiling src/google/protobuf/compiler/cpp/message.cc [for tool]; 15s processwrapper-sandbox ... (4 actions, 2 running)
[2,270 / 2,801] Compiling src/google/protobuf/compiler/cpp/message.cc [for tool]; 17s processwrapper-sandbox ... (4 actions running)
INFO: From Compiling src/google/protobuf/compiler/cpp/message.cc [for tool]:
In file included from bazel-out/k8-opt-exec-ST-d57f47055a04/bin/external/protobuf+/src/google/protobuf/compiler/cpp/_virtual_includes/cpp/google/protobuf/compiler/cpp/extension.h:19,
                 from bazel-out/k8-opt-exec-ST-d57f47055a04/bin/external/protobuf+/src/google/protobuf/compiler/cpp/_virtual_includes/cpp/google/protobuf/compiler/cpp/message.h:25,
                 from external/protobuf+/src/google/protobuf/compiler/cpp/message.cc:12:
bazel-out/k8-opt-exec-ST-d57f47055a04/bin/external/protobuf+/src/google/protobuf/compiler/cpp/_virtual_includes/names_internal/google/protobuf/compiler/cpp/helpers.h: In function 'bool google::protobuf::compiler::cpp::IsWeak(const google::protobuf::FieldDescriptor*, const Options&)':
bazel-out/k8-opt-exec-ST-d57f47055a04/bin/external/protobuf+/src/google/protobuf/compiler/cpp/_virtual_includes/names_internal/google/protobuf/compiler/cpp/helpers.h:359:28: warning: 'bool google::protobuf::FieldOptions::weak() const' is deprecated [-Wdeprecated-declarations]
  359 |   if (field->options().weak()) {
      |       ~~~~~~~~~~~~~~~~~~~~~^~
In file included from bazel-out/k8-opt-exec-ST-d57f47055a04/bin/external/protobuf+/src/google/protobuf/compiler/_virtual_includes/code_generator_lite/google/protobuf/compiler/code_generator_lite.h:18,
                 from bazel-out/k8-opt-exec-ST-d57f47055a04/bin/external/protobuf+/src/google/protobuf/compiler/_virtual_includes/code_generator/google/protobuf/compiler/code_generator.h:25,
                 from bazel-out/k8-opt-exec-ST-d57f47055a04/bin/external/protobuf+/src/google/protobuf/compiler/cpp/_virtual_includes/names_internal/google/protobuf/compiler/cpp/helpers.h:30:
bazel-out/k8-opt-exec-ST-d57f47055a04/bin/external/protobuf+/src/google/protobuf/_virtual_includes/protobuf/google/protobuf/descriptor.pb.h:19782:13: note: declared here
19782 | inline bool FieldOptions::weak() const {
      |             ^~~~~~~~~~~~
external/protobuf+/src/google/protobuf/compiler/cpp/message.cc: In function 'void google::protobuf::compiler::cpp::{anonymous}::PrintPresenceCheck(const google::protobuf::FieldDescriptor*, const std::vector<int>&, google::protobuf::io::Printer*, int*, const google::protobuf::compiler::cpp::Options&)':
external/protobuf+/src/google/protobuf/compiler/cpp/message.cc:172:29: warning: 'bool google::protobuf::FieldOptions::weak() const' is deprecated [-Wdeprecated-declarations]
  172 |   if (!field->options().weak()) {
      |        ~~~~~~~~~~~~~~~~~~~~~^~
bazel-out/k8-opt-exec-ST-d57f47055a04/bin/external/protobuf+/src/google/protobuf/_virtual_includes/protobuf/google/protobuf/descriptor.pb.h:19782:13: note: declared here
19782 | inline bool FieldOptions::weak() const {
      |             ^~~~~~~~~~~~
external/protobuf+/src/google/protobuf/compiler/cpp/message.cc: In member function 'void google::protobuf::compiler::cpp::MessageGenerator::GenerateFieldAccessorDeclarations(google::protobuf::io::Printer*)':
external/protobuf+/src/google/protobuf/compiler/cpp/message.cc:757:66: warning: 'bool google::protobuf::FieldOptions::weak() const' is deprecated [-Wdeprecated-declarations]
  757 |     if (!field->real_containing_oneof() && !field->options().weak()) {
      |                                             ~~~~~~~~~~~~~~~~~~~~~^~
bazel-out/k8-opt-exec-ST-d57f47055a04/bin/external/protobuf+/src/google/protobuf/_virtual_includes/protobuf/google/protobuf/descriptor.pb.h:19782:13: note: declared here
19782 | inline bool FieldOptions::weak() const {
      |             ^~~~~~~~~~~~
external/protobuf+/src/google/protobuf/compiler/cpp/message.cc: In member function 'void google::protobuf::compiler::cpp::MessageGenerator::GenerateSingularFieldHasBits(const google::protobuf::FieldDescriptor*, google::protobuf::io::Printer*)':
external/protobuf+/src/google/protobuf/compiler/cpp/message.cc:1129:28: warning: 'bool google::protobuf::FieldOptions::weak() const' is deprecated [-Wdeprecated-declarations]
 1129 |   if (field->options().weak()) {
      |       ~~~~~~~~~~~~~~~~~~~~~^~
bazel-out/k8-opt-exec-ST-d57f47055a04/bin/external/protobuf+/src/google/protobuf/_virtual_includes/protobuf/google/protobuf/descriptor.pb.h:19782:13: note: declared here
19782 | inline bool FieldOptions::weak() const {
      |             ^~~~~~~~~~~~
external/protobuf+/src/google/protobuf/compiler/cpp/message.cc: In member function 'void google::protobuf::compiler::cpp::MessageGenerator::EmitCheckAndUpdateByteSizeForField(const google::protobuf::FieldDescriptor*, google::protobuf::io::Printer*) const':
external/protobuf+/src/google/protobuf/compiler/cpp/message.cc:1344:28: warning: 'bool google::protobuf::FieldOptions::weak() const' is deprecated [-Wdeprecated-declarations]
 1344 |   if (field->options().weak()) {
      |       ~~~~~~~~~~~~~~~~~~~~~^~
bazel-out/k8-opt-exec-ST-d57f47055a04/bin/external/protobuf+/src/google/protobuf/_virtual_includes/protobuf/google/protobuf/descriptor.pb.h:19782:13: note: declared here
19782 | inline bool FieldOptions::weak() const {
      |             ^~~~~~~~~~~~
external/protobuf+/src/google/protobuf/compiler/cpp/message.cc: In member function 'void google::protobuf::compiler::cpp::MessageGenerator::MaybeEmitUpdateCachedHasbits(const google::protobuf::FieldDescriptor*, google::protobuf::io::Printer*, int&) const':
external/protobuf+/src/google/protobuf/compiler/cpp/message.cc:1377:59: warning: 'bool google::protobuf::FieldOptions::weak() const' is deprecated [-Wdeprecated-declarations]
 1377 |   if (!HasHasbit(field, options_) || field->options().weak()) return;
      |                                      ~~~~~~~~~~~~~~~~~~~~~^~
bazel-out/k8-opt-exec-ST-d57f47055a04/bin/external/protobuf+/src/google/protobuf/_virtual_includes/protobuf/google/protobuf/descriptor.pb.h:19782:13: note: declared here
19782 | inline bool FieldOptions::weak() const {
      |             ^~~~~~~~~~~~
external/protobuf+/src/google/protobuf/compiler/cpp/message.cc: In lambda function:
external/protobuf+/src/google/protobuf/compiler/cpp/message.cc:2114:64: warning: 'bool google::protobuf::FieldOptions::weak() const' is deprecated [-Wdeprecated-declarations]
 2114 |             if (!field->is_repeated() && !field->options().weak() &&
      |                                           ~~~~~~~~~~~~~~~~~~~~~^~
bazel-out/k8-opt-exec-ST-d57f47055a04/bin/external/protobuf+/src/google/protobuf/_virtual_includes/protobuf/google/protobuf/descriptor.pb.h:19782:13: note: declared here
19782 | inline bool FieldOptions::weak() const {
      |             ^~~~~~~~~~~~
external/protobuf+/src/google/protobuf/compiler/cpp/message.cc: In member function 'size_t google::protobuf::compiler::cpp::MessageGenerator::GenerateOffsets(google::protobuf::io::Printer*)':
external/protobuf+/src/google/protobuf/compiler/cpp/message.cc:2595:30: warning: 'bool google::protobuf::FieldOptions::weak() const' is deprecated [-Wdeprecated-declarations]
 2595 |     if (field->options().weak()) {
      |         ~~~~~~~~~~~~~~~~~~~~~^~
bazel-out/k8-opt-exec-ST-d57f47055a04/bin/external/protobuf+/src/google/protobuf/_virtual_includes/protobuf/google/protobuf/descriptor.pb.h:19782:13: note: declared here
19782 | inline bool FieldOptions::weak() const {
      |             ^~~~~~~~~~~~
external/protobuf+/src/google/protobuf/compiler/cpp/message.cc: In lambda function:
external/protobuf+/src/google/protobuf/compiler/cpp/message.cc:4188:39: warning: 'bool google::protobuf::FieldOptions::weak() const' is deprecated [-Wdeprecated-declarations]
 4188 |       } else if (field->options().weak() ||
      |                  ~~~~~~~~~~~~~~~~~~~~~^~
bazel-out/k8-opt-exec-ST-d57f47055a04/bin/external/protobuf+/src/google/protobuf/_virtual_includes/protobuf/google/protobuf/descriptor.pb.h:19782:13: note: declared here
19782 | inline bool FieldOptions::weak() const {
      |             ^~~~~~~~~~~~
external/protobuf+/src/google/protobuf/compiler/cpp/message.cc: In member function 'void google::protobuf::compiler::cpp::MessageGenerator::GenerateSerializeOneField(google::protobuf::io::Printer*, const google::protobuf::FieldDescriptor*, int)':
external/protobuf+/src/google/protobuf/compiler/cpp/message.cc:4528:28: warning: 'bool google::protobuf::FieldOptions::weak() const' is deprecated [-Wdeprecated-declarations]
 4528 |   if (field->options().weak()) {
      |       ~~~~~~~~~~~~~~~~~~~~~^~
bazel-out/k8-opt-exec-ST-d57f47055a04/bin/external/protobuf+/src/google/protobuf/_virtual_includes/protobuf/google/protobuf/descriptor.pb.h:19782:13: note: declared here
19782 | inline bool FieldOptions::weak() const {
      |             ^~~~~~~~~~~~
external/protobuf+/src/google/protobuf/compiler/cpp/message.cc: In lambda function:
external/protobuf+/src/google/protobuf/compiler/cpp/message.cc:4834:43: warning: 'bool google::protobuf::FieldOptions::weak() const' is deprecated [-Wdeprecated-declarations]
 4834 |                  if (field->options().weak()) {
      |                      ~~~~~~~~~~~~~~~~~~~~~^~
bazel-out/k8-opt-exec-ST-d57f47055a04/bin/external/protobuf+/src/google/protobuf/_virtual_includes/protobuf/google/protobuf/descriptor.pb.h:19782:13: note: declared here
19782 | inline bool FieldOptions::weak() const {
      |             ^~~~~~~~~~~~
[2,274 / 2,801] Compiling src/google/protobuf/compiler/cpp/file.cc [for tool]; 13s processwrapper-sandbox ... (3 actions running)
INFO: From Compiling src/google/protobuf/compiler/cpp/file.cc [for tool]:
In file included from bazel-out/k8-opt-exec-ST-d57f47055a04/bin/external/protobuf+/src/google/protobuf/compiler/cpp/_virtual_includes/cpp/google/protobuf/compiler/cpp/extension.h:19,
                 from bazel-out/k8-opt-exec-ST-d57f47055a04/bin/external/protobuf+/src/google/protobuf/compiler/cpp/_virtual_includes/cpp/google/protobuf/compiler/cpp/file.h:26,
                 from external/protobuf+/src/google/protobuf/compiler/cpp/file.cc:12:
bazel-out/k8-opt-exec-ST-d57f47055a04/bin/external/protobuf+/src/google/protobuf/compiler/cpp/_virtual_includes/names_internal/google/protobuf/compiler/cpp/helpers.h: In function 'bool google::protobuf::compiler::cpp::IsWeak(const google::protobuf::FieldDescriptor*, const Options&)':
bazel-out/k8-opt-exec-ST-d57f47055a04/bin/external/protobuf+/src/google/protobuf/compiler/cpp/_virtual_includes/names_internal/google/protobuf/compiler/cpp/helpers.h:359:28: warning: 'bool google::protobuf::FieldOptions::weak() const' is deprecated [-Wdeprecated-declarations]
  359 |   if (field->options().weak()) {
      |       ~~~~~~~~~~~~~~~~~~~~~^~
In file included from bazel-out/k8-opt-exec-ST-d57f47055a04/bin/external/protobuf+/src/google/protobuf/compiler/_virtual_includes/code_generator_lite/google/protobuf/compiler/code_generator_lite.h:18,
                 from bazel-out/k8-opt-exec-ST-d57f47055a04/bin/external/protobuf+/src/google/protobuf/compiler/_virtual_includes/code_generator/google/protobuf/compiler/code_generator.h:25,
                 from bazel-out/k8-opt-exec-ST-d57f47055a04/bin/external/protobuf+/src/google/protobuf/compiler/cpp/_virtual_includes/names_internal/google/protobuf/compiler/cpp/helpers.h:30:
bazel-out/k8-opt-exec-ST-d57f47055a04/bin/external/protobuf+/src/google/protobuf/_virtual_includes/protobuf/google/protobuf/descriptor.pb.h:19782:13: note: declared here
19782 | inline bool FieldOptions::weak() const {
      |             ^~~~~~~~~~~~
[2,280 / 2,801] GoStdlib external/rules_go+/stdlib_/pkg; 5s processwrapper-sandbox ... (4 actions running)
[2,281 / 2,801] GoStdlib external/rules_go+/stdlib_/pkg; 7s processwrapper-sandbox ... (4 actions, 3 running)
[2,281 / 2,801] GoStdlib external/rules_go+/stdlib_/pkg; 9s processwrapper-sandbox ... (4 actions running)
[2,284 / 2,801] GoStdlib external/rules_go+/stdlib_/pkg; 11s processwrapper-sandbox ... (4 actions running)
[2,285 / 2,801] GoStdlib external/rules_go+/stdlib_/pkg; 14s processwrapper-sandbox ... (4 actions, 3 running)
[2,289 / 2,801] GoStdlib external/rules_go+/stdlib_/pkg; 15s processwrapper-sandbox ... (4 actions, 3 running)
[2,291 / 2,801] GoStdlib external/rules_go+/stdlib_/pkg; 17s processwrapper-sandbox ... (4 actions running)
[2,292 / 2,801] GoStdlib external/rules_go+/stdlib_/pkg; 18s processwrapper-sandbox ... (4 actions, 3 running)
[2,295 / 2,801] GoStdlib external/rules_go+/stdlib_/pkg; 20s processwrapper-sandbox ... (4 actions running)
[2,296 / 2,801] GoStdlib external/rules_go+/stdlib_/pkg; 24s processwrapper-sandbox ... (4 actions, 3 running)
[2,299 / 2,801] GoStdlib external/rules_go+/stdlib_/pkg; 26s processwrapper-sandbox ... (4 actions running)
[2,300 / 2,801] GoStdlib external/rules_go+/stdlib_/pkg; 31s processwrapper-sandbox ... (4 actions, 3 running)
[2,300 / 2,801] GoStdlib external/rules_go+/stdlib_/pkg; 32s processwrapper-sandbox ... (4 actions running)
[2,301 / 2,801] GoStdlib external/rules_go+/stdlib_/pkg; 36s processwrapper-sandbox ... (4 actions, 3 running)
[2,301 / 2,801] GoStdlib external/rules_go+/stdlib_/pkg; 38s processwrapper-sandbox ... (4 actions running)
[2,303 / 2,801] GoStdlib external/rules_go+/stdlib_/pkg [for tool]; 40s processwrapper-sandbox ... (4 actions, 3 running)
[2,333 / 2,801] Compiling src/google/protobuf/json/internal/parser.cc [for tool]; 16s processwrapper-sandbox ... (4 actions, 3 running)
[2,369 / 2,801] Compiling src/google/protobuf/json/internal/parser.cc [for tool]; 17s processwrapper-sandbox ... (4 actions running)
[2,378 / 2,801] Compiling src/core/util/status_helper.cc; 2s processwrapper-sandbox ... (4 actions, 3 running)
[2,382 / 2,801] Compiling src/google/protobuf/json/json.cc [for tool]; 1s processwrapper-sandbox ... (4 actions, 3 running)
[2,395 / 2,801] Compiling src/google/protobuf/json/json.cc [for tool]; 2s processwrapper-sandbox ... (4 actions, 3 running)
[2,412 / 2,801] Compiling src/google/protobuf/json/json.cc [for tool]; 3s processwrapper-sandbox ... (4 actions, 3 running)
[2,431 / 2,801] Compiling src/core/lib/iomgr/buffer_list.cc; 1s processwrapper-sandbox ... (4 actions running)
[2,446 / 2,801] Compiling src/google/protobuf/json/internal/unparser.cc [for tool]; 2s processwrapper-sandbox ... (4 actions, 3 running)
[2,467 / 2,801] Compiling src/google/protobuf/json/internal/unparser.cc [for tool]; 3s processwrapper-sandbox ... (4 actions, 3 running)
[2,485 / 2,801] Compiling src/google/protobuf/json/internal/unparser.cc [for tool]; 4s processwrapper-sandbox ... (4 actions, 3 running)
[2,496 / 2,801] Compiling src/google/protobuf/json/internal/unparser.cc [for tool]; 5s processwrapper-sandbox ... (4 actions, 3 running)
[2,501 / 2,801] Compiling src/google/protobuf/json/internal/unparser.cc [for tool]; 6s processwrapper-sandbox ... (4 actions, 3 running)
[2,504 / 2,801] Compiling src/google/protobuf/json/internal/unparser.cc [for tool]; 7s processwrapper-sandbox ... (4 actions, 3 running)
[2,518 / 2,801] Compiling src/google/protobuf/util/time_util.cc [for tool]; 2s processwrapper-sandbox ... (4 actions, 3 running)
[2,524 / 2,801] Compiling src/google/protobuf/json/internal/untyped_message.cc [for tool]; 2s processwrapper-sandbox ... (4 actions running)
[2,525 / 2,801] Compiling src/google/protobuf/json/internal/untyped_message.cc [for tool]; 4s processwrapper-sandbox ... (4 actions, 3 running)
[2,528 / 2,801] Compiling src/google/protobuf/json/internal/untyped_message.cc [for tool]; 5s processwrapper-sandbox ... (4 actions running)
[2,531 / 2,801] Compiling upb_generator/reflection/header.cc [for tool]; 1s processwrapper-sandbox ... (4 actions, 3 running)
[2,534 / 2,801] Compiling upb_generator/reflection/header.cc [for tool]; 3s processwrapper-sandbox ... (4 actions, 3 running)
[2,547 / 2,801] Compiling src/google/protobuf/util/type_resolver_util.cc [for tool]; 3s processwrapper-sandbox ... (4 actions running)
[2,548 / 2,801] Compiling src/compiler/cpp_plugin.cc [for tool]; 3s processwrapper-sandbox ... (4 actions running)
[2,549 / 2,801] Compiling src/compiler/cpp_plugin.cc [for tool]; 4s processwrapper-sandbox ... (4 actions, 3 running)
[2,551 / 2,801] Compiling external/protobuf+/src/google/protobuf/_virtual_imports/type_proto/google/protobuf/type.pb.cc [for tool]; 3s processwrapper-sandbox ... (4 actions, 3 running)
[2,554 / 2,801] Compiling src/google/protobuf/json/internal/untyped_message.cc; 2s processwrapper-sandbox ... (4 actions running)
[2,555 / 2,801] Compiling src/google/protobuf/json/internal/untyped_message.cc; 4s processwrapper-sandbox ... (4 actions, 3 running)
[2,561 / 2,801] Compiling src/compiler/cpp_generator.cc [for tool]; 5s processwrapper-sandbox ... (4 actions running)
[2,563 / 2,801] Compiling src/google/protobuf/util/time_util.cc; 2s processwrapper-sandbox ... (4 actions, 3 running)
[2,572 / 2,801] Compiling src/google/protobuf/json/internal/parser.cc; 2s processwrapper-sandbox ... (4 actions, 3 running)
[2,578 / 2,801] Compiling src/google/protobuf/json/internal/parser.cc; 3s processwrapper-sandbox ... (4 actions, 3 running)
[2,584 / 2,801] Compiling src/google/protobuf/json/internal/parser.cc; 4s processwrapper-sandbox ... (4 actions, 3 running)
[2,591 / 2,801] Compiling src/compiler/csharp_generator.cc [for tool]; 4s processwrapper-sandbox ... (4 actions, 3 running)
[2,599 / 2,801] Compiling src/google/protobuf/json/internal/unparser.cc; 2s processwrapper-sandbox ... (4 actions, 3 running)
[2,606 / 2,801] Compiling src/google/protobuf/json/internal/unparser.cc; 3s processwrapper-sandbox ... (4 actions running)
[2,617 / 2,801] Compiling src/google/protobuf/json/internal/unparser.cc; 4s processwrapper-sandbox ... (4 actions, 3 running)
[2,620 / 2,801] Compiling src/compiler/node_generator.cc [for tool]; 4s processwrapper-sandbox ... (4 actions, 3 running)
[2,622 / 2,801] Compiling src/core/channelz/property_list.cc; 2s processwrapper-sandbox ... (4 actions, 3 running)
[2,622 / 2,801] Compiling src/core/channelz/property_list.cc; 3s processwrapper-sandbox ... (4 actions running)
[2,625 / 2,801] Compiling src/compiler/objective_c_generator.cc [for tool]; 3s processwrapper-sandbox ... (4 actions running)
[2,626 / 2,801] Compiling src/compiler/objective_c_generator.cc [for tool]; 4s processwrapper-sandbox ... (4 actions, 3 running)
INFO: From Compiling src/core/call/call_state.cc:
In file included from external/grpc+/src/core/call/call_state.cc:15:
external/grpc+/src/core/call/call_state.h: In static member function 'static const char* grpc_core::CallState::ClientToServerPushStateString(ClientToServerPushState)':
external/grpc+/src/core/call/call_state.h:191:3: warning: control reaches end of non-void function [-Wreturn-type]
  191 |   }
      |   ^
external/grpc+/src/core/call/call_state.h: In static member function 'static const char* grpc_core::CallState::ClientToServerPullStateString(ClientToServerPullState)':
external/grpc+/src/core/call/call_state.h:161:3: warning: control reaches end of non-void function [-Wreturn-type]
  161 |   }
      |   ^
external/grpc+/src/core/call/call_state.h: In static member function 'static const char* grpc_core::CallState::ServerToClientPullStateString(ServerToClientPullState)':
external/grpc+/src/core/call/call_state.h:244:3: warning: control reaches end of non-void function [-Wreturn-type]
  244 |   }
      |   ^
external/grpc+/src/core/call/call_state.h: In static member function 'static const char* grpc_core::CallState::ServerToClientPushStateString(ServerToClientPushState)':
external/grpc+/src/core/call/call_state.h:284:3: warning: control reaches end of non-void function [-Wreturn-type]
  284 |   }
      |   ^
external/grpc+/src/core/call/call_state.h: In static member function 'static const char* grpc_core::CallState::ServerTrailingMetadataStateString(ServerTrailingMetadataState)':
external/grpc+/src/core/call/call_state.h:314:3: warning: control reaches end of non-void function [-Wreturn-type]
  314 |   }
      |   ^
[2,629 / 2,801] Compiling src/core/lib/iomgr/exec_ctx.cc; 1s processwrapper-sandbox ... (4 actions running)
[2,632 / 2,801] Compiling src/compiler/php_generator.cc [for tool]; 2s processwrapper-sandbox ... (4 actions running)
[2,634 / 2,801] Compiling src/compiler/php_generator.cc [for tool]; 3s processwrapper-sandbox ... (4 actions, 3 running)
[2,636 / 2,801] Compiling src/core/lib/iomgr/call_combiner.cc; 1s processwrapper-sandbox ... (4 actions, 3 running)
[2,638 / 2,801] Compiling src/core/lib/transport/connectivity_state.cc; 1s processwrapper-sandbox ... (4 actions, 3 running)
[2,639 / 2,801] Compiling src/compiler/python_generator.cc [for tool]; 2s processwrapper-sandbox ... (4 actions running)
[2,640 / 2,801] Compiling src/compiler/python_generator.cc [for tool]; 3s processwrapper-sandbox ... (4 actions running)
[2,641 / 2,801] Compiling src/compiler/python_generator.cc [for tool]; 4s processwrapper-sandbox ... (4 actions running)
[2,643 / 2,801] Compiling src/compiler/python_generator.cc [for tool]; 5s processwrapper-sandbox ... (4 actions, 3 running)
[2,645 / 2,801] Compiling src/core/lib/iomgr/timer_heap.cc; 1s processwrapper-sandbox ... (4 actions, 3 running)
[2,647 / 2,801] Compiling src/core/channelz/channelz.cc; 2s processwrapper-sandbox ... (4 actions running)
[2,648 / 2,801] Compiling src/core/channelz/channelz.cc; 4s processwrapper-sandbox ... (4 actions, 3 running)
INFO: From Compiling src/core/channelz/channelz.cc:
In file included from external/grpc+/src/core/channelz/channelz.cc:19:
external/grpc+/src/core/channelz/channelz.h: In static member function 'static absl::lts_20250814::string_view grpc_core::channelz::BaseNode::EntityTypeToKind(EntityType)':
external/grpc+/src/core/channelz/channelz.h:186:3: warning: control reaches end of non-void function [-Wreturn-type]
  186 |   }
      |   ^
[2,650 / 2,801] Compiling src/compiler/ruby_generator.cc [for tool]; 4s processwrapper-sandbox ... (4 actions, 3 running)
[2,652 / 2,801] Compiling src/core/resolver/endpoint_addresses.cc; 1s processwrapper-sandbox ... (4 actions, 3 running)
[2,653 / 2,801] Compiling src/core/channelz/channelz_registry.cc; 2s processwrapper-sandbox ... (4 actions running)
[2,655 / 2,801] Compiling src/core/channelz/channelz_registry.cc; 3s processwrapper-sandbox ... (4 actions, 3 running)
[2,661 / 2,801] Compiling src/core/lib/event_engine/slice_buffer.cc; 1s processwrapper-sandbox ... (4 actions running)
[2,663 / 2,801] Compiling src/core/telemetry/instrument.cc; 2s processwrapper-sandbox ... (4 actions running)
[2,666 / 2,801] Compiling src/core/telemetry/instrument.cc; 4s processwrapper-sandbox ... (4 actions running)
INFO: From Compiling src/core/lib/event_engine/tcp_socket_utils.cc:
external/grpc+/src/core/lib/event_engine/tcp_socket_utils.cc: In function 'bool grpc_event_engine::experimental::ResolvedAddressToV4Mapped(const EventEngine::ResolvedAddress&, EventEngine::ResolvedAddress*)':
external/grpc+/src/core/lib/event_engine/tcp_socket_utils.cc:225:11: warning: 'void* memset(void*, int, size_t)' clearing an object of non-trivial type 'class grpc_event_engine::experimental::EventEngine::ResolvedAddress'; use assignment or value-initialization instead [-Wclass-memaccess]
  225 |     memset(resolved_addr6_out, 0, sizeof(*resolved_addr6_out));
      |     ~~~~~~^~~~~~~~~~~~~~~~~~~~~~~~~~~~~~~~~~~~~~~~~~~~~~~~~~~~
In file included from external/grpc+/src/core/lib/event_engine/tcp_socket_utils.h:17,
                 from external/grpc+/src/core/lib/event_engine/tcp_socket_utils.cc:14:
external/grpc+/include/grpc/event_engine/event_engine.h:160:9: note: 'class grpc_event_engine::experimental::EventEngine::ResolvedAddress' declared here
  160 |   class ResolvedAddress {
      |         ^~~~~~~~~~~~~~~
[2,672 / 2,801] Compiling src/core/telemetry/instrument.cc; 6s processwrapper-sandbox ... (4 actions, 3 running)
[2,674 / 2,801] Compiling src/core/telemetry/instrument.cc; 7s processwrapper-sandbox ... (4 actions running)
[2,675 / 2,801] Compiling src/core/lib/resource_quota/memory_quota.cc; 3s processwrapper-sandbox ... (4 actions running)
[2,676 / 2,801] Compiling src/core/lib/resource_quota/memory_quota.cc; 5s processwrapper-sandbox ... (4 actions, 3 running)
INFO: From Compiling src/core/lib/resource_quota/memory_quota.cc:
In file included from external/grpc+/src/core/lib/resource_quota/memory_quota.cc:36:
external/grpc+/src/core/lib/promise/loop.h:215:31: warning: attribute ignored in declaration of 'union grpc_core::Loop<F, kYield>::<unnamed>' [-Wattributes]
  215 |   GPR_NO_UNIQUE_ADDRESS union {
      |                               ^
external/grpc+/src/core/lib/promise/loop.h:215:31: note: attribute for 'union grpc_core::Loop<F, kYield>::<unnamed>' must follow the 'union' keyword
[2,679 / 2,801] Compiling src/core/lib/event_engine/posix_engine/tcp_socket_utils.cc; 1s processwrapper-sandbox ... (4 actions running)
[2,680 / 2,801] Compiling src/core/lib/event_engine/posix_engine/tcp_socket_utils.cc; 2s processwrapper-sandbox ... (4 actions, 3 running)
[2,683 / 2,801] Compiling src/core/resolver/resolver_registry.cc; 1s processwrapper-sandbox ... (4 actions running)
[2,686 / 2,801] Compiling src/core/call/call_arena_allocator.cc; 2s processwrapper-sandbox ... (4 actions, 3 running)
[2,687 / 2,801] Compiling src/core/lib/event_engine/posix_engine/posix_engine_listener_utils.cc; 2s processwrapper-sandbox ... (4 actions running)
[2,689 / 2,801] Compiling src/core/lib/promise/party.cc; 2s processwrapper-sandbox ... (4 actions, 3 running)
[2,689 / 2,801] Compiling src/core/lib/promise/party.cc; 4s processwrapper-sandbox ... (4 actions running)
[2,692 / 2,801] Compiling src/core/call/metadata.cc; 2s processwrapper-sandbox ... (4 actions, 3 running)
[2,693 / 2,801] Compiling src/core/telemetry/metrics.cc; 1s processwrapper-sandbox ... (4 actions, 3 running)
[2,693 / 2,801] Compiling src/core/telemetry/metrics.cc; 3s processwrapper-sandbox ... (4 actions running)
[2,696 / 2,801] Compiling src/core/call/call_filters.cc; 3s processwrapper-sandbox ... (4 actions running)
INFO: From Compiling src/core/call/call_filters.cc:
In file included from external/grpc+/src/core/call/call_filters.h:26,
                 from external/grpc+/src/core/call/call_filters.cc:15:
external/grpc+/src/core/call/call_state.h: In static member function 'static const char* grpc_core::CallState::ServerToClientPullStateString(ServerToClientPullState)':
external/grpc+/src/core/call/call_state.h:244:3: warning: control reaches end of non-void function [-Wreturn-type]
  244 |   }
      |   ^
external/grpc+/src/core/call/call_state.h: In static member function 'static const char* grpc_core::CallState::ServerTrailingMetadataStateString(ServerTrailingMetadataState)':
external/grpc+/src/core/call/call_state.h:314:3: warning: control reaches end of non-void function [-Wreturn-type]
  314 |   }
      |   ^
external/grpc+/src/core/call/call_state.h: In static member function 'static const char* grpc_core::CallState::ServerToClientPushStateString(ServerToClientPushState)':
external/grpc+/src/core/call/call_state.h:284:3: warning: control reaches end of non-void function [-Wreturn-type]
  284 |   }
      |   ^
external/grpc+/src/core/call/call_state.h: In static member function 'static const char* grpc_core::CallState::ClientToServerPushStateString(ClientToServerPushState)':
external/grpc+/src/core/call/call_state.h:191:3: warning: control reaches end of non-void function [-Wreturn-type]
  191 |   }
      |   ^
[2,697 / 2,801] Compiling src/core/call/call_spine.cc; 2s processwrapper-sandbox ... (4 actions, 3 running)
[2,699 / 2,801] Compiling src/core/call/call_spine.cc; 4s processwrapper-sandbox ... (4 actions, 3 running)
[2,699 / 2,801] Compiling src/core/call/call_spine.cc; 5s processwrapper-sandbox ... (4 actions running)
[2,700 / 2,801] Compiling src/core/call/call_spine.cc; 6s processwrapper-sandbox ... (4 actions, 3 running)
[2,701 / 2,801] Compiling src/core/call/call_spine.cc; 8s processwrapper-sandbox ... (4 actions running)
INFO: From Compiling src/core/call/call_spine.cc:
In file included from external/grpc+/src/core/lib/promise/activity.h:30,
                 from external/grpc+/src/core/lib/resource_quota/memory_quota.h:39,
                 from external/grpc+/src/core/lib/resource_quota/arena.h:39,
                 from external/grpc+/src/core/call/call_arena_allocator.h:24,
                 from external/grpc+/src/core/call/call_spine.h:23,
                 from external/grpc+/src/core/call/call_spine.cc:15:
external/grpc+/src/core/lib/promise/detail/promise_factory.h:132:5: warning: 'always_inline' function might not be inlinable [-Wattributes]
  132 |     PromiseFactoryImpl(Token, F&& f, A&& arg) {
      |     ^~~~~~~~~~~~~~~~~~
external/grpc+/src/core/lib/promise/detail/promise_factory.h:132:5: warning: 'always_inline' function might not be inlinable [-Wattributes]
external/grpc+/src/core/lib/promise/detail/promise_factory.h:132:5: warning: 'always_inline' function might not be inlinable [-Wattributes]
In file included from external/grpc+/src/core/call/call_filters.h:26,
                 from external/grpc+/src/core/call/call_spine.h:24:
external/grpc+/src/core/call/call_state.h: In static member function 'static const char* grpc_core::CallState::ServerTrailingMetadataStateString(ServerTrailingMetadataState)':
external/grpc+/src/core/call/call_state.h:314:3: warning: control reaches end of non-void function [-Wreturn-type]
  314 |   }
      |   ^
external/grpc+/src/core/call/call_state.h: In static member function 'static const char* grpc_core::CallState::ClientToServerPullStateString(ClientToServerPullState)':
external/grpc+/src/core/call/call_state.h:161:3: warning: control reaches end of non-void function [-Wreturn-type]
  161 |   }
      |   ^
external/grpc+/src/core/call/call_state.h: In static member function 'static const char* grpc_core::CallState::ClientToServerPushStateString(ClientToServerPushState)':
external/grpc+/src/core/call/call_state.h:191:3: warning: control reaches end of non-void function [-Wreturn-type]
  191 |   }
      |   ^
external/grpc+/src/core/call/call_state.h: In static member function 'static const char* grpc_core::CallState::ServerToClientPullStateString(ServerToClientPullState)':
external/grpc+/src/core/call/call_state.h:244:3: warning: control reaches end of non-void function [-Wreturn-type]
  244 |   }
      |   ^
external/grpc+/src/core/call/call_state.h: In static member function 'static const char* grpc_core::CallState::ServerToClientPushStateString(ServerToClientPushState)':
external/grpc+/src/core/call/call_state.h:284:3: warning: control reaches end of non-void function [-Wreturn-type]
  284 |   }
      |   ^
[2,702 / 2,801] Compiling src/core/call/interception_chain.cc; 5s processwrapper-sandbox ... (4 actions running)
[2,704 / 2,801] Compiling src/core/lib/event_engine/posix_engine/posix_endpoint.cc; 4s processwrapper-sandbox ... (4 actions running)
[2,705 / 2,801] Compiling src/core/lib/surface/channel_init.cc; 3s processwrapper-sandbox ... (4 actions running)
INFO: From Compiling src/core/lib/event_engine/ares_resolver.cc:
external/grpc+/src/core/lib/event_engine/ares_resolver.cc: In function 'absl::lts_20250814::Status grpc_event_engine::experimental::{anonymous}::SetRequestDNSServer(absl::lts_20250814::string_view, ares_channeldata**)':
external/grpc+/src/core/lib/event_engine/ares_resolver.cc:147:38: warning: 'int ares_set_servers_ports(ares_channel_t*, const ares_addr_port_node*)' is deprecated: Use ares_set_servers_ports_csv instead [-Wdeprecated-declarations]
  147 |   int status = ares_set_servers_ports(*channel, &dns_server_addr);
      |                ~~~~~~~~~~~~~~~~~~~~~~^~~~~~~~~~~~~~~~~~~~~~~~~~~~
In file included from external/grpc+/src/core/lib/event_engine/ares_resolver.h:28,
                 from external/grpc+/src/core/lib/event_engine/ares_resolver.cc:14:
external/c-ares+/include/ares.h:1173:20: note: declared here
 1173 | int                ares_set_servers_ports(ares_channel_t                   *channel,
      |                    ^~~~~~~~~~~~~~~~~~~~~~
external/grpc+/src/core/lib/event_engine/ares_resolver.cc: In member function 'virtual void grpc_event_engine::experimental::AresResolver::LookupHostname(grpc_event_engine::experimental::EventEngine::DNSResolver::LookupHostnameCallback, absl::lts_20250814::string_view, absl::lts_20250814::string_view)':
external/grpc+/src/core/lib/event_engine/ares_resolver.cc:376:23: warning: 'void ares_gethostbyname(ares_channel_t*, const char*, int, ares_host_callback, void*)' is deprecated: Use ares_getaddrinfo instead [-Wdeprecated-declarations]
  376 |     ares_gethostbyname(channel_, std::string(host).c_str(), AF_INET,
      |     ~~~~~~~~~~~~~~~~~~^~~~~~~~~~~~~~~~~~~~~~~~~~~~~~~~~~~~~~~~~~~~~~
  377 |                        &AresResolver::OnHostbynameDoneLocked, resolver_arg);
      |                        ~~~~~~~~~~~~~~~~~~~~~~~~~~~~~~~~~~~~~~~~~~~~~~~~~~~~
external/c-ares+/include/ares.h:879:58: note: declared here
  879 | CARES_EXTERN CARES_DEPRECATED_FOR(ares_getaddrinfo) void ares_gethostbyname(
      |                                                          ^~~~~~~~~~~~~~~~~~
external/grpc+/src/core/lib/event_engine/ares_resolver.cc:378:23: warning: 'void ares_gethostbyname(ares_channel_t*, const char*, int, ares_host_callback, void*)' is deprecated: Use ares_getaddrinfo instead [-Wdeprecated-declarations]
  378 |     ares_gethostbyname(channel_, std::string(host).c_str(), AF_INET6,
      |     ~~~~~~~~~~~~~~~~~~^~~~~~~~~~~~~~~~~~~~~~~~~~~~~~~~~~~~~~~~~~~~~~~
  379 |                        &AresResolver::OnHostbynameDoneLocked, resolver_arg);
      |                        ~~~~~~~~~~~~~~~~~~~~~~~~~~~~~~~~~~~~~~~~~~~~~~~~~~~~
external/c-ares+/include/ares.h:879:58: note: declared here
  879 | CARES_EXTERN CARES_DEPRECATED_FOR(ares_getaddrinfo) void ares_gethostbyname(
      |                                                          ^~~~~~~~~~~~~~~~~~
external/grpc+/src/core/lib/event_engine/ares_resolver.cc:382:23: warning: 'void ares_gethostbyname(ares_channel_t*, const char*, int, ares_host_callback, void*)' is deprecated: Use ares_getaddrinfo instead [-Wdeprecated-declarations]
  382 |     ares_gethostbyname(channel_, std::string(host).c_str(), AF_INET,
      |     ~~~~~~~~~~~~~~~~~~^~~~~~~~~~~~~~~~~~~~~~~~~~~~~~~~~~~~~~~~~~~~~~
  383 |                        &AresResolver::OnHostbynameDoneLocked, resolver_arg);
      |                        ~~~~~~~~~~~~~~~~~~~~~~~~~~~~~~~~~~~~~~~~~~~~~~~~~~~~
external/c-ares+/include/ares.h:879:58: note: declared here
  879 | CARES_EXTERN CARES_DEPRECATED_FOR(ares_getaddrinfo) void ares_gethostbyname(
      |                                                          ^~~~~~~~~~~~~~~~~~
external/grpc+/src/core/lib/event_engine/ares_resolver.cc: In member function 'virtual void grpc_event_engine::experimental::AresResolver::LookupSRV(grpc_event_engine::experimental::EventEngine::DNSResolver::LookupSRVCallback, absl::lts_20250814::string_view)':
external/grpc+/src/core/lib/event_engine/ares_resolver.cc:419:13: warning: 'void ares_query(ares_channel_t*, const char*, int, int, ares_callback, void*)' is deprecated: Use ares_query_dnsrec instead [-Wdeprecated-declarations]
  419 |   ares_query(channel_, std::string(host).c_str(), ns_c_in, ns_t_srv,
      |   ~~~~~~~~~~^~~~~~~~~~~~~~~~~~~~~~~~~~~~~~~~~~~~~~~~~~~~~~~~~~~~~~~~
  420 |              &AresResolver::OnSRVQueryDoneLocked, resolver_arg);
      |              ~~~~~~~~~~~~~~~~~~~~~~~~~~~~~~~~~~~~~~~~~~~~~~~~~~
external/c-ares+/include/ares.h:836:59: note: declared here
  836 | CARES_EXTERN CARES_DEPRECATED_FOR(ares_query_dnsrec) void ares_query(
      |                                                           ^~~~~~~~~~
external/grpc+/src/core/lib/event_engine/ares_resolver.cc: In member function 'virtual void grpc_event_engine::experimental::AresResolver::LookupTXT(grpc_event_engine::experimental::EventEngine::DNSResolver::LookupTXTCallback, absl::lts_20250814::string_view)':
external/grpc+/src/core/lib/event_engine/ares_resolver.cc:455:14: warning: 'void ares_search(ares_channel_t*, const char*, int, int, ares_callback, void*)' is deprecated: Use ares_search_dnsrec instead [-Wdeprecated-declarations]
  455 |   ares_search(channel_, std::string(host).c_str(), ns_c_in, ns_t_txt,
      |   ~~~~~~~~~~~^~~~~~~~~~~~~~~~~~~~~~~~~~~~~~~~~~~~~~~~~~~~~~~~~~~~~~~~
  456 |               &AresResolver::OnTXTDoneLocked, resolver_arg);
      |               ~~~~~~~~~~~~~~~~~~~~~~~~~~~~~~~~~~~~~~~~~~~~~
external/c-ares+/include/ares.h:859:60: note: declared here
  859 | CARES_EXTERN CARES_DEPRECATED_FOR(ares_search_dnsrec) void ares_search(
      |                                                            ^~~~~~~~~~~
external/grpc+/src/core/lib/event_engine/ares_resolver.cc: In member function 'void grpc_event_engine::experimental::AresResolver::CheckSocketsLocked()':
external/grpc+/src/core/lib/event_engine/ares_resolver.cc:465:37: warning: 'int ares_getsock(const ares_channel_t*, ares_socket_t*, int)' is deprecated: Use ARES_OPT_EVENT_THREAD or ARES_OPT_SOCK_STATE_CB instead [-Wdeprecated-declarations]
  465 |     int socks_bitmask = ares_getsock(channel_, socks, ARES_GETSOCK_MAXNUM);
      |                         ~~~~~~~~~~~~^~~~~~~~~~~~~~~~~~~~~~~~~~~~~~~~~~~~~~
external/c-ares+/include/ares.h:903:31: note: declared here
  903 |   ARES_OPT_SOCK_STATE_CB) int ares_getsock(const ares_channel_t *channel,
      |                               ^~~~~~~~~~~~
external/grpc+/src/core/lib/event_engine/ares_resolver.cc: In static member function 'static void grpc_event_engine::experimental::AresResolver::OnSRVQueryDoneLocked(void*, int, int, unsigned char*, int)':
external/grpc+/src/core/lib/event_engine/ares_resolver.cc:779:32: warning: 'int ares_parse_srv_reply(const unsigned char*, int, ares_srv_reply**)' is deprecated: Use ares_dns_parse instead [-Wdeprecated-declarations]
  779 |   status = ares_parse_srv_reply(abuf, alen, &reply);
      |            ~~~~~~~~~~~~~~~~~~~~^~~~~~~~~~~~~~~~~~~~
external/c-ares+/include/ares.h:1116:55: note: declared here
 1116 | CARES_EXTERN CARES_DEPRECATED_FOR(ares_dns_parse) int ares_parse_srv_reply(
      |                                                       ^~~~~~~~~~~~~~~~~~~~
external/grpc+/src/core/lib/event_engine/ares_resolver.cc: In static member function 'static void grpc_event_engine::experimental::AresResolver::OnTXTDoneLocked(void*, int, int, unsigned char*, int)':
external/grpc+/src/core/lib/event_engine/ares_resolver.cc:843:36: warning: 'int ares_parse_txt_reply_ext(const unsigned char*, int, ares_txt_ext**)' is deprecated: Use ares_dns_parse instead [-Wdeprecated-declarations]
  843 |   status = ares_parse_txt_reply_ext(buf, len, &reply);
      |            ~~~~~~~~~~~~~~~~~~~~~~~~^~~~~~~~~~~~~~~~~~
external/c-ares+/include/ares.h:1125:55: note: declared here
 1125 | CARES_EXTERN CARES_DEPRECATED_FOR(ares_dns_parse) int ares_parse_txt_reply_ext(
      |                                                       ^~~~~~~~~~~~~~~~~~~~~~~~
[2,706 / 2,801] Compiling src/core/lib/surface/channel_init.cc; 6s processwrapper-sandbox ... (4 actions, 3 running)
[2,711 / 2,801] Compiling src/core/lib/event_engine/posix_engine/ev_poll_posix.cc; 0s processwrapper-sandbox ... (4 actions, 3 running)
[2,711 / 2,801] Compiling src/core/lib/event_engine/posix_engine/ev_poll_posix.cc; 2s processwrapper-sandbox ... (4 actions running)
[2,712 / 2,801] Compiling src/core/lib/resource_quota/api.cc; 3s processwrapper-sandbox ... (4 actions, 3 running)
[2,713 / 2,801] Compiling src/core/lib/resource_quota/api.cc; 4s processwrapper-sandbox ... (4 actions running)
[2,717 / 2,801] Compiling src/core/lib/event_engine/posix_engine/ev_epoll1_linux.cc; 3s processwrapper-sandbox ... (4 actions running)
[2,719 / 2,801] Compiling src/core/call/client_call.cc; 3s processwrapper-sandbox ... (4 actions running)
[2,720 / 2,801] Compiling src/core/call/client_call.cc; 4s processwrapper-sandbox ... (4 actions, 3 running)
INFO: From Compiling src/core/lib/event_engine/posix_engine/posix_engine.cc:
In file included from external/grpc+/src/core/lib/event_engine/posix_engine/posix_engine.cc:36:
external/grpc+/src/core/lib/event_engine/posix_engine/grpc_polled_fd_posix.h: In member function 'virtual void grpc_event_engine::experimental::GrpcPolledFdFactoryPosix::ConfigureAresChannelLocked(ares_channel)':
external/grpc+/src/core/lib/event_engine/posix_engine/grpc_polled_fd_posix.h:129:30: warning: 'void ares_set_socket_functions(ares_channel_t*, const ares_socket_functions*, void*)' is deprecated: Use ares_set_socket_functions_ex instead [-Wdeprecated-declarations]
  129 |     ares_set_socket_functions(channel, &kSockFuncs, this);
      |     ~~~~~~~~~~~~~~~~~~~~~~~~~^~~~~~~~~~~~~~~~~~~~~~~~~~~~
In file included from external/grpc+/src/core/lib/event_engine/ares_resolver.h:28,
                 from external/grpc+/src/core/lib/event_engine/posix_engine/posix_engine.h:30,
                 from external/grpc+/src/core/lib/event_engine/posix_engine/posix_engine.cc:14:
external/c-ares+/include/ares.h:571:38: note: declared here
  571 |   ares_set_socket_functions_ex) void ares_set_socket_functions(ares_channel_t
      |                                      ^~~~~~~~~~~~~~~~~~~~~~~~~
[2,725 / 2,801] Compiling src/core/call/client_call.cc; 6s processwrapper-sandbox ... (4 actions, 3 running)
[2,726 / 2,801] Compiling src/core/call/client_call.cc; 7s processwrapper-sandbox ... (4 actions running)
[2,729 / 2,801] Compiling src/core/call/client_call.cc; 8s processwrapper-sandbox ... (4 actions, 3 running)
INFO: From Compiling src/core/call/client_call.cc:
In file included from external/grpc+/src/core/call/call_filters.h:26,
                 from external/grpc+/src/core/call/call_spine.h:24,
                 from external/grpc+/src/core/call/call_destination.h:20,
                 from external/grpc+/src/core/lib/transport/transport.h:36,
                 from external/grpc+/src/core/lib/channel/channel_stack.h:63,
                 from external/grpc+/src/core/lib/surface/call.h:32,
                 from external/grpc+/src/core/call/client_call.h:43,
                 from external/grpc+/src/core/call/client_call.cc:15:
external/grpc+/src/core/call/call_state.h: In static member function 'static const char* grpc_core::CallState::ServerToClientPullStateString(ServerToClientPullState)':
external/grpc+/src/core/call/call_state.h:244:3: warning: control reaches end of non-void function [-Wreturn-type]
  244 |   }
      |   ^
external/grpc+/src/core/call/call_state.h: In static member function 'static const char* grpc_core::CallState::ServerToClientPushStateString(ServerToClientPushState)':
external/grpc+/src/core/call/call_state.h:284:3: warning: control reaches end of non-void function [-Wreturn-type]
  284 |   }
      |   ^
external/grpc+/src/core/call/call_state.h: In static member function 'static const char* grpc_core::CallState::ClientToServerPushStateString(ClientToServerPushState)':
external/grpc+/src/core/call/call_state.h:191:3: warning: control reaches end of non-void function [-Wreturn-type]
  191 |   }
      |   ^
external/grpc+/src/core/call/call_state.h: In static member function 'static const char* grpc_core::CallState::ServerTrailingMetadataStateString(ServerTrailingMetadataState)':
external/grpc+/src/core/call/call_state.h:314:3: warning: control reaches end of non-void function [-Wreturn-type]
  314 |   }
      |   ^
[2,735 / 2,801] Compiling src/core/lib/iomgr/unix_sockets_posix.cc; 1s processwrapper-sandbox ... (4 actions running)
[2,736 / 2,801] Compiling src/core/lib/iomgr/tcp_server_utils_posix_ifaddrs.cc; 3s processwrapper-sandbox ... (4 actions running)
[2,738 / 2,801] Compiling src/core/call/server_call.cc; 3s processwrapper-sandbox ... (4 actions running)
[2,739 / 2,801] Compiling src/core/call/server_call.cc; 5s processwrapper-sandbox ... (4 actions, 3 running)
[2,740 / 2,801] Compiling src/core/call/server_call.cc; 6s processwrapper-sandbox ... (4 actions running)
[2,743 / 2,801] Compiling src/core/call/server_call.cc; 8s processwrapper-sandbox ... (4 actions running)
INFO: From Compiling src/core/call/server_call.cc:
In file included from external/grpc+/src/core/call/call_filters.h:26,
                 from external/grpc+/src/core/call/call_spine.h:24,
                 from external/grpc+/src/core/call/call_destination.h:20,
                 from external/grpc+/src/core/lib/transport/transport.h:36,
                 from external/grpc+/src/core/lib/channel/channel_stack.h:63,
                 from external/grpc+/src/core/lib/surface/call.h:32,
                 from external/grpc+/src/core/call/server_call.h:46,
                 from external/grpc+/src/core/call/server_call.cc:15:
external/grpc+/src/core/call/call_state.h: In static member function 'static const char* grpc_core::CallState::ClientToServerPullStateString(ClientToServerPullState)':
external/grpc+/src/core/call/call_state.h:161:3: warning: control reaches end of non-void function [-Wreturn-type]
  161 |   }
      |   ^
external/grpc+/src/core/call/call_state.h: In static member function 'static const char* grpc_core::CallState::ClientToServerPushStateString(ClientToServerPushState)':
external/grpc+/src/core/call/call_state.h:191:3: warning: control reaches end of non-void function [-Wreturn-type]
  191 |   }
      |   ^
external/grpc+/src/core/call/call_state.h: In static member function 'static const char* grpc_core::CallState::ServerTrailingMetadataStateString(ServerTrailingMetadataState)':
external/grpc+/src/core/call/call_state.h:314:3: warning: control reaches end of non-void function [-Wreturn-type]
  314 |   }
      |   ^
external/grpc+/src/core/call/call_state.h: In static member function 'static const char* grpc_core::CallState::ServerToClientPushStateString(ServerToClientPushState)':
external/grpc+/src/core/call/call_state.h:284:3: warning: control reaches end of non-void function [-Wreturn-type]
  284 |   }
      |   ^
[2,747 / 2,801] Compiling src/core/lib/iomgr/systemd_utils.cc; 2s processwrapper-sandbox ... (4 actions, 3 running)
[2,749 / 2,801] Compiling src/core/lib/iomgr/socket_utils_posix.cc; 2s processwrapper-sandbox ... (4 actions running)
[2,750 / 2,801] Compiling src/core/lib/iomgr/socket_utils_linux.cc; 2s processwrapper-sandbox ... (4 actions running)
[2,753 / 2,801] Compiling src/core/lib/channel/channel_stack.cc; 3s processwrapper-sandbox ... (4 actions, 3 running)
[2,756 / 2,801] Compiling src/core/lib/channel/channel_stack.cc; 4s processwrapper-sandbox ... (4 actions running)
[2,762 / 2,801] Compiling src/core/lib/iomgr/polling_entity.cc; 1s processwrapper-sandbox ... (4 actions, 3 running)
[2,764 / 2,801] Compiling src/core/lib/iomgr/iomgr_posix.cc; 1s processwrapper-sandbox ... (4 actions, 3 running)
[2,766 / 2,801] Compiling src/core/lib/iomgr/iomgr_posix.cc; 3s processwrapper-sandbox ... (4 actions running)
[2,768 / 2,801] Compiling src/core/lib/channel/channel_stack_builder_impl.cc; 3s processwrapper-sandbox ... (4 actions running)
[2,770 / 2,801] Compiling src/core/lib/iomgr/event_engine_shims/tcp_client.cc; 1s processwrapper-sandbox ... (4 actions, 3 running)
[2,772 / 2,801] Compiling src/core/lib/iomgr/event_engine_shims/tcp_client.cc; 3s processwrapper-sandbox ... (4 actions, 3 running)
[2,772 / 2,801] Compiling src/core/lib/iomgr/event_engine_shims/tcp_client.cc; 4s processwrapper-sandbox ... (4 actions running)
[2,779 / 2,801] Compiling src/core/lib/channel/connected_channel.cc; 3s processwrapper-sandbox ... (4 actions, 3 running)
INFO: From Compiling src/core/lib/channel/connected_channel.cc:
In file included from external/grpc+/src/core/lib/channel/connected_channel.cc:53:
external/grpc+/src/core/lib/promise/loop.h:215:31: warning: attribute ignored in declaration of 'union grpc_core::Loop<F, kYield>::<unnamed>' [-Wattributes]
  215 |   GPR_NO_UNIQUE_ADDRESS union {
      |                               ^
external/grpc+/src/core/lib/promise/loop.h:215:31: note: attribute for 'union grpc_core::Loop<F, kYield>::<unnamed>' must follow the 'union' keyword
[2,780 / 2,801] Compiling src/core/lib/iomgr/ev_epoll1_linux.cc; 2s processwrapper-sandbox ... (4 actions, 3 running)
[2,783 / 2,801] Compiling src/core/lib/iomgr/endpoint_pair_posix.cc; 3s processwrapper-sandbox ... (4 actions running)
[2,784 / 2,801] Compiling src/core/lib/iomgr/endpoint_pair_posix.cc; 5s processwrapper-sandbox ... (4 actions, 3 running)
[2,786 / 2,801] Compiling src/core/lib/channel/promise_based_filter.cc; 5s processwrapper-sandbox ... (4 actions running)
[2,788 / 2,801] Compiling src/core/lib/channel/promise_based_filter.cc; 6s processwrapper-sandbox ... (4 actions running)
[2,789 / 2,801] Compiling src/core/lib/channel/promise_based_filter.cc; 7s processwrapper-sandbox ... (4 actions running)
[2,790 / 2,801] Compiling src/core/lib/channel/promise_based_filter.cc; 9s processwrapper-sandbox ... (4 actions, 3 running)
[2,792 / 2,801] Compiling src/core/lib/surface/lame_client.cc; 5s processwrapper-sandbox ... (4 actions running)
[2,794 / 2,801] Compiling src/core/lib/surface/filter_stack_call.cc; 5s processwrapper-sandbox ... (4 actions running)
[2,796 / 2,801] Compiling src/core/lib/surface/completion_queue.cc; 1s processwrapper-sandbox ... (4 actions, 3 running)
[2,797 / 2,801] Compiling src/core/lib/surface/call.cc; 3s processwrapper-sandbox ... (4 actions running)
[2,798 / 2,801] Compiling src/core/lib/surface/call.cc; 5s processwrapper-sandbox ... (3 actions running)
[2,800 / 2,801] Compiling src/core/lib/surface/call_log_batch.cc; 4s processwrapper-sandbox
INFO: Found 6 targets...
INFO: Elapsed time: 881.340s, Critical Path: 67.47s
INFO: 2801 processes: 999 internal, 1802 processwrapper-sandbox.
INFO: Build completed successfully, 2801 total actions
