2026/09/25 03:48:38 Downloading https://releases.bazel.build/8.8.1/release/bazel-8.8.1-linux-x86_64...
Extracting Bazel installation...
Starting local Bazel server (8.8.1) and connecting to it...
Computing main repo mapping: 
Computing main repo mapping: 
Computing main repo mapping: 
Computing main repo mapping: 
Computing main repo mapping: 
Computing main repo mapping: 
Loading: 
Loading: 0 packages loaded
Loading: 0 packages loaded
Loading: 0 packages loaded
    currently loading: proto
Loading: 0 packages loaded
    currently loading: proto
Loading: 0 packages loaded
    currently loading: proto
Analyzing: 6 targets (1 packages loaded, 0 targets configured)
Analyzing: 6 targets (1 packages loaded, 0 targets configured)

Analyzing: 6 targets (29 packages loaded, 25 targets configured)

Analyzing: 6 targets (81 packages loaded, 48 targets configured)

Analyzing: 6 targets (83 packages loaded, 48 targets configured)

Analyzing: 6 targets (83 packages loaded, 48 targets configured)

Analyzing: 6 targets (104 packages loaded, 3832 targets configured)

Analyzing: 6 targets (118 packages loaded, 8007 targets configured)

Analyzing: 6 targets (141 packages loaded, 8014 targets configured)

Analyzing: 6 targets (171 packages loaded, 11781 targets configured)

Analyzing: 6 targets (193 packages loaded, 14119 targets configured)

Analyzing: 6 targets (197 packages loaded, 17217 targets configured)
[5 / 338] [Prepa] Compiling absl/time/internal/cctz/src/civil_time_detail.cc [for tool]
Analyzing: 6 targets (198 packages loaded, 18739 targets configured)
[5 / 338] Compiling absl/debugging/internal/address_is_readable.cc [for tool]; 1s processwrapper-sandbox ... (4 actions running)
Analyzing: 6 targets (202 packages loaded, 21080 targets configured)
[79 / 338] Compiling absl/time/internal/cctz/src/civil_time_detail.cc [for tool]; 2s processwrapper-sandbox ... (4 actions running)
Analyzing: 6 targets (203 packages loaded, 21107 targets configured)
[82 / 338] Compiling absl/synchronization/internal/kernel_timeout.cc [for tool]; 1s processwrapper-sandbox ... (4 actions running)
Analyzing: 6 targets (204 packages loaded, 21169 targets configured)
[84 / 338] Compiling absl/time/internal/cctz/src/time_zone_libc.cc [for tool]; 1s processwrapper-sandbox ... (4 actions running)
Analyzing: 6 targets (206 packages loaded, 26731 targets configured)
[86 / 338] Compiling absl/time/internal/cctz/src/time_zone_info.cc [for tool]; 2s processwrapper-sandbox ... (4 actions running)
Analyzing: 6 targets (206 packages loaded, 26731 targets configured)
[88 / 338] Compiling absl/time/internal/cctz/src/time_zone_info.cc [for tool]; 3s processwrapper-sandbox ... (4 actions running)
Analyzing: 6 targets (206 packages loaded, 26731 targets configured)
[93 / 338] Compiling absl/time/internal/cctz/src/time_zone_info.cc [for tool]; 4s processwrapper-sandbox ... (4 actions running)
Analyzing: 6 targets (206 packages loaded, 26731 targets configured)
[97 / 338] Compiling absl/base/internal/sysinfo.cc [for tool]; 1s processwrapper-sandbox ... (4 actions running)
Analyzing: 6 targets (206 packages loaded, 26731 targets configured)
[102 / 338] Compiling absl/numeric/int128.cc [for tool]; 1s processwrapper-sandbox ... (4 actions running)
Analyzing: 6 targets (206 packages loaded, 26731 targets configured)
[104 / 338] Compiling absl/strings/substitute.cc [for tool]; 1s processwrapper-sandbox ... (4 actions running)
Analyzing: 6 targets (206 packages loaded, 26731 targets configured)
[107 / 338] Compiling absl/strings/str_replace.cc [for tool]; 1s processwrapper-sandbox ... (4 actions running)
Analyzing: 6 targets (206 packages loaded, 26731 targets configured)
[110 / 338] Compiling absl/strings/numbers.cc [for tool]; 1s processwrapper-sandbox ... (4 actions running)
Analyzing: 6 targets (206 packages loaded, 26731 targets configured)
[114 / 338] Compiling absl/strings/internal/charconv_bigint.cc [for tool]; 0s processwrapper-sandbox ... (4 actions running)
Analyzing: 6 targets (206 packages loaded, 26731 targets configured)
[116 / 338] Compiling absl/strings/internal/charconv_bigint.cc [for tool]; 1s processwrapper-sandbox ... (4 actions running)
Analyzing: 6 targets (206 packages loaded, 26731 targets configured)
[118 / 338] Compiling absl/time/time.cc [for tool]; 1s processwrapper-sandbox ... (4 actions running)
Analyzing: 6 targets (206 packages loaded, 26731 targets configured)
[121 / 338] Compiling absl/time/duration.cc [for tool]; 1s processwrapper-sandbox ... (4 actions running)
Analyzing: 6 targets (206 packages loaded, 26731 targets configured)
[126 / 338] Compiling absl/base/internal/low_level_alloc.cc [for tool]; 0s processwrapper-sandbox ... (4 actions, 3 running)
Analyzing: 6 targets (206 packages loaded, 26731 targets configured)
[136 / 338] Compiling absl/debugging/internal/demangle.cc [for tool]; 1s processwrapper-sandbox ... (4 actions running)
Analyzing: 6 targets (206 packages loaded, 26731 targets configured)
[140 / 338] Compiling absl/hash/internal/city.cc [for tool]; 0s processwrapper-sandbox ... (4 actions running)
Analyzing: 6 targets (206 packages loaded, 26731 targets configured)
[141 / 338] Compiling absl/hash/internal/hash.cc [for tool]; 1s processwrapper-sandbox ... (4 actions running)
Analyzing: 6 targets (206 packages loaded, 26731 targets configured)
[144 / 338] Compiling absl/debugging/symbolize.cc [for tool]; 2s processwrapper-sandbox ... (4 actions running)
Analyzing: 6 targets (206 packages loaded, 26731 targets configured)
[146 / 338] Compiling absl/strings/internal/str_format/float_conversion.cc [for tool]; 1s processwrapper-sandbox ... (4 actions running)
Analyzing: 6 targets (206 packages loaded, 26731 targets configured)
[147 / 338] Compiling absl/strings/internal/str_format/float_conversion.cc [for tool]; 3s processwrapper-sandbox ... (4 actions, 3 running)
Analyzing: 6 targets (206 packages loaded, 26731 targets configured)
[148 / 338] Compiling absl/strings/internal/str_format/float_conversion.cc [for tool]; 4s processwrapper-sandbox ... (4 actions running)
Analyzing: 6 targets (206 packages loaded, 26731 targets configured)
[152 / 338] Compiling absl/log/log_entry.cc [for tool]; 0s processwrapper-sandbox ... (4 actions running)
Analyzing: 6 targets (206 packages loaded, 26731 targets configured)
[153 / 338] Compiling absl/log/log_entry.cc [for tool]; 2s processwrapper-sandbox ... (4 actions, 3 running)
Analyzing: 6 targets (206 packages loaded, 26731 targets configured)
[157 / 338] Compiling absl/log/log_entry.cc [for tool]; 3s processwrapper-sandbox ... (4 actions, 3 running)
Analyzing: 6 targets (206 packages loaded, 26731 targets configured)
[160 / 338] Compiling absl/log/internal/structured_proto.cc [for tool]; 1s processwrapper-sandbox ... (4 actions, 3 running)
Analyzing: 6 targets (206 packages loaded, 26731 targets configured)
[164 / 338] Compiling absl/log/internal/log_format.cc [for tool]; 2s processwrapper-sandbox ... (4 actions, 3 running)
Analyzing: 6 targets (206 packages loaded, 26731 targets configured)
[168 / 338] Compiling absl/crc/internal/crc_non_temporal_memcpy.cc [for tool]; 0s processwrapper-sandbox ... (4 actions, 3 running)
Analyzing: 6 targets (206 packages loaded, 26731 targets configured)
[172 / 338] Compiling absl/crc/internal/crc_non_temporal_memcpy.cc [for tool]; 2s processwrapper-sandbox ... (4 actions running)
Analyzing: 6 targets (206 packages loaded, 26731 targets configured)
[175 / 338] Compiling absl/crc/internal/crc_cord_state.cc [for tool]; 1s processwrapper-sandbox ... (4 actions running)
Analyzing: 6 targets (206 packages loaded, 26731 targets configured)
[179 / 338] Compiling absl/crc/internal/crc_cord_state.cc [for tool]; 2s processwrapper-sandbox ... (4 actions running)
Analyzing: 6 targets (206 packages loaded, 26731 targets configured)
[181 / 338] Compiling absl/synchronization/mutex.cc [for tool]; 1s processwrapper-sandbox ... (4 actions running)
Analyzing: 6 targets (206 packages loaded, 26731 targets configured)
[182 / 338] Compiling absl/synchronization/mutex.cc [for tool]; 2s processwrapper-sandbox ... (4 actions running)
Analyzing: 6 targets (206 packages loaded, 26731 targets configured)
[191 / 338] Compiling absl/strings/internal/cord_rep_btree.cc [for tool]; 2s processwrapper-sandbox ... (4 actions running)
Analyzing: 6 targets (209 packages loaded, 26749 targets configured)
[195 / 338] Compiling absl/strings/internal/cord_rep_btree.cc [for tool]; 3s processwrapper-sandbox ... (4 actions running)
Analyzing: 6 targets (332 packages loaded, 27267 targets configured)
[203 / 338] Compiling absl/container/internal/hashtablez_sampler.cc [for tool]; 1s processwrapper-sandbox ... (4 actions running)
Analyzing: 6 targets (334 packages loaded, 27271 targets configured)
[534 / 1,056] Compiling deflate.c [for tool]; 1s processwrapper-sandbox ... (4 actions running)
Analyzing: 6 targets (336 packages loaded, 27559 targets configured)
[718 / 2,011] Compiling absl/log/internal/vlog_config.cc [for tool]; 1s processwrapper-sandbox ... (4 actions running)
INFO: Analyzed 6 targets (341 packages loaded, 27618 targets configured).
[727 / 2,011] Compiling src/google/protobuf/json/internal/writer.cc; 1s processwrapper-sandbox ... (4 actions running)
[740 / 2,011] Compiling absl/strings/internal/cordz_info.cc [for tool]; 1s processwrapper-sandbox ... (4 actions running)
[749 / 2,011] Compiling src/google/protobuf/json/internal/zero_copy_buffered_stream.cc; 1s processwrapper-sandbox ... (4 actions running)
[805 / 2,011] Compiling absl/strings/cord.cc [for tool]; 1s processwrapper-sandbox ... (4 actions, 3 running)
[843 / 2,011] Compiling absl/strings/cord.cc [for tool]; 2s processwrapper-sandbox ... (4 actions running)
[848 / 2,011] Compiling absl/strings/cord.cc [for tool]; 3s processwrapper-sandbox ... (4 actions running)
[853 / 2,011] Compiling src/google/protobuf/json/internal/lexer.cc; 1s processwrapper-sandbox ... (4 actions, 3 running)
[868 / 2,591] Compiling src/google/protobuf/json/internal/lexer.cc; 2s processwrapper-sandbox ... (4 actions, 3 running)
[876 / 2,591] Compiling absl/container/internal/raw_hash_set.cc [for tool]; 1s processwrapper-sandbox ... (4 actions, 3 running)
[1,002 / 2,741] Compiling src/google/protobuf/util/message_differencer.cc; 1s processwrapper-sandbox ... (4 actions, 3 running)
[1,018 / 2,751] Compiling src/google/protobuf/util/message_differencer.cc; 3s processwrapper-sandbox ... (4 actions, 3 running)
[1,019 / 2,751] Compiling src/google/protobuf/util/message_differencer.cc; 4s processwrapper-sandbox ... (4 actions running)
[1,026 / 2,761] Compiling src/google/protobuf/util/message_differencer.cc; 5s processwrapper-sandbox ... (4 actions running)
[1,032 / 2,761] Compiling src/google/protobuf/util/message_differencer.cc; 6s processwrapper-sandbox ... (4 actions running)
[1,034 / 2,761] Compiling src/google/protobuf/util/message_differencer.cc; 7s processwrapper-sandbox ... (4 actions running)
[1,039 / 2,761] Compiling absl/status/internal/status_internal.cc; 1s processwrapper-sandbox ... (4 actions, 3 running)
[1,046 / 2,761] Compiling src/google/protobuf/util/field_comparator.cc; 2s processwrapper-sandbox ... (4 actions, 3 running)
INFO: From Compiling src/google/protobuf/util/field_comparator.cc:
external/protobuf+/src/google/protobuf/util/field_comparator.cc: In member function 'google::protobuf::util::FieldComparator::ComparisonResult google::protobuf::util::SimpleFieldComparator::SimpleCompare(const google::protobuf::Message&, const google::protobuf::Message&, const google::protobuf::FieldDescriptor*, int, int, const google::protobuf::util::FieldContext*)':
external/protobuf+/src/google/protobuf/util/field_comparator.cc:77:50: warning: 'const google::protobuf::EnumValueDescriptor* google::protobuf::Reflection::GetRepeatedEnum(const google::protobuf::Message&, const google::protobuf::FieldDescriptor*, int) const' is deprecated: Please use GetRepeatedEnumValue() instead. GetRepeatedEnum() will be removed in Q1 2027. [-Wdeprecated-declarations]
   77 |         *field, reflection_1->GetRepeated##METHOD(message_1, field, index_1), \
      |                 ~~~~~~~~~~~~~~~~~~~~~~~~~~~~~~~~~^~~~~~~~~~~~~~~~~~~~~~~~~~~
external/protobuf+/src/google/protobuf/util/field_comparator.cc:91:7: note: in expansion of macro 'COMPARE_FIELD'
   91 |       COMPARE_FIELD(Enum);
      |       ^~~~~~~~~~~~~
In file included from external/protobuf+/src/google/protobuf/util/field_comparator.cc:21:
bazel-out/k8-fastbuild/bin/external/protobuf+/src/google/protobuf/_virtual_includes/protobuf/google/protobuf/message.h:826:3: note: declared here
  826 |   GetRepeatedEnum(const Message& message, const FieldDescriptor* field,
      |   ^~~~~~~~~~~~~~~
external/protobuf+/src/google/protobuf/util/field_comparator.cc:78:42: warning: 'const google::protobuf::EnumValueDescriptor* google::protobuf::Reflection::GetRepeatedEnum(const google::protobuf::Message&, const google::protobuf::FieldDescriptor*, int) const' is deprecated: Please use GetRepeatedEnumValue() instead. GetRepeatedEnum() will be removed in Q1 2027. [-Wdeprecated-declarations]
   78 |         reflection_2->GetRepeated##METHOD(message_2, field, index_2)));       \
      |         ~~~~~~~~~~~~~~~~~~~~~~~~~~~~~~~~~^~~~~~~~~~~~~~~~~~~~~~~~~~~
external/protobuf+/src/google/protobuf/util/field_comparator.cc:91:7: note: in expansion of macro 'COMPARE_FIELD'
   91 |       COMPARE_FIELD(Enum);
      |       ^~~~~~~~~~~~~
bazel-out/k8-fastbuild/bin/external/protobuf+/src/google/protobuf/_virtual_includes/protobuf/google/protobuf/message.h:826:3: note: declared here
  826 |   GetRepeatedEnum(const Message& message, const FieldDescriptor* field,
      |   ^~~~~~~~~~~~~~~
external/protobuf+/src/google/protobuf/util/field_comparator.cc:81:58: warning: 'const google::protobuf::EnumValueDescriptor* google::protobuf::Reflection::GetEnum(const google::protobuf::Message&, const google::protobuf::FieldDescriptor*) const' is deprecated: Please use GetEnumValue() instead. GetEnum() will be removed in Q1 2027. [-Wdeprecated-declarations]
   81 |         Compare##METHOD(*field, reflection_1->Get##METHOD(message_1, field),  \
      |                                 ~~~~~~~~~~~~~~~~~~~~~~~~~^~~~~~~~~~~~~~~~~~
external/protobuf+/src/google/protobuf/util/field_comparator.cc:91:7: note: in expansion of macro 'COMPARE_FIELD'
   91 |       COMPARE_FIELD(Enum);
      |       ^~~~~~~~~~~~~
bazel-out/k8-fastbuild/bin/external/protobuf+/src/google/protobuf/_virtual_includes/protobuf/google/protobuf/message.h:639:3: note: declared here
  639 |   GetEnum(const Message& message, const FieldDescriptor* field) const;
      |   ^~~~~~~
external/protobuf+/src/google/protobuf/util/field_comparator.cc:82:50: warning: 'const google::protobuf::EnumValueDescriptor* google::protobuf::Reflection::GetEnum(const google::protobuf::Message&, const google::protobuf::FieldDescriptor*) const' is deprecated: Please use GetEnumValue() instead. GetEnum() will be removed in Q1 2027. [-Wdeprecated-declarations]
   82 |                         reflection_2->Get##METHOD(message_2, field)));        \
      |                         ~~~~~~~~~~~~~~~~~~~~~~~~~^~~~~~~~~~~~~~~~~~
external/protobuf+/src/google/protobuf/util/field_comparator.cc:91:7: note: in expansion of macro 'COMPARE_FIELD'
   91 |       COMPARE_FIELD(Enum);
      |       ^~~~~~~~~~~~~
bazel-out/k8-fastbuild/bin/external/protobuf+/src/google/protobuf/_virtual_includes/protobuf/google/protobuf/message.h:639:3: note: declared here
  639 |   GetEnum(const Message& message, const FieldDescriptor* field) const;
      |   ^~~~~~~
[1,050 / 2,761] Compiling absl/status/status_payload_printer.cc; 0s processwrapper-sandbox ... (4 actions, 3 running)
[1,054 / 2,761] Compiling src/google/protobuf/compiler/parser.cc; 1s processwrapper-sandbox ... (4 actions running)
[1,060 / 2,761] Compiling src/google/protobuf/compiler/parser.cc; 2s processwrapper-sandbox ... (4 actions running)
[1,064 / 2,761] Compiling src/google/protobuf/compiler/parser.cc; 3s processwrapper-sandbox ... (4 actions running)
[1,068 / 2,761] Compiling src/google/protobuf/compiler/parser.cc; 4s processwrapper-sandbox ... (4 actions running)
[1,073 / 2,761] Compiling src/google/protobuf/compiler/parser.cc; 5s processwrapper-sandbox ... (4 actions running)
[1,081 / 2,761] Compiling src/google/protobuf/extension_set.cc [for tool]; 4s processwrapper-sandbox ... (4 actions, 3 running)
[1,086 / 2,761] Compiling src/google/protobuf/extension_set.cc [for tool]; 5s processwrapper-sandbox ... (4 actions, 3 running)
[1,090 / 2,761] Compiling src/google/protobuf/compiler/importer.cc; 3s processwrapper-sandbox ... (4 actions, 3 running)
[1,102 / 2,761] Compiling src/google/protobuf/generated_enum_util.cc [for tool]; 1s processwrapper-sandbox ... (4 actions, 3 running)
[1,112 / 2,761] Compiling absl/strings/internal/str_format/parser.cc [for tool]; 1s processwrapper-sandbox ... (4 actions running)
[1,119 / 2,761] Compiling src/google/protobuf/generated_message_tctable_lite.cc [for tool]; 1s processwrapper-sandbox ... (4 actions, 3 running)
[1,122 / 2,761] Compiling src/google/protobuf/generated_message_tctable_lite.cc [for tool]; 3s processwrapper-sandbox ... (4 actions, 3 running)
[1,126 / 2,761] Compiling src/google/protobuf/generated_message_tctable_lite.cc [for tool]; 4s processwrapper-sandbox ... (4 actions, 3 running)
[1,129 / 2,761] Compiling src/google/protobuf/generated_message_tctable_lite.cc [for tool]; 5s processwrapper-sandbox ... (4 actions running)
[1,134 / 2,761] Compiling src/google/protobuf/generated_message_tctable_lite.cc [for tool]; 6s processwrapper-sandbox ... (4 actions running)
[1,139 / 2,761] Compiling src/google/protobuf/generated_message_tctable_lite.cc [for tool]; 7s processwrapper-sandbox ... (4 actions running)
[1,143 / 2,761] Compiling src/google/protobuf/generated_message_tctable_lite.cc [for tool]; 8s processwrapper-sandbox ... (4 actions running)
[1,144 / 2,761] Compiling absl/strings/cord.cc; 1s processwrapper-sandbox ... (4 actions running)
[1,149 / 2,761] Compiling absl/strings/cord_analysis.cc; 1s processwrapper-sandbox ... (4 actions, 3 running)
[1,153 / 2,761] Compiling src/google/protobuf/parse_context.cc; 2s processwrapper-sandbox ... (4 actions, 3 running)
[1,156 / 2,761] Compiling absl/strings/internal/cord_rep_btree.cc; 1s processwrapper-sandbox ... (4 actions running)
[1,159 / 2,761] Compiling src/google/protobuf/message_lite.cc; 1s processwrapper-sandbox ... (4 actions running)
[1,163 / 2,761] Compiling src/google/protobuf/map.cc [for tool]; 0s processwrapper-sandbox ... (4 actions running)
[1,165 / 2,761] Compiling src/google/protobuf/map.cc [for tool]; 1s processwrapper-sandbox ... (4 actions running)
[1,167 / 2,761] Compiling src/google/protobuf/map.cc [for tool]; 2s processwrapper-sandbox ... (4 actions running)
[1,171 / 2,761] Compiling src/google/protobuf/inlined_string_field.cc; 0s processwrapper-sandbox ... (4 actions running)
[1,176 / 2,761] Compiling src/google/protobuf/message_lite.cc [for tool]; 1s processwrapper-sandbox ... (4 actions, 3 running)
[1,179 / 2,761] Compiling src/google/protobuf/implicit_weak_message.cc; 1s processwrapper-sandbox ... (4 actions, 3 running)
[1,184 / 2,761] Compiling src/google/protobuf/parse_context.cc [for tool]; 1s processwrapper-sandbox ... (4 actions, 3 running)
[1,188 / 2,761] Compiling src/google/protobuf/parse_context.cc [for tool]; 2s processwrapper-sandbox ... (4 actions, 3 running)
[1,193 / 2,761] Compiling absl/crc/internal/crc_non_temporal_memcpy.cc; 1s processwrapper-sandbox ... (4 actions, 3 running)
[1,198 / 2,761] Compiling src/google/protobuf/generated_message_tctable_lite.cc; 1s processwrapper-sandbox ... (4 actions, 3 running)
[1,201 / 2,761] Compiling src/google/protobuf/generated_message_tctable_lite.cc; 3s processwrapper-sandbox ... (4 actions running)
[1,204 / 2,761] Compiling src/google/protobuf/generated_message_tctable_lite.cc; 4s processwrapper-sandbox ... (4 actions, 3 running)
[1,210 / 2,761] Compiling src/google/protobuf/unknown_field_set_lite.cc [for tool]; 1s processwrapper-sandbox ... (4 actions, 3 running)
[1,216 / 2,761] Compiling src/google/protobuf/generated_enum_util.cc; 1s processwrapper-sandbox ... (4 actions, 3 running)
[1,219 / 2,761] Compiling src/google/protobuf/wire_format_lite.cc [for tool]; 1s processwrapper-sandbox ... (4 actions running)
[1,225 / 2,761] Compiling src/google/protobuf/extension_set.cc; 1s processwrapper-sandbox ... (4 actions running)
[1,228 / 2,761] Compiling src/google/protobuf/extension_set.cc; 2s processwrapper-sandbox ... (4 actions, 3 running)
[1,233 / 2,761] Compiling src/google/protobuf/extension_set.cc; 3s processwrapper-sandbox ... (4 actions, 3 running)
[1,239 / 2,761] Compiling src/google/protobuf/io/zero_copy_stream_impl.cc [for tool]; 0s processwrapper-sandbox ... (4 actions, 3 running)
[1,243 / 2,761] Compiling src/google/protobuf/arenastring.cc; 1s processwrapper-sandbox ... (4 actions, 3 running)
[1,248 / 2,761] Compiling src/google/protobuf/io/zero_copy_stream_impl_lite.cc [for tool]; 1s processwrapper-sandbox ... (4 actions, 3 running)
[1,252 / 2,761] Compiling src/google/protobuf/any_lite.cc; 1s processwrapper-sandbox ... (4 actions, 3 running)
[1,256 / 2,761] Compiling src/google/protobuf/json/internal/zero_copy_buffered_stream.cc [for tool]; 1s processwrapper-sandbox ... (4 actions, 3 running)
[1,261 / 2,761] Compiling src/google/protobuf/io/gzip_stream.cc [for tool]; 1s processwrapper-sandbox ... (4 actions running)
[1,265 / 2,761] Compiling absl/time/clock.cc; 0s processwrapper-sandbox ... (4 actions running)
[1,270 / 2,761] Compiling src/google/protobuf/wire_format.cc; 1s processwrapper-sandbox ... (4 actions running)
[1,274 / 2,761] Compiling src/google/protobuf/wire_format.cc; 2s processwrapper-sandbox ... (4 actions, 3 running)
[1,278 / 2,761] Compiling src/google/protobuf/wire_format.cc; 3s processwrapper-sandbox ... (4 actions, 3 running)
INFO: From Compiling src/google/protobuf/wire_format.cc:
external/protobuf+/src/google/protobuf/wire_format.cc: In static member function 'static uint8_t* google::protobuf::internal::WireFormat::InternalSerializeField(const google::protobuf::FieldDescriptor*, const google::protobuf::Message&, uint8_t*, google::protobuf::io::EpsCopyOutputStream*)':
external/protobuf+/src/google/protobuf/wire_format.cc:1377:54: warning: 'const google::protobuf::EnumValueDescriptor* google::protobuf::Reflection::GetRepeatedEnum(const google::protobuf::Message&, const google::protobuf::FieldDescriptor*, int) const' is deprecated: Please use GetRepeatedEnumValue() instead. GetRepeatedEnum() will be removed in Q1 2027. [-Wdeprecated-declarations]
 1377 |                 ? message_reflection->GetRepeatedEnum(message, field, j)
      |                   ~~~~~~~~~~~~~~~~~~~~~~~~~~~~~~~~~~~^~~~~~~~~~~~~~~~~~~
In file included from bazel-out/k8-fastbuild/bin/external/protobuf+/src/google/protobuf/_virtual_includes/protobuf/google/protobuf/wire_format.h:29,
                 from external/protobuf+/src/google/protobuf/wire_format.cc:12:
bazel-out/k8-fastbuild/bin/external/protobuf+/src/google/protobuf/_virtual_includes/protobuf/google/protobuf/message.h:826:3: note: declared here
  826 |   GetRepeatedEnum(const Message& message, const FieldDescriptor* field,
      |   ^~~~~~~~~~~~~~~
external/protobuf+/src/google/protobuf/wire_format.cc:1378:46: warning: 'const google::protobuf::EnumValueDescriptor* google::protobuf::Reflection::GetEnum(const google::protobuf::Message&, const google::protobuf::FieldDescriptor*) const' is deprecated: Please use GetEnumValue() instead. GetEnum() will be removed in Q1 2027. [-Wdeprecated-declarations]
 1378 |                 : message_reflection->GetEnum(message, field);
      |                   ~~~~~~~~~~~~~~~~~~~~~~~~~~~^~~~~~~~~~~~~~~~
bazel-out/k8-fastbuild/bin/external/protobuf+/src/google/protobuf/_virtual_includes/protobuf/google/protobuf/message.h:639:3: note: declared here
  639 |   GetEnum(const Message& message, const FieldDescriptor* field) const;
      |   ^~~~~~~
external/protobuf+/src/google/protobuf/wire_format.cc: In static member function 'static size_t google::protobuf::internal::WireFormat::FieldDataOnlyByteSize(const google::protobuf::FieldDescriptor*, const google::protobuf::Message&)':
external/protobuf+/src/google/protobuf/wire_format.cc:1714:50: warning: 'const google::protobuf::EnumValueDescriptor* google::protobuf::Reflection::GetRepeatedEnum(const google::protobuf::Message&, const google::protobuf::FieldDescriptor*, int) const' is deprecated: Please use GetRepeatedEnumValue() instead. GetRepeatedEnum() will be removed in Q1 2027. [-Wdeprecated-declarations]
 1714 |               message_reflection->GetRepeatedEnum(message, field, j)->number());
      |               ~~~~~~~~~~~~~~~~~~~~~~~~~~~~~~~~~~~^~~~~~~~~~~~~~~~~~~
bazel-out/k8-fastbuild/bin/external/protobuf+/src/google/protobuf/_virtual_includes/protobuf/google/protobuf/message.h:826:3: note: declared here
  826 |   GetRepeatedEnum(const Message& message, const FieldDescriptor* field,
      |   ^~~~~~~~~~~~~~~
external/protobuf+/src/google/protobuf/wire_format.cc:1718:40: warning: 'const google::protobuf::EnumValueDescriptor* google::protobuf::Reflection::GetEnum(const google::protobuf::Message&, const google::protobuf::FieldDescriptor*) const' is deprecated: Please use GetEnumValue() instead. GetEnum() will be removed in Q1 2027. [-Wdeprecated-declarations]
 1718 |             message_reflection->GetEnum(message, field)->number());
      |             ~~~~~~~~~~~~~~~~~~~~~~~~~~~^~~~~~~~~~~~~~~~
bazel-out/k8-fastbuild/bin/external/protobuf+/src/google/protobuf/_virtual_includes/protobuf/google/protobuf/message.h:639:3: note: declared here
  639 |   GetEnum(const Message& message, const FieldDescriptor* field) const;
      |   ^~~~~~~
[1,282 / 2,761] Compiling src/google/protobuf/json/internal/writer.cc [for tool]; 1s processwrapper-sandbox ... (4 actions, 3 running)
[1,286 / 2,761] Compiling src/google/protobuf/unknown_field_set.cc; 1s processwrapper-sandbox ... (4 actions, 3 running)
[1,290 / 2,761] Compiling src/google/protobuf/unknown_field_set.cc; 2s processwrapper-sandbox ... (4 actions, 3 running)
[1,294 / 2,761] Compiling src/google/protobuf/io/printer.cc [for tool]; 1s processwrapper-sandbox ... (4 actions, 3 running)
[1,300 / 2,761] Compiling src/google/protobuf/io/printer.cc [for tool]; 2s processwrapper-sandbox ... (4 actions, 3 running)
[1,301 / 2,761] Compiling src/google/protobuf/io/printer.cc [for tool]; 4s processwrapper-sandbox ... (4 actions, 3 running)
[1,303 / 2,761] Compiling src/google/protobuf/text_format.cc; 4s processwrapper-sandbox ... (4 actions, 3 running)
[1,306 / 2,761] Compiling src/google/protobuf/text_format.cc; 5s processwrapper-sandbox ... (4 actions running)
INFO: From Compiling src/google/protobuf/text_format.cc:
external/protobuf+/src/google/protobuf/text_format.cc: In member function 'google::protobuf::TextFormat::ParseLocation google::protobuf::TextFormat::ParseInfoTree::GetLocation(const google::protobuf::FieldDescriptor*, int) const':
external/protobuf+/src/google/protobuf/text_format.cc:262:26: warning: 'google::protobuf::TextFormat::ParseLocationRange google::protobuf::TextFormat::ParseInfoTree::GetLocationRange(const google::protobuf::FieldDescriptor*, int) const' is deprecated: Please use GetFieldLocation() [-Wdeprecated-declarations]
  262 |   return GetLocationRange(field, index).start;
      |          ~~~~~~~~~~~~~~~~^~~~~~~~~~~~~~
external/protobuf+/src/google/protobuf/text_format.cc:244:32: note: declared here
  244 | TextFormat::ParseLocationRange TextFormat::ParseInfoTree::GetLocationRange(
      |                                ^~~~~~~~~~
external/protobuf+/src/google/protobuf/text_format.cc: In member function 'bool google::protobuf::TextFormat::Parser::ParserImpl::ConsumeFieldValue(google::protobuf::Message*, const google::protobuf::Reflection*, const google::protobuf::FieldDescriptor*)':
external/protobuf+/src/google/protobuf/text_format.cc:966:37: warning: 'const google::protobuf::EnumValueDescriptor* google::protobuf::Reflection::GetEnum(const google::protobuf::Message&, const google::protobuf::FieldDescriptor*) const' is deprecated: Please use GetEnumValue() instead. GetEnum() will be removed in Q1 2027. [-Wdeprecated-declarations]
  966 |             reflection->Get##CPPTYPE(*message, field) &&           \
      |             ~~~~~~~~~~~~~~~~~~~~~~~~^~~~~~~~~~~~~~~~~
external/protobuf+/src/google/protobuf/text_format.cc:1086:9: note: in expansion of macro 'SET_FIELD'
 1086 |         SET_FIELD(Enum, enum, enum_value);
      |         ^~~~~~~~~
In file included from bazel-out/k8-fastbuild/bin/external/protobuf+/src/google/protobuf/_virtual_includes/protobuf/google/protobuf/text_format.h:31,
                 from external/protobuf+/src/google/protobuf/text_format.cc:12:
bazel-out/k8-fastbuild/bin/external/protobuf+/src/google/protobuf/_virtual_includes/protobuf/google/protobuf/message.h:639:3: note: declared here
  639 |   GetEnum(const Message& message, const FieldDescriptor* field) const;
      |   ^~~~~~~
[1,309 / 2,761] Compiling src/google/protobuf/compiler/csharp/c_sharp_features.pb.cc [for tool]; 2s processwrapper-sandbox ... (4 actions, 3 running)
[1,312 / 2,761] Compiling src/google/protobuf/symbol_checker.cc; 1s processwrapper-sandbox ... (4 actions, 3 running)
[1,315 / 2,761] Compiling src/google/protobuf/symbol_checker.cc; 2s processwrapper-sandbox ... (4 actions running)
[1,320 / 2,761] Compiling absl/strings/internal/cord_rep_consume.cc [for tool]; 0s processwrapper-sandbox ... (4 actions running)
[1,322 / 2,761] Compiling src/google/protobuf/symbol.cc; 1s processwrapper-sandbox ... (4 actions, 3 running)
[1,326 / 2,761] Compiling absl/strings/internal/cord_rep_btree_navigator.cc [for tool]; 1s processwrapper-sandbox ... (4 actions, 3 running)
[1,330 / 2,761] Compiling src/google/protobuf/util/field_comparator.cc [for tool]; 1s processwrapper-sandbox ... (4 actions running)
INFO: From Compiling src/google/protobuf/util/field_comparator.cc [for tool]:
external/protobuf+/src/google/protobuf/util/field_comparator.cc: In member function 'google::protobuf::util::FieldComparator::ComparisonResult google::protobuf::util::SimpleFieldComparator::SimpleCompare(const google::protobuf::Message&, const google::protobuf::Message&, const google::protobuf::FieldDescriptor*, int, int, const google::protobuf::util::FieldContext*)':
external/protobuf+/src/google/protobuf/util/field_comparator.cc:77:50: warning: 'const google::protobuf::EnumValueDescriptor* google::protobuf::Reflection::GetRepeatedEnum(const google::protobuf::Message&, const google::protobuf::FieldDescriptor*, int) const' is deprecated: Please use GetRepeatedEnumValue() instead. GetRepeatedEnum() will be removed in Q1 2027. [-Wdeprecated-declarations]
   77 |         *field, reflection_1->GetRepeated##METHOD(message_1, field, index_1), \
      |                 ~~~~~~~~~~~~~~~~~~~~~~~~~~~~~~~~~^~~~~~~~~~~~~~~~~~~~~~~~~~~
external/protobuf+/src/google/protobuf/util/field_comparator.cc:91:7: note: in expansion of macro 'COMPARE_FIELD'
   91 |       COMPARE_FIELD(Enum);
      |       ^~~~~~~~~~~~~
In file included from external/protobuf+/src/google/protobuf/util/field_comparator.cc:21:
bazel-out/k8-opt-exec-ST-d57f47055a04/bin/external/protobuf+/src/google/protobuf/_virtual_includes/protobuf/google/protobuf/message.h:826:3: note: declared here
  826 |   GetRepeatedEnum(const Message& message, const FieldDescriptor* field,
      |   ^~~~~~~~~~~~~~~
external/protobuf+/src/google/protobuf/util/field_comparator.cc:78:42: warning: 'const google::protobuf::EnumValueDescriptor* google::protobuf::Reflection::GetRepeatedEnum(const google::protobuf::Message&, const google::protobuf::FieldDescriptor*, int) const' is deprecated: Please use GetRepeatedEnumValue() instead. GetRepeatedEnum() will be removed in Q1 2027. [-Wdeprecated-declarations]
   78 |         reflection_2->GetRepeated##METHOD(message_2, field, index_2)));       \
      |         ~~~~~~~~~~~~~~~~~~~~~~~~~~~~~~~~~^~~~~~~~~~~~~~~~~~~~~~~~~~~
external/protobuf+/src/google/protobuf/util/field_comparator.cc:91:7: note: in expansion of macro 'COMPARE_FIELD'
   91 |       COMPARE_FIELD(Enum);
      |       ^~~~~~~~~~~~~
bazel-out/k8-opt-exec-ST-d57f47055a04/bin/external/protobuf+/src/google/protobuf/_virtual_includes/protobuf/google/protobuf/message.h:826:3: note: declared here
  826 |   GetRepeatedEnum(const Message& message, const FieldDescriptor* field,
      |   ^~~~~~~~~~~~~~~
external/protobuf+/src/google/protobuf/util/field_comparator.cc:81:58: warning: 'const google::protobuf::EnumValueDescriptor* google::protobuf::Reflection::GetEnum(const google::protobuf::Message&, const google::protobuf::FieldDescriptor*) const' is deprecated: Please use GetEnumValue() instead. GetEnum() will be removed in Q1 2027. [-Wdeprecated-declarations]
   81 |         Compare##METHOD(*field, reflection_1->Get##METHOD(message_1, field),  \
      |                                 ~~~~~~~~~~~~~~~~~~~~~~~~~^~~~~~~~~~~~~~~~~~
external/protobuf+/src/google/protobuf/util/field_comparator.cc:91:7: note: in expansion of macro 'COMPARE_FIELD'
   91 |       COMPARE_FIELD(Enum);
      |       ^~~~~~~~~~~~~
bazel-out/k8-opt-exec-ST-d57f47055a04/bin/external/protobuf+/src/google/protobuf/_virtual_includes/protobuf/google/protobuf/message.h:639:3: note: declared here
  639 |   GetEnum(const Message& message, const FieldDescriptor* field) const;
      |   ^~~~~~~
external/protobuf+/src/google/protobuf/util/field_comparator.cc:82:50: warning: 'const google::protobuf::EnumValueDescriptor* google::protobuf::Reflection::GetEnum(const google::protobuf::Message&, const google::protobuf::FieldDescriptor*) const' is deprecated: Please use GetEnumValue() instead. GetEnum() will be removed in Q1 2027. [-Wdeprecated-declarations]
   82 |                         reflection_2->Get##METHOD(message_2, field)));        \
      |                         ~~~~~~~~~~~~~~~~~~~~~~~~~^~~~~~~~~~~~~~~~~~
external/protobuf+/src/google/protobuf/util/field_comparator.cc:91:7: note: in expansion of macro 'COMPARE_FIELD'
   91 |       COMPARE_FIELD(Enum);
      |       ^~~~~~~~~~~~~
bazel-out/k8-opt-exec-ST-d57f47055a04/bin/external/protobuf+/src/google/protobuf/_virtual_includes/protobuf/google/protobuf/message.h:639:3: note: declared here
  639 |   GetEnum(const Message& message, const FieldDescriptor* field) const;
      |   ^~~~~~~
[1,334 / 2,761] Compiling src/google/protobuf/reflection_ops.cc; 2s processwrapper-sandbox ... (4 actions, 3 running)
INFO: From Compiling src/google/protobuf/reflection_ops.cc:
external/protobuf+/src/google/protobuf/reflection_ops.cc: In static member function 'static void google::protobuf::internal::ReflectionOps::Merge(const google::protobuf::Message&, google::protobuf::Message*)':
external/protobuf+/src/google/protobuf/reflection_ops.cc:92:56: warning: 'const google::protobuf::EnumValueDescriptor* google::protobuf::Reflection::GetRepeatedEnum(const google::protobuf::Message&, const google::protobuf::FieldDescriptor*, int) const' is deprecated: Please use GetRepeatedEnumValue() instead. GetRepeatedEnum() will be removed in Q1 2027. [-Wdeprecated-declarations]
   92 |         to, field, from_reflection->GetRepeated##METHOD(from, field, j)); \
      |                    ~~~~~~~~~~~~~~~~~~~~~~~~~~~~~~~~~~~~^~~~~~~~~~~~~~~~
external/protobuf+/src/google/protobuf/reflection_ops.cc:103:11: note: in expansion of macro 'HANDLE_TYPE'
  103 |           HANDLE_TYPE(ENUM, Enum);
      |           ^~~~~~~~~~~
In file included from bazel-out/k8-fastbuild/bin/external/protobuf+/src/google/protobuf/_virtual_includes/protobuf/google/protobuf/reflection_ops.h:18,
                 from external/protobuf+/src/google/protobuf/reflection_ops.cc:11:
bazel-out/k8-fastbuild/bin/external/protobuf+/src/google/protobuf/_virtual_includes/protobuf/google/protobuf/message.h:826:3: note: declared here
  826 |   GetRepeatedEnum(const Message& message, const FieldDescriptor* field,
      |   ^~~~~~~~~~~~~~~
external/protobuf+/src/google/protobuf/reflection_ops.cc:125:60: warning: 'const google::protobuf::EnumValueDescriptor* google::protobuf::Reflection::GetEnum(const google::protobuf::Message&, const google::protobuf::FieldDescriptor*) const' is deprecated: Please use GetEnumValue() instead. GetEnum() will be removed in Q1 2027. [-Wdeprecated-declarations]
  125 |                                from_reflection->Get##METHOD(from, field)); \
      |                                ~~~~~~~~~~~~~~~~~~~~~~~~~~~~^~~~~~~~~~~~~
external/protobuf+/src/google/protobuf/reflection_ops.cc:136:9: note: in expansion of macro 'HANDLE_TYPE'
  136 |         HANDLE_TYPE(ENUM, Enum);
      |         ^~~~~~~~~~~
bazel-out/k8-fastbuild/bin/external/protobuf+/src/google/protobuf/_virtual_includes/protobuf/google/protobuf/message.h:639:3: note: declared here
  639 |   GetEnum(const Message& message, const FieldDescriptor* field) const;
      |   ^~~~~~~
[1,337 / 2,761] Compiling src/google/protobuf/util/message_differencer.cc [for tool]; 1s processwrapper-sandbox ... (4 actions, 3 running)
[1,341 / 2,761] Compiling src/google/protobuf/util/message_differencer.cc [for tool]; 2s processwrapper-sandbox ... (4 actions, 3 running)
[1,343 / 2,761] Compiling src/google/protobuf/util/message_differencer.cc [for tool]; 3s processwrapper-sandbox ... (4 actions, 3 running)
[1,346 / 2,761] Compiling src/google/protobuf/util/message_differencer.cc [for tool]; 4s processwrapper-sandbox ... (4 actions running)
[1,348 / 2,761] Compiling src/google/protobuf/util/message_differencer.cc [for tool]; 5s processwrapper-sandbox ... (4 actions running)
[1,349 / 2,761] Compiling src/google/protobuf/util/message_differencer.cc [for tool]; 6s processwrapper-sandbox ... (4 actions, 3 running)
[1,352 / 2,761] Compiling src/google/protobuf/util/message_differencer.cc [for tool]; 8s processwrapper-sandbox ... (4 actions, 3 running)
[1,357 / 2,762] Compiling src/google/protobuf/map_field.cc; 1s processwrapper-sandbox ... (4 actions, 3 running)
[1,358 / 2,762] Compiling src/google/protobuf/map_field.cc; 3s processwrapper-sandbox ... (4 actions running)
[1,360 / 2,762] Compiling src/google/protobuf/json/internal/lexer.cc [for tool]; 3s processwrapper-sandbox ... (4 actions running)
[1,361 / 2,762] Compiling src/google/protobuf/io/printer.cc; 3s processwrapper-sandbox ... (4 actions running)
[1,364 / 2,762] Compiling src/google/protobuf/json/internal/message_path.cc [for tool]; 1s processwrapper-sandbox ... (4 actions, 3 running)
[1,367 / 2,762] Compiling src/google/protobuf/internal_feature_helper.cc; 1s processwrapper-sandbox ... (4 actions, 3 running)
[1,368 / 2,762] Compiling src/google/protobuf/internal_feature_helper.cc; 2s processwrapper-sandbox ... (4 actions, 3 running)
[1,371 / 2,762] Compiling src/google/protobuf/descriptor_database.cc [for tool]; 3s processwrapper-sandbox ... (4 actions running)
[1,373 / 2,762] Compiling src/google/protobuf/descriptor_database.cc [for tool]; 4s processwrapper-sandbox ... (4 actions running)
[1,377 / 2,762] Compiling src/google/protobuf/descriptor_database.cc [for tool]; 5s processwrapper-sandbox ... (4 actions, 3 running)
[1,380 / 2,762] Compiling src/google/protobuf/descriptor_database.cc [for tool]; 7s processwrapper-sandbox ... (4 actions running)
[1,381 / 2,762] Compiling src/google/protobuf/descriptor_database.cc [for tool]; 8s processwrapper-sandbox ... (4 actions, 3 running)
[1,385 / 2,762] Compiling src/google/protobuf/cpp_features.pb.cc; 1s processwrapper-sandbox ... (4 actions, 3 running)
[1,385 / 2,762] Compiling src/google/protobuf/cpp_features.pb.cc; 2s processwrapper-sandbox ... (4 actions running)
[1,388 / 2,762] Compiling src/google/protobuf/generated_message_reflection.cc; 3s processwrapper-sandbox ... (4 actions running)
[1,389 / 2,762] Compiling src/google/protobuf/generated_message_reflection.cc; 4s processwrapper-sandbox ... (4 actions, 3 running)
[1,390 / 2,762] Compiling src/google/protobuf/generated_message_reflection.cc; 5s processwrapper-sandbox ... (4 actions, 3 running)
[1,391 / 2,762] Compiling src/google/protobuf/generated_message_reflection.cc; 6s processwrapper-sandbox ... (4 actions, 3 running)
[1,393 / 2,762] Compiling src/google/protobuf/generated_message_reflection.cc; 7s processwrapper-sandbox ... (4 actions, 3 running)
[1,395 / 2,762] Compiling src/google/protobuf/descriptor.cc; 3s processwrapper-sandbox ... (4 actions, 3 running)
[1,395 / 2,762] Compiling src/google/protobuf/descriptor.cc; 4s processwrapper-sandbox ... (4 actions running)
[1,397 / 2,762] Compiling src/google/protobuf/descriptor.cc; 5s processwrapper-sandbox ... (4 actions, 3 running)
[1,397 / 2,762] Compiling src/google/protobuf/descriptor.cc; 7s processwrapper-sandbox ... (4 actions running)
[1,400 / 2,762] Compiling src/google/protobuf/descriptor.cc; 8s processwrapper-sandbox ... (4 actions running)
[1,404 / 2,762] Compiling src/google/protobuf/descriptor.cc; 9s processwrapper-sandbox ... (4 actions running)
[1,412 / 2,762] Compiling src/google/protobuf/descriptor.cc; 11s processwrapper-sandbox ... (4 actions, 3 running)
[1,415 / 2,762] Compiling src/google/protobuf/descriptor.cc; 12s processwrapper-sandbox ... (4 actions running)
[1,417 / 2,762] Compiling src/google/protobuf/descriptor.cc; 13s processwrapper-sandbox ... (4 actions running)
[1,418 / 2,762] Compiling src/google/protobuf/descriptor.cc; 14s processwrapper-sandbox ... (4 actions running)
[1,419 / 2,762] Compiling src/google/protobuf/descriptor.cc; 15s processwrapper-sandbox ... (4 actions, 3 running)
[1,420 / 2,762] Compiling src/google/protobuf/generated_message_reflection.cc [for tool]; 8s processwrapper-sandbox ... (4 actions, 3 running)
[1,422 / 2,762] Compiling src/google/protobuf/generated_message_reflection.cc [for tool]; 10s processwrapper-sandbox ... (4 actions running)
[1,423 / 2,762] Compiling src/google/protobuf/descriptor.pb.cc; 2s processwrapper-sandbox ... (4 actions, 3 running)
[1,424 / 2,762] Compiling src/google/protobuf/descriptor.pb.cc; 4s processwrapper-sandbox ... (4 actions running)
[1,520 / 2,906] Compiling src/google/protobuf/descriptor_database.cc; 5s processwrapper-sandbox ... (4 actions running)
[1,523 / 2,907] Compiling src/google/protobuf/generated_message_tctable_gen.cc [for tool]; 1s processwrapper-sandbox ... (3 actions running)
[1,523 / 2,907] Compiling src/google/protobuf/generated_message_tctable_gen.cc [for tool]; 3s processwrapper-sandbox ... (4 actions running)
[1,525 / 2,907] Compiling src/google/protobuf/compiler/command_line_interface.cc [for tool]; 4s processwrapper-sandbox ... (4 actions running)
[1,526 / 2,907] Compiling src/google/protobuf/compiler/command_line_interface.cc [for tool]; 5s processwrapper-sandbox ... (4 actions running)
[1,528 / 2,907] Compiling src/google/protobuf/compiler/command_line_interface.cc [for tool]; 6s processwrapper-sandbox ... (4 actions, 3 running)
[1,529 / 2,907] Compiling src/google/protobuf/compiler/command_line_interface.cc [for tool]; 8s processwrapper-sandbox ... (4 actions running)
[1,530 / 2,907] Compiling src/google/protobuf/compiler/command_line_interface.cc [for tool]; 9s processwrapper-sandbox ... (4 actions, 3 running)
[1,532 / 2,907] Compiling src/google/protobuf/compiler/command_line_interface.cc [for tool]; 11s processwrapper-sandbox ... (4 actions running)
[1,533 / 2,907] Compiling src/google/protobuf/compiler/command_line_interface.cc [for tool]; 12s processwrapper-sandbox ... (4 actions running)
[1,534 / 2,907] Compiling src/google/protobuf/compiler/parser.cc [for tool]; 3s processwrapper-sandbox ... (4 actions running)
[1,536 / 2,907] Compiling src/google/protobuf/compiler/parser.cc [for tool]; 5s processwrapper-sandbox ... (4 actions running)
[1,538 / 2,907] Compiling src/google/protobuf/compiler/parser.cc [for tool]; 6s processwrapper-sandbox ... (4 actions running)
[1,539 / 2,907] Compiling src/google/protobuf/message.cc [for tool]; 3s processwrapper-sandbox ... (4 actions, 3 running)
[1,539 / 2,907] Compiling src/google/protobuf/message.cc [for tool]; 5s processwrapper-sandbox ... (4 actions running)
[1,540 / 2,907] Compiling src/google/protobuf/generated_message_tctable_lite.cc [for tool]; 4s processwrapper-sandbox ... (4 actions, 3 running)
[1,542 / 2,907] Compiling src/google/protobuf/generated_message_tctable_lite.cc [for tool]; 5s processwrapper-sandbox ... (4 actions, 3 running)
[1,542 / 2,907] Compiling src/google/protobuf/generated_message_tctable_lite.cc [for tool]; 7s processwrapper-sandbox ... (4 actions running)
INFO: From Compiling src/google/protobuf/reflection_ops.cc [for tool]:
external/protobuf+/src/google/protobuf/reflection_ops.cc: In static member function 'static void google::protobuf::internal::ReflectionOps::Merge(const google::protobuf::Message&, google::protobuf::Message*)':
external/protobuf+/src/google/protobuf/reflection_ops.cc:92:56: warning: 'const google::protobuf::EnumValueDescriptor* google::protobuf::Reflection::GetRepeatedEnum(const google::protobuf::Message&, const google::protobuf::FieldDescriptor*, int) const' is deprecated: Please use GetRepeatedEnumValue() instead. GetRepeatedEnum() will be removed in Q1 2027. [-Wdeprecated-declarations]
   92 |         to, field, from_reflection->GetRepeated##METHOD(from, field, j)); \
      |                    ~~~~~~~~~~~~~~~~~~~~~~~~~~~~~~~~~~~~^~~~~~~~~~~~~~~~
external/protobuf+/src/google/protobuf/reflection_ops.cc:103:11: note: in expansion of macro 'HANDLE_TYPE'
  103 |           HANDLE_TYPE(ENUM, Enum);
      |           ^~~~~~~~~~~
In file included from bazel-out/k8-opt-exec-ST-d57f47055a04/bin/external/protobuf+/src/google/protobuf/_virtual_includes/protobuf/google/protobuf/reflection_ops.h:18,
                 from external/protobuf+/src/google/protobuf/reflection_ops.cc:11:
bazel-out/k8-opt-exec-ST-d57f47055a04/bin/external/protobuf+/src/google/protobuf/_virtual_includes/protobuf/google/protobuf/message.h:826:3: note: declared here
  826 |   GetRepeatedEnum(const Message& message, const FieldDescriptor* field,
      |   ^~~~~~~~~~~~~~~
external/protobuf+/src/google/protobuf/reflection_ops.cc:125:60: warning: 'const google::protobuf::EnumValueDescriptor* google::protobuf::Reflection::GetEnum(const google::protobuf::Message&, const google::protobuf::FieldDescriptor*) const' is deprecated: Please use GetEnumValue() instead. GetEnum() will be removed in Q1 2027. [-Wdeprecated-declarations]
  125 |                                from_reflection->Get##METHOD(from, field)); \
      |                                ~~~~~~~~~~~~~~~~~~~~~~~~~~~~^~~~~~~~~~~~~
external/protobuf+/src/google/protobuf/reflection_ops.cc:136:9: note: in expansion of macro 'HANDLE_TYPE'
  136 |         HANDLE_TYPE(ENUM, Enum);
      |         ^~~~~~~~~~~
bazel-out/k8-opt-exec-ST-d57f47055a04/bin/external/protobuf+/src/google/protobuf/_virtual_includes/protobuf/google/protobuf/message.h:639:3: note: declared here
  639 |   GetEnum(const Message& message, const FieldDescriptor* field) const;
      |   ^~~~~~~
[1,544 / 2,907] Compiling src/google/protobuf/generated_message_tctable_lite.cc [for tool]; 8s processwrapper-sandbox ... (4 actions running)
[1,546 / 2,907] Compiling src/google/protobuf/compiler/java/lite/extension.cc [for tool]; 3s processwrapper-sandbox ... (4 actions running)
[1,548 / 2,907] Compiling src/google/protobuf/compiler/java/lite/make_field_gens.cc [for tool]; 3s processwrapper-sandbox ... (4 actions, 3 running)
[1,550 / 2,907] Compiling src/google/protobuf/compiler/java/lite/map_field.cc [for tool]; 2s processwrapper-sandbox ... (4 actions running)
[1,551 / 2,907] Compiling src/google/protobuf/compiler/java/lite/map_field.cc [for tool]; 5s processwrapper-sandbox ... (4 actions, 3 running)
[1,553 / 2,907] Compiling src/google/protobuf/extension_set.cc [for tool]; 5s processwrapper-sandbox ... (4 actions, 3 running)
[1,555 / 2,907] Compiling src/google/protobuf/text_format.cc [for tool]; 2s processwrapper-sandbox ... (4 actions running)
[1,556 / 2,907] Compiling src/google/protobuf/text_format.cc [for tool]; 3s processwrapper-sandbox ... (4 actions running)
[1,557 / 2,907] Compiling src/google/protobuf/text_format.cc [for tool]; 5s processwrapper-sandbox ... (4 actions, 3 running)
[1,558 / 2,907] Compiling src/google/protobuf/text_format.cc [for tool]; 6s processwrapper-sandbox ... (4 actions running)
INFO: From Compiling src/google/protobuf/text_format.cc [for tool]:
external/protobuf+/src/google/protobuf/text_format.cc: In member function 'google::protobuf::TextFormat::ParseLocation google::protobuf::TextFormat::ParseInfoTree::GetLocation(const google::protobuf::FieldDescriptor*, int) const':
external/protobuf+/src/google/protobuf/text_format.cc:262:26: warning: 'google::protobuf::TextFormat::ParseLocationRange google::protobuf::TextFormat::ParseInfoTree::GetLocationRange(const google::protobuf::FieldDescriptor*, int) const' is deprecated: Please use GetFieldLocation() [-Wdeprecated-declarations]
  262 |   return GetLocationRange(field, index).start;
      |          ~~~~~~~~~~~~~~~~^~~~~~~~~~~~~~
external/protobuf+/src/google/protobuf/text_format.cc:244:32: note: declared here
  244 | TextFormat::ParseLocationRange TextFormat::ParseInfoTree::GetLocationRange(
      |                                ^~~~~~~~~~
external/protobuf+/src/google/protobuf/text_format.cc: In member function 'bool google::protobuf::TextFormat::Parser::ParserImpl::ConsumeFieldValue(google::protobuf::Message*, const google::protobuf::Reflection*, const google::protobuf::FieldDescriptor*)':
external/protobuf+/src/google/protobuf/text_format.cc:966:37: warning: 'const google::protobuf::EnumValueDescriptor* google::protobuf::Reflection::GetEnum(const google::protobuf::Message&, const google::protobuf::FieldDescriptor*) const' is deprecated: Please use GetEnumValue() instead. GetEnum() will be removed in Q1 2027. [-Wdeprecated-declarations]
  966 |             reflection->Get##CPPTYPE(*message, field) &&           \
      |             ~~~~~~~~~~~~~~~~~~~~~~~~^~~~~~~~~~~~~~~~~
external/protobuf+/src/google/protobuf/text_format.cc:1086:9: note: in expansion of macro 'SET_FIELD'
 1086 |         SET_FIELD(Enum, enum, enum_value);
      |         ^~~~~~~~~
In file included from bazel-out/k8-opt-exec-ST-d57f47055a04/bin/external/protobuf+/src/google/protobuf/_virtual_includes/protobuf/google/protobuf/text_format.h:31,
                 from external/protobuf+/src/google/protobuf/text_format.cc:12:
bazel-out/k8-opt-exec-ST-d57f47055a04/bin/external/protobuf+/src/google/protobuf/_virtual_includes/protobuf/google/protobuf/message.h:639:3: note: declared here
  639 |   GetEnum(const Message& message, const FieldDescriptor* field) const;
      |   ^~~~~~~
[1,561 / 2,907] Compiling src/google/protobuf/compiler/java/internal_helpers.cc [for tool]; 1s processwrapper-sandbox ... (4 actions, 3 running)
[1,561 / 2,907] Compiling src/google/protobuf/compiler/java/internal_helpers.cc [for tool]; 3s processwrapper-sandbox ... (4 actions running)
[1,562 / 2,907] Compiling src/google/protobuf/compiler/java/internal_helpers.cc [for tool]; 4s processwrapper-sandbox ... (4 actions, 3 running)
[1,563 / 2,907] Compiling src/google/protobuf/compiler/java/internal_helpers.cc [for tool]; 6s processwrapper-sandbox ... (4 actions, 3 running)
INFO: From Compiling src/google/protobuf/wire_format.cc [for tool]:
external/protobuf+/src/google/protobuf/wire_format.cc: In static member function 'static uint8_t* google::protobuf::internal::WireFormat::InternalSerializeField(const google::protobuf::FieldDescriptor*, const google::protobuf::Message&, uint8_t*, google::protobuf::io::EpsCopyOutputStream*)':
external/protobuf+/src/google/protobuf/wire_format.cc:1377:54: warning: 'const google::protobuf::EnumValueDescriptor* google::protobuf::Reflection::GetRepeatedEnum(const google::protobuf::Message&, const google::protobuf::FieldDescriptor*, int) const' is deprecated: Please use GetRepeatedEnumValue() instead. GetRepeatedEnum() will be removed in Q1 2027. [-Wdeprecated-declarations]
 1377 |                 ? message_reflection->GetRepeatedEnum(message, field, j)
      |                   ~~~~~~~~~~~~~~~~~~~~~~~~~~~~~~~~~~~^~~~~~~~~~~~~~~~~~~
In file included from bazel-out/k8-opt-exec-ST-020102668b12/bin/external/protobuf+/src/google/protobuf/_virtual_includes/protobuf/google/protobuf/wire_format.h:29,
                 from external/protobuf+/src/google/protobuf/wire_format.cc:12:
bazel-out/k8-opt-exec-ST-020102668b12/bin/external/protobuf+/src/google/protobuf/_virtual_includes/protobuf/google/protobuf/message.h:826:3: note: declared here
  826 |   GetRepeatedEnum(const Message& message, const FieldDescriptor* field,
      |   ^~~~~~~~~~~~~~~
external/protobuf+/src/google/protobuf/wire_format.cc:1378:46: warning: 'const google::protobuf::EnumValueDescriptor* google::protobuf::Reflection::GetEnum(const google::protobuf::Message&, const google::protobuf::FieldDescriptor*) const' is deprecated: Please use GetEnumValue() instead. GetEnum() will be removed in Q1 2027. [-Wdeprecated-declarations]
 1378 |                 : message_reflection->GetEnum(message, field);
      |                   ~~~~~~~~~~~~~~~~~~~~~~~~~~~^~~~~~~~~~~~~~~~
bazel-out/k8-opt-exec-ST-020102668b12/bin/external/protobuf+/src/google/protobuf/_virtual_includes/protobuf/google/protobuf/message.h:639:3: note: declared here
  639 |   GetEnum(const Message& message, const FieldDescriptor* field) const;
      |   ^~~~~~~
external/protobuf+/src/google/protobuf/wire_format.cc: In static member function 'static size_t google::protobuf::internal::WireFormat::FieldDataOnlyByteSize(const google::protobuf::FieldDescriptor*, const google::protobuf::Message&)':
external/protobuf+/src/google/protobuf/wire_format.cc:1714:50: warning: 'const google::protobuf::EnumValueDescriptor* google::protobuf::Reflection::GetRepeatedEnum(const google::protobuf::Message&, const google::protobuf::FieldDescriptor*, int) const' is deprecated: Please use GetRepeatedEnumValue() instead. GetRepeatedEnum() will be removed in Q1 2027. [-Wdeprecated-declarations]
 1714 |               message_reflection->GetRepeatedEnum(message, field, j)->number());
      |               ~~~~~~~~~~~~~~~~~~~~~~~~~~~~~~~~~~~^~~~~~~~~~~~~~~~~~~
bazel-out/k8-opt-exec-ST-020102668b12/bin/external/protobuf+/src/google/protobuf/_virtual_includes/protobuf/google/protobuf/message.h:826:3: note: declared here
  826 |   GetRepeatedEnum(const Message& message, const FieldDescriptor* field,
      |   ^~~~~~~~~~~~~~~
external/protobuf+/src/google/protobuf/wire_format.cc:1718:40: warning: 'const google::protobuf::EnumValueDescriptor* google::protobuf::Reflection::GetEnum(const google::protobuf::Message&, const google::protobuf::FieldDescriptor*) const' is deprecated: Please use GetEnumValue() instead. GetEnum() will be removed in Q1 2027. [-Wdeprecated-declarations]
 1718 |             message_reflection->GetEnum(message, field)->number());
      |             ~~~~~~~~~~~~~~~~~~~~~~~~~~~^~~~~~~~~~~~~~~~
bazel-out/k8-opt-exec-ST-020102668b12/bin/external/protobuf+/src/google/protobuf/_virtual_includes/protobuf/google/protobuf/message.h:639:3: note: declared here
  639 |   GetEnum(const Message& message, const FieldDescriptor* field) const;
      |   ^~~~~~~
[1,565 / 2,907] Compiling src/google/protobuf/wire_format.cc [for tool]; 2s processwrapper-sandbox ... (4 actions running)
[1,566 / 2,907] Compiling src/google/protobuf/wire_format.cc [for tool]; 4s processwrapper-sandbox ... (4 actions, 3 running)
[1,566 / 2,907] Compiling src/google/protobuf/wire_format.cc [for tool]; 5s processwrapper-sandbox ... (4 actions running)
INFO: From Compiling src/google/protobuf/wire_format.cc [for tool]:
external/protobuf+/src/google/protobuf/wire_format.cc: In static member function 'static uint8_t* google::protobuf::internal::WireFormat::InternalSerializeField(const google::protobuf::FieldDescriptor*, const google::protobuf::Message&, uint8_t*, google::protobuf::io::EpsCopyOutputStream*)':
external/protobuf+/src/google/protobuf/wire_format.cc:1377:54: warning: 'const google::protobuf::EnumValueDescriptor* google::protobuf::Reflection::GetRepeatedEnum(const google::protobuf::Message&, const google::protobuf::FieldDescriptor*, int) const' is deprecated: Please use GetRepeatedEnumValue() instead. GetRepeatedEnum() will be removed in Q1 2027. [-Wdeprecated-declarations]
 1377 |                 ? message_reflection->GetRepeatedEnum(message, field, j)
      |                   ~~~~~~~~~~~~~~~~~~~~~~~~~~~~~~~~~~~^~~~~~~~~~~~~~~~~~~
In file included from bazel-out/k8-opt-exec-ST-d57f47055a04/bin/external/protobuf+/src/google/protobuf/_virtual_includes/protobuf/google/protobuf/wire_format.h:29,
                 from external/protobuf+/src/google/protobuf/wire_format.cc:12:
bazel-out/k8-opt-exec-ST-d57f47055a04/bin/external/protobuf+/src/google/protobuf/_virtual_includes/protobuf/google/protobuf/message.h:826:3: note: declared here
  826 |   GetRepeatedEnum(const Message& message, const FieldDescriptor* field,
      |   ^~~~~~~~~~~~~~~
external/protobuf+/src/google/protobuf/wire_format.cc:1378:46: warning: 'const google::protobuf::EnumValueDescriptor* google::protobuf::Reflection::GetEnum(const google::protobuf::Message&, const google::protobuf::FieldDescriptor*) const' is deprecated: Please use GetEnumValue() instead. GetEnum() will be removed in Q1 2027. [-Wdeprecated-declarations]
 1378 |                 : message_reflection->GetEnum(message, field);
      |                   ~~~~~~~~~~~~~~~~~~~~~~~~~~~^~~~~~~~~~~~~~~~
bazel-out/k8-opt-exec-ST-d57f47055a04/bin/external/protobuf+/src/google/protobuf/_virtual_includes/protobuf/google/protobuf/message.h:639:3: note: declared here
  639 |   GetEnum(const Message& message, const FieldDescriptor* field) const;
      |   ^~~~~~~
external/protobuf+/src/google/protobuf/wire_format.cc: In static member function 'static size_t google::protobuf::internal::WireFormat::FieldDataOnlyByteSize(const google::protobuf::FieldDescriptor*, const google::protobuf::Message&)':
external/protobuf+/src/google/protobuf/wire_format.cc:1714:50: warning: 'const google::protobuf::EnumValueDescriptor* google::protobuf::Reflection::GetRepeatedEnum(const google::protobuf::Message&, const google::protobuf::FieldDescriptor*, int) const' is deprecated: Please use GetRepeatedEnumValue() instead. GetRepeatedEnum() will be removed in Q1 2027. [-Wdeprecated-declarations]
 1714 |               message_reflection->GetRepeatedEnum(message, field, j)->number());
      |               ~~~~~~~~~~~~~~~~~~~~~~~~~~~~~~~~~~~^~~~~~~~~~~~~~~~~~~
bazel-out/k8-opt-exec-ST-d57f47055a04/bin/external/protobuf+/src/google/protobuf/_virtual_includes/protobuf/google/protobuf/message.h:826:3: note: declared here
  826 |   GetRepeatedEnum(const Message& message, const FieldDescriptor* field,
      |   ^~~~~~~~~~~~~~~
external/protobuf+/src/google/protobuf/wire_format.cc:1718:40: warning: 'const google::protobuf::EnumValueDescriptor* google::protobuf::Reflection::GetEnum(const google::protobuf::Message&, const google::protobuf::FieldDescriptor*) const' is deprecated: Please use GetEnumValue() instead. GetEnum() will be removed in Q1 2027. [-Wdeprecated-declarations]
 1718 |             message_reflection->GetEnum(message, field)->number());
      |             ~~~~~~~~~~~~~~~~~~~~~~~~~~~^~~~~~~~~~~~~~~~
bazel-out/k8-opt-exec-ST-d57f47055a04/bin/external/protobuf+/src/google/protobuf/_virtual_includes/protobuf/google/protobuf/message.h:639:3: note: declared here
  639 |   GetEnum(const Message& message, const FieldDescriptor* field) const;
      |   ^~~~~~~
[1,569 / 2,907] Compiling src/google/protobuf/text_format.cc [for tool]; 3s processwrapper-sandbox ... (4 actions, 3 running)
[1,569 / 2,907] Compiling src/google/protobuf/text_format.cc [for tool]; 4s processwrapper-sandbox ... (4 actions running)
[1,570 / 2,907] Compiling src/google/protobuf/text_format.cc [for tool]; 7s processwrapper-sandbox ... (4 actions, 3 running)
INFO: From Compiling src/google/protobuf/text_format.cc [for tool]:
external/protobuf+/src/google/protobuf/text_format.cc: In member function 'google::protobuf::TextFormat::ParseLocation google::protobuf::TextFormat::ParseInfoTree::GetLocation(const google::protobuf::FieldDescriptor*, int) const':
external/protobuf+/src/google/protobuf/text_format.cc:262:26: warning: 'google::protobuf::TextFormat::ParseLocationRange google::protobuf::TextFormat::ParseInfoTree::GetLocationRange(const google::protobuf::FieldDescriptor*, int) const' is deprecated: Please use GetFieldLocation() [-Wdeprecated-declarations]
  262 |   return GetLocationRange(field, index).start;
      |          ~~~~~~~~~~~~~~~~^~~~~~~~~~~~~~
external/protobuf+/src/google/protobuf/text_format.cc:244:32: note: declared here
  244 | TextFormat::ParseLocationRange TextFormat::ParseInfoTree::GetLocationRange(
      |                                ^~~~~~~~~~
external/protobuf+/src/google/protobuf/text_format.cc: In member function 'bool google::protobuf::TextFormat::Parser::ParserImpl::ConsumeFieldValue(google::protobuf::Message*, const google::protobuf::Reflection*, const google::protobuf::FieldDescriptor*)':
external/protobuf+/src/google/protobuf/text_format.cc:966:37: warning: 'const google::protobuf::EnumValueDescriptor* google::protobuf::Reflection::GetEnum(const google::protobuf::Message&, const google::protobuf::FieldDescriptor*) const' is deprecated: Please use GetEnumValue() instead. GetEnum() will be removed in Q1 2027. [-Wdeprecated-declarations]
  966 |             reflection->Get##CPPTYPE(*message, field) &&           \
      |             ~~~~~~~~~~~~~~~~~~~~~~~~^~~~~~~~~~~~~~~~~
external/protobuf+/src/google/protobuf/text_format.cc:1086:9: note: in expansion of macro 'SET_FIELD'
 1086 |         SET_FIELD(Enum, enum, enum_value);
      |         ^~~~~~~~~
In file included from bazel-out/k8-opt-exec-ST-020102668b12/bin/external/protobuf+/src/google/protobuf/_virtual_includes/protobuf/google/protobuf/text_format.h:31,
                 from external/protobuf+/src/google/protobuf/text_format.cc:12:
bazel-out/k8-opt-exec-ST-020102668b12/bin/external/protobuf+/src/google/protobuf/_virtual_includes/protobuf/google/protobuf/message.h:639:3: note: declared here
  639 |   GetEnum(const Message& message, const FieldDescriptor* field) const;
      |   ^~~~~~~
[1,572 / 2,907] Compiling src/google/protobuf/descriptor.pb.cc [for tool]; 6s processwrapper-sandbox ... (4 actions, 3 running)
[1,573 / 2,907] Compiling src/google/protobuf/compiler/java/names.cc [for tool]; 2s processwrapper-sandbox ... (4 actions, 3 running)
[1,575 / 2,907] Compiling src/google/protobuf/symbol_checker.cc [for tool]; 2s processwrapper-sandbox ... (4 actions, 3 running)
[1,576 / 2,907] Compiling src/google/protobuf/descriptor.cc [for tool]; 2s processwrapper-sandbox ... (4 actions running)
[1,577 / 2,907] Compiling src/google/protobuf/descriptor.cc [for tool]; 4s processwrapper-sandbox ... (4 actions, 3 running)
[1,579 / 2,907] Compiling src/google/protobuf/descriptor.cc [for tool]; 6s processwrapper-sandbox ... (4 actions running)
INFO: From Compiling src/google/protobuf/reflection_ops.cc [for tool]:
external/protobuf+/src/google/protobuf/reflection_ops.cc: In static member function 'static void google::protobuf::internal::ReflectionOps::Merge(const google::protobuf::Message&, google::protobuf::Message*)':
external/protobuf+/src/google/protobuf/reflection_ops.cc:92:56: warning: 'const google::protobuf::EnumValueDescriptor* google::protobuf::Reflection::GetRepeatedEnum(const google::protobuf::Message&, const google::protobuf::FieldDescriptor*, int) const' is deprecated: Please use GetRepeatedEnumValue() instead. GetRepeatedEnum() will be removed in Q1 2027. [-Wdeprecated-declarations]
   92 |         to, field, from_reflection->GetRepeated##METHOD(from, field, j)); \
      |                    ~~~~~~~~~~~~~~~~~~~~~~~~~~~~~~~~~~~~^~~~~~~~~~~~~~~~
external/protobuf+/src/google/protobuf/reflection_ops.cc:103:11: note: in expansion of macro 'HANDLE_TYPE'
  103 |           HANDLE_TYPE(ENUM, Enum);
      |           ^~~~~~~~~~~
In file included from bazel-out/k8-opt-exec-ST-020102668b12/bin/external/protobuf+/src/google/protobuf/_virtual_includes/protobuf/google/protobuf/reflection_ops.h:18,
                 from external/protobuf+/src/google/protobuf/reflection_ops.cc:11:
bazel-out/k8-opt-exec-ST-020102668b12/bin/external/protobuf+/src/google/protobuf/_virtual_includes/protobuf/google/protobuf/message.h:826:3: note: declared here
  826 |   GetRepeatedEnum(const Message& message, const FieldDescriptor* field,
      |   ^~~~~~~~~~~~~~~
external/protobuf+/src/google/protobuf/reflection_ops.cc:125:60: warning: 'const google::protobuf::EnumValueDescriptor* google::protobuf::Reflection::GetEnum(const google::protobuf::Message&, const google::protobuf::FieldDescriptor*) const' is deprecated: Please use GetEnumValue() instead. GetEnum() will be removed in Q1 2027. [-Wdeprecated-declarations]
  125 |                                from_reflection->Get##METHOD(from, field)); \
      |                                ~~~~~~~~~~~~~~~~~~~~~~~~~~~~^~~~~~~~~~~~~
external/protobuf+/src/google/protobuf/reflection_ops.cc:136:9: note: in expansion of macro 'HANDLE_TYPE'
  136 |         HANDLE_TYPE(ENUM, Enum);
      |         ^~~~~~~~~~~
bazel-out/k8-opt-exec-ST-020102668b12/bin/external/protobuf+/src/google/protobuf/_virtual_includes/protobuf/google/protobuf/message.h:639:3: note: declared here
  639 |   GetEnum(const Message& message, const FieldDescriptor* field) const;
      |   ^~~~~~~
[1,580 / 2,907] Compiling src/google/protobuf/descriptor.cc [for tool]; 8s processwrapper-sandbox ... (4 actions, 3 running)
[1,583 / 2,907] Compiling src/google/protobuf/descriptor.cc [for tool]; 10s processwrapper-sandbox ... (4 actions, 3 running)
[1,583 / 2,907] Compiling src/google/protobuf/descriptor.cc [for tool]; 11s processwrapper-sandbox ... (4 actions running)
[1,584 / 2,907] Compiling src/google/protobuf/descriptor.cc [for tool]; 14s processwrapper-sandbox ... (4 actions, 3 running)
[1,587 / 2,907] Compiling src/google/protobuf/descriptor.cc [for tool]; 15s processwrapper-sandbox ... (4 actions, 3 running)
[1,588 / 2,907] Compiling src/google/protobuf/descriptor.cc [for tool]; 17s processwrapper-sandbox ... (4 actions running)
[1,589 / 2,907] Compiling src/google/protobuf/descriptor.cc [for tool]; 18s processwrapper-sandbox ... (4 actions, 3 running)
[1,591 / 2,907] Compiling src/google/protobuf/descriptor.cc [for tool]; 19s processwrapper-sandbox ... (4 actions, 3 running)
[1,591 / 2,907] Compiling src/google/protobuf/descriptor.cc [for tool]; 21s processwrapper-sandbox ... (4 actions running)
[1,593 / 2,907] Compiling src/google/protobuf/descriptor.cc [for tool]; 22s processwrapper-sandbox ... (4 actions, 3 running)
[1,594 / 2,907] Compiling src/google/protobuf/descriptor.cc [for tool]; 24s processwrapper-sandbox ... (4 actions running)
[1,596 / 2,907] Compiling src/google/protobuf/internal_feature_helper.cc [for tool]; 2s processwrapper-sandbox ... (4 actions running)
[1,598 / 2,907] Compiling src/google/protobuf/cpp_file_options.pb.cc [for tool]; 2s processwrapper-sandbox ... (4 actions running)
[1,599 / 2,907] Compiling src/google/protobuf/compiler/plugin.pb.cc [for tool]; 3s processwrapper-sandbox ... (4 actions running)
[1,602 / 2,907] Compiling src/google/protobuf/generated_message_tctable_gen.cc [for tool]; 3s processwrapper-sandbox ... (4 actions, 3 running)
[1,606 / 2,907] Compiling src/google/protobuf/generated_message_tctable_full.cc [for tool]; 1s processwrapper-sandbox ... (4 actions, 3 running)
[1,607 / 2,907] Compiling src/google/protobuf/compiler/code_generator_lite.cc [for tool]; 2s processwrapper-sandbox ... (4 actions running)
[1,610 / 2,907] Compiling src/google/protobuf/generated_message_reflection.cc [for tool]; 2s processwrapper-sandbox ... (4 actions running)
[1,611 / 2,907] Compiling src/google/protobuf/generated_message_reflection.cc [for tool]; 3s processwrapper-sandbox ... (4 actions, 3 running)
[1,613 / 2,907] Compiling src/google/protobuf/generated_message_reflection.cc [for tool]; 5s processwrapper-sandbox ... (4 actions running)
[1,614 / 2,907] Compiling src/google/protobuf/descriptor.cc [for tool]; 7s processwrapper-sandbox ... (4 actions, 3 running)
[1,616 / 2,907] Compiling src/google/protobuf/descriptor.cc [for tool]; 8s processwrapper-sandbox ... (4 actions, 3 running)
[1,617 / 2,907] Compiling src/google/protobuf/descriptor.cc [for tool]; 10s processwrapper-sandbox ... (4 actions, 3 running)
[1,617 / 2,907] Compiling src/google/protobuf/descriptor.cc [for tool]; 11s processwrapper-sandbox ... (4 actions running)
[1,618 / 2,907] Compiling src/google/protobuf/descriptor.cc [for tool]; 13s processwrapper-sandbox ... (4 actions running)
[1,619 / 2,907] Compiling src/google/protobuf/descriptor.cc [for tool]; 14s processwrapper-sandbox ... (4 actions, 3 running)
[1,620 / 2,907] Compiling src/google/protobuf/descriptor.cc [for tool]; 16s processwrapper-sandbox ... (4 actions, 3 running)
[1,621 / 2,907] Compiling src/google/protobuf/descriptor.cc [for tool]; 17s processwrapper-sandbox ... (4 actions running)
[1,622 / 2,907] Compiling src/google/protobuf/descriptor.cc [for tool]; 18s processwrapper-sandbox ... (4 actions, 3 running)
[1,622 / 2,907] Compiling src/google/protobuf/descriptor.cc [for tool]; 20s processwrapper-sandbox ... (4 actions running)
[1,623 / 2,907] Compiling src/google/protobuf/descriptor.cc [for tool]; 21s processwrapper-sandbox ... (4 actions running)
[1,625 / 2,907] Compiling src/google/protobuf/descriptor.cc [for tool]; 23s processwrapper-sandbox ... (4 actions running)
[1,626 / 2,907] Compiling src/google/protobuf/descriptor.cc [for tool]; 25s processwrapper-sandbox ... (4 actions, 3 running)
[1,631 / 2,907] Compiling src/google/protobuf/compiler/command_line_interface.cc [for tool]; 1s processwrapper-sandbox ... (4 actions, 3 running)
[1,631 / 2,907] Compiling src/google/protobuf/compiler/command_line_interface.cc [for tool]; 2s processwrapper-sandbox ... (4 actions running)
[1,632 / 2,907] Compiling src/google/protobuf/compiler/command_line_interface.cc [for tool]; 3s processwrapper-sandbox ... (4 actions, 3 running)
[1,633 / 2,907] Compiling src/google/protobuf/compiler/command_line_interface.cc [for tool]; 5s processwrapper-sandbox ... (4 actions, 3 running)
[1,634 / 2,907] Compiling src/google/protobuf/compiler/command_line_interface.cc [for tool]; 6s processwrapper-sandbox ... (4 actions running)
[1,635 / 2,907] Compiling src/google/protobuf/compiler/command_line_interface.cc [for tool]; 9s processwrapper-sandbox ... (4 actions, 3 running)
[1,635 / 2,907] Compiling src/google/protobuf/compiler/command_line_interface.cc [for tool]; 10s processwrapper-sandbox ... (4 actions running)
[1,636 / 2,907] Compiling src/google/protobuf/compiler/command_line_interface.cc [for tool]; 11s processwrapper-sandbox ... (4 actions running)
[1,639 / 2,907] Compiling src/google/protobuf/compiler/java/lite/extension.cc [for tool]; 1s processwrapper-sandbox ... (4 actions, 3 running)
[1,639 / 2,907] Compiling src/google/protobuf/compiler/java/lite/extension.cc [for tool]; 3s processwrapper-sandbox ... (4 actions running)
[1,641 / 2,907] Compiling src/google/protobuf/compiler/python/helpers.cc [for tool]; 3s processwrapper-sandbox ... (4 actions, 3 running)
[1,643 / 2,907] Compiling src/google/protobuf/compiler/java/lite/make_field_gens.cc [for tool]; 2s processwrapper-sandbox ... (4 actions running)
[1,644 / 2,907] Compiling src/google/protobuf/compiler/java/lite/make_field_gens.cc [for tool]; 3s processwrapper-sandbox ... (4 actions, 3 running)
[1,655 / 2,907] Compiling src/google/protobuf/compiler/python/pyi_generator.cc [for tool]; 4s processwrapper-sandbox ... (4 actions running)
[1,657 / 2,907] Compiling src/google/protobuf/compiler/java/lite/map_field.cc [for tool]; 2s processwrapper-sandbox ... (4 actions running)
[1,658 / 2,907] Compiling src/google/protobuf/compiler/java/lite/map_field.cc [for tool]; 4s processwrapper-sandbox ... (4 actions, 3 running)
[1,659 / 2,907] Compiling src/google/protobuf/compiler/rust/naming.cc [for tool]; 3s processwrapper-sandbox ... (4 actions, 3 running)
[1,660 / 2,907] Compiling src/google/protobuf/compiler/java/helpers.cc [for tool]; 5s processwrapper-sandbox ... (4 actions running)
[1,661 / 2,907] Compiling src/google/protobuf/compiler/java/doc_comment.cc [for tool]; 3s processwrapper-sandbox ... (4 actions running)
[1,662 / 2,907] Compiling src/google/protobuf/compiler/java/lite/message_field.cc [for tool]; 4s processwrapper-sandbox ... (4 actions running)
[1,664 / 2,907] Compiling src/google/protobuf/compiler/java/field_common.cc [for tool]; 3s processwrapper-sandbox ... (4 actions, 3 running)
[1,664 / 2,907] Compiling src/google/protobuf/compiler/java/field_common.cc [for tool]; 5s processwrapper-sandbox ... (4 actions running)
[1,666 / 2,907] Compiling src/google/protobuf/compiler/rust/accessors/with_presence.cc [for tool]; 3s processwrapper-sandbox ... (4 actions, 3 running)
[1,668 / 2,907] Compiling src/google/protobuf/compiler/java/lite/primitive_field.cc [for tool]; 4s processwrapper-sandbox ... (4 actions running)
[1,669 / 2,907] Compiling src/google/protobuf/compiler/java/lite/string_field.cc [for tool]; 3s processwrapper-sandbox ... (4 actions, 3 running)
[1,671 / 2,907] Compiling src/google/protobuf/compiler/java/lite/string_field.cc [for tool]; 5s processwrapper-sandbox ... (4 actions, 3 running)
[1,673 / 2,907] Compiling src/google/protobuf/compiler/rust/oneof.cc [for tool]; 2s processwrapper-sandbox ... (4 actions running)
[1,674 / 2,907] Compiling src/google/protobuf/compiler/rust/oneof.cc [for tool]; 3s processwrapper-sandbox ... (4 actions, 3 running)
[1,676 / 2,907] Compiling src/google/protobuf/compiler/rust/accessors/singular_string.cc [for tool]; 4s processwrapper-sandbox ... (4 actions, 3 running)
[1,678 / 2,907] Compiling src/google/protobuf/compiler/rust/naming.cc [for tool]; 2s processwrapper-sandbox ... (4 actions running)
[1,679 / 2,907] Compiling src/google/protobuf/compiler/rust/accessors/accessors.cc [for tool]; 3s processwrapper-sandbox ... (4 actions, 3 running)
[1,681 / 2,907] Compiling src/google/protobuf/compiler/rust/accessors/singular_scalar.cc [for tool]; 4s processwrapper-sandbox ... (4 actions running)
[1,682 / 2,907] Compiling src/google/protobuf/compiler/rust/upb_helpers.cc [for tool]; 2s processwrapper-sandbox ... (4 actions running)
[1,683 / 2,907] Compiling src/google/protobuf/compiler/rust/accessors/default_value.cc [for tool]; 3s processwrapper-sandbox ... (4 actions, 3 running)
[1,685 / 2,907] Compiling src/google/protobuf/compiler/rust/accessors/singular_message.cc [for tool]; 3s processwrapper-sandbox ... (4 actions, 3 running)
[1,686 / 2,907] Compiling src/google/protobuf/compiler/rust/accessors/with_presence.cc [for tool]; 2s processwrapper-sandbox ... (4 actions running)
[1,687 / 2,907] Compiling src/google/protobuf/compiler/rust/accessors/map.cc [for tool]; 3s processwrapper-sandbox ... (4 actions, 3 running)
[1,688 / 2,907] Compiling src/google/protobuf/compiler/rust/accessors/repeated_field.cc [for tool]; 4s processwrapper-sandbox ... (4 actions running)
[1,689 / 2,907] Compiling src/google/protobuf/compiler/rust/accessors/singular_cord.cc [for tool]; 4s processwrapper-sandbox ... (4 actions running)
[1,691 / 2,907] Compiling src/google/protobuf/compiler/rust/accessors/repeated_field.cc [for tool]; 3s processwrapper-sandbox ... (4 actions, 3 running)
[1,692 / 2,907] Compiling src/google/protobuf/compiler/rust/accessors/singular_cord.cc [for tool]; 3s processwrapper-sandbox ... (4 actions, 3 running)
[1,693 / 2,907] Compiling src/google/protobuf/compiler/cpp/helpers.cc [for tool]; 3s processwrapper-sandbox ... (4 actions running)
[1,694 / 2,907] Compiling src/google/protobuf/compiler/cpp/helpers.cc [for tool]; 5s processwrapper-sandbox ... (4 actions, 3 running)
[1,694 / 2,907] Compiling src/google/protobuf/compiler/cpp/helpers.cc [for tool]; 7s processwrapper-sandbox ... (4 actions running)
[1,728 / 2,907] Compiling src/google/protobuf/compiler/cpp/helpers.cc [for tool]; 9s processwrapper-sandbox ... (4 actions, 3 running)
[1,730 / 2,907] Compiling src/google/protobuf/compiler/cpp/helpers.cc [for tool]; 7s processwrapper-sandbox ... (4 actions, 3 running)
[1,732 / 2,907] Compiling src/google/protobuf/compiler/cpp/helpers.cc [for tool]; 9s processwrapper-sandbox ... (4 actions running)
[1,733 / 2,907] Compiling src/google/protobuf/compiler/cpp/tracker.cc [for tool]; 2s processwrapper-sandbox ... (4 actions, 3 running)
[1,734 / 2,907] Compiling src/google/protobuf/compiler/cpp/tracker.cc [for tool]; 4s processwrapper-sandbox ... (4 actions running)
[1,736 / 2,907] Compiling src/google/protobuf/compiler/cpp/tracker.cc [for tool]; 3s processwrapper-sandbox ... (4 actions running)
[1,737 / 2,907] Compiling src/google/protobuf/compiler/cpp/tracker.cc [for tool]; 4s processwrapper-sandbox ... (4 actions, 3 running)
[1,739 / 2,907] Compiling src/google/protobuf/compiler/cpp/parse_function_generator.cc [for tool]; 4s processwrapper-sandbox ... (4 actions running)
[1,740 / 2,907] Compiling src/google/protobuf/compiler/cpp/parse_function_generator.cc [for tool]; 6s processwrapper-sandbox ... (4 actions running)
[1,743 / 2,907] Compiling src/google/protobuf/compiler/cpp/message.cc [for tool]; 5s processwrapper-sandbox ... (4 actions, 3 running)
[1,743 / 2,907] Compiling src/google/protobuf/compiler/cpp/message.cc [for tool]; 6s processwrapper-sandbox ... (4 actions running)
[1,744 / 2,907] Compiling src/google/protobuf/compiler/cpp/message.cc [for tool]; 8s processwrapper-sandbox ... (4 actions running)
[1,745 / 2,907] Compiling src/google/protobuf/compiler/cpp/message.cc [for tool]; 10s processwrapper-sandbox ... (4 actions, 3 running)
[1,746 / 2,907] Compiling src/google/protobuf/compiler/cpp/message.cc [for tool]; 12s processwrapper-sandbox ... (4 actions running)
[1,747 / 2,907] Compiling src/google/protobuf/compiler/cpp/message.cc [for tool]; 13s processwrapper-sandbox ... (4 actions running)
[1,748 / 2,907] Compiling src/google/protobuf/compiler/cpp/message.cc [for tool]; 15s processwrapper-sandbox ... (4 actions, 3 running)
[1,748 / 2,907] Compiling src/google/protobuf/compiler/cpp/message.cc [for tool]; 16s processwrapper-sandbox ... (4 actions running)
[1,749 / 2,907] Compiling src/google/protobuf/compiler/cpp/message.cc [for tool]; 18s processwrapper-sandbox ... (4 actions, 3 running)
[1,751 / 2,907] Compiling src/google/protobuf/compiler/cpp/file.cc [for tool]; 9s processwrapper-sandbox ... (4 actions, 3 running)
[1,751 / 2,907] Compiling src/google/protobuf/compiler/cpp/file.cc [for tool]; 10s processwrapper-sandbox ... (4 actions running)
[1,752 / 2,907] Compiling src/google/protobuf/compiler/cpp/field_generators/string_view_field.cc [for tool]; 5s processwrapper-sandbox ... (4 actions, 3 running)
[1,753 / 2,907] Compiling src/google/protobuf/compiler/cpp/field_generators/string_field.cc [for tool]; 5s processwrapper-sandbox ... (4 actions running)
[1,754 / 2,907] Compiling src/google/protobuf/compiler/cpp/message.cc [for tool]; 6s processwrapper-sandbox ... (4 actions running)
[1,755 / 2,907] Compiling src/google/protobuf/compiler/cpp/message.cc [for tool]; 10s processwrapper-sandbox ... (4 actions, 3 running)
[1,756 / 2,907] Compiling src/google/protobuf/compiler/cpp/message.cc [for tool]; 11s processwrapper-sandbox ... (4 actions, 3 running)
[1,756 / 2,907] Compiling src/google/protobuf/compiler/cpp/message.cc [for tool]; 13s processwrapper-sandbox ... (4 actions running)
[1,757 / 2,907] Compiling src/google/protobuf/compiler/cpp/message.cc [for tool]; 16s processwrapper-sandbox ... (4 actions, 3 running)
[1,758 / 2,907] Compiling src/google/protobuf/compiler/cpp/message.cc [for tool]; 18s processwrapper-sandbox ... (4 actions running)
[1,759 / 2,907] Compiling src/google/protobuf/compiler/cpp/message.cc [for tool]; 20s processwrapper-sandbox ... (4 actions running)
[1,760 / 2,907] Compiling src/google/protobuf/compiler/cpp/field_generators/primitive_field.cc [for tool]; 4s processwrapper-sandbox ... (4 actions running)
[1,761 / 2,907] Compiling src/google/protobuf/compiler/cpp/field_generators/map_field.cc [for tool]; 5s processwrapper-sandbox ... (4 actions running)
[1,762 / 2,907] Compiling src/google/protobuf/compiler/cpp/field_generators/message_field.cc [for tool]; 5s processwrapper-sandbox ... (4 actions running)
[1,763 / 2,907] Compiling src/google/protobuf/compiler/cpp/field_generators/enum_field.cc [for tool]; 5s processwrapper-sandbox ... (4 actions, 3 running)
[1,764 / 2,907] Compiling src/google/protobuf/compiler/cpp/field_generators/cord_field.cc [for tool]; 5s processwrapper-sandbox ... (4 actions running)
[1,765 / 2,907] Compiling src/google/protobuf/compiler/cpp/field_generators/map_field.cc [for tool]; 4s processwrapper-sandbox ... (4 actions, 3 running)
[1,766 / 2,907] Compiling src/google/protobuf/compiler/cpp/field_generators/map_field.cc [for tool]; 6s processwrapper-sandbox ... (4 actions, 3 running)
[1,767 / 2,907] Compiling src/google/protobuf/compiler/cpp/field_generators/enum_field.cc [for tool]; 5s processwrapper-sandbox ... (4 actions running)
[1,768 / 2,907] Compiling src/google/protobuf/compiler/cpp/field_generators/cord_field.cc [for tool]; 4s processwrapper-sandbox ... (4 actions running)
[1,770 / 2,907] Compiling src/google/protobuf/compiler/cpp/field.cc [for tool]; 4s processwrapper-sandbox ... (4 actions, 3 running)
[1,777 / 2,907] Compiling src/google/protobuf/compiler/cpp/extension.cc [for tool]; 4s processwrapper-sandbox ... (4 actions, 3 running)
[1,778 / 2,907] Compiling src/google/protobuf/compiler/cpp/extension.cc [for tool]; 5s processwrapper-sandbox ... (4 actions running)
[1,787 / 2,907] Compiling src/google/protobuf/compiler/cpp/enum.cc [for tool]; 5s processwrapper-sandbox ... (4 actions, 3 running)
[1,787 / 2,907] Compiling src/google/protobuf/compiler/cpp/enum.cc [for tool]; 6s processwrapper-sandbox ... (4 actions running)
[1,788 / 2,907] Compiling src/google/protobuf/compiler/cpp/field.cc [for tool]; 5s processwrapper-sandbox ... (4 actions, 3 running)
[1,789 / 2,907] Compiling src/google/protobuf/compiler/php/php_generator.cc [for tool]; 5s processwrapper-sandbox ... (4 actions running)
[1,790 / 2,907] Compiling src/google/protobuf/compiler/php/php_generator.cc [for tool]; 7s processwrapper-sandbox ... (4 actions, 3 running)
[1,799 / 2,907] Compiling src/google/protobuf/compiler/cpp/enum.cc [for tool]; 4s processwrapper-sandbox ... (4 actions running)
[1,800 / 2,907] Compiling src/google/protobuf/compiler/cpp/enum.cc [for tool]; 5s processwrapper-sandbox ... (4 actions running)
[1,802 / 2,907] Compiling src/google/protobuf/compiler/cpp/enum.cc [for tool]; 7s processwrapper-sandbox ... (4 actions, 3 running)
[1,806 / 2,907] Compiling src/google/protobuf/compiler/php/php_generator.cc [for tool]; 4s processwrapper-sandbox ... (4 actions running)
[1,807 / 2,907] Compiling src/google/protobuf/compiler/php/php_generator.cc [for tool]; 6s processwrapper-sandbox ... (4 actions, 3 running)
[1,808 / 2,907] Compiling src/google/protobuf/compiler/php/php_generator.cc [for tool]; 7s processwrapper-sandbox ... (4 actions running)
[1,811 / 2,907] Compiling src/google/protobuf/compiler/objectivec/oneof.cc [for tool]; 2s processwrapper-sandbox ... (4 actions, 3 running)
[1,826 / 2,907] Compiling src/google/protobuf/compiler/objectivec/oneof.cc [for tool]; 3s processwrapper-sandbox ... (4 actions, 3 running)
[1,837 / 2,907] Compiling src/google/protobuf/compiler/objectivec/oneof.cc [for tool]; 4s processwrapper-sandbox ... (4 actions, 3 running)
[1,858 / 2,907] Compiling src/google/protobuf/compiler/objectivec/oneof.cc [for tool]; 5s processwrapper-sandbox ... (4 actions, 3 running)
INFO: From Compiling upb/wire/decode.c [for tool]:
In function '_upb_Decoder_GetAddUnknownMode',
    inlined from '_upb_Decoder_DecodeUnknowns.isra' at external/protobuf+/upb/wire/decode.c:1073:10:
external/protobuf+/upb/wire/decode.c:121:8: warning: 'sv.data' may be used uninitialized [-Wmaybe-uninitialized]
  121 |     if (data != d->input.buffer_start) {
      |        ^
external/protobuf+/upb/wire/decode.c: In function '_upb_Decoder_DecodeUnknowns.isra':
external/protobuf+/upb/wire/decode.c:1069:18: note: 'sv.data' was declared here
 1069 |   upb_StringView sv;
      |                  ^~
external/protobuf+/upb/wire/decode.c:1072:6: warning: 'sv.size' may be used uninitialized [-Wmaybe-uninitialized]
 1072 |   if (UPB_LIKELY(sv.size > 0)) {
      |      ^
external/protobuf+/upb/wire/decode.c:1069:18: note: 'sv.size' was declared here
 1069 |   upb_StringView sv;
      |                  ^~
[1,877 / 2,907] Compiling src/google/protobuf/compiler/objectivec/message_field.cc [for tool]; 0s processwrapper-sandbox ... (4 actions, 3 running)
INFO: From Compiling upb/wire/decode.c [for tool]:
In function '_upb_Decoder_GetAddUnknownMode',
    inlined from '_upb_Decoder_DecodeUnknowns.isra' at external/protobuf+/upb/wire/decode.c:1073:10:
external/protobuf+/upb/wire/decode.c:121:8: warning: 'sv.data' may be used uninitialized [-Wmaybe-uninitialized]
  121 |     if (data != d->input.buffer_start) {
      |        ^
external/protobuf+/upb/wire/decode.c: In function '_upb_Decoder_DecodeUnknowns.isra':
external/protobuf+/upb/wire/decode.c:1069:18: note: 'sv.data' was declared here
 1069 |   upb_StringView sv;
      |                  ^~
external/protobuf+/upb/wire/decode.c:1072:6: warning: 'sv.size' may be used uninitialized [-Wmaybe-uninitialized]
 1072 |   if (UPB_LIKELY(sv.size > 0)) {
      |      ^
external/protobuf+/upb/wire/decode.c:1069:18: note: 'sv.size' was declared here
 1069 |   upb_StringView sv;
      |                  ^~
[1,892 / 2,907] Compiling src/google/protobuf/compiler/objectivec/message_field.cc [for tool]; 1s processwrapper-sandbox ... (4 actions, 3 running)
[1,899 / 2,907] Compiling src/google/protobuf/compiler/objectivec/message_field.cc [for tool]; 3s processwrapper-sandbox ... (4 actions running)
[1,901 / 2,907] Compiling src/google/protobuf/compiler/objectivec/message_field.cc [for tool]; 4s processwrapper-sandbox ... (4 actions running)
[1,903 / 2,907] Compiling upb_generator/minitable/generator.cc [for tool]; 4s processwrapper-sandbox ... (4 actions, 3 running)
[1,907 / 2,907] Compiling src/google/protobuf/compiler/objectivec/message.cc [for tool]; 2s processwrapper-sandbox ... (4 actions running)
[1,908 / 2,907] Compiling src/google/protobuf/compiler/objectivec/message.cc [for tool]; 5s processwrapper-sandbox ... (4 actions, 3 running)
[1,908 / 2,907] Compiling src/google/protobuf/compiler/objectivec/message.cc [for tool]; 6s processwrapper-sandbox ... (4 actions running)
[1,911 / 2,907] Compiling src/google/protobuf/compiler/java/lite/message.cc [for tool]; 3s processwrapper-sandbox ... (4 actions, 3 running)
[1,911 / 2,907] Compiling src/google/protobuf/compiler/java/lite/message.cc [for tool]; 4s processwrapper-sandbox ... (4 actions running)
[1,912 / 2,907] Compiling src/google/protobuf/compiler/java/lite/message_builder.cc [for tool]; 4s processwrapper-sandbox ... (4 actions, 3 running)
[1,915 / 2,907] Compiling src/google/protobuf/compiler/java/lite/message.cc [for tool]; 1s processwrapper-sandbox ... (4 actions running)
[1,916 / 2,907] Compiling src/google/protobuf/compiler/java/lite/message.cc [for tool]; 4s processwrapper-sandbox ... (4 actions, 3 running)
[1,918 / 2,907] Compiling src/google/protobuf/compiler/java/lite/message.cc [for tool]; 5s processwrapper-sandbox ... (4 actions running)
[1,919 / 2,907] Compiling src/google/protobuf/compiler/java/lite/generator_factory.cc [for tool]; 2s processwrapper-sandbox ... (4 actions running)
[1,920 / 2,907] Compiling src/google/protobuf/compiler/java/lite/generator_factory.cc [for tool]; 3s processwrapper-sandbox ... (4 actions running)
[1,926 / 2,907] Compiling src/google/protobuf/compiler/objectivec/helpers.cc [for tool]; 3s processwrapper-sandbox ... (4 actions, 3 running)
[1,930 / 2,907] Compiling src/google/protobuf/compiler/java/lite/enum.cc [for tool]; 3s processwrapper-sandbox ... (4 actions, 3 running)
[1,933 / 2,907] Compiling src/google/protobuf/compiler/java/message_serialization.cc [for tool]; 3s processwrapper-sandbox ... (4 actions, 3 running)
[1,936 / 2,907] Compiling src/google/protobuf/compiler/objectivec/generator.cc [for tool]; 3s processwrapper-sandbox ... (4 actions running)
[1,939 / 2,907] Compiling src/google/protobuf/compiler/objectivec/generator.cc [for tool]; 4s processwrapper-sandbox ... (4 actions running)
[1,942 / 2,907] Compiling src/google/protobuf/compiler/java/lite/enum.cc [for tool]; 3s processwrapper-sandbox ... (4 actions, 3 running)
[1,945 / 2,907] Compiling src/google/protobuf/compiler/java/lite/enum.cc [for tool]; 4s processwrapper-sandbox ... (4 actions, 3 running)
[1,959 / 2,907] Compiling src/google/protobuf/compiler/objectivec/file.cc [for tool]; 3s processwrapper-sandbox ... (4 actions running)
[1,969 / 2,907] Compiling src/google/protobuf/compiler/objectivec/file.cc [for tool]; 5s processwrapper-sandbox ... (4 actions running)
[1,970 / 2,907] Compiling src/google/protobuf/compiler/java/full/map_field.cc [for tool]; 5s processwrapper-sandbox ... (4 actions, 3 running)
[1,971 / 2,907] Compiling src/google/protobuf/compiler/java/full/string_field.cc [for tool]; 5s processwrapper-sandbox ... (4 actions running)
[1,973 / 2,907] Compiling src/google/protobuf/compiler/objectivec/field.cc [for tool]; 2s processwrapper-sandbox ... (4 actions, 3 running)
[1,973 / 2,907] Compiling src/google/protobuf/compiler/objectivec/field.cc [for tool]; 4s processwrapper-sandbox ... (4 actions running)
[1,974 / 2,907] Compiling src/google/protobuf/compiler/java/full/enum_field.cc [for tool]; 5s processwrapper-sandbox ... (4 actions, 3 running)
[1,977 / 2,907] Compiling src/google/protobuf/compiler/objectivec/extension.cc [for tool]; 1s processwrapper-sandbox ... (4 actions, 3 running)
[1,977 / 2,907] Compiling src/google/protobuf/compiler/objectivec/extension.cc [for tool]; 2s processwrapper-sandbox ... (4 actions running)
[1,978 / 2,907] Compiling src/google/protobuf/compiler/objectivec/extension.cc [for tool]; 4s processwrapper-sandbox ... (4 actions, 3 running)
[1,979 / 2,907] Compiling src/google/protobuf/compiler/rust/message.cc [for tool]; 5s processwrapper-sandbox ... (4 actions running)
[1,980 / 2,907] Compiling src/google/protobuf/compiler/java/full/message_field.cc [for tool]; 5s processwrapper-sandbox ... (4 actions, 3 running)
[1,994 / 2,907] Compiling src/google/protobuf/compiler/java/full/message_builder.cc [for tool]; 4s processwrapper-sandbox ... (4 actions running)
[1,995 / 2,907] Compiling src/google/protobuf/compiler/java/full/message_builder.cc [for tool]; 5s processwrapper-sandbox ... (4 actions, 3 running)
[1,997 / 2,907] Compiling src/google/protobuf/compiler/csharp/csharp_primitive_field.cc [for tool]; 3s processwrapper-sandbox ... (4 actions running)
[1,998 / 2,907] Compiling src/google/protobuf/compiler/rust/generator.cc [for tool]; 3s processwrapper-sandbox ... (4 actions running)
[1,999 / 2,907] Compiling src/google/protobuf/compiler/rust/generator.cc [for tool]; 5s processwrapper-sandbox ... (4 actions, 3 running)
[2,002 / 2,907] Compiling src/google/protobuf/compiler/rust/generator.cc [for tool]; 7s processwrapper-sandbox ... (4 actions running)
[2,004 / 2,907] Compiling src/google/protobuf/compiler/objectivec/enum.cc [for tool]; 2s processwrapper-sandbox ... (4 actions running)
[2,005 / 2,907] Compiling src/google/protobuf/compiler/objectivec/enum.cc [for tool]; 4s processwrapper-sandbox ... (4 actions, 3 running)
[2,006 / 2,907] Compiling src/google/protobuf/compiler/csharp/csharp_message.cc [for tool]; 4s processwrapper-sandbox ... (4 actions, 3 running)
[2,012 / 2,907] Compiling src/google/protobuf/compiler/objectivec/enum_field.cc [for tool]; 1s processwrapper-sandbox ... (4 actions, 3 running)
[2,015 / 2,907] Compiling src/google/protobuf/compiler/objectivec/enum_field.cc [for tool]; 2s processwrapper-sandbox ... (4 actions, 3 running)
[2,017 / 2,907] Compiling src/google/protobuf/compiler/objectivec/enum_field.cc [for tool]; 3s processwrapper-sandbox ... (4 actions, 3 running)
[2,019 / 2,907] Compiling src/google/protobuf/compiler/objectivec/enum_field.cc [for tool]; 4s processwrapper-sandbox ... (4 actions, 3 running)
[2,023 / 2,907] Compiling src/google/protobuf/compiler/objectivec/enum_field.cc [for tool]; 5s processwrapper-sandbox ... (4 actions, 3 running)
[2,027 / 2,907] Compiling src/google/protobuf/compiler/csharp/csharp_helpers.cc [for tool]; 1s processwrapper-sandbox ... (4 actions, 3 running)
[2,029 / 2,907] Compiling src/google/protobuf/compiler/csharp/csharp_helpers.cc [for tool]; 2s processwrapper-sandbox ... (4 actions running)
[2,033 / 2,907] Compiling src/google/protobuf/compiler/java/shared_code_generator.cc [for tool]; 3s processwrapper-sandbox ... (4 actions, 3 running)
[2,034 / 2,907] Compiling src/google/protobuf/compiler/objectivec/extension.cc [for tool]; 4s processwrapper-sandbox ... (4 actions running)
[2,035 / 2,907] Compiling upb_generator/minitable/generator.cc [for tool]; 3s processwrapper-sandbox ... (4 actions running)
[2,036 / 2,907] Compiling upb_generator/minitable/generator.cc [for tool]; 4s processwrapper-sandbox ... (4 actions, 3 running)
[2,037 / 2,907] Compiling src/google/protobuf/compiler/java/generator.cc [for tool]; 4s processwrapper-sandbox ... (4 actions running)
[2,038 / 2,907] Compiling src/google/protobuf/compiler/objectivec/field.cc [for tool]; 5s processwrapper-sandbox ... (4 actions running)
[2,039 / 2,907] Compiling src/google/protobuf/compiler/csharp/csharp_field_base.cc [for tool]; 4s processwrapper-sandbox ... (4 actions running)
[2,040 / 2,907] Compiling upb_generator/c/generator.cc [for tool]; 6s processwrapper-sandbox ... (4 actions, 3 running)
[2,041 / 2,907] Compiling src/google/protobuf/compiler/java/file.cc [for tool]; 5s processwrapper-sandbox ... (4 actions running)
[2,042 / 2,907] Compiling src/google/protobuf/compiler/objectivec/file.cc [for tool]; 5s processwrapper-sandbox ... (4 actions running)
[2,044 / 2,907] Compiling src/google/protobuf/compiler/objectivec/file.cc [for tool]; 7s processwrapper-sandbox ... (4 actions running)
[2,046 / 2,907] Compiling src/google/protobuf/compiler/csharp/csharp_enum.cc [for tool]; 2s processwrapper-sandbox ... (4 actions running)
[2,047 / 2,907] Compiling src/google/protobuf/compiler/csharp/csharp_enum.cc [for tool]; 4s processwrapper-sandbox ... (4 actions, 3 running)
[2,048 / 2,907] Compiling src/google/protobuf/compiler/objectivec/generator.cc [for tool]; 3s processwrapper-sandbox ... (4 actions running)
[2,049 / 2,907] Compiling src/google/protobuf/compiler/objectivec/generator.cc [for tool]; 4s processwrapper-sandbox ... (4 actions running)
[2,052 / 2,907] Compiling src/google/protobuf/compiler/kotlin/message.cc [for tool]; 5s processwrapper-sandbox ... (4 actions, 3 running)
[2,058 / 2,907] Compiling src/google/protobuf/compiler/kotlin/message.cc [for tool]; 6s processwrapper-sandbox ... (4 actions, 3 running)
[2,061 / 2,907] Compiling src/google/protobuf/compiler/objectivec/helpers.cc [for tool]; 3s processwrapper-sandbox ... (4 actions running)
[2,065 / 2,907] Compiling src/google/protobuf/compiler/kotlin/file.cc [for tool]; 2s processwrapper-sandbox ... (4 actions, 3 running)
[2,068 / 2,907] Compiling src/google/protobuf/compiler/kotlin/file.cc [for tool]; 4s processwrapper-sandbox ... (4 actions running)
[2,072 / 2,907] Compiling src/google/protobuf/compiler/csharp/csharp_enum.cc [for tool]; 3s processwrapper-sandbox ... (4 actions running)
[2,077 / 2,907] Compiling src/google/protobuf/compiler/kotlin/field.cc [for tool]; 2s processwrapper-sandbox ... (4 actions, 3 running)
[2,078 / 2,907] Compiling src/google/protobuf/compiler/kotlin/field.cc [for tool]; 3s processwrapper-sandbox ... (4 actions, 3 running)
[2,087 / 2,907] Compiling src/google/protobuf/compiler/kotlin/field.cc [for tool]; 4s processwrapper-sandbox ... (4 actions running)
[2,088 / 2,907] Compiling src/google/protobuf/compiler/kotlin/field.cc [for tool]; 5s processwrapper-sandbox ... (4 actions running)
[2,090 / 2,907] Compiling src/google/protobuf/compiler/rust/enum.cc [for tool]; 3s processwrapper-sandbox ... (4 actions running)
[2,091 / 2,907] Compiling src/google/protobuf/compiler/csharp/csharp_field_base.cc [for tool]; 4s processwrapper-sandbox ... (4 actions, 3 running)
[2,091 / 2,907] Compiling src/google/protobuf/compiler/csharp/csharp_field_base.cc [for tool]; 5s processwrapper-sandbox ... (4 actions running)
[2,094 / 2,907] Compiling src/google/protobuf/compiler/objectivec/message.cc [for tool]; 5s processwrapper-sandbox ... (4 actions running)
[2,095 / 2,907] Compiling src/google/protobuf/compiler/rust/message.cc [for tool]; 3s processwrapper-sandbox ... (4 actions, 3 running)
[2,095 / 2,907] Compiling src/google/protobuf/compiler/rust/message.cc [for tool]; 5s processwrapper-sandbox ... (4 actions running)
[2,096 / 2,907] Compiling src/google/protobuf/compiler/rust/message.cc [for tool]; 6s processwrapper-sandbox ... (4 actions running)
[2,098 / 2,907] Compiling src/google/protobuf/compiler/objectivec/message_field.cc [for tool]; 4s processwrapper-sandbox ... (4 actions running)
[2,100 / 2,907] Compiling src/google/protobuf/compiler/kotlin/field.cc [for tool]; 3s processwrapper-sandbox ... (4 actions, 3 running)
[2,101 / 2,907] Compiling src/google/protobuf/compiler/kotlin/field.cc [for tool]; 4s processwrapper-sandbox ... (4 actions, 3 running)
[2,101 / 2,907] Compiling src/google/protobuf/compiler/kotlin/field.cc [for tool]; 5s processwrapper-sandbox ... (4 actions running)
[2,102 / 2,907] Compiling src/google/protobuf/compiler/objectivec/oneof.cc [for tool]; 4s processwrapper-sandbox ... (4 actions, 3 running)
[2,104 / 2,907] Compiling upb_generator/minitable/generator.cc [for tool]; 4s processwrapper-sandbox ... (4 actions running)
[2,105 / 2,907] Compiling src/google/protobuf/compiler/kotlin/file.cc [for tool]; 3s processwrapper-sandbox ... (4 actions running)
[2,106 / 2,907] Compiling src/google/protobuf/compiler/csharp/csharp_message.cc [for tool]; 4s processwrapper-sandbox ... (4 actions running)
[2,109 / 2,907] Compiling src/google/protobuf/compiler/kotlin/message.cc [for tool]; 1s processwrapper-sandbox ... (4 actions, 3 running)
[2,110 / 2,907] Compiling src/google/protobuf/compiler/kotlin/message.cc [for tool]; 2s processwrapper-sandbox ... (4 actions, 3 running)
[2,110 / 2,907] Compiling src/google/protobuf/compiler/kotlin/message.cc [for tool]; 4s processwrapper-sandbox ... (4 actions running)
[2,111 / 2,907] Compiling src/google/protobuf/compiler/kotlin/message.cc [for tool]; 5s processwrapper-sandbox ... (4 actions, 3 running)
[2,112 / 2,907] Compiling upb_generator/c/generator.cc [for tool]; 6s processwrapper-sandbox ... (4 actions running)
[2,113 / 2,907] Compiling src/google/protobuf/compiler/objectivec/names.cc [for tool]; 5s processwrapper-sandbox ... (4 actions running)
[2,115 / 2,907] Compiling src/google/protobuf/compiler/java/context.cc [for tool]; 3s processwrapper-sandbox ... (4 actions, 3 running)
[2,116 / 2,907] Compiling src/google/protobuf/compiler/rust/generator.cc [for tool]; 3s processwrapper-sandbox ... (4 actions running)
[2,117 / 2,907] Compiling src/google/protobuf/compiler/rust/generator.cc [for tool]; 4s processwrapper-sandbox ... (4 actions, 3 running)
[2,118 / 2,907] Compiling src/google/protobuf/compiler/rust/generator.cc [for tool]; 6s processwrapper-sandbox ... (4 actions, 3 running)
[2,119 / 2,907] Compiling src/google/protobuf/compiler/java/file.cc [for tool]; 3s processwrapper-sandbox ... (4 actions, 3 running)
[2,119 / 2,907] Compiling src/google/protobuf/compiler/java/file.cc [for tool]; 5s processwrapper-sandbox ... (4 actions running)
[2,121 / 2,907] Compiling src/google/protobuf/compiler/csharp/csharp_source_generator_base.cc [for tool]; 3s processwrapper-sandbox ... (4 actions, 3 running)
[2,123 / 2,907] Compiling src/google/protobuf/compiler/csharp/csharp_repeated_primitive_field.cc [for tool]; 1s processwrapper-sandbox ... (4 actions, 3 running)
[2,123 / 2,907] Compiling src/google/protobuf/compiler/csharp/csharp_repeated_primitive_field.cc [for tool]; 3s processwrapper-sandbox ... (4 actions running)
[2,125 / 2,907] Compiling src/google/protobuf/compiler/java/generator.cc [for tool]; 3s processwrapper-sandbox ... (4 actions running)
[2,129 / 2,907] Compiling src/google/protobuf/compiler/csharp/csharp_repeated_primitive_field.cc [for tool]; 1s processwrapper-sandbox ... (4 actions, 3 running)
[2,133 / 2,907] Compiling src/google/protobuf/compiler/csharp/csharp_repeated_primitive_field.cc [for tool]; 2s processwrapper-sandbox ... (4 actions, 3 running)
[2,137 / 2,907] Compiling src/google/protobuf/compiler/csharp/csharp_repeated_message_field.cc [for tool]; 3s processwrapper-sandbox ... (4 actions, 3 running)
[2,139 / 2,907] Compiling src/google/protobuf/compiler/java/shared_code_generator.cc [for tool]; 4s processwrapper-sandbox ... (4 actions running)
[2,143 / 2,907] Compiling src/google/protobuf/compiler/csharp/csharp_repeated_enum_field.cc [for tool]; 2s processwrapper-sandbox ... (4 actions running)
[2,146 / 2,907] Compiling src/google/protobuf/compiler/csharp/csharp_reflection_class.cc [for tool]; 2s processwrapper-sandbox ... (4 actions running)
[2,148 / 2,907] Compiling src/google/protobuf/compiler/csharp/csharp_reflection_class.cc [for tool]; 3s processwrapper-sandbox ... (4 actions running)
[2,154 / 2,907] Compiling src/google/protobuf/compiler/java/full/extension.cc [for tool]; 3s processwrapper-sandbox ... (4 actions running)
[2,155 / 2,907] Compiling src/google/protobuf/compiler/csharp/csharp_repeated_enum_field.cc [for tool]; 3s processwrapper-sandbox ... (4 actions, 3 running)
[2,158 / 2,907] Compiling src/google/protobuf/compiler/main.cc [for tool]; 3s processwrapper-sandbox ... (4 actions, 3 running)
[2,163 / 2,907] Compiling src/google/protobuf/compiler/csharp/csharp_reflection_class.cc [for tool]; 4s processwrapper-sandbox ... (4 actions running)
[2,167 / 2,907] Compiling src/google/protobuf/compiler/main.cc [for tool]; 1s processwrapper-sandbox ... (4 actions running)
[2,171 / 2,907] Compiling src/google/protobuf/compiler/main.cc [for tool]; 2s processwrapper-sandbox ... (4 actions running)
[2,174 / 2,907] Compiling src/google/protobuf/compiler/java/full/message.cc [for tool]; 2s processwrapper-sandbox ... (4 actions, 3 running)
[2,180 / 2,907] Compiling src/google/protobuf/compiler/java/full/message.cc [for tool]; 3s processwrapper-sandbox ... (4 actions, 3 running)
[2,186 / 2,907] Compiling src/google/protobuf/compiler/java/full/message.cc [for tool]; 4s processwrapper-sandbox ... (4 actions, 3 running)
[2,200 / 2,907] Compiling src/google/protobuf/compiler/java/full/message.cc [for tool]; 5s processwrapper-sandbox ... (4 actions, 3 running)
INFO: From Compiling src/lib/util/ares_iface_ips.c:
external/c-ares+/src/lib/util/ares_iface_ips.c:140:3: warning: 'ares_iface_ips_add' defined but not used [-Wunused-function]
  140 |   ares_iface_ips_add(ares_iface_ips_t *ips, ares_iface_ip_flags_t flags,
      |   ^~~~~~~~~~~~~~~~~~
[2,224 / 2,907] Compiling src/google/protobuf/compiler/java/full/message.cc [for tool]; 6s processwrapper-sandbox ... (4 actions, 3 running)
[2,256 / 2,907] Compiling src/google/protobuf/compiler/java/full/message_builder.cc [for tool]; 0s processwrapper-sandbox ... (4 actions, 3 running)
[2,286 / 2,907] Compiling src/google/protobuf/compiler/java/full/message_builder.cc [for tool]; 1s processwrapper-sandbox ... (4 actions, 3 running)
[2,296 / 2,907] Compiling src/google/protobuf/compiler/java/full/message_builder.cc [for tool]; 2s processwrapper-sandbox ... (4 actions, 3 running)
[2,300 / 2,907] Compiling src/google/protobuf/compiler/java/full/message_builder.cc [for tool]; 3s processwrapper-sandbox ... (4 actions, 3 running)
[2,303 / 2,907] Compiling src/google/protobuf/compiler/java/full/message_builder.cc [for tool]; 5s processwrapper-sandbox ... (4 actions running)
[2,313 / 2,907] Compiling src/core/lib/event_engine/thready_event_engine/thready_event_engine.cc; 0s processwrapper-sandbox ... (4 actions running)
[2,314 / 2,907] Compiling src/core/lib/event_engine/thready_event_engine/thready_event_engine.cc; 1s processwrapper-sandbox ... (4 actions, 3 running)
[2,317 / 2,907] GoToolchainBinaryBuild external/rules_go++go_sdk+go_default_sdk/builder [for tool]; 2s processwrapper-sandbox ... (4 actions, 3 running)
[2,320 / 2,907] GoToolchainBinaryBuild external/rules_go++go_sdk+go_default_sdk/builder [for tool]; 4s processwrapper-sandbox ... (4 actions, 3 running)
[2,330 / 2,907] GoToolchainBinaryBuild external/rules_go++go_sdk+go_default_sdk/builder [for tool]; 5s processwrapper-sandbox ... (4 actions running)
[2,333 / 2,907] GoToolchainBinaryBuild external/rules_go++go_sdk+go_default_sdk/builder [for tool]; 6s processwrapper-sandbox ... (4 actions, 3 running)
[2,335 / 2,907] GoToolchainBinaryBuild external/rules_go++go_sdk+go_default_sdk/builder [for tool]; 7s processwrapper-sandbox ... (4 actions, 3 running)
[2,338 / 2,907] GoToolchainBinaryBuild external/rules_go++go_sdk+go_default_sdk/builder [for tool]; 9s processwrapper-sandbox ... (4 actions, 3 running)
[2,340 / 2,907] GoToolchainBinaryBuild external/rules_go++go_sdk+go_default_sdk/builder [for tool]; 10s processwrapper-sandbox ... (4 actions running)
[2,343 / 2,907] GoToolchainBinaryBuild external/rules_go++go_sdk+go_default_sdk/builder [for tool]; 12s processwrapper-sandbox ... (4 actions running)
[2,346 / 2,907] GoToolchainBinaryBuild external/rules_go++go_sdk+go_default_sdk/builder [for tool]; 14s processwrapper-sandbox ... (4 actions, 3 running)
[2,347 / 2,907] GoToolchainBinaryBuild external/rules_go++go_sdk+go_default_sdk/builder [for tool]; 15s processwrapper-sandbox ... (4 actions, 3 running)
[2,349 / 2,907] GoToolchainBinaryBuild external/rules_go++go_sdk+go_default_sdk/builder [for tool]; 16s processwrapper-sandbox ... (4 actions running)
[2,353 / 2,907] GoToolchainBinaryBuild external/rules_go++go_sdk+go_default_sdk/builder [for tool]; 17s processwrapper-sandbox ... (4 actions, 3 running)
[2,354 / 2,907] GoToolchainBinaryBuild external/rules_go++go_sdk+go_default_sdk/builder [for tool]; 19s processwrapper-sandbox ... (4 actions running)
[2,356 / 2,907] GoToolchainBinaryBuild external/rules_go++go_sdk+go_default_sdk/builder [for tool]; 21s processwrapper-sandbox ... (4 actions, 3 running)
[2,357 / 2,907] GoToolchainBinaryBuild external/rules_go++go_sdk+go_default_sdk/builder [for tool]; 22s processwrapper-sandbox ... (4 actions running)
[2,367 / 2,907] Compiling src/core/lib/event_engine/thread_pool/work_stealing_thread_pool.cc; 2s processwrapper-sandbox ... (4 actions, 3 running)
[2,369 / 2,907] GoStdlib external/rules_go+/stdlib_/pkg; 2s processwrapper-sandbox ... (4 actions, 3 running)
[2,369 / 2,907] GoStdlib external/rules_go+/stdlib_/pkg; 3s processwrapper-sandbox ... (4 actions running)
[2,371 / 2,907] GoStdlib external/rules_go+/stdlib_/pkg; 4s processwrapper-sandbox ... (4 actions running)
[2,372 / 2,907] GoStdlib external/rules_go+/stdlib_/pkg; 5s processwrapper-sandbox ... (4 actions running)
[2,373 / 2,907] GoStdlib external/rules_go+/stdlib_/pkg; 9s processwrapper-sandbox ... (4 actions, 3 running)
[2,373 / 2,907] GoStdlib external/rules_go+/stdlib_/pkg; 10s processwrapper-sandbox ... (4 actions running)
[2,374 / 2,907] GoStdlib external/rules_go+/stdlib_/pkg; 11s processwrapper-sandbox ... (4 actions, 3 running)
[2,375 / 2,907] GoStdlib external/rules_go+/stdlib_/pkg; 13s processwrapper-sandbox ... (4 actions running)
[2,376 / 2,907] GoStdlib external/rules_go+/stdlib_/pkg; 19s processwrapper-sandbox ... (4 actions, 3 running)
[2,376 / 2,907] GoStdlib external/rules_go+/stdlib_/pkg; 21s processwrapper-sandbox ... (4 actions running)
[2,377 / 2,907] GoStdlib external/rules_go+/stdlib_/pkg; 27s processwrapper-sandbox ... (4 actions, 3 running)
[2,377 / 2,907] GoStdlib external/rules_go+/stdlib_/pkg; 28s processwrapper-sandbox ... (4 actions running)
[2,378 / 2,907] GoStdlib external/rules_go+/stdlib_/pkg; 34s processwrapper-sandbox ... (3 actions running)
[2,379 / 2,907] GoStdlib external/rules_go+/stdlib_/pkg; 36s processwrapper-sandbox ... (3 actions, 2 running)
[2,380 / 2,907] GoStdlib external/rules_go+/stdlib_/pkg; 37s processwrapper-sandbox ... (3 actions, 2 running)
[2,384 / 2,907] GoStdlib external/rules_go+/stdlib_/pkg; 38s processwrapper-sandbox ... (4 actions running)
[2,386 / 2,907] GoStdlib external/rules_go+/stdlib_/pkg [for tool]; 35s processwrapper-sandbox ... (4 actions, 3 running)
[2,399 / 2,907] GoStdlib external/rules_go+/stdlib_/pkg [for tool]; 36s processwrapper-sandbox ... (4 actions, 3 running)
[2,406 / 2,907] GoStdlib external/rules_go+/stdlib_/pkg [for tool]; 37s processwrapper-sandbox ... (4 actions, 3 running)
[2,414 / 2,907] GoStdlib external/rules_go+/stdlib_/pkg [for tool]; 38s processwrapper-sandbox ... (4 actions, 3 running)
[2,421 / 2,907] GoStdlib external/rules_go+/stdlib_/pkg [for tool]; 39s processwrapper-sandbox ... (4 actions, 3 running)
[2,435 / 2,907] Compiling external/protobuf+/src/google/protobuf/_virtual_imports/source_context_proto/google/protobuf/source_context.pb.cc [for tool]; 1s processwrapper-sandbox ... (4 actions, 3 running)
[2,444 / 2,907] Compiling external/protobuf+/src/google/protobuf/_virtual_imports/source_context_proto/google/protobuf/source_context.pb.cc [for tool]; 2s processwrapper-sandbox ... (4 actions, 3 running)
[2,461 / 2,907] GoCompilePkg external/gazelle++go_deps+org_golang_google_protobuf/internal/filedesc/filedesc.a [for tool]; 0s processwrapper-sandbox ... (4 actions, 3 running)
[2,474 / 2,907] Compiling external/protobuf+/src/google/protobuf/_virtual_imports/any_proto/google/protobuf/any.pb.cc [for tool]; 1s processwrapper-sandbox ... (4 actions, 3 running)
[2,481 / 2,907] Compiling external/protobuf+/src/google/protobuf/_virtual_imports/any_proto/google/protobuf/any.pb.cc [for tool]; 2s processwrapper-sandbox ... (4 actions, 3 running)
[2,498 / 2,907] Compiling src/core/credentials/transport/tls/certificate_provider_registry.cc; 2s processwrapper-sandbox ... (4 actions, 3 running)
[2,520 / 2,907] Compiling src/google/protobuf/json/internal/parser.cc [for tool]; 1s processwrapper-sandbox ... (4 actions, 3 running)
[2,538 / 2,907] Compiling src/google/protobuf/json/internal/parser.cc [for tool]; 2s processwrapper-sandbox ... (4 actions, 3 running)
[2,552 / 2,907] Compiling src/google/protobuf/json/internal/parser.cc [for tool]; 3s processwrapper-sandbox ... (4 actions, 3 running)
[2,569 / 2,907] Compiling src/google/protobuf/json/internal/parser.cc [for tool]; 4s processwrapper-sandbox ... (4 actions, 3 running)
[2,592 / 2,907] Compiling src/google/protobuf/json/internal/parser.cc [for tool]; 5s processwrapper-sandbox ... (4 actions, 3 running)
[2,593 / 2,907] Compiling src/google/protobuf/json/internal/parser.cc [for tool]; 6s processwrapper-sandbox ... (4 actions running)
[2,600 / 2,907] Compiling src/google/protobuf/json/internal/parser.cc [for tool]; 8s processwrapper-sandbox ... (4 actions, 3 running)
[2,601 / 2,907] Compiling src/google/protobuf/json/internal/parser.cc [for tool]; 9s processwrapper-sandbox ... (4 actions running)
[2,603 / 2,907] Compiling src/google/protobuf/util/field_mask_util.cc [for tool]; 3s processwrapper-sandbox ... (4 actions running)
[2,607 / 2,907] Compiling src/google/protobuf/util/field_mask_util.cc [for tool]; 4s processwrapper-sandbox ... (4 actions, 3 running)
INFO: From Compiling src/google/protobuf/util/field_mask_util.cc [for tool]:
external/protobuf+/src/google/protobuf/util/field_mask_util.cc: In member function 'void google::protobuf::util::{anonymous}::FieldMaskTree::MergeMessage(const Node*, const google::protobuf::Message&, const google::protobuf::util::FieldMaskUtil::MergeOptions&, google::protobuf::Message*)':
external/protobuf+/src/google/protobuf/util/field_mask_util.cc:512:59: warning: 'const google::protobuf::EnumValueDescriptor* google::protobuf::Reflection::GetEnum(const google::protobuf::Message&, const google::protobuf::FieldDescriptor*) const' is deprecated: Please use GetEnumValue() instead. GetEnum() will be removed in Q1 2027. [-Wdeprecated-declarations]
  512 |           destination, field, source_reflection->Get##Name(source, field)); \
      |                               ~~~~~~~~~~~~~~~~~~~~~~~~~~~~^~~~~~~~~~~~~~~
external/protobuf+/src/google/protobuf/util/field_mask_util.cc:525:9: note: in expansion of macro 'COPY_VALUE'
  525 |         COPY_VALUE(ENUM, Enum)
      |         ^~~~~~~~~~
In file included from bazel-out/k8-opt-exec-ST-d57f47055a04/bin/external/protobuf+/src/google/protobuf/_virtual_includes/field_mask_proto/google/protobuf/field_mask.pb.h:28,
                 from bazel-out/k8-opt-exec-ST-d57f47055a04/bin/external/protobuf+/src/google/protobuf/util/_virtual_includes/field_mask_util/google/protobuf/util/field_mask_util.h:17,
                 from external/protobuf+/src/google/protobuf/util/field_mask_util.cc:8:
bazel-out/k8-opt-exec-ST-d57f47055a04/bin/external/protobuf+/src/google/protobuf/_virtual_includes/protobuf/google/protobuf/message.h:639:3: note: declared here
  639 |   GetEnum(const Message& message, const FieldDescriptor* field) const;
      |   ^~~~~~~
external/protobuf+/src/google/protobuf/util/field_mask_util.cc:550:47: warning: 'const google::protobuf::EnumValueDescriptor* google::protobuf::Reflection::GetRepeatedEnum(const google::protobuf::Message&, const google::protobuf::FieldDescriptor*, int) const' is deprecated: Please use GetRepeatedEnumValue() instead. GetRepeatedEnum() will be removed in Q1 2027. [-Wdeprecated-declarations]
  550 |           source_reflection->GetRepeated##Name(source, field, i)); \
      |           ~~~~~~~~~~~~~~~~~~~~~~~~~~~~~~~~~~~~^~~~~~~~~~~~~~~~~~
external/protobuf+/src/google/protobuf/util/field_mask_util.cc:561:9: note: in expansion of macro 'COPY_REPEATED_VALUE'
  561 |         COPY_REPEATED_VALUE(ENUM, Enum)
      |         ^~~~~~~~~~~~~~~~~~~
bazel-out/k8-opt-exec-ST-d57f47055a04/bin/external/protobuf+/src/google/protobuf/_virtual_includes/protobuf/google/protobuf/message.h:826:3: note: declared here
  826 |   GetRepeatedEnum(const Message& message, const FieldDescriptor* field,
      |   ^~~~~~~~~~~~~~~
[2,616 / 2,907] Compiling src/google/protobuf/json/json.cc [for tool]; 2s processwrapper-sandbox ... (4 actions, 3 running)
[2,626 / 2,907] Compiling external/protobuf+/src/google/protobuf/_virtual_imports/struct_proto/google/protobuf/struct.pb.cc [for tool]; 3s processwrapper-sandbox ... (4 actions, 3 running)
[2,632 / 2,907] Compiling src/google/protobuf/json/internal/unparser.cc [for tool]; 2s processwrapper-sandbox ... (4 actions running)
[2,633 / 2,907] Compiling src/google/protobuf/json/internal/unparser.cc [for tool]; 3s processwrapper-sandbox ... (4 actions, 3 running)
[2,635 / 2,907] Compiling src/google/protobuf/json/internal/unparser.cc [for tool]; 4s processwrapper-sandbox ... (4 actions, 3 running)
[2,636 / 2,907] Compiling src/google/protobuf/json/internal/unparser.cc [for tool]; 5s processwrapper-sandbox ... (4 actions, 3 running)
[2,651 / 2,907] Compiling src/google/protobuf/json/internal/unparser.cc [for tool]; 7s processwrapper-sandbox ... (4 actions, 3 running)
[2,651 / 2,907] Compiling src/google/protobuf/json/internal/unparser.cc [for tool]; 8s processwrapper-sandbox ... (4 actions running)
[2,653 / 2,907] Compiling src/google/protobuf/util/type_resolver_util.cc; 2s processwrapper-sandbox ... (4 actions running)
INFO: From Compiling src/google/protobuf/util/type_resolver_util.cc:
external/protobuf+/src/google/protobuf/util/type_resolver_util.cc: In function 'void google::protobuf::util::{anonymous}::ConvertOptionField(const google::protobuf::Reflection*, const google::protobuf::Message&, const google::protobuf::FieldDescriptor*, int, google::protobuf::Option*)':
external/protobuf+/src/google/protobuf/util/type_resolver_util.cc:138:44: warning: 'const google::protobuf::EnumValueDescriptor* google::protobuf::Reflection::GetRepeatedEnum(const google::protobuf::Message&, const google::protobuf::FieldDescriptor*, int) const' is deprecated: Please use GetRepeatedEnumValue() instead. GetRepeatedEnum() will be removed in Q1 2027. [-Wdeprecated-declarations]
  138 |               ? reflection->GetRepeatedEnum(options, field, index)
      |                 ~~~~~~~~~~~~~~~~~~~~~~~~~~~^~~~~~~~~~~~~~~~~~~~~~~
In file included from bazel-out/k8-fastbuild/bin/external/protobuf+/src/google/protobuf/_virtual_includes/type_proto/google/protobuf/type.pb.h:28,
                 from bazel-out/k8-fastbuild/bin/external/protobuf+/src/google/protobuf/util/_virtual_includes/type_resolver/google/protobuf/util/type_resolver_util.h:13,
                 from external/protobuf+/src/google/protobuf/util/type_resolver_util.cc:8:
bazel-out/k8-fastbuild/bin/external/protobuf+/src/google/protobuf/_virtual_includes/protobuf/google/protobuf/message.h:826:3: note: declared here
  826 |   GetRepeatedEnum(const Message& message, const FieldDescriptor* field,
      |   ^~~~~~~~~~~~~~~
external/protobuf+/src/google/protobuf/util/type_resolver_util.cc:139:36: warning: 'const google::protobuf::EnumValueDescriptor* google::protobuf::Reflection::GetEnum(const google::protobuf::Message&, const google::protobuf::FieldDescriptor*) const' is deprecated: Please use GetEnumValue() instead. GetEnum() will be removed in Q1 2027. [-Wdeprecated-declarations]
  139 |               : reflection->GetEnum(options, field);
      |                 ~~~~~~~~~~~~~~~~~~~^~~~~~~~~~~~~~~~
bazel-out/k8-fastbuild/bin/external/protobuf+/src/google/protobuf/_virtual_includes/protobuf/google/protobuf/message.h:639:3: note: declared here
  639 |   GetEnum(const Message& message, const FieldDescriptor* field) const;
      |   ^~~~~~~
[2,654 / 2,907] Compiling src/compiler/cpp_generator.cc [for tool]; 3s processwrapper-sandbox ... (4 actions, 3 running)
[2,654 / 2,907] Compiling src/compiler/cpp_generator.cc [for tool]; 5s processwrapper-sandbox ... (4 actions running)
[2,656 / 2,907] Compiling src/google/protobuf/json/internal/untyped_message.cc [for tool]; 4s processwrapper-sandbox ... (4 actions, 3 running)
[2,657 / 2,907] Compiling src/google/protobuf/json/internal/untyped_message.cc; 4s processwrapper-sandbox ... (4 actions, 3 running)
[2,658 / 2,907] Compiling src/compiler/csharp_generator.cc [for tool]; 2s processwrapper-sandbox ... (4 actions, 3 running)
[2,659 / 2,907] Compiling src/compiler/csharp_generator.cc [for tool]; 4s processwrapper-sandbox ... (4 actions running)
INFO: From Compiling src/google/protobuf/util/type_resolver_util.cc [for tool]:
external/protobuf+/src/google/protobuf/util/type_resolver_util.cc: In function 'void google::protobuf::util::{anonymous}::ConvertOptionField(const google::protobuf::Reflection*, const google::protobuf::Message&, const google::protobuf::FieldDescriptor*, int, google::protobuf::Option*)':
external/protobuf+/src/google/protobuf/util/type_resolver_util.cc:138:44: warning: 'const google::protobuf::EnumValueDescriptor* google::protobuf::Reflection::GetRepeatedEnum(const google::protobuf::Message&, const google::protobuf::FieldDescriptor*, int) const' is deprecated: Please use GetRepeatedEnumValue() instead. GetRepeatedEnum() will be removed in Q1 2027. [-Wdeprecated-declarations]
  138 |               ? reflection->GetRepeatedEnum(options, field, index)
      |                 ~~~~~~~~~~~~~~~~~~~~~~~~~~~^~~~~~~~~~~~~~~~~~~~~~~
In file included from bazel-out/k8-opt-exec-ST-d57f47055a04/bin/external/protobuf+/src/google/protobuf/_virtual_includes/type_proto/google/protobuf/type.pb.h:28,
                 from bazel-out/k8-opt-exec-ST-d57f47055a04/bin/external/protobuf+/src/google/protobuf/util/_virtual_includes/type_resolver/google/protobuf/util/type_resolver_util.h:13,
                 from external/protobuf+/src/google/protobuf/util/type_resolver_util.cc:8:
bazel-out/k8-opt-exec-ST-d57f47055a04/bin/external/protobuf+/src/google/protobuf/_virtual_includes/protobuf/google/protobuf/message.h:826:3: note: declared here
  826 |   GetRepeatedEnum(const Message& message, const FieldDescriptor* field,
      |   ^~~~~~~~~~~~~~~
external/protobuf+/src/google/protobuf/util/type_resolver_util.cc:139:36: warning: 'const google::protobuf::EnumValueDescriptor* google::protobuf::Reflection::GetEnum(const google::protobuf::Message&, const google::protobuf::FieldDescriptor*) const' is deprecated: Please use GetEnumValue() instead. GetEnum() will be removed in Q1 2027. [-Wdeprecated-declarations]
  139 |               : reflection->GetEnum(options, field);
      |                 ~~~~~~~~~~~~~~~~~~~^~~~~~~~~~~~~~~~
bazel-out/k8-opt-exec-ST-d57f47055a04/bin/external/protobuf+/src/google/protobuf/_virtual_includes/protobuf/google/protobuf/message.h:639:3: note: declared here
  639 |   GetEnum(const Message& message, const FieldDescriptor* field) const;
      |   ^~~~~~~
[2,660 / 2,907] Compiling src/compiler/csharp_generator.cc [for tool]; 5s processwrapper-sandbox ... (4 actions, 3 running)
[2,662 / 2,907] Compiling src/google/protobuf/json/internal/parser.cc; 4s processwrapper-sandbox ... (4 actions running)
[2,667 / 2,907] Compiling src/google/protobuf/json/internal/parser.cc; 5s processwrapper-sandbox ... (4 actions, 3 running)
[2,673 / 2,907] Compiling src/compiler/node_generator.cc [for tool]; 3s processwrapper-sandbox ... (4 actions, 3 running)
[2,675 / 2,907] Compiling src/compiler/node_generator.cc [for tool]; 5s processwrapper-sandbox ... (4 actions running)
[2,679 / 2,907] Compiling src/google/protobuf/util/field_mask_util.cc; 3s processwrapper-sandbox ... (4 actions running)
INFO: From Compiling src/google/protobuf/util/field_mask_util.cc:
external/protobuf+/src/google/protobuf/util/field_mask_util.cc: In member function 'void google::protobuf::util::{anonymous}::FieldMaskTree::MergeMessage(const Node*, const google::protobuf::Message&, const google::protobuf::util::FieldMaskUtil::MergeOptions&, google::protobuf::Message*)':
external/protobuf+/src/google/protobuf/util/field_mask_util.cc:512:59: warning: 'const google::protobuf::EnumValueDescriptor* google::protobuf::Reflection::GetEnum(const google::protobuf::Message&, const google::protobuf::FieldDescriptor*) const' is deprecated: Please use GetEnumValue() instead. GetEnum() will be removed in Q1 2027. [-Wdeprecated-declarations]
  512 |           destination, field, source_reflection->Get##Name(source, field)); \
      |                               ~~~~~~~~~~~~~~~~~~~~~~~~~~~~^~~~~~~~~~~~~~~
external/protobuf+/src/google/protobuf/util/field_mask_util.cc:525:9: note: in expansion of macro 'COPY_VALUE'
  525 |         COPY_VALUE(ENUM, Enum)
      |         ^~~~~~~~~~
In file included from bazel-out/k8-fastbuild/bin/external/protobuf+/src/google/protobuf/_virtual_includes/field_mask_proto/google/protobuf/field_mask.pb.h:28,
                 from bazel-out/k8-fastbuild/bin/external/protobuf+/src/google/protobuf/util/_virtual_includes/field_mask_util/google/protobuf/util/field_mask_util.h:17,
                 from external/protobuf+/src/google/protobuf/util/field_mask_util.cc:8:
bazel-out/k8-fastbuild/bin/external/protobuf+/src/google/protobuf/_virtual_includes/protobuf/google/protobuf/message.h:639:3: note: declared here
  639 |   GetEnum(const Message& message, const FieldDescriptor* field) const;
      |   ^~~~~~~
external/protobuf+/src/google/protobuf/util/field_mask_util.cc:550:47: warning: 'const google::protobuf::EnumValueDescriptor* google::protobuf::Reflection::GetRepeatedEnum(const google::protobuf::Message&, const google::protobuf::FieldDescriptor*, int) const' is deprecated: Please use GetRepeatedEnumValue() instead. GetRepeatedEnum() will be removed in Q1 2027. [-Wdeprecated-declarations]
  550 |           source_reflection->GetRepeated##Name(source, field, i)); \
      |           ~~~~~~~~~~~~~~~~~~~~~~~~~~~~~~~~~~~~^~~~~~~~~~~~~~~~~~
external/protobuf+/src/google/protobuf/util/field_mask_util.cc:561:9: note: in expansion of macro 'COPY_REPEATED_VALUE'
  561 |         COPY_REPEATED_VALUE(ENUM, Enum)
      |         ^~~~~~~~~~~~~~~~~~~
bazel-out/k8-fastbuild/bin/external/protobuf+/src/google/protobuf/_virtual_includes/protobuf/google/protobuf/message.h:826:3: note: declared here
  826 |   GetRepeatedEnum(const Message& message, const FieldDescriptor* field,
      |   ^~~~~~~~~~~~~~~
[2,687 / 2,907] Compiling src/google/protobuf/json/internal/unparser.cc; 3s processwrapper-sandbox ... (4 actions, 3 running)
[2,690 / 2,907] Compiling src/google/protobuf/json/internal/unparser.cc; 4s processwrapper-sandbox ... (4 actions, 3 running)
[2,712 / 2,907] Compiling src/google/protobuf/json/internal/unparser.cc; 5s processwrapper-sandbox ... (4 actions, 3 running)
[2,715 / 2,907] Compiling src/google/protobuf/json/internal/unparser.cc; 6s processwrapper-sandbox ... (4 actions, 3 running)
[2,720 / 2,907] Compiling src/google/protobuf/json/json.cc; 2s processwrapper-sandbox ... (4 actions, 3 running)
[2,726 / 2,907] Compiling src/compiler/php_generator.cc [for tool]; 2s processwrapper-sandbox ... (4 actions, 3 running)
[2,729 / 2,907] Compiling src/compiler/php_generator.cc [for tool]; 3s processwrapper-sandbox ... (4 actions, 3 running)
[2,732 / 2,907] Compiling src/compiler/php_generator.cc [for tool]; 4s processwrapper-sandbox ... (4 actions running)
[2,735 / 2,907] Compiling src/compiler/ruby_generator.cc [for tool]; 2s processwrapper-sandbox ... (4 actions, 3 running)
[2,735 / 2,907] Compiling src/compiler/ruby_generator.cc [for tool]; 3s processwrapper-sandbox ... (4 actions running)
[2,736 / 2,907] Compiling src/compiler/ruby_generator.cc [for tool]; 5s processwrapper-sandbox ... (4 actions, 3 running)
[2,738 / 2,907] Compiling src/compiler/python_generator.cc [for tool]; 5s processwrapper-sandbox ... (4 actions running)
[2,740 / 2,907] Compiling src/core/lib/promise/activity.cc; 2s processwrapper-sandbox ... (3 actions, 2 running)
[2,745 / 2,907] Compiling src/core/lib/iomgr/exec_ctx.cc; 1s processwrapper-sandbox ... (4 actions running)
INFO: From Compiling src/core/call/call_state.cc:
In file included from external/grpc+/src/core/call/call_state.cc:15:
external/grpc+/src/core/call/call_state.h: In static member function 'static const char* grpc_core::CallState::ClientToServerPushStateString(ClientToServerPushState)':
external/grpc+/src/core/call/call_state.h:191:3: warning: control reaches end of non-void function [-Wreturn-type]
  191 |   }
      |   ^
external/grpc+/src/core/call/call_state.h: In static member function 'static const char* grpc_core::CallState::ClientToServerPullStateString(ClientToServerPullState)':
external/grpc+/src/core/call/call_state.h:161:3: warning: control reaches end of non-void function [-Wreturn-type]
  161 |   }
      |   ^
external/grpc+/src/core/call/call_state.h: In static member function 'static const char* grpc_core::CallState::ServerToClientPullStateString(ServerToClientPullState)':
external/grpc+/src/core/call/call_state.h:244:3: warning: control reaches end of non-void function [-Wreturn-type]
  244 |   }
      |   ^
external/grpc+/src/core/call/call_state.h: In static member function 'static const char* grpc_core::CallState::ServerToClientPushStateString(ServerToClientPushState)':
external/grpc+/src/core/call/call_state.h:284:3: warning: control reaches end of non-void function [-Wreturn-type]
  284 |   }
      |   ^
external/grpc+/src/core/call/call_state.h: In static member function 'static const char* grpc_core::CallState::ServerTrailingMetadataStateString(ServerTrailingMetadataState)':
external/grpc+/src/core/call/call_state.h:314:3: warning: control reaches end of non-void function [-Wreturn-type]
  314 |   }
      |   ^
[2,749 / 2,907] Compiling src/core/lib/iomgr/iomgr_internal.cc; 1s processwrapper-sandbox ... (4 actions running)
[2,750 / 2,907] Compiling src/core/util/work_serializer.cc; 2s processwrapper-sandbox ... (4 actions running)
[2,754 / 2,907] Compiling src/core/lib/iomgr/timer_generic.cc; 1s processwrapper-sandbox ... (4 actions, 3 running)
[2,756 / 2,907] Compiling src/core/lib/transport/connectivity_state.cc; 2s processwrapper-sandbox ... (4 actions, 3 running)
[2,758 / 2,907] Compiling src/core/lib/surface/byte_buffer_reader.cc; 1s processwrapper-sandbox ... (4 actions, 3 running)
[2,759 / 2,907] Compiling src/core/lib/iomgr/timer_heap.cc; 2s processwrapper-sandbox ... (4 actions running)
[2,761 / 2,907] Compiling src/core/channelz/channel_trace.cc; 2s processwrapper-sandbox ... (4 actions running)
[2,762 / 2,907] Compiling src/core/lib/compression/compression.cc; 2s processwrapper-sandbox ... (4 actions, 3 running)
[2,766 / 2,907] Compiling src/core/channelz/channelz.cc; 1s processwrapper-sandbox ... (4 actions, 3 running)
INFO: From Compiling src/core/lib/event_engine/tcp_socket_utils.cc:
external/grpc+/src/core/lib/event_engine/tcp_socket_utils.cc: In function 'bool grpc_event_engine::experimental::ResolvedAddressToV4Mapped(const EventEngine::ResolvedAddress&, EventEngine::ResolvedAddress*)':
external/grpc+/src/core/lib/event_engine/tcp_socket_utils.cc:225:11: warning: 'void* memset(void*, int, size_t)' clearing an object of non-trivial type 'class grpc_event_engine::experimental::EventEngine::ResolvedAddress'; use assignment or value-initialization instead [-Wclass-memaccess]
  225 |     memset(resolved_addr6_out, 0, sizeof(*resolved_addr6_out));
      |     ~~~~~~^~~~~~~~~~~~~~~~~~~~~~~~~~~~~~~~~~~~~~~~~~~~~~~~~~~~
In file included from external/grpc+/src/core/lib/event_engine/tcp_socket_utils.h:17,
                 from external/grpc+/src/core/lib/event_engine/tcp_socket_utils.cc:14:
external/grpc+/include/grpc/event_engine/event_engine.h:160:9: note: 'class grpc_event_engine::experimental::EventEngine::ResolvedAddress' declared here
  160 |   class ResolvedAddress {
      |         ^~~~~~~~~~~~~~~
[2,769 / 2,907] Compiling src/core/channelz/channelz.cc; 2s processwrapper-sandbox ... (4 actions running)
[2,772 / 2,907] Compiling src/core/channelz/channelz.cc; 3s processwrapper-sandbox ... (4 actions running)
[2,773 / 2,907] Compiling src/core/channelz/channelz.cc; 4s processwrapper-sandbox ... (4 actions running)
INFO: From Compiling src/core/channelz/channelz.cc:
In file included from external/grpc+/src/core/channelz/channelz.cc:19:
external/grpc+/src/core/channelz/channelz.h: In static member function 'static absl::lts_20250814::string_view grpc_core::channelz::BaseNode::EntityTypeToKind(EntityType)':
external/grpc+/src/core/channelz/channelz.h:186:3: warning: control reaches end of non-void function [-Wreturn-type]
  186 |   }
      |   ^
[2,777 / 2,907] Compiling src/core/service_config/service_config_parser.cc; 2s processwrapper-sandbox ... (4 actions running)
[2,779 / 2,907] Compiling src/core/telemetry/instrument.cc; 3s processwrapper-sandbox ... (4 actions running)
[2,781 / 2,907] Compiling src/core/telemetry/instrument.cc; 5s processwrapper-sandbox ... (4 actions, 3 running)
[2,783 / 2,907] Compiling src/core/telemetry/instrument.cc; 6s processwrapper-sandbox ... (4 actions running)
INFO: From Compiling src/core/lib/resource_quota/memory_quota.cc:
In file included from external/grpc+/src/core/lib/resource_quota/memory_quota.cc:36:
external/grpc+/src/core/lib/promise/loop.h:215:31: warning: attribute ignored in declaration of 'union grpc_core::Loop<F, kYield>::<unnamed>' [-Wattributes]
  215 |   GPR_NO_UNIQUE_ADDRESS union {
      |                               ^
external/grpc+/src/core/lib/promise/loop.h:215:31: note: attribute for 'union grpc_core::Loop<F, kYield>::<unnamed>' must follow the 'union' keyword
[2,784 / 2,907] Compiling src/core/telemetry/instrument.cc; 8s processwrapper-sandbox ... (4 actions, 3 running)
[2,787 / 2,907] Compiling src/core/lib/resource_quota/arena.cc; 1s processwrapper-sandbox ... (4 actions, 3 running)
[2,788 / 2,907] Compiling src/core/lib/resource_quota/arena.cc; 2s processwrapper-sandbox ... (4 actions running)
[2,790 / 2,907] Compiling src/core/lib/event_engine/posix_engine/tcp_socket_utils.cc; 2s processwrapper-sandbox ... (4 actions, 3 running)
[2,791 / 2,907] Compiling src/core/lib/event_engine/posix_engine/posix_interface_posix.cc; 2s processwrapper-sandbox ... (4 actions, 3 running)
[2,792 / 2,907] Compiling src/core/lib/event_engine/posix_engine/posix_interface_posix.cc; 3s processwrapper-sandbox ... (4 actions, 3 running)
[2,794 / 2,907] Compiling src/core/call/metadata_batch.cc; 2s processwrapper-sandbox ... (4 actions running)
[2,795 / 2,907] Compiling src/core/call/metadata_batch.cc; 3s processwrapper-sandbox ... (4 actions running)
[2,797 / 2,907] Compiling src/core/lib/promise/party.cc; 3s processwrapper-sandbox ... (4 actions running)
[2,798 / 2,907] Compiling src/core/lib/promise/party.cc; 4s processwrapper-sandbox ... (4 actions running)
[2,799 / 2,907] Compiling src/core/call/metadata.cc; 3s processwrapper-sandbox ... (4 actions running)
[2,801 / 2,907] Compiling src/core/lib/event_engine/posix_engine/internal_errqueue.cc; 2s processwrapper-sandbox ... (4 actions, 3 running)
[2,802 / 2,907] Compiling src/core/telemetry/metrics.cc; 3s processwrapper-sandbox ... (4 actions running)
[2,803 / 2,907] Compiling src/core/call/call_filters.cc; 3s processwrapper-sandbox ... (4 actions, 3 running)
INFO: From Compiling src/core/call/call_filters.cc:
In file included from external/grpc+/src/core/call/call_filters.h:26,
                 from external/grpc+/src/core/call/call_filters.cc:15:
external/grpc+/src/core/call/call_state.h: In static member function 'static const char* grpc_core::CallState::ServerToClientPullStateString(ServerToClientPullState)':
external/grpc+/src/core/call/call_state.h:244:3: warning: control reaches end of non-void function [-Wreturn-type]
  244 |   }
      |   ^
external/grpc+/src/core/call/call_state.h: In static member function 'static const char* grpc_core::CallState::ServerTrailingMetadataStateString(ServerTrailingMetadataState)':
external/grpc+/src/core/call/call_state.h:314:3: warning: control reaches end of non-void function [-Wreturn-type]
  314 |   }
      |   ^
external/grpc+/src/core/call/call_state.h: In static member function 'static const char* grpc_core::CallState::ServerToClientPushStateString(ServerToClientPushState)':
external/grpc+/src/core/call/call_state.h:284:3: warning: control reaches end of non-void function [-Wreturn-type]
  284 |   }
      |   ^
external/grpc+/src/core/call/call_state.h: In static member function 'static const char* grpc_core::CallState::ClientToServerPushStateString(ClientToServerPushState)':
external/grpc+/src/core/call/call_state.h:191:3: warning: control reaches end of non-void function [-Wreturn-type]
  191 |   }
      |   ^
[2,804 / 2,907] Compiling src/core/load_balancing/lb_policy.cc; 3s processwrapper-sandbox ... (4 actions, 3 running)
[2,806 / 2,907] Compiling src/core/load_balancing/lb_policy_registry.cc; 2s processwrapper-sandbox ... (4 actions running)
[2,807 / 2,907] Compiling src/core/call/call_spine.cc; 2s processwrapper-sandbox ... (4 actions, 3 running)
[2,808 / 2,907] Compiling src/core/call/call_spine.cc; 4s processwrapper-sandbox ... (4 actions running)
[2,809 / 2,907] Compiling src/core/call/call_spine.cc; 6s processwrapper-sandbox ... (4 actions running)
[2,810 / 2,907] Compiling src/core/call/call_spine.cc; 7s processwrapper-sandbox ... (4 actions running)
INFO: From Compiling src/core/lib/event_engine/ares_resolver.cc:
external/grpc+/src/core/lib/event_engine/ares_resolver.cc: In function 'absl::lts_20250814::Status grpc_event_engine::experimental::{anonymous}::SetRequestDNSServer(absl::lts_20250814::string_view, ares_channeldata**)':
external/grpc+/src/core/lib/event_engine/ares_resolver.cc:199:38: warning: 'int ares_set_servers_ports(ares_channel_t*, const ares_addr_port_node*)' is deprecated: Use ares_set_servers_ports_csv instead [-Wdeprecated-declarations]
  199 |   int status = ares_set_servers_ports(*channel, &dns_server_addr);
      |                ~~~~~~~~~~~~~~~~~~~~~~^~~~~~~~~~~~~~~~~~~~~~~~~~~~
In file included from external/grpc+/src/core/lib/event_engine/ares_resolver.h:28,
                 from external/grpc+/src/core/lib/event_engine/ares_resolver.cc:14:
external/c-ares+/include/ares.h:1173:20: note: declared here
 1173 | int                ares_set_servers_ports(ares_channel_t                   *channel,
      |                    ^~~~~~~~~~~~~~~~~~~~~~
external/grpc+/src/core/lib/event_engine/ares_resolver.cc: In member function 'virtual void grpc_event_engine::experimental::AresResolver::LookupHostname(grpc_event_engine::experimental::EventEngine::DNSResolver::LookupHostnameCallback, absl::lts_20250814::string_view, absl::lts_20250814::string_view)':
external/grpc+/src/core/lib/event_engine/ares_resolver.cc:408:23: warning: 'void ares_gethostbyname(ares_channel_t*, const char*, int, ares_host_callback, void*)' is deprecated: Use ares_getaddrinfo instead [-Wdeprecated-declarations]
  408 |     ares_gethostbyname(channel_, std::string(host).c_str(), AF_INET,
      |     ~~~~~~~~~~~~~~~~~~^~~~~~~~~~~~~~~~~~~~~~~~~~~~~~~~~~~~~~~~~~~~~~
  409 |                        &AresResolver::OnHostbynameDoneLocked, resolver_arg);
      |                        ~~~~~~~~~~~~~~~~~~~~~~~~~~~~~~~~~~~~~~~~~~~~~~~~~~~~
external/c-ares+/include/ares.h:879:58: note: declared here
  879 | CARES_EXTERN CARES_DEPRECATED_FOR(ares_getaddrinfo) void ares_gethostbyname(
      |                                                          ^~~~~~~~~~~~~~~~~~
external/grpc+/src/core/lib/event_engine/ares_resolver.cc:410:23: warning: 'void ares_gethostbyname(ares_channel_t*, const char*, int, ares_host_callback, void*)' is deprecated: Use ares_getaddrinfo instead [-Wdeprecated-declarations]
  410 |     ares_gethostbyname(channel_, std::string(host).c_str(), AF_INET6,
      |     ~~~~~~~~~~~~~~~~~~^~~~~~~~~~~~~~~~~~~~~~~~~~~~~~~~~~~~~~~~~~~~~~~
  411 |                        &AresResolver::OnHostbynameDoneLocked, resolver_arg);
      |                        ~~~~~~~~~~~~~~~~~~~~~~~~~~~~~~~~~~~~~~~~~~~~~~~~~~~~
external/c-ares+/include/ares.h:879:58: note: declared here
  879 | CARES_EXTERN CARES_DEPRECATED_FOR(ares_getaddrinfo) void ares_gethostbyname(
      |                                                          ^~~~~~~~~~~~~~~~~~
external/grpc+/src/core/lib/event_engine/ares_resolver.cc:414:23: warning: 'void ares_gethostbyname(ares_channel_t*, const char*, int, ares_host_callback, void*)' is deprecated: Use ares_getaddrinfo instead [-Wdeprecated-declarations]
  414 |     ares_gethostbyname(channel_, std::string(host).c_str(), AF_INET,
      |     ~~~~~~~~~~~~~~~~~~^~~~~~~~~~~~~~~~~~~~~~~~~~~~~~~~~~~~~~~~~~~~~~
  415 |                        &AresResolver::OnHostbynameDoneLocked, resolver_arg);
      |                        ~~~~~~~~~~~~~~~~~~~~~~~~~~~~~~~~~~~~~~~~~~~~~~~~~~~~
external/c-ares+/include/ares.h:879:58: note: declared here
  879 | CARES_EXTERN CARES_DEPRECATED_FOR(ares_getaddrinfo) void ares_gethostbyname(
      |                                                          ^~~~~~~~~~~~~~~~~~
external/grpc+/src/core/lib/event_engine/ares_resolver.cc: In member function 'virtual void grpc_event_engine::experimental::AresResolver::LookupSRV(grpc_event_engine::experimental::EventEngine::DNSResolver::LookupSRVCallback, absl::lts_20250814::string_view)':
external/grpc+/src/core/lib/event_engine/ares_resolver.cc:451:13: warning: 'void ares_query(ares_channel_t*, const char*, int, int, ares_callback, void*)' is deprecated: Use ares_query_dnsrec instead [-Wdeprecated-declarations]
  451 |   ares_query(channel_, std::string(host).c_str(), ns_c_in, ns_t_srv,
      |   ~~~~~~~~~~^~~~~~~~~~~~~~~~~~~~~~~~~~~~~~~~~~~~~~~~~~~~~~~~~~~~~~~~
  452 |              &AresResolver::OnSRVQueryDoneLocked, resolver_arg);
      |              ~~~~~~~~~~~~~~~~~~~~~~~~~~~~~~~~~~~~~~~~~~~~~~~~~~
external/c-ares+/include/ares.h:836:59: note: declared here
  836 | CARES_EXTERN CARES_DEPRECATED_FOR(ares_query_dnsrec) void ares_query(
      |                                                           ^~~~~~~~~~
external/grpc+/src/core/lib/event_engine/ares_resolver.cc: In member function 'virtual void grpc_event_engine::experimental::AresResolver::LookupTXT(grpc_event_engine::experimental::EventEngine::DNSResolver::LookupTXTCallback, absl::lts_20250814::string_view)':
external/grpc+/src/core/lib/event_engine/ares_resolver.cc:487:14: warning: 'void ares_search(ares_channel_t*, const char*, int, int, ares_callback, void*)' is deprecated: Use ares_search_dnsrec instead [-Wdeprecated-declarations]
  487 |   ares_search(channel_, std::string(host).c_str(), ns_c_in, ns_t_txt,
      |   ~~~~~~~~~~~^~~~~~~~~~~~~~~~~~~~~~~~~~~~~~~~~~~~~~~~~~~~~~~~~~~~~~~~
  488 |               &AresResolver::OnTXTDoneLocked, resolver_arg);
      |               ~~~~~~~~~~~~~~~~~~~~~~~~~~~~~~~~~~~~~~~~~~~~~
external/c-ares+/include/ares.h:859:60: note: declared here
  859 | CARES_EXTERN CARES_DEPRECATED_FOR(ares_search_dnsrec) void ares_search(
      |                                                            ^~~~~~~~~~~
external/grpc+/src/core/lib/event_engine/ares_resolver.cc: In member function 'void grpc_event_engine::experimental::AresResolver::CheckSocketsLocked()':
external/grpc+/src/core/lib/event_engine/ares_resolver.cc:497:37: warning: 'int ares_getsock(const ares_channel_t*, ares_socket_t*, int)' is deprecated: Use ARES_OPT_EVENT_THREAD or ARES_OPT_SOCK_STATE_CB instead [-Wdeprecated-declarations]
  497 |     int socks_bitmask = ares_getsock(channel_, socks, ARES_GETSOCK_MAXNUM);
      |                         ~~~~~~~~~~~~^~~~~~~~~~~~~~~~~~~~~~~~~~~~~~~~~~~~~~
external/c-ares+/include/ares.h:903:31: note: declared here
  903 |   ARES_OPT_SOCK_STATE_CB) int ares_getsock(const ares_channel_t *channel,
      |                               ^~~~~~~~~~~~
external/grpc+/src/core/lib/event_engine/ares_resolver.cc: In static member function 'static void grpc_event_engine::experimental::AresResolver::OnSRVQueryDoneLocked(void*, int, int, unsigned char*, int)':
external/grpc+/src/core/lib/event_engine/ares_resolver.cc:811:32: warning: 'int ares_parse_srv_reply(const unsigned char*, int, ares_srv_reply**)' is deprecated: Use ares_dns_parse instead [-Wdeprecated-declarations]
  811 |   status = ares_parse_srv_reply(abuf, alen, &reply);
      |            ~~~~~~~~~~~~~~~~~~~~^~~~~~~~~~~~~~~~~~~~
external/c-ares+/include/ares.h:1116:55: note: declared here
 1116 | CARES_EXTERN CARES_DEPRECATED_FOR(ares_dns_parse) int ares_parse_srv_reply(
      |                                                       ^~~~~~~~~~~~~~~~~~~~
external/grpc+/src/core/lib/event_engine/ares_resolver.cc: In static member function 'static void grpc_event_engine::experimental::AresResolver::OnTXTDoneLocked(void*, int, int, unsigned char*, int)':
external/grpc+/src/core/lib/event_engine/ares_resolver.cc:875:36: warning: 'int ares_parse_txt_reply_ext(const unsigned char*, int, ares_txt_ext**)' is deprecated: Use ares_dns_parse instead [-Wdeprecated-declarations]
  875 |   status = ares_parse_txt_reply_ext(buf, len, &reply);
      |            ~~~~~~~~~~~~~~~~~~~~~~~~^~~~~~~~~~~~~~~~~~
external/c-ares+/include/ares.h:1125:55: note: declared here
 1125 | CARES_EXTERN CARES_DEPRECATED_FOR(ares_dns_parse) int ares_parse_txt_reply_ext(
      |                                                       ^~~~~~~~~~~~~~~~~~~~~~~~
[2,814 / 2,907] Compiling src/core/call/call_spine.cc; 9s processwrapper-sandbox ... (4 actions, 3 running)
INFO: From Compiling src/core/call/call_spine.cc:
In file included from external/grpc+/src/core/lib/promise/activity.h:30,
                 from external/grpc+/src/core/lib/resource_quota/memory_quota.h:39,
                 from external/grpc+/src/core/lib/resource_quota/arena.h:39,
                 from external/grpc+/src/core/call/call_arena_allocator.h:24,
                 from external/grpc+/src/core/call/call_spine.h:23,
                 from external/grpc+/src/core/call/call_spine.cc:15:
external/grpc+/src/core/lib/promise/detail/promise_factory.h:132:5: warning: 'always_inline' function might not be inlinable [-Wattributes]
  132 |     PromiseFactoryImpl(Token, F&& f, A&& arg) {
      |     ^~~~~~~~~~~~~~~~~~
external/grpc+/src/core/lib/promise/detail/promise_factory.h:132:5: warning: 'always_inline' function might not be inlinable [-Wattributes]
external/grpc+/src/core/lib/promise/detail/promise_factory.h:132:5: warning: 'always_inline' function might not be inlinable [-Wattributes]
In file included from external/grpc+/src/core/call/call_filters.h:26,
                 from external/grpc+/src/core/call/call_spine.h:24:
external/grpc+/src/core/call/call_state.h: In static member function 'static const char* grpc_core::CallState::ServerTrailingMetadataStateString(ServerTrailingMetadataState)':
external/grpc+/src/core/call/call_state.h:314:3: warning: control reaches end of non-void function [-Wreturn-type]
  314 |   }
      |   ^
external/grpc+/src/core/call/call_state.h: In static member function 'static const char* grpc_core::CallState::ClientToServerPullStateString(ClientToServerPullState)':
external/grpc+/src/core/call/call_state.h:161:3: warning: control reaches end of non-void function [-Wreturn-type]
  161 |   }
      |   ^
external/grpc+/src/core/call/call_state.h: In static member function 'static const char* grpc_core::CallState::ClientToServerPushStateString(ClientToServerPushState)':
external/grpc+/src/core/call/call_state.h:191:3: warning: control reaches end of non-void function [-Wreturn-type]
  191 |   }
      |   ^
external/grpc+/src/core/call/call_state.h: In static member function 'static const char* grpc_core::CallState::ServerToClientPullStateString(ServerToClientPullState)':
external/grpc+/src/core/call/call_state.h:244:3: warning: control reaches end of non-void function [-Wreturn-type]
  244 |   }
      |   ^
external/grpc+/src/core/call/call_state.h: In static member function 'static const char* grpc_core::CallState::ServerToClientPushStateString(ServerToClientPushState)':
external/grpc+/src/core/call/call_state.h:284:3: warning: control reaches end of non-void function [-Wreturn-type]
  284 |   }
      |   ^
[2,816 / 2,907] Compiling src/core/lib/event_engine/posix_engine/ev_epoll1_linux.cc; 2s processwrapper-sandbox ... (4 actions, 3 running)
[2,816 / 2,907] Compiling src/core/lib/event_engine/posix_engine/ev_epoll1_linux.cc; 3s processwrapper-sandbox ... (4 actions running)
[2,818 / 2,907] Compiling src/core/lib/surface/channel.cc; 4s processwrapper-sandbox ... (4 actions running)
[2,819 / 2,907] Compiling src/core/call/interception_chain.cc; 4s processwrapper-sandbox ... (4 actions, 3 running)
[2,820 / 2,907] Compiling src/core/call/interception_chain.cc; 6s processwrapper-sandbox ... (4 actions running)
[2,821 / 2,907] Compiling src/core/lib/event_engine/posix_engine/posix_engine.cc; 5s processwrapper-sandbox ... (4 actions running)
INFO: From Compiling src/core/lib/event_engine/posix_engine/posix_engine.cc:
In file included from external/grpc+/src/core/lib/event_engine/posix_engine/posix_engine.cc:36:
external/grpc+/src/core/lib/event_engine/posix_engine/grpc_polled_fd_posix.h: In member function 'virtual void grpc_event_engine::experimental::GrpcPolledFdFactoryPosix::ConfigureAresChannelLocked(ares_channel)':
external/grpc+/src/core/lib/event_engine/posix_engine/grpc_polled_fd_posix.h:129:30: warning: 'void ares_set_socket_functions(ares_channel_t*, const ares_socket_functions*, void*)' is deprecated: Use ares_set_socket_functions_ex instead [-Wdeprecated-declarations]
  129 |     ares_set_socket_functions(channel, &kSockFuncs, this);
      |     ~~~~~~~~~~~~~~~~~~~~~~~~~^~~~~~~~~~~~~~~~~~~~~~~~~~~~
In file included from external/grpc+/src/core/lib/event_engine/ares_resolver.h:28,
                 from external/grpc+/src/core/lib/event_engine/posix_engine/posix_engine.h:30,
                 from external/grpc+/src/core/lib/event_engine/posix_engine/posix_engine.cc:14:
external/c-ares+/include/ares.h:571:38: note: declared here
  571 |   ares_set_socket_functions_ex) void ares_set_socket_functions(ares_channel_t
      |                                      ^~~~~~~~~~~~~~~~~~~~~~~~~
[2,823 / 2,907] Compiling src/core/lib/surface/channel_init.cc; 4s processwrapper-sandbox ... (4 actions, 3 running)
[2,823 / 2,907] Compiling src/core/lib/surface/channel_init.cc; 5s processwrapper-sandbox ... (4 actions running)
[2,825 / 2,907] Compiling src/core/config/core_configuration.cc; 4s processwrapper-sandbox ... (4 actions, 3 running)
[2,826 / 2,907] Compiling src/core/lib/event_engine/default_event_engine.cc; 4s processwrapper-sandbox ... (4 actions, 3 running)
[2,829 / 2,907] Compiling src/core/lib/event_engine/default_event_engine.cc; 5s processwrapper-sandbox ... (4 actions running)
[2,833 / 2,907] Compiling src/core/lib/resource_quota/api.cc; 4s processwrapper-sandbox ... (4 actions, 3 running)
[2,836 / 2,907] Compiling src/core/lib/resource_quota/api.cc; 5s processwrapper-sandbox ... (4 actions running)
[2,842 / 2,907] Compiling src/core/call/client_call.cc; 2s processwrapper-sandbox ... (4 actions running)
[2,844 / 2,907] Compiling src/core/call/client_call.cc; 3s processwrapper-sandbox ... (4 actions, 3 running)
[2,844 / 2,907] Compiling src/core/call/client_call.cc; 5s processwrapper-sandbox ... (4 actions running)
[2,846 / 2,907] Compiling src/core/call/client_call.cc; 6s processwrapper-sandbox ... (4 actions, 3 running)
[2,847 / 2,907] Compiling src/core/call/client_call.cc; 7s processwrapper-sandbox ... (4 actions, 3 running)
[2,848 / 2,907] Compiling src/core/call/client_call.cc; 9s processwrapper-sandbox ... (4 actions running)
INFO: From Compiling src/core/call/client_call.cc:
In file included from external/grpc+/src/core/call/call_filters.h:26,
                 from external/grpc+/src/core/call/call_spine.h:24,
                 from external/grpc+/src/core/call/call_destination.h:20,
                 from external/grpc+/src/core/lib/transport/transport.h:36,
                 from external/grpc+/src/core/lib/channel/channel_stack.h:63,
                 from external/grpc+/src/core/lib/surface/call.h:32,
                 from external/grpc+/src/core/call/client_call.h:43,
                 from external/grpc+/src/core/call/client_call.cc:15:
external/grpc+/src/core/call/call_state.h: In static member function 'static const char* grpc_core::CallState::ServerToClientPullStateString(ServerToClientPullState)':
external/grpc+/src/core/call/call_state.h:244:3: warning: control reaches end of non-void function [-Wreturn-type]
  244 |   }
      |   ^
external/grpc+/src/core/call/call_state.h: In static member function 'static const char* grpc_core::CallState::ServerToClientPushStateString(ServerToClientPushState)':
external/grpc+/src/core/call/call_state.h:284:3: warning: control reaches end of non-void function [-Wreturn-type]
  284 |   }
      |   ^
external/grpc+/src/core/call/call_state.h: In static member function 'static const char* grpc_core::CallState::ClientToServerPushStateString(ClientToServerPushState)':
external/grpc+/src/core/call/call_state.h:191:3: warning: control reaches end of non-void function [-Wreturn-type]
  191 |   }
      |   ^
external/grpc+/src/core/call/call_state.h: In static member function 'static const char* grpc_core::CallState::ServerTrailingMetadataStateString(ServerTrailingMetadataState)':
external/grpc+/src/core/call/call_state.h:314:3: warning: control reaches end of non-void function [-Wreturn-type]
  314 |   }
      |   ^
[2,850 / 2,907] Compiling src/core/lib/iomgr/tcp_posix.cc; 3s processwrapper-sandbox ... (4 actions, 3 running)
[2,853 / 2,907] Compiling src/core/call/server_call.cc; 1s processwrapper-sandbox ... (4 actions, 3 running)
[2,854 / 2,907] Compiling src/core/call/server_call.cc; 3s processwrapper-sandbox ... (4 actions running)
[2,856 / 2,907] Compiling src/core/call/server_call.cc; 4s processwrapper-sandbox ... (4 actions running)
[2,857 / 2,907] Compiling src/core/call/server_call.cc; 5s processwrapper-sandbox ... (4 actions, 3 running)
[2,858 / 2,907] Compiling src/core/call/server_call.cc; 6s processwrapper-sandbox ... (4 actions, 3 running)
[2,862 / 2,907] Compiling src/core/call/server_call.cc; 8s processwrapper-sandbox ... (4 actions running)
[2,863 / 2,907] Compiling src/core/call/server_call.cc; 9s processwrapper-sandbox ... (4 actions, 3 running)
INFO: From Compiling src/core/call/server_call.cc:
In file included from external/grpc+/src/core/call/call_filters.h:26,
                 from external/grpc+/src/core/call/call_spine.h:24,
                 from external/grpc+/src/core/call/call_destination.h:20,
                 from external/grpc+/src/core/lib/transport/transport.h:36,
                 from external/grpc+/src/core/lib/channel/channel_stack.h:63,
                 from external/grpc+/src/core/lib/surface/call.h:32,
                 from external/grpc+/src/core/call/server_call.h:46,
                 from external/grpc+/src/core/call/server_call.cc:15:
external/grpc+/src/core/call/call_state.h: In static member function 'static const char* grpc_core::CallState::ClientToServerPullStateString(ClientToServerPullState)':
external/grpc+/src/core/call/call_state.h:161:3: warning: control reaches end of non-void function [-Wreturn-type]
  161 |   }
      |   ^
external/grpc+/src/core/call/call_state.h: In static member function 'static const char* grpc_core::CallState::ClientToServerPushStateString(ClientToServerPushState)':
external/grpc+/src/core/call/call_state.h:191:3: warning: control reaches end of non-void function [-Wreturn-type]
  191 |   }
      |   ^
external/grpc+/src/core/call/call_state.h: In static member function 'static const char* grpc_core::CallState::ServerTrailingMetadataStateString(ServerTrailingMetadataState)':
external/grpc+/src/core/call/call_state.h:314:3: warning: control reaches end of non-void function [-Wreturn-type]
  314 |   }
      |   ^
external/grpc+/src/core/call/call_state.h: In static member function 'static const char* grpc_core::CallState::ServerToClientPushStateString(ServerToClientPushState)':
external/grpc+/src/core/call/call_state.h:284:3: warning: control reaches end of non-void function [-Wreturn-type]
  284 |   }
      |   ^
[2,870 / 2,907] Compiling src/core/lib/iomgr/iomgr_posix.cc; 1s processwrapper-sandbox ... (4 actions running)
[2,872 / 2,907] Compiling src/core/lib/iomgr/iomgr_posix.cc; 2s processwrapper-sandbox ... (4 actions, 3 running)
[2,874 / 2,907] Compiling src/core/lib/channel/channel_stack.cc; 2s processwrapper-sandbox ... (4 actions running)
[2,876 / 2,907] Compiling src/core/lib/channel/channel_stack.cc; 4s processwrapper-sandbox ... (4 actions running)
[2,877 / 2,907] Compiling src/core/lib/channel/channel_stack.cc; 6s processwrapper-sandbox ... (4 actions, 3 running)
[2,884 / 2,907] Compiling src/core/lib/iomgr/ev_epoll1_linux.cc; 1s processwrapper-sandbox ... (4 actions running)
[2,886 / 2,907] Compiling src/core/lib/iomgr/endpoint_pair_posix.cc; 2s processwrapper-sandbox ... (4 actions, 3 running)
[2,887 / 2,907] Compiling src/core/lib/iomgr/endpoint_pair_posix.cc; 4s processwrapper-sandbox ... (4 actions running)
[2,888 / 2,907] Compiling src/core/lib/iomgr/endpoint_pair_posix.cc; 5s processwrapper-sandbox ... (4 actions, 3 running)
[2,891 / 2,907] Compiling src/core/lib/transport/transport_op_string.cc; 4s processwrapper-sandbox ... (4 actions running)
[2,893 / 2,907] Compiling src/core/lib/channel/connected_channel.cc; 2s processwrapper-sandbox ... (4 actions running)
[2,894 / 2,907] Compiling src/core/lib/channel/connected_channel.cc; 4s processwrapper-sandbox ... (4 actions running)
INFO: From Compiling src/core/lib/channel/connected_channel.cc:
In file included from external/grpc+/src/core/lib/channel/connected_channel.cc:53:
external/grpc+/src/core/lib/promise/loop.h:215:31: warning: attribute ignored in declaration of 'union grpc_core::Loop<F, kYield>::<unnamed>' [-Wattributes]
  215 |   GPR_NO_UNIQUE_ADDRESS union {
      |                               ^
external/grpc+/src/core/lib/promise/loop.h:215:31: note: attribute for 'union grpc_core::Loop<F, kYield>::<unnamed>' must follow the 'union' keyword
[2,895 / 2,907] Compiling src/core/lib/transport/transport.cc; 5s processwrapper-sandbox ... (4 actions, 3 running)
[2,897 / 2,907] Compiling src/core/lib/surface/lame_client.cc; 4s processwrapper-sandbox ... (4 actions, 3 running)
[2,897 / 2,907] Compiling src/core/lib/surface/lame_client.cc; 6s processwrapper-sandbox ... (4 actions running)
[2,900 / 2,907] Compiling src/core/lib/channel/promise_based_filter.cc; 4s processwrapper-sandbox ... (4 actions, 3 running)
[2,900 / 2,907] Compiling src/core/lib/channel/promise_based_filter.cc; 5s processwrapper-sandbox ... (4 actions running)
[2,901 / 2,907] Compiling src/core/lib/channel/promise_based_filter.cc; 7s processwrapper-sandbox ... (4 actions running)
[2,903 / 2,907] Compiling src/core/lib/channel/promise_based_filter.cc; 9s processwrapper-sandbox ... (4 actions running)
[2,906 / 2,907] Compiling src/core/lib/surface/call.cc; 2s processwrapper-sandbox
INFO: Found 6 targets...
INFO: Elapsed time: 946.260s, Critical Path: 68.69s
INFO: 2907 processes: 1057 internal, 1850 processwrapper-sandbox.
INFO: Build completed successfully, 2907 total actions
