2026/10/09 04:56:44 Downloading https://releases.bazel.build/9.3.0/release/bazel-9.3.0-linux-x86_64...
Extracting Bazel installation...
Starting local Bazel server (9.3.0) and connecting to it...
Computing main repo mapping: 
Computing main repo mapping: 
Computing main repo mapping: 
Computing main repo mapping: 
Computing main repo mapping: 
Loading: 
Loading: 0 packages loaded
Loading: 0 packages loaded
    currently loading: proto
Loading: 0 packages loaded
    currently loading: proto
Loading: 0 packages loaded
    currently loading: proto
Analyzing: 6 targets (5 packages loaded, 6 targets configured)
Analyzing: 6 targets (5 packages loaded, 6 targets configured)

Analyzing: 6 targets (18 packages loaded, 9 targets configured)

Analyzing: 6 targets (74 packages loaded, 13 targets configured)

Analyzing: 6 targets (76 packages loaded, 13 targets configured)

Analyzing: 6 targets (76 packages loaded, 13 targets configured)

Analyzing: 6 targets (97 packages loaded, 2578 targets configured)

Analyzing: 6 targets (122 packages loaded, 4004 targets configured)

Analyzing: 6 targets (157 packages loaded, 6729 targets configured)
[3 / 3] no actions running
Analyzing: 6 targets (184 packages loaded, 10000 targets configured)
[3 / 3] no actions running
Analyzing: 6 targets (193 packages loaded, 12812 targets configured)
[3 / 3] no actions running
Analyzing: 6 targets (203 packages loaded, 13520 targets configured)
[3 / 3] no actions running
Analyzing: 6 targets (206 packages loaded, 14028 targets configured, 56 aspect applications)
[3 / 3] no actions running
Analyzing: 6 targets (208 packages loaded, 14126 targets configured, 85 aspect applications)
[237 / 496] Compiling absl/time/internal/cctz/src/zone_info_source.cc [for tool]; 0s processwrapper-sandbox ... (4 actions running)
Analyzing: 6 targets (208 packages loaded, 14126 targets configured, 85 aspect applications)
[240 / 496] Compiling absl/time/internal/cctz/src/civil_time_detail.cc [for tool]; 1s processwrapper-sandbox ... (4 actions running)
Analyzing: 6 targets (210 packages loaded, 14149 targets configured, 87 aspect applications)
[243 / 496] Compiling absl/crc/internal/crc_cord_state.cc [for tool]; 2s processwrapper-sandbox ... (4 actions running)
Analyzing: 6 targets (212 packages loaded, 19985 targets configured, 87 aspect applications)
[243 / 496] Compiling absl/crc/internal/crc_cord_state.cc [for tool]; 3s processwrapper-sandbox ... (4 actions running)
Analyzing: 6 targets (212 packages loaded, 20017 targets configured, 87 aspect applications)
[247 / 496] Compiling absl/crc/crc32c.cc [for tool]; 0s processwrapper-sandbox ... (4 actions running)
Analyzing: 6 targets (212 packages loaded, 20017 targets configured, 87 aspect applications)
[251 / 496] Compiling absl/time/internal/cctz/src/time_zone_info.cc [for tool]; 1s processwrapper-sandbox ... (4 actions running)
Analyzing: 6 targets (212 packages loaded, 20017 targets configured, 87 aspect applications)
[253 / 496] Compiling absl/time/internal/cctz/src/time_zone_info.cc [for tool]; 2s processwrapper-sandbox ... (4 actions running)
Analyzing: 6 targets (212 packages loaded, 20017 targets configured, 87 aspect applications)
[258 / 496] Compiling absl/time/internal/cctz/src/time_zone_format.cc [for tool]; 1s processwrapper-sandbox ... (4 actions running)
Analyzing: 6 targets (212 packages loaded, 20017 targets configured, 87 aspect applications)
[260 / 496] Compiling absl/time/internal/cctz/src/time_zone_format.cc [for tool]; 2s processwrapper-sandbox ... (4 actions running)
Analyzing: 6 targets (212 packages loaded, 20017 targets configured, 87 aspect applications)
[263 / 496] Compiling absl/strings/substitute.cc [for tool]; 1s processwrapper-sandbox ... (4 actions running)
Analyzing: 6 targets (212 packages loaded, 20017 targets configured, 87 aspect applications)
[266 / 496] Compiling absl/time/duration.cc [for tool]; 1s processwrapper-sandbox ... (4 actions running)
Analyzing: 6 targets (212 packages loaded, 20017 targets configured, 87 aspect applications)
[267 / 496] Compiling absl/time/duration.cc [for tool]; 2s processwrapper-sandbox ... (4 actions running)
Analyzing: 6 targets (212 packages loaded, 20017 targets configured, 87 aspect applications)
[270 / 496] Compiling absl/time/civil_time.cc [for tool]; 1s processwrapper-sandbox ... (4 actions running)
Analyzing: 6 targets (212 packages loaded, 20017 targets configured, 87 aspect applications)
[276 / 496] Compiling absl/debugging/internal/decode_rust_punycode.cc [for tool]; 0s processwrapper-sandbox ... (4 actions running)
Analyzing: 6 targets (212 packages loaded, 20017 targets configured, 87 aspect applications)
[280 / 496] Compiling absl/debugging/internal/demangle.cc [for tool]; 0s processwrapper-sandbox ... (4 actions running)
Analyzing: 6 targets (212 packages loaded, 20017 targets configured, 87 aspect applications)
[282 / 496] Compiling absl/debugging/internal/demangle.cc [for tool]; 1s processwrapper-sandbox ... (4 actions running)
Analyzing: 6 targets (212 packages loaded, 20017 targets configured, 87 aspect applications)
[285 / 496] Compiling absl/strings/escaping.cc [for tool]; 1s processwrapper-sandbox ... (4 actions running)
Analyzing: 6 targets (212 packages loaded, 20017 targets configured, 87 aspect applications)
[287 / 496] Compiling absl/debugging/symbolize.cc [for tool]; 1s processwrapper-sandbox ... (4 actions running)
Analyzing: 6 targets (212 packages loaded, 20017 targets configured, 87 aspect applications)
[293 / 496] Compiling absl/strings/internal/str_format/parser.cc [for tool]; 0s processwrapper-sandbox ... (4 actions running)
Analyzing: 6 targets (212 packages loaded, 20017 targets configured, 87 aspect applications)
[295 / 496] Compiling absl/strings/internal/str_format/parser.cc [for tool]; 1s processwrapper-sandbox ... (4 actions running)
Analyzing: 6 targets (212 packages loaded, 20017 targets configured, 87 aspect applications)
[296 / 496] Compiling absl/strings/internal/str_format/float_conversion.cc [for tool]; 2s processwrapper-sandbox ... (4 actions running)
Analyzing: 6 targets (212 packages loaded, 20017 targets configured, 87 aspect applications)
[299 / 496] Compiling absl/strings/internal/str_format/float_conversion.cc [for tool]; 3s processwrapper-sandbox ... (4 actions running)
Analyzing: 6 targets (212 packages loaded, 20017 targets configured, 87 aspect applications)
[301 / 496] Compiling absl/synchronization/mutex.cc [for tool]; 3s processwrapper-sandbox ... (4 actions running)
Analyzing: 6 targets (212 packages loaded, 20017 targets configured, 87 aspect applications)
[302 / 496] Compiling absl/strings/internal/str_format/bind.cc [for tool]; 2s processwrapper-sandbox ... (4 actions running)
Analyzing: 6 targets (212 packages loaded, 20017 targets configured, 87 aspect applications)
[305 / 496] Compiling absl/strings/internal/str_format/arg.cc [for tool]; 2s processwrapper-sandbox ... (4 actions running)
Analyzing: 6 targets (212 packages loaded, 20017 targets configured, 87 aspect applications)
[306 / 496] Compiling absl/strings/internal/str_format/arg.cc [for tool]; 3s processwrapper-sandbox ... (4 actions running)
Analyzing: 6 targets (212 packages loaded, 20017 targets configured, 87 aspect applications)
[308 / 496] Compiling absl/strings/internal/str_format/arg.cc [for tool]; 4s processwrapper-sandbox ... (4 actions running)
Analyzing: 6 targets (212 packages loaded, 20017 targets configured, 87 aspect applications)
[310 / 496] Compiling absl/synchronization/internal/futex_waiter.cc [for tool]; 1s processwrapper-sandbox ... (4 actions running)
Analyzing: 6 targets (212 packages loaded, 20017 targets configured, 87 aspect applications)
[312 / 496] Compiling absl/crc/internal/crc.cc [for tool]; 1s processwrapper-sandbox ... (4 actions running)
Analyzing: 6 targets (212 packages loaded, 20017 targets configured, 87 aspect applications)
[314 / 496] Compiling absl/crc/internal/crc_non_temporal_memcpy.cc [for tool]; 2s processwrapper-sandbox ... (4 actions, 3 running)
Analyzing: 6 targets (212 packages loaded, 20017 targets configured, 87 aspect applications)
[315 / 496] Compiling absl/crc/internal/crc_non_temporal_memcpy.cc [for tool]; 3s processwrapper-sandbox ... (4 actions running)
Analyzing: 6 targets (212 packages loaded, 20017 targets configured, 87 aspect applications)
[317 / 496] Compiling absl/crc/internal/crc_non_temporal_memcpy.cc [for tool]; 4s processwrapper-sandbox ... (4 actions running)
Analyzing: 6 targets (212 packages loaded, 20017 targets configured, 87 aspect applications)
[323 / 496] Compiling absl/crc/internal/crc_memcpy_fallback.cc [for tool]; 1s processwrapper-sandbox ... (4 actions running)
Analyzing: 6 targets (212 packages loaded, 20017 targets configured, 87 aspect applications)
[324 / 496] Compiling absl/hash/internal/hash.cc [for tool]; 1s processwrapper-sandbox ... (4 actions running)
Analyzing: 6 targets (212 packages loaded, 20017 targets configured, 87 aspect applications)
[327 / 496] Compiling absl/status/status.cc [for tool]; 1s processwrapper-sandbox ... (4 actions, 3 running)
Analyzing: 6 targets (212 packages loaded, 20017 targets configured, 87 aspect applications)
[330 / 496] Compiling absl/status/internal/status_internal.cc [for tool]; 1s processwrapper-sandbox ... (4 actions, 3 running)
Analyzing: 6 targets (212 packages loaded, 20017 targets configured, 87 aspect applications)
[331 / 496] Compiling absl/status/internal/status_internal.cc [for tool]; 2s processwrapper-sandbox ... (4 actions, 3 running)
Analyzing: 6 targets (212 packages loaded, 20017 targets configured, 87 aspect applications)
[334 / 496] Compiling absl/strings/internal/cord_rep_btree.cc [for tool]; 2s processwrapper-sandbox ... (4 actions running)
Analyzing: 6 targets (212 packages loaded, 20017 targets configured, 87 aspect applications)
[336 / 496] Compiling absl/strings/internal/cord_rep_btree.cc [for tool]; 3s processwrapper-sandbox ... (4 actions running)
Analyzing: 6 targets (215 packages loaded, 20035 targets configured, 87 aspect applications)
[338 / 496] Compiling absl/strings/internal/cordz_info.cc [for tool]; 1s processwrapper-sandbox ... (4 actions running)
Analyzing: 6 targets (341 packages loaded, 20560 targets configured, 87 aspect applications)
[340 / 496] Compiling absl/strings/internal/cordz_info.cc [for tool]; 2s processwrapper-sandbox ... (4 actions, 3 running)
Analyzing: 6 targets (343 packages loaded, 20849 targets configured, 87 aspect applications)
[343 / 627] Compiling absl/log/internal/globals.cc [for tool]; 1s processwrapper-sandbox ... (4 actions, 3 running)
INFO: Analyzed 6 targets (348 packages loaded, 20884 targets configured, 87 aspect applications).
[483 / 1,072] Compiling absl/strings/cord.cc [for tool]; 2s processwrapper-sandbox ... (4 actions, 3 running)
[487 / 1,072] Compiling absl/strings/cord.cc [for tool]; 3s processwrapper-sandbox ... (4 actions, 3 running)
[489 / 1,072] Compiling absl/strings/cord.cc [for tool]; 4s processwrapper-sandbox ... (4 actions running)
[494 / 1,072] Compiling src/google/protobuf/repeated_ptr_field.cc [for tool]; 0s processwrapper-sandbox ... (4 actions, 3 running)
[495 / 1,072] Compiling absl/container/internal/raw_hash_set.cc [for tool]; 1s processwrapper-sandbox ... (4 actions, 3 running)
[500 / 1,072] Compiling src/google/protobuf/parse_context.cc [for tool]; 1s processwrapper-sandbox ... (4 actions, 3 running)
[503 / 1,072] Compiling src/google/protobuf/parse_context.cc [for tool]; 2s processwrapper-sandbox ... (4 actions running)
[506 / 1,072] Compiling src/google/protobuf/io/zero_copy_stream_impl_lite.cc [for tool]; 1s processwrapper-sandbox ... (4 actions running)
[507 / 1,072] Compiling src/google/protobuf/io/zero_copy_stream_impl.cc [for tool]; 1s processwrapper-sandbox ... (4 actions running)
[510 / 1,072] Compiling src/google/protobuf/map.cc [for tool]; 2s processwrapper-sandbox ... (4 actions running)
[512 / 1,072] Compiling src/google/protobuf/io/coded_stream.cc [for tool]; 1s processwrapper-sandbox ... (4 actions running)
[514 / 1,072] Compiling src/google/protobuf/io/tokenizer.cc [for tool]; 1s processwrapper-sandbox ... (4 actions running)
[517 / 1,072] Compiling src/google/protobuf/generated_message_tctable_lite.cc [for tool]; 1s processwrapper-sandbox ... (4 actions running)
[519 / 1,072] Compiling src/google/protobuf/generated_message_tctable_lite.cc [for tool]; 2s processwrapper-sandbox ... (4 actions, 3 running)
[523 / 1,072] Compiling src/google/protobuf/generated_message_tctable_lite.cc [for tool]; 3s processwrapper-sandbox ... (4 actions, 3 running)
[531 / 1,072] Compiling src/google/protobuf/generated_message_tctable_lite.cc [for tool]; 5s processwrapper-sandbox ... (4 actions, 3 running)
[535 / 1,072] Compiling src/google/protobuf/generated_message_tctable_lite.cc [for tool]; 6s processwrapper-sandbox ... (4 actions, 3 running)
[537 / 1,072] Compiling src/google/protobuf/generated_message_tctable_lite.cc [for tool]; 7s processwrapper-sandbox ... (4 actions running)
[538 / 1,072] Compiling src/google/protobuf/generated_message_tctable_lite.cc [for tool]; 8s processwrapper-sandbox ... (4 actions, 3 running)
[541 / 1,072] Compiling src/google/protobuf/generated_message_bases.cc [for tool]; 1s processwrapper-sandbox ... (4 actions, 3 running)
[543 / 1,072] Compiling src/google/protobuf/feature_resolver.cc [for tool]; 1s processwrapper-sandbox ... (4 actions, 3 running)
[545 / 1,072] Compiling src/google/protobuf/feature_resolver.cc [for tool]; 2s processwrapper-sandbox ... (4 actions running)
[546 / 1,072] Compiling src/google/protobuf/extension_set_heavy.cc [for tool]; 3s processwrapper-sandbox ... (4 actions, 3 running)
[548 / 1,072] Compiling src/google/protobuf/wire_format.cc [for tool]; 3s processwrapper-sandbox ... (4 actions, 3 running)
[548 / 1,072] Compiling src/google/protobuf/wire_format.cc [for tool]; 4s processwrapper-sandbox ... (4 actions running)
INFO: From Compiling src/google/protobuf/wire_format.cc [for tool]:
external/protobuf+/src/google/protobuf/wire_format.cc: In static member function 'static uint8_t* google::protobuf::internal::WireFormat::InternalSerializeField(const google::protobuf::FieldDescriptor*, const google::protobuf::Message&, uint8_t*, google::protobuf::io::EpsCopyOutputStream*)':
external/protobuf+/src/google/protobuf/wire_format.cc:1377:54: warning: 'const google::protobuf::EnumValueDescriptor* google::protobuf::Reflection::GetRepeatedEnum(const google::protobuf::Message&, const google::protobuf::FieldDescriptor*, int) const' is deprecated: Please use GetRepeatedEnumValue() instead. GetRepeatedEnum() will be removed in Q1 2027. [-Wdeprecated-declarations]
 1377 |                 ? message_reflection->GetRepeatedEnum(message, field, j)
      |                   ~~~~~~~~~~~~~~~~~~~~~~~~~~~~~~~~~~~^~~~~~~~~~~~~~~~~~~
In file included from bazel-out/k8-opt-exec/bin/external/protobuf+/src/google/protobuf/_virtual_includes/protobuf/google/protobuf/wire_format.h:29,
                 from external/protobuf+/src/google/protobuf/wire_format.cc:12:
bazel-out/k8-opt-exec/bin/external/protobuf+/src/google/protobuf/_virtual_includes/protobuf/google/protobuf/message.h:826:3: note: declared here
  826 |   GetRepeatedEnum(const Message& message, const FieldDescriptor* field,
      |   ^~~~~~~~~~~~~~~
external/protobuf+/src/google/protobuf/wire_format.cc:1378:46: warning: 'const google::protobuf::EnumValueDescriptor* google::protobuf::Reflection::GetEnum(const google::protobuf::Message&, const google::protobuf::FieldDescriptor*) const' is deprecated: Please use GetEnumValue() instead. GetEnum() will be removed in Q1 2027. [-Wdeprecated-declarations]
 1378 |                 : message_reflection->GetEnum(message, field);
      |                   ~~~~~~~~~~~~~~~~~~~~~~~~~~~^~~~~~~~~~~~~~~~
bazel-out/k8-opt-exec/bin/external/protobuf+/src/google/protobuf/_virtual_includes/protobuf/google/protobuf/message.h:639:3: note: declared here
  639 |   GetEnum(const Message& message, const FieldDescriptor* field) const;
      |   ^~~~~~~
external/protobuf+/src/google/protobuf/wire_format.cc: In static member function 'static size_t google::protobuf::internal::WireFormat::FieldDataOnlyByteSize(const google::protobuf::FieldDescriptor*, const google::protobuf::Message&)':
external/protobuf+/src/google/protobuf/wire_format.cc:1714:50: warning: 'const google::protobuf::EnumValueDescriptor* google::protobuf::Reflection::GetRepeatedEnum(const google::protobuf::Message&, const google::protobuf::FieldDescriptor*, int) const' is deprecated: Please use GetRepeatedEnumValue() instead. GetRepeatedEnum() will be removed in Q1 2027. [-Wdeprecated-declarations]
 1714 |               message_reflection->GetRepeatedEnum(message, field, j)->number());
      |               ~~~~~~~~~~~~~~~~~~~~~~~~~~~~~~~~~~~^~~~~~~~~~~~~~~~~~~
bazel-out/k8-opt-exec/bin/external/protobuf+/src/google/protobuf/_virtual_includes/protobuf/google/protobuf/message.h:826:3: note: declared here
  826 |   GetRepeatedEnum(const Message& message, const FieldDescriptor* field,
      |   ^~~~~~~~~~~~~~~
external/protobuf+/src/google/protobuf/wire_format.cc:1718:40: warning: 'const google::protobuf::EnumValueDescriptor* google::protobuf::Reflection::GetEnum(const google::protobuf::Message&, const google::protobuf::FieldDescriptor*) const' is deprecated: Please use GetEnumValue() instead. GetEnum() will be removed in Q1 2027. [-Wdeprecated-declarations]
 1718 |             message_reflection->GetEnum(message, field)->number());
      |             ~~~~~~~~~~~~~~~~~~~~~~~~~~~^~~~~~~~~~~~~~~~
bazel-out/k8-opt-exec/bin/external/protobuf+/src/google/protobuf/_virtual_includes/protobuf/google/protobuf/message.h:639:3: note: declared here
  639 |   GetEnum(const Message& message, const FieldDescriptor* field) const;
      |   ^~~~~~~
[549 / 1,072] Compiling src/google/protobuf/dynamic_message.cc [for tool]; 3s processwrapper-sandbox ... (4 actions, 3 running)
[550 / 1,072] Compiling src/google/protobuf/text_format.cc [for tool]; 4s processwrapper-sandbox ... (4 actions running)
[551 / 1,072] Compiling src/google/protobuf/text_format.cc [for tool]; 7s processwrapper-sandbox ... (4 actions, 3 running)
[551 / 1,072] Compiling src/google/protobuf/text_format.cc [for tool]; 8s processwrapper-sandbox ... (4 actions running)
INFO: From Compiling src/google/protobuf/text_format.cc [for tool]:
external/protobuf+/src/google/protobuf/text_format.cc: In member function 'google::protobuf::TextFormat::ParseLocation google::protobuf::TextFormat::ParseInfoTree::GetLocation(const google::protobuf::FieldDescriptor*, int) const':
external/protobuf+/src/google/protobuf/text_format.cc:262:26: warning: 'google::protobuf::TextFormat::ParseLocationRange google::protobuf::TextFormat::ParseInfoTree::GetLocationRange(const google::protobuf::FieldDescriptor*, int) const' is deprecated: Please use GetFieldLocation() [-Wdeprecated-declarations]
  262 |   return GetLocationRange(field, index).start;
      |          ~~~~~~~~~~~~~~~~^~~~~~~~~~~~~~
external/protobuf+/src/google/protobuf/text_format.cc:244:32: note: declared here
  244 | TextFormat::ParseLocationRange TextFormat::ParseInfoTree::GetLocationRange(
      |                                ^~~~~~~~~~
external/protobuf+/src/google/protobuf/text_format.cc: In member function 'bool google::protobuf::TextFormat::Parser::ParserImpl::ConsumeFieldValue(google::protobuf::Message*, const google::protobuf::Reflection*, const google::protobuf::FieldDescriptor*)':
external/protobuf+/src/google/protobuf/text_format.cc:966:37: warning: 'const google::protobuf::EnumValueDescriptor* google::protobuf::Reflection::GetEnum(const google::protobuf::Message&, const google::protobuf::FieldDescriptor*) const' is deprecated: Please use GetEnumValue() instead. GetEnum() will be removed in Q1 2027. [-Wdeprecated-declarations]
  966 |             reflection->Get##CPPTYPE(*message, field) &&           \
      |             ~~~~~~~~~~~~~~~~~~~~~~~~^~~~~~~~~~~~~~~~~
external/protobuf+/src/google/protobuf/text_format.cc:1086:9: note: in expansion of macro 'SET_FIELD'
 1086 |         SET_FIELD(Enum, enum, enum_value);
      |         ^~~~~~~~~
In file included from bazel-out/k8-opt-exec/bin/external/protobuf+/src/google/protobuf/_virtual_includes/protobuf/google/protobuf/text_format.h:31,
                 from external/protobuf+/src/google/protobuf/text_format.cc:12:
bazel-out/k8-opt-exec/bin/external/protobuf+/src/google/protobuf/_virtual_includes/protobuf/google/protobuf/message.h:639:3: note: declared here
  639 |   GetEnum(const Message& message, const FieldDescriptor* field) const;
      |   ^~~~~~~
[555 / 1,072] Compiling src/google/protobuf/descriptor.pb.cc [for tool]; 6s processwrapper-sandbox ... (4 actions, 3 running)
[556 / 1,072] Compiling src/google/protobuf/descriptor.pb.cc [for tool]; 8s processwrapper-sandbox ... (4 actions running)
[557 / 1,072] Compiling src/google/protobuf/descriptor.cc [for tool]; 3s processwrapper-sandbox ... (4 actions running)
INFO: From Compiling src/google/protobuf/reflection_ops.cc [for tool]:
external/protobuf+/src/google/protobuf/reflection_ops.cc: In static member function 'static void google::protobuf::internal::ReflectionOps::Merge(const google::protobuf::Message&, google::protobuf::Message*)':
external/protobuf+/src/google/protobuf/reflection_ops.cc:92:56: warning: 'const google::protobuf::EnumValueDescriptor* google::protobuf::Reflection::GetRepeatedEnum(const google::protobuf::Message&, const google::protobuf::FieldDescriptor*, int) const' is deprecated: Please use GetRepeatedEnumValue() instead. GetRepeatedEnum() will be removed in Q1 2027. [-Wdeprecated-declarations]
   92 |         to, field, from_reflection->GetRepeated##METHOD(from, field, j)); \
      |                    ~~~~~~~~~~~~~~~~~~~~~~~~~~~~~~~~~~~~^~~~~~~~~~~~~~~~
external/protobuf+/src/google/protobuf/reflection_ops.cc:103:11: note: in expansion of macro 'HANDLE_TYPE'
  103 |           HANDLE_TYPE(ENUM, Enum);
      |           ^~~~~~~~~~~
In file included from bazel-out/k8-opt-exec/bin/external/protobuf+/src/google/protobuf/_virtual_includes/protobuf/google/protobuf/reflection_ops.h:18,
                 from external/protobuf+/src/google/protobuf/reflection_ops.cc:11:
bazel-out/k8-opt-exec/bin/external/protobuf+/src/google/protobuf/_virtual_includes/protobuf/google/protobuf/message.h:826:3: note: declared here
  826 |   GetRepeatedEnum(const Message& message, const FieldDescriptor* field,
      |   ^~~~~~~~~~~~~~~
external/protobuf+/src/google/protobuf/reflection_ops.cc:125:60: warning: 'const google::protobuf::EnumValueDescriptor* google::protobuf::Reflection::GetEnum(const google::protobuf::Message&, const google::protobuf::FieldDescriptor*) const' is deprecated: Please use GetEnumValue() instead. GetEnum() will be removed in Q1 2027. [-Wdeprecated-declarations]
  125 |                                from_reflection->Get##METHOD(from, field)); \
      |                                ~~~~~~~~~~~~~~~~~~~~~~~~~~~~^~~~~~~~~~~~~
external/protobuf+/src/google/protobuf/reflection_ops.cc:136:9: note: in expansion of macro 'HANDLE_TYPE'
  136 |         HANDLE_TYPE(ENUM, Enum);
      |         ^~~~~~~~~~~
bazel-out/k8-opt-exec/bin/external/protobuf+/src/google/protobuf/_virtual_includes/protobuf/google/protobuf/message.h:639:3: note: declared here
  639 |   GetEnum(const Message& message, const FieldDescriptor* field) const;
      |   ^~~~~~~
[558 / 1,072] Compiling src/google/protobuf/descriptor.cc [for tool]; 4s processwrapper-sandbox ... (4 actions running)
[559 / 1,072] Compiling src/google/protobuf/descriptor.cc [for tool]; 6s processwrapper-sandbox ... (4 actions, 3 running)
[559 / 1,072] Compiling src/google/protobuf/descriptor.cc [for tool]; 7s processwrapper-sandbox ... (4 actions running)
[561 / 1,072] Compiling src/google/protobuf/descriptor.cc [for tool]; 8s processwrapper-sandbox ... (4 actions running)
[562 / 1,072] Compiling src/google/protobuf/descriptor.cc [for tool]; 9s processwrapper-sandbox ... (4 actions, 3 running)
[563 / 1,072] Compiling src/google/protobuf/descriptor.cc [for tool]; 11s processwrapper-sandbox ... (4 actions, 3 running)
[566 / 1,072] Compiling src/google/protobuf/descriptor.cc [for tool]; 12s processwrapper-sandbox ... (4 actions running)
[567 / 1,072] Compiling src/google/protobuf/descriptor.cc [for tool]; 14s processwrapper-sandbox ... (4 actions, 3 running)
[568 / 1,072] Compiling src/google/protobuf/descriptor.cc [for tool]; 15s processwrapper-sandbox ... (4 actions, 3 running)
[588 / 1,072] Compiling src/google/protobuf/descriptor.cc [for tool]; 16s processwrapper-sandbox ... (4 actions running)
[593 / 1,072] Compiling src/google/protobuf/descriptor.cc [for tool]; 18s processwrapper-sandbox ... (4 actions running)
[595 / 1,072] Compiling src/google/protobuf/descriptor.cc [for tool]; 19s processwrapper-sandbox ... (4 actions running)
[602 / 1,072] Compiling src/google/protobuf/descriptor.cc [for tool]; 20s processwrapper-sandbox ... (4 actions, 3 running)
[603 / 1,072] Compiling src/google/protobuf/descriptor.cc [for tool]; 22s processwrapper-sandbox ... (4 actions running)
[604 / 1,072] Compiling src/google/protobuf/descriptor.cc [for tool]; 23s processwrapper-sandbox ... (4 actions, 3 running)
[605 / 1,072] Compiling src/google/protobuf/descriptor.cc [for tool]; 24s processwrapper-sandbox ... (4 actions, 3 running)
[611 / 1,072] Compiling src/google/protobuf/generated_message_reflection.cc [for tool]; 12s processwrapper-sandbox ... (4 actions, 3 running)
[613 / 1,072] Compiling src/google/protobuf/util/message_differencer.cc [for tool]; 2s processwrapper-sandbox ... (4 actions, 3 running)
[615 / 1,072] Compiling src/google/protobuf/util/message_differencer.cc [for tool]; 3s processwrapper-sandbox ... (4 actions running)
[616 / 1,072] Compiling src/google/protobuf/util/message_differencer.cc [for tool]; 4s processwrapper-sandbox ... (4 actions, 3 running)
INFO: From Compiling src/google/protobuf/util/field_comparator.cc [for tool]:
external/protobuf+/src/google/protobuf/util/field_comparator.cc: In member function 'google::protobuf::util::FieldComparator::ComparisonResult google::protobuf::util::SimpleFieldComparator::SimpleCompare(const google::protobuf::Message&, const google::protobuf::Message&, const google::protobuf::FieldDescriptor*, int, int, const google::protobuf::util::FieldContext*)':
external/protobuf+/src/google/protobuf/util/field_comparator.cc:77:50: warning: 'const google::protobuf::EnumValueDescriptor* google::protobuf::Reflection::GetRepeatedEnum(const google::protobuf::Message&, const google::protobuf::FieldDescriptor*, int) const' is deprecated: Please use GetRepeatedEnumValue() instead. GetRepeatedEnum() will be removed in Q1 2027. [-Wdeprecated-declarations]
   77 |         *field, reflection_1->GetRepeated##METHOD(message_1, field, index_1), \
      |                 ~~~~~~~~~~~~~~~~~~~~~~~~~~~~~~~~~^~~~~~~~~~~~~~~~~~~~~~~~~~~
external/protobuf+/src/google/protobuf/util/field_comparator.cc:91:7: note: in expansion of macro 'COMPARE_FIELD'
   91 |       COMPARE_FIELD(Enum);
      |       ^~~~~~~~~~~~~
In file included from external/protobuf+/src/google/protobuf/util/field_comparator.cc:21:
bazel-out/k8-opt-exec/bin/external/protobuf+/src/google/protobuf/_virtual_includes/protobuf/google/protobuf/message.h:826:3: note: declared here
  826 |   GetRepeatedEnum(const Message& message, const FieldDescriptor* field,
      |   ^~~~~~~~~~~~~~~
external/protobuf+/src/google/protobuf/util/field_comparator.cc:78:42: warning: 'const google::protobuf::EnumValueDescriptor* google::protobuf::Reflection::GetRepeatedEnum(const google::protobuf::Message&, const google::protobuf::FieldDescriptor*, int) const' is deprecated: Please use GetRepeatedEnumValue() instead. GetRepeatedEnum() will be removed in Q1 2027. [-Wdeprecated-declarations]
   78 |         reflection_2->GetRepeated##METHOD(message_2, field, index_2)));       \
      |         ~~~~~~~~~~~~~~~~~~~~~~~~~~~~~~~~~^~~~~~~~~~~~~~~~~~~~~~~~~~~
external/protobuf+/src/google/protobuf/util/field_comparator.cc:91:7: note: in expansion of macro 'COMPARE_FIELD'
   91 |       COMPARE_FIELD(Enum);
      |       ^~~~~~~~~~~~~
bazel-out/k8-opt-exec/bin/external/protobuf+/src/google/protobuf/_virtual_includes/protobuf/google/protobuf/message.h:826:3: note: declared here
  826 |   GetRepeatedEnum(const Message& message, const FieldDescriptor* field,
      |   ^~~~~~~~~~~~~~~
external/protobuf+/src/google/protobuf/util/field_comparator.cc:81:58: warning: 'const google::protobuf::EnumValueDescriptor* google::protobuf::Reflection::GetEnum(const google::protobuf::Message&, const google::protobuf::FieldDescriptor*) const' is deprecated: Please use GetEnumValue() instead. GetEnum() will be removed in Q1 2027. [-Wdeprecated-declarations]
   81 |         Compare##METHOD(*field, reflection_1->Get##METHOD(message_1, field),  \
      |                                 ~~~~~~~~~~~~~~~~~~~~~~~~~^~~~~~~~~~~~~~~~~~
external/protobuf+/src/google/protobuf/util/field_comparator.cc:91:7: note: in expansion of macro 'COMPARE_FIELD'
   91 |       COMPARE_FIELD(Enum);
      |       ^~~~~~~~~~~~~
bazel-out/k8-opt-exec/bin/external/protobuf+/src/google/protobuf/_virtual_includes/protobuf/google/protobuf/message.h:639:3: note: declared here
  639 |   GetEnum(const Message& message, const FieldDescriptor* field) const;
      |   ^~~~~~~
external/protobuf+/src/google/protobuf/util/field_comparator.cc:82:50: warning: 'const google::protobuf::EnumValueDescriptor* google::protobuf::Reflection::GetEnum(const google::protobuf::Message&, const google::protobuf::FieldDescriptor*) const' is deprecated: Please use GetEnumValue() instead. GetEnum() will be removed in Q1 2027. [-Wdeprecated-declarations]
   82 |                         reflection_2->Get##METHOD(message_2, field)));        \
      |                         ~~~~~~~~~~~~~~~~~~~~~~~~~^~~~~~~~~~~~~~~~~~
external/protobuf+/src/google/protobuf/util/field_comparator.cc:91:7: note: in expansion of macro 'COMPARE_FIELD'
   91 |       COMPARE_FIELD(Enum);
      |       ^~~~~~~~~~~~~
bazel-out/k8-opt-exec/bin/external/protobuf+/src/google/protobuf/_virtual_includes/protobuf/google/protobuf/message.h:639:3: note: declared here
  639 |   GetEnum(const Message& message, const FieldDescriptor* field) const;
      |   ^~~~~~~
[623 / 1,072] Compiling src/google/protobuf/util/message_differencer.cc [for tool]; 6s processwrapper-sandbox ... (4 actions, 3 running)
[626 / 1,072] Compiling src/google/protobuf/util/message_differencer.cc [for tool]; 7s processwrapper-sandbox ... (4 actions running)
[628 / 1,072] Compiling src/google/protobuf/compiler/parser.cc [for tool]; 2s processwrapper-sandbox ... (4 actions, 3 running)
[628 / 1,072] Compiling src/google/protobuf/compiler/parser.cc [for tool]; 4s processwrapper-sandbox ... (4 actions running)
[629 / 1,072] Compiling src/google/protobuf/compiler/parser.cc [for tool]; 6s processwrapper-sandbox ... (4 actions, 3 running)
[633 / 1,072] Compiling src/google/protobuf/compiler/cpp/helpers.cc [for tool]; 7s processwrapper-sandbox ... (4 actions, 3 running)
[635 / 1,072] Compiling src/google/protobuf/compiler/cpp/helpers.cc [for tool]; 8s processwrapper-sandbox ... (4 actions running)
[639 / 1,072] Compiling src/google/protobuf/compiler/cpp/helpers.cc [for tool]; 9s processwrapper-sandbox ... (4 actions running)
[642 / 1,072] Compiling src/google/protobuf/compiler/cpp/field_generators/string_view_field.cc [for tool]; 3s processwrapper-sandbox ... (4 actions, 3 running)
[642 / 1,072] Compiling src/google/protobuf/compiler/cpp/field_generators/string_view_field.cc [for tool]; 4s processwrapper-sandbox ... (4 actions running)
[657 / 1,072] Compiling src/google/protobuf/compiler/objectivec/names.cc [for tool]; 4s processwrapper-sandbox ... (4 actions, 3 running)
[658 / 1,072] Compiling src/google/protobuf/compiler/cpp/field_generators/primitive_field.cc [for tool]; 4s processwrapper-sandbox ... (4 actions, 3 running)
[834 / 2,134] Compiling src/google/protobuf/compiler/cpp/field_generators/primitive_field.cc [for tool]; 5s processwrapper-sandbox ... (4 actions, 3 running)
[897 / 2,220] Compiling src/google/protobuf/compiler/cpp/field_layout.cc [for tool]; 3s processwrapper-sandbox ... (4 actions running)
[901 / 2,220] Compiling src/google/protobuf/compiler/cpp/field_generators/message_field.cc [for tool]; 1s processwrapper-sandbox ... (4 actions, 3 running)
[902 / 2,220] Compiling src/google/protobuf/compiler/cpp/field_generators/message_field.cc [for tool]; 2s processwrapper-sandbox ... (4 actions, 3 running)
[907 / 2,220] Compiling src/google/protobuf/compiler/cpp/field_generators/message_field.cc [for tool]; 4s processwrapper-sandbox ... (4 actions running)
[910 / 2,220] Compiling src/google/protobuf/compiler/cpp/field_generators/message_field.cc [for tool]; 5s processwrapper-sandbox ... (4 actions running)
[911 / 2,220] Compiling src/google/protobuf/compiler/cpp/file.cc [for tool]; 5s processwrapper-sandbox ... (4 actions, 3 running)
[912 / 2,220] Compiling src/google/protobuf/compiler/cpp/file.cc [for tool]; 6s processwrapper-sandbox ... (4 actions running)
[913 / 2,220] Compiling src/google/protobuf/compiler/cpp/file.cc [for tool]; 8s processwrapper-sandbox ... (4 actions running)
[914 / 2,220] Compiling src/google/protobuf/compiler/cpp/file.cc [for tool]; 9s processwrapper-sandbox ... (4 actions running)
[915 / 2,220] Compiling src/google/protobuf/compiler/cpp/file.cc [for tool]; 12s processwrapper-sandbox ... (4 actions, 3 running)
[916 / 2,220] Compiling src/google/protobuf/compiler/cpp/file.cc [for tool]; 13s processwrapper-sandbox ... (4 actions, 3 running)
[920 / 2,220] Compiling src/google/protobuf/compiler/cpp/field_generators/enum_field.cc [for tool]; 2s processwrapper-sandbox ... (4 actions running)
INFO: From Compiling src/google/protobuf/util/field_comparator.cc:
external/protobuf+/src/google/protobuf/util/field_comparator.cc: In member function 'google::protobuf::util::FieldComparator::ComparisonResult google::protobuf::util::SimpleFieldComparator::SimpleCompare(const google::protobuf::Message&, const google::protobuf::Message&, const google::protobuf::FieldDescriptor*, int, int, const google::protobuf::util::FieldContext*)':
external/protobuf+/src/google/protobuf/util/field_comparator.cc:77:50: warning: 'const google::protobuf::EnumValueDescriptor* google::protobuf::Reflection::GetRepeatedEnum(const google::protobuf::Message&, const google::protobuf::FieldDescriptor*, int) const' is deprecated: Please use GetRepeatedEnumValue() instead. GetRepeatedEnum() will be removed in Q1 2027. [-Wdeprecated-declarations]
   77 |         *field, reflection_1->GetRepeated##METHOD(message_1, field, index_1), \
      |                 ~~~~~~~~~~~~~~~~~~~~~~~~~~~~~~~~~^~~~~~~~~~~~~~~~~~~~~~~~~~~
external/protobuf+/src/google/protobuf/util/field_comparator.cc:91:7: note: in expansion of macro 'COMPARE_FIELD'
   91 |       COMPARE_FIELD(Enum);
      |       ^~~~~~~~~~~~~
In file included from external/protobuf+/src/google/protobuf/util/field_comparator.cc:21:
bazel-out/k8-fastbuild/bin/external/protobuf+/src/google/protobuf/_virtual_includes/protobuf/google/protobuf/message.h:826:3: note: declared here
  826 |   GetRepeatedEnum(const Message& message, const FieldDescriptor* field,
      |   ^~~~~~~~~~~~~~~
external/protobuf+/src/google/protobuf/util/field_comparator.cc:78:42: warning: 'const google::protobuf::EnumValueDescriptor* google::protobuf::Reflection::GetRepeatedEnum(const google::protobuf::Message&, const google::protobuf::FieldDescriptor*, int) const' is deprecated: Please use GetRepeatedEnumValue() instead. GetRepeatedEnum() will be removed in Q1 2027. [-Wdeprecated-declarations]
   78 |         reflection_2->GetRepeated##METHOD(message_2, field, index_2)));       \
      |         ~~~~~~~~~~~~~~~~~~~~~~~~~~~~~~~~~^~~~~~~~~~~~~~~~~~~~~~~~~~~
external/protobuf+/src/google/protobuf/util/field_comparator.cc:91:7: note: in expansion of macro 'COMPARE_FIELD'
   91 |       COMPARE_FIELD(Enum);
      |       ^~~~~~~~~~~~~
bazel-out/k8-fastbuild/bin/external/protobuf+/src/google/protobuf/_virtual_includes/protobuf/google/protobuf/message.h:826:3: note: declared here
  826 |   GetRepeatedEnum(const Message& message, const FieldDescriptor* field,
      |   ^~~~~~~~~~~~~~~
external/protobuf+/src/google/protobuf/util/field_comparator.cc:81:58: warning: 'const google::protobuf::EnumValueDescriptor* google::protobuf::Reflection::GetEnum(const google::protobuf::Message&, const google::protobuf::FieldDescriptor*) const' is deprecated: Please use GetEnumValue() instead. GetEnum() will be removed in Q1 2027. [-Wdeprecated-declarations]
   81 |         Compare##METHOD(*field, reflection_1->Get##METHOD(message_1, field),  \
      |                                 ~~~~~~~~~~~~~~~~~~~~~~~~~^~~~~~~~~~~~~~~~~~
external/protobuf+/src/google/protobuf/util/field_comparator.cc:91:7: note: in expansion of macro 'COMPARE_FIELD'
   91 |       COMPARE_FIELD(Enum);
      |       ^~~~~~~~~~~~~
bazel-out/k8-fastbuild/bin/external/protobuf+/src/google/protobuf/_virtual_includes/protobuf/google/protobuf/message.h:639:3: note: declared here
  639 |   GetEnum(const Message& message, const FieldDescriptor* field) const;
      |   ^~~~~~~
external/protobuf+/src/google/protobuf/util/field_comparator.cc:82:50: warning: 'const google::protobuf::EnumValueDescriptor* google::protobuf::Reflection::GetEnum(const google::protobuf::Message&, const google::protobuf::FieldDescriptor*) const' is deprecated: Please use GetEnumValue() instead. GetEnum() will be removed in Q1 2027. [-Wdeprecated-declarations]
   82 |                         reflection_2->Get##METHOD(message_2, field)));        \
      |                         ~~~~~~~~~~~~~~~~~~~~~~~~~^~~~~~~~~~~~~~~~~~
external/protobuf+/src/google/protobuf/util/field_comparator.cc:91:7: note: in expansion of macro 'COMPARE_FIELD'
   91 |       COMPARE_FIELD(Enum);
      |       ^~~~~~~~~~~~~
bazel-out/k8-fastbuild/bin/external/protobuf+/src/google/protobuf/_virtual_includes/protobuf/google/protobuf/message.h:639:3: note: declared here
  639 |   GetEnum(const Message& message, const FieldDescriptor* field) const;
      |   ^~~~~~~
[921 / 2,220] Compiling src/google/protobuf/compiler/cpp/field_generators/enum_field.cc [for tool]; 5s processwrapper-sandbox ... (4 actions, 3 running)
[923 / 2,220] Compiling src/google/protobuf/compiler/python/pyi_generator.cc [for tool]; 5s processwrapper-sandbox ... (4 actions, 3 running)
[949 / 2,220] Compiling src/google/protobuf/compiler/cpp/field_generators/cord_field.cc [for tool]; 2s processwrapper-sandbox ... (4 actions running)
[950 / 2,220] Compiling src/google/protobuf/compiler/cpp/field_generators/cord_field.cc [for tool]; 4s processwrapper-sandbox ... (4 actions, 3 running)
[969 / 2,220] Compiling src/google/protobuf/compiler/parser.cc; 5s processwrapper-sandbox ... (4 actions, 3 running)
[969 / 2,220] Compiling src/google/protobuf/compiler/parser.cc; 6s processwrapper-sandbox ... (4 actions running)
[971 / 2,220] Compiling src/google/protobuf/compiler/cpp/message.cc [for tool]; 4s processwrapper-sandbox ... (4 actions, 3 running)
[971 / 2,220] Compiling src/google/protobuf/compiler/cpp/message.cc [for tool]; 5s processwrapper-sandbox ... (4 actions running)
[972 / 2,220] Compiling src/google/protobuf/compiler/cpp/message.cc [for tool]; 6s processwrapper-sandbox ... (4 actions running)
[983 / 2,220] Compiling src/google/protobuf/compiler/cpp/message.cc [for tool]; 7s processwrapper-sandbox ... (4 actions, 3 running)
[990 / 2,220] Compiling src/google/protobuf/compiler/cpp/message.cc [for tool]; 9s processwrapper-sandbox ... (4 actions, 3 running)
[992 / 2,220] Compiling src/google/protobuf/compiler/cpp/message.cc [for tool]; 10s processwrapper-sandbox ... (4 actions running)
[993 / 2,220] Compiling src/google/protobuf/compiler/cpp/message.cc [for tool]; 12s processwrapper-sandbox ... (4 actions, 3 running)
[995 / 2,220] Compiling src/google/protobuf/compiler/cpp/message.cc [for tool]; 13s processwrapper-sandbox ... (4 actions running)
[996 / 2,220] Compiling src/google/protobuf/compiler/cpp/message.cc [for tool]; 14s processwrapper-sandbox ... (4 actions, 3 running)
[997 / 2,220] Compiling src/google/protobuf/compiler/cpp/message.cc [for tool]; 16s processwrapper-sandbox ... (4 actions, 3 running)
[998 / 2,220] Compiling src/google/protobuf/compiler/cpp/message.cc [for tool]; 17s processwrapper-sandbox ... (4 actions running)
[1,000 / 2,220] Compiling src/google/protobuf/compiler/cpp/message.cc [for tool]; 18s processwrapper-sandbox ... (4 actions running)
[1,001 / 2,220] Compiling src/google/protobuf/compiler/cpp/message.cc [for tool]; 20s processwrapper-sandbox ... (4 actions, 3 running)
[1,003 / 2,220] Compiling src/google/protobuf/compiler/cpp/message.cc [for tool]; 21s processwrapper-sandbox ... (4 actions, 3 running)
[1,004 / 2,220] Compiling src/google/protobuf/compiler/cpp/enum.cc [for tool]; 2s processwrapper-sandbox ... (4 actions running)
[1,005 / 2,220] Compiling src/google/protobuf/compiler/cpp/enum.cc [for tool]; 4s processwrapper-sandbox ... (4 actions, 3 running)
[1,006 / 2,220] Compiling src/google/protobuf/compiler/cpp/enum.cc [for tool]; 5s processwrapper-sandbox ... (4 actions, 3 running)
[1,007 / 2,220] Compiling src/google/protobuf/compiler/cpp/enum.cc [for tool]; 6s processwrapper-sandbox ... (4 actions, 3 running)
[1,008 / 2,220] Compiling src/google/protobuf/compiler/cpp/enum.cc [for tool]; 7s processwrapper-sandbox ... (4 actions running)
[1,017 / 2,220] Compiling src/google/protobuf/compiler/csharp/csharp_primitive_field.cc [for tool]; 3s processwrapper-sandbox ... (4 actions, 3 running)
[1,034 / 2,220] Compiling src/google/protobuf/compiler/csharp/csharp_primitive_field.cc [for tool]; 4s processwrapper-sandbox ... (4 actions, 3 running)
[1,048 / 2,220] Compiling src/google/protobuf/compiler/cpp/parse_function_generator.cc [for tool]; 1s processwrapper-sandbox ... (4 actions, 3 running)
[1,054 / 2,220] Compiling src/google/protobuf/compiler/cpp/parse_function_generator.cc [for tool]; 2s processwrapper-sandbox ... (4 actions, 3 running)
[1,063 / 2,220] Compiling src/google/protobuf/compiler/cpp/parse_function_generator.cc [for tool]; 3s processwrapper-sandbox ... (4 actions, 3 running)
[1,068 / 2,220] Compiling src/google/protobuf/compiler/cpp/parse_function_generator.cc [for tool]; 4s processwrapper-sandbox ... (4 actions, 3 running)
[1,071 / 2,220] Compiling src/google/protobuf/compiler/cpp/parse_function_generator.cc [for tool]; 6s processwrapper-sandbox ... (4 actions running)
[1,073 / 2,220] Compiling src/google/protobuf/generated_message_tctable_lite.cc; 4s processwrapper-sandbox ... (4 actions, 3 running)
INFO: From Compiling upb/wire/decode.c [for tool]:
In function '_upb_Decoder_GetAddUnknownMode',
    inlined from '_upb_Decoder_DecodeUnknowns.isra' at external/protobuf+/upb/wire/decode.c:1073:10:
external/protobuf+/upb/wire/decode.c:121:8: warning: 'sv.data' may be used uninitialized [-Wmaybe-uninitialized]
  121 |     if (data != d->input.buffer_start) {
      |        ^
external/protobuf+/upb/wire/decode.c: In function '_upb_Decoder_DecodeUnknowns.isra':
external/protobuf+/upb/wire/decode.c:1069:18: note: 'sv.data' was declared here
 1069 |   upb_StringView sv;
      |                  ^~
external/protobuf+/upb/wire/decode.c:1072:6: warning: 'sv.size' may be used uninitialized [-Wmaybe-uninitialized]
 1072 |   if (UPB_LIKELY(sv.size > 0)) {
      |      ^
external/protobuf+/upb/wire/decode.c:1069:18: note: 'sv.size' was declared here
 1069 |   upb_StringView sv;
      |                  ^~
[1,081 / 2,220] Compiling src/google/protobuf/generated_message_tctable_lite.cc; 5s processwrapper-sandbox ... (4 actions, 3 running)
[1,090 / 2,220] Compiling src/google/protobuf/compiler/csharp/csharp_message.cc [for tool]; 4s processwrapper-sandbox ... (4 actions running)
[1,091 / 2,220] Compiling src/google/protobuf/compiler/csharp/csharp_message.cc [for tool]; 5s processwrapper-sandbox ... (4 actions running)
[1,092 / 2,220] Compiling src/google/protobuf/compiler/cpp/service.cc [for tool]; 5s processwrapper-sandbox ... (4 actions running)
[1,093 / 2,220] Compiling upb_generator/minitable/generator.cc [for tool]; 4s processwrapper-sandbox ... (4 actions running)
[1,095 / 2,220] Compiling src/google/protobuf/compiler/csharp/csharp_map_field.cc [for tool]; 3s processwrapper-sandbox ... (4 actions, 3 running)
[1,097 / 2,220] Compiling src/google/protobuf/compiler/cpp/tracker.cc [for tool]; 3s processwrapper-sandbox ... (4 actions running)
[1,098 / 2,220] Compiling src/google/protobuf/compiler/cpp/tracker.cc [for tool]; 4s processwrapper-sandbox ... (4 actions running)
[1,101 / 2,220] Compiling src/google/protobuf/compiler/csharp/csharp_helpers.cc [for tool]; 3s processwrapper-sandbox ... (4 actions, 3 running)
[1,112 / 2,220] Compiling upb_generator/plugin.cc [for tool]; 1s processwrapper-sandbox ... (4 actions, 3 running)
[1,113 / 2,220] Compiling upb_generator/plugin.cc [for tool]; 3s processwrapper-sandbox ... (4 actions running)
INFO: From Compiling src/google/protobuf/util/field_mask_util.cc:
external/protobuf+/src/google/protobuf/util/field_mask_util.cc: In member function 'void google::protobuf::util::{anonymous}::FieldMaskTree::MergeMessage(const Node*, const google::protobuf::Message&, const google::protobuf::util::FieldMaskUtil::MergeOptions&, google::protobuf::Message*)':
external/protobuf+/src/google/protobuf/util/field_mask_util.cc:512:59: warning: 'const google::protobuf::EnumValueDescriptor* google::protobuf::Reflection::GetEnum(const google::protobuf::Message&, const google::protobuf::FieldDescriptor*) const' is deprecated: Please use GetEnumValue() instead. GetEnum() will be removed in Q1 2027. [-Wdeprecated-declarations]
  512 |           destination, field, source_reflection->Get##Name(source, field)); \
      |                               ~~~~~~~~~~~~~~~~~~~~~~~~~~~~^~~~~~~~~~~~~~~
external/protobuf+/src/google/protobuf/util/field_mask_util.cc:525:9: note: in expansion of macro 'COPY_VALUE'
  525 |         COPY_VALUE(ENUM, Enum)
      |         ^~~~~~~~~~
In file included from bazel-out/k8-fastbuild/bin/external/protobuf+/src/google/protobuf/_virtual_includes/field_mask_proto/google/protobuf/field_mask.pb.h:28,
                 from bazel-out/k8-fastbuild/bin/external/protobuf+/src/google/protobuf/util/_virtual_includes/field_mask_util/google/protobuf/util/field_mask_util.h:17,
                 from external/protobuf+/src/google/protobuf/util/field_mask_util.cc:8:
bazel-out/k8-fastbuild/bin/external/protobuf+/src/google/protobuf/_virtual_includes/protobuf/google/protobuf/message.h:639:3: note: declared here
  639 |   GetEnum(const Message& message, const FieldDescriptor* field) const;
      |   ^~~~~~~
external/protobuf+/src/google/protobuf/util/field_mask_util.cc:550:47: warning: 'const google::protobuf::EnumValueDescriptor* google::protobuf::Reflection::GetRepeatedEnum(const google::protobuf::Message&, const google::protobuf::FieldDescriptor*, int) const' is deprecated: Please use GetRepeatedEnumValue() instead. GetRepeatedEnum() will be removed in Q1 2027. [-Wdeprecated-declarations]
  550 |           source_reflection->GetRepeated##Name(source, field, i)); \
      |           ~~~~~~~~~~~~~~~~~~~~~~~~~~~~~~~~~~~~^~~~~~~~~~~~~~~~~~
external/protobuf+/src/google/protobuf/util/field_mask_util.cc:561:9: note: in expansion of macro 'COPY_REPEATED_VALUE'
  561 |         COPY_REPEATED_VALUE(ENUM, Enum)
      |         ^~~~~~~~~~~~~~~~~~~
bazel-out/k8-fastbuild/bin/external/protobuf+/src/google/protobuf/_virtual_includes/protobuf/google/protobuf/message.h:826:3: note: declared here
  826 |   GetRepeatedEnum(const Message& message, const FieldDescriptor* field,
      |   ^~~~~~~~~~~~~~~
[1,116 / 2,220] Compiling src/google/protobuf/compiler/csharp/csharp_generator.cc [for tool]; 2s processwrapper-sandbox ... (4 actions, 3 running)
[1,123 / 2,220] Compiling upb_generator/file_layout.cc [for tool]; 1s processwrapper-sandbox ... (4 actions, 3 running)
[1,125 / 2,220] Compiling src/google/protobuf/wire_format.cc; 3s processwrapper-sandbox ... (4 actions, 3 running)
[1,135 / 2,220] Compiling src/google/protobuf/wire_format.cc; 4s processwrapper-sandbox ... (4 actions running)
INFO: From Compiling src/google/protobuf/wire_format.cc:
external/protobuf+/src/google/protobuf/wire_format.cc: In static member function 'static uint8_t* google::protobuf::internal::WireFormat::InternalSerializeField(const google::protobuf::FieldDescriptor*, const google::protobuf::Message&, uint8_t*, google::protobuf::io::EpsCopyOutputStream*)':
external/protobuf+/src/google/protobuf/wire_format.cc:1377:54: warning: 'const google::protobuf::EnumValueDescriptor* google::protobuf::Reflection::GetRepeatedEnum(const google::protobuf::Message&, const google::protobuf::FieldDescriptor*, int) const' is deprecated: Please use GetRepeatedEnumValue() instead. GetRepeatedEnum() will be removed in Q1 2027. [-Wdeprecated-declarations]
 1377 |                 ? message_reflection->GetRepeatedEnum(message, field, j)
      |                   ~~~~~~~~~~~~~~~~~~~~~~~~~~~~~~~~~~~^~~~~~~~~~~~~~~~~~~
In file included from bazel-out/k8-fastbuild/bin/external/protobuf+/src/google/protobuf/_virtual_includes/protobuf/google/protobuf/wire_format.h:29,
                 from external/protobuf+/src/google/protobuf/wire_format.cc:12:
bazel-out/k8-fastbuild/bin/external/protobuf+/src/google/protobuf/_virtual_includes/protobuf/google/protobuf/message.h:826:3: note: declared here
  826 |   GetRepeatedEnum(const Message& message, const FieldDescriptor* field,
      |   ^~~~~~~~~~~~~~~
external/protobuf+/src/google/protobuf/wire_format.cc:1378:46: warning: 'const google::protobuf::EnumValueDescriptor* google::protobuf::Reflection::GetEnum(const google::protobuf::Message&, const google::protobuf::FieldDescriptor*) const' is deprecated: Please use GetEnumValue() instead. GetEnum() will be removed in Q1 2027. [-Wdeprecated-declarations]
 1378 |                 : message_reflection->GetEnum(message, field);
      |                   ~~~~~~~~~~~~~~~~~~~~~~~~~~~^~~~~~~~~~~~~~~~
bazel-out/k8-fastbuild/bin/external/protobuf+/src/google/protobuf/_virtual_includes/protobuf/google/protobuf/message.h:639:3: note: declared here
  639 |   GetEnum(const Message& message, const FieldDescriptor* field) const;
      |   ^~~~~~~
external/protobuf+/src/google/protobuf/wire_format.cc: In static member function 'static size_t google::protobuf::internal::WireFormat::FieldDataOnlyByteSize(const google::protobuf::FieldDescriptor*, const google::protobuf::Message&)':
external/protobuf+/src/google/protobuf/wire_format.cc:1714:50: warning: 'const google::protobuf::EnumValueDescriptor* google::protobuf::Reflection::GetRepeatedEnum(const google::protobuf::Message&, const google::protobuf::FieldDescriptor*, int) const' is deprecated: Please use GetRepeatedEnumValue() instead. GetRepeatedEnum() will be removed in Q1 2027. [-Wdeprecated-declarations]
 1714 |               message_reflection->GetRepeatedEnum(message, field, j)->number());
      |               ~~~~~~~~~~~~~~~~~~~~~~~~~~~~~~~~~~~^~~~~~~~~~~~~~~~~~~
bazel-out/k8-fastbuild/bin/external/protobuf+/src/google/protobuf/_virtual_includes/protobuf/google/protobuf/message.h:826:3: note: declared here
  826 |   GetRepeatedEnum(const Message& message, const FieldDescriptor* field,
      |   ^~~~~~~~~~~~~~~
external/protobuf+/src/google/protobuf/wire_format.cc:1718:40: warning: 'const google::protobuf::EnumValueDescriptor* google::protobuf::Reflection::GetEnum(const google::protobuf::Message&, const google::protobuf::FieldDescriptor*) const' is deprecated: Please use GetEnumValue() instead. GetEnum() will be removed in Q1 2027. [-Wdeprecated-declarations]
 1718 |             message_reflection->GetEnum(message, field)->number());
      |             ~~~~~~~~~~~~~~~~~~~~~~~~~~~^~~~~~~~~~~~~~~~
bazel-out/k8-fastbuild/bin/external/protobuf+/src/google/protobuf/_virtual_includes/protobuf/google/protobuf/message.h:639:3: note: declared here
  639 |   GetEnum(const Message& message, const FieldDescriptor* field) const;
      |   ^~~~~~~
[1,139 / 2,220] Compiling src/google/protobuf/compiler/csharp/csharp_field_base.cc [for tool]; 3s processwrapper-sandbox ... (4 actions, 3 running)
[1,141 / 2,220] Compiling src/google/protobuf/compiler/csharp/csharp_field_base.cc [for tool]; 5s processwrapper-sandbox ... (4 actions, 3 running)
INFO: From Compiling src/google/protobuf/util/type_resolver_util.cc:
external/protobuf+/src/google/protobuf/util/type_resolver_util.cc: In function 'void google::protobuf::util::{anonymous}::ConvertOptionField(const google::protobuf::Reflection*, const google::protobuf::Message&, const google::protobuf::FieldDescriptor*, int, google::protobuf::Option*)':
external/protobuf+/src/google/protobuf/util/type_resolver_util.cc:138:44: warning: 'const google::protobuf::EnumValueDescriptor* google::protobuf::Reflection::GetRepeatedEnum(const google::protobuf::Message&, const google::protobuf::FieldDescriptor*, int) const' is deprecated: Please use GetRepeatedEnumValue() instead. GetRepeatedEnum() will be removed in Q1 2027. [-Wdeprecated-declarations]
  138 |               ? reflection->GetRepeatedEnum(options, field, index)
      |                 ~~~~~~~~~~~~~~~~~~~~~~~~~~~^~~~~~~~~~~~~~~~~~~~~~~
In file included from bazel-out/k8-fastbuild/bin/external/protobuf+/src/google/protobuf/_virtual_includes/type_proto/google/protobuf/type.pb.h:28,
                 from bazel-out/k8-fastbuild/bin/external/protobuf+/src/google/protobuf/util/_virtual_includes/type_resolver/google/protobuf/util/type_resolver_util.h:13,
                 from external/protobuf+/src/google/protobuf/util/type_resolver_util.cc:8:
bazel-out/k8-fastbuild/bin/external/protobuf+/src/google/protobuf/_virtual_includes/protobuf/google/protobuf/message.h:826:3: note: declared here
  826 |   GetRepeatedEnum(const Message& message, const FieldDescriptor* field,
      |   ^~~~~~~~~~~~~~~
external/protobuf+/src/google/protobuf/util/type_resolver_util.cc:139:36: warning: 'const google::protobuf::EnumValueDescriptor* google::protobuf::Reflection::GetEnum(const google::protobuf::Message&, const google::protobuf::FieldDescriptor*) const' is deprecated: Please use GetEnumValue() instead. GetEnum() will be removed in Q1 2027. [-Wdeprecated-declarations]
  139 |               : reflection->GetEnum(options, field);
      |                 ~~~~~~~~~~~~~~~~~~~^~~~~~~~~~~~~~~~
bazel-out/k8-fastbuild/bin/external/protobuf+/src/google/protobuf/_virtual_includes/protobuf/google/protobuf/message.h:639:3: note: declared here
  639 |   GetEnum(const Message& message, const FieldDescriptor* field) const;
      |   ^~~~~~~
[1,145 / 2,220] Compiling src/google/protobuf/json/internal/untyped_message.cc; 1s processwrapper-sandbox ... (4 actions, 3 running)
[1,148 / 2,220] Compiling src/google/protobuf/json/internal/untyped_message.cc; 2s processwrapper-sandbox ... (4 actions running)
[1,150 / 2,220] Compiling src/google/protobuf/json/internal/untyped_message.cc; 3s processwrapper-sandbox ... (4 actions running)
[1,153 / 2,220] Compiling src/google/protobuf/json/internal/untyped_message.cc; 4s processwrapper-sandbox ... (4 actions, 3 running)
[1,156 / 2,220] Compiling src/google/protobuf/text_format.cc; 5s processwrapper-sandbox ... (4 actions, 3 running)
[1,156 / 2,220] Compiling src/google/protobuf/text_format.cc; 6s processwrapper-sandbox ... (4 actions running)
INFO: From Compiling src/google/protobuf/text_format.cc:
external/protobuf+/src/google/protobuf/text_format.cc: In member function 'google::protobuf::TextFormat::ParseLocation google::protobuf::TextFormat::ParseInfoTree::GetLocation(const google::protobuf::FieldDescriptor*, int) const':
external/protobuf+/src/google/protobuf/text_format.cc:262:26: warning: 'google::protobuf::TextFormat::ParseLocationRange google::protobuf::TextFormat::ParseInfoTree::GetLocationRange(const google::protobuf::FieldDescriptor*, int) const' is deprecated: Please use GetFieldLocation() [-Wdeprecated-declarations]
  262 |   return GetLocationRange(field, index).start;
      |          ~~~~~~~~~~~~~~~~^~~~~~~~~~~~~~
external/protobuf+/src/google/protobuf/text_format.cc:244:32: note: declared here
  244 | TextFormat::ParseLocationRange TextFormat::ParseInfoTree::GetLocationRange(
      |                                ^~~~~~~~~~
external/protobuf+/src/google/protobuf/text_format.cc: In member function 'bool google::protobuf::TextFormat::Parser::ParserImpl::ConsumeFieldValue(google::protobuf::Message*, const google::protobuf::Reflection*, const google::protobuf::FieldDescriptor*)':
external/protobuf+/src/google/protobuf/text_format.cc:966:37: warning: 'const google::protobuf::EnumValueDescriptor* google::protobuf::Reflection::GetEnum(const google::protobuf::Message&, const google::protobuf::FieldDescriptor*) const' is deprecated: Please use GetEnumValue() instead. GetEnum() will be removed in Q1 2027. [-Wdeprecated-declarations]
  966 |             reflection->Get##CPPTYPE(*message, field) &&           \
      |             ~~~~~~~~~~~~~~~~~~~~~~~~^~~~~~~~~~~~~~~~~
external/protobuf+/src/google/protobuf/text_format.cc:1086:9: note: in expansion of macro 'SET_FIELD'
 1086 |         SET_FIELD(Enum, enum, enum_value);
      |         ^~~~~~~~~
In file included from bazel-out/k8-fastbuild/bin/external/protobuf+/src/google/protobuf/_virtual_includes/protobuf/google/protobuf/text_format.h:31,
                 from external/protobuf+/src/google/protobuf/text_format.cc:12:
bazel-out/k8-fastbuild/bin/external/protobuf+/src/google/protobuf/_virtual_includes/protobuf/google/protobuf/message.h:639:3: note: declared here
  639 |   GetEnum(const Message& message, const FieldDescriptor* field) const;
      |   ^~~~~~~
[1,158 / 2,220] Compiling src/google/protobuf/compiler/csharp/csharp_enum.cc [for tool]; 4s processwrapper-sandbox ... (4 actions running)
[1,159 / 2,220] Compiling src/google/protobuf/json/internal/parser.cc; 4s processwrapper-sandbox ... (4 actions running)
[1,160 / 2,220] Compiling src/google/protobuf/json/internal/parser.cc; 6s processwrapper-sandbox ... (4 actions running)
[1,161 / 2,220] Compiling upb_generator/c/generator.cc [for tool]; 5s processwrapper-sandbox ... (4 actions, 3 running)
[1,163 / 2,220] Compiling upb_generator/c/generator.cc [for tool]; 7s processwrapper-sandbox ... (4 actions, 3 running)
[1,167 / 2,220] Compiling src/google/protobuf/json/internal/unparser.cc; 2s processwrapper-sandbox ... (4 actions, 3 running)
[1,173 / 2,220] Compiling src/google/protobuf/json/internal/unparser.cc; 3s processwrapper-sandbox ... (4 actions running)
[1,174 / 2,220] Compiling src/google/protobuf/json/internal/unparser.cc; 5s processwrapper-sandbox ... (4 actions, 3 running)
INFO: From Compiling src/google/protobuf/reflection_ops.cc:
external/protobuf+/src/google/protobuf/reflection_ops.cc: In static member function 'static void google::protobuf::internal::ReflectionOps::Merge(const google::protobuf::Message&, google::protobuf::Message*)':
external/protobuf+/src/google/protobuf/reflection_ops.cc:92:56: warning: 'const google::protobuf::EnumValueDescriptor* google::protobuf::Reflection::GetRepeatedEnum(const google::protobuf::Message&, const google::protobuf::FieldDescriptor*, int) const' is deprecated: Please use GetRepeatedEnumValue() instead. GetRepeatedEnum() will be removed in Q1 2027. [-Wdeprecated-declarations]
   92 |         to, field, from_reflection->GetRepeated##METHOD(from, field, j)); \
      |                    ~~~~~~~~~~~~~~~~~~~~~~~~~~~~~~~~~~~~^~~~~~~~~~~~~~~~
external/protobuf+/src/google/protobuf/reflection_ops.cc:103:11: note: in expansion of macro 'HANDLE_TYPE'
  103 |           HANDLE_TYPE(ENUM, Enum);
      |           ^~~~~~~~~~~
In file included from bazel-out/k8-fastbuild/bin/external/protobuf+/src/google/protobuf/_virtual_includes/protobuf/google/protobuf/reflection_ops.h:18,
                 from external/protobuf+/src/google/protobuf/reflection_ops.cc:11:
bazel-out/k8-fastbuild/bin/external/protobuf+/src/google/protobuf/_virtual_includes/protobuf/google/protobuf/message.h:826:3: note: declared here
  826 |   GetRepeatedEnum(const Message& message, const FieldDescriptor* field,
      |   ^~~~~~~~~~~~~~~
external/protobuf+/src/google/protobuf/reflection_ops.cc:125:60: warning: 'const google::protobuf::EnumValueDescriptor* google::protobuf::Reflection::GetEnum(const google::protobuf::Message&, const google::protobuf::FieldDescriptor*) const' is deprecated: Please use GetEnumValue() instead. GetEnum() will be removed in Q1 2027. [-Wdeprecated-declarations]
  125 |                                from_reflection->Get##METHOD(from, field)); \
      |                                ~~~~~~~~~~~~~~~~~~~~~~~~~~~~^~~~~~~~~~~~~
external/protobuf+/src/google/protobuf/reflection_ops.cc:136:9: note: in expansion of macro 'HANDLE_TYPE'
  136 |         HANDLE_TYPE(ENUM, Enum);
      |         ^~~~~~~~~~~
bazel-out/k8-fastbuild/bin/external/protobuf+/src/google/protobuf/_virtual_includes/protobuf/google/protobuf/message.h:639:3: note: declared here
  639 |   GetEnum(const Message& message, const FieldDescriptor* field) const;
      |   ^~~~~~~
[1,177 / 2,220] Compiling src/google/protobuf/json/internal/unparser.cc; 6s processwrapper-sandbox ... (4 actions, 3 running)
[1,178 / 2,220] Compiling src/google/protobuf/compiler/command_line_interface.cc [for tool]; 2s processwrapper-sandbox ... (4 actions running)
[1,179 / 2,220] Compiling src/google/protobuf/compiler/command_line_interface.cc [for tool]; 5s processwrapper-sandbox ... (4 actions, 3 running)
[1,183 / 2,220] Compiling src/google/protobuf/compiler/command_line_interface.cc [for tool]; 6s processwrapper-sandbox ... (4 actions running)
[1,186 / 2,220] Compiling src/google/protobuf/compiler/command_line_interface.cc [for tool]; 7s processwrapper-sandbox ... (4 actions running)
[1,189 / 2,220] Compiling src/google/protobuf/compiler/command_line_interface.cc [for tool]; 8s processwrapper-sandbox ... (4 actions running)
[1,190 / 2,220] Compiling src/google/protobuf/compiler/command_line_interface.cc [for tool]; 10s processwrapper-sandbox ... (4 actions, 3 running)
[1,191 / 2,220] Compiling src/google/protobuf/compiler/command_line_interface.cc [for tool]; 11s processwrapper-sandbox ... (4 actions running)
[1,195 / 2,220] Compiling src/google/protobuf/json_enumvalue_options.pb.cc; 3s processwrapper-sandbox ... (4 actions, 3 running)
[1,205 / 2,220] Compiling src/google/protobuf/compiler/rust/accessors/repeated_field.cc [for tool]; 3s processwrapper-sandbox ... (4 actions running)
[1,206 / 2,220] Compiling src/google/protobuf/util/field_mask_util.cc [for tool]; 3s processwrapper-sandbox ... (4 actions, 3 running)
INFO: From Compiling src/google/protobuf/util/field_mask_util.cc [for tool]:
external/protobuf+/src/google/protobuf/util/field_mask_util.cc: In member function 'void google::protobuf::util::{anonymous}::FieldMaskTree::MergeMessage(const Node*, const google::protobuf::Message&, const google::protobuf::util::FieldMaskUtil::MergeOptions&, google::protobuf::Message*)':
external/protobuf+/src/google/protobuf/util/field_mask_util.cc:512:59: warning: 'const google::protobuf::EnumValueDescriptor* google::protobuf::Reflection::GetEnum(const google::protobuf::Message&, const google::protobuf::FieldDescriptor*) const' is deprecated: Please use GetEnumValue() instead. GetEnum() will be removed in Q1 2027. [-Wdeprecated-declarations]
  512 |           destination, field, source_reflection->Get##Name(source, field)); \
      |                               ~~~~~~~~~~~~~~~~~~~~~~~~~~~~^~~~~~~~~~~~~~~
external/protobuf+/src/google/protobuf/util/field_mask_util.cc:525:9: note: in expansion of macro 'COPY_VALUE'
  525 |         COPY_VALUE(ENUM, Enum)
      |         ^~~~~~~~~~
In file included from bazel-out/k8-opt-exec/bin/external/protobuf+/src/google/protobuf/_virtual_includes/field_mask_proto/google/protobuf/field_mask.pb.h:28,
                 from bazel-out/k8-opt-exec/bin/external/protobuf+/src/google/protobuf/util/_virtual_includes/field_mask_util/google/protobuf/util/field_mask_util.h:17,
                 from external/protobuf+/src/google/protobuf/util/field_mask_util.cc:8:
bazel-out/k8-opt-exec/bin/external/protobuf+/src/google/protobuf/_virtual_includes/protobuf/google/protobuf/message.h:639:3: note: declared here
  639 |   GetEnum(const Message& message, const FieldDescriptor* field) const;
      |   ^~~~~~~
external/protobuf+/src/google/protobuf/util/field_mask_util.cc:550:47: warning: 'const google::protobuf::EnumValueDescriptor* google::protobuf::Reflection::GetRepeatedEnum(const google::protobuf::Message&, const google::protobuf::FieldDescriptor*, int) const' is deprecated: Please use GetRepeatedEnumValue() instead. GetRepeatedEnum() will be removed in Q1 2027. [-Wdeprecated-declarations]
  550 |           source_reflection->GetRepeated##Name(source, field, i)); \
      |           ~~~~~~~~~~~~~~~~~~~~~~~~~~~~~~~~~~~~^~~~~~~~~~~~~~~~~~
external/protobuf+/src/google/protobuf/util/field_mask_util.cc:561:9: note: in expansion of macro 'COPY_REPEATED_VALUE'
  561 |         COPY_REPEATED_VALUE(ENUM, Enum)
      |         ^~~~~~~~~~~~~~~~~~~
bazel-out/k8-opt-exec/bin/external/protobuf+/src/google/protobuf/_virtual_includes/protobuf/google/protobuf/message.h:826:3: note: declared here
  826 |   GetRepeatedEnum(const Message& message, const FieldDescriptor* field,
      |   ^~~~~~~~~~~~~~~
[1,207 / 2,220] Compiling src/google/protobuf/internal_feature_helper.cc; 3s processwrapper-sandbox ... (4 actions, 3 running)
[1,208 / 2,220] Compiling upb_generator/minitable/generator.cc [for tool]; 4s processwrapper-sandbox ... (4 actions running)
[1,209 / 2,220] Compiling src/google/protobuf/compiler/rust/accessors/singular_message.cc [for tool]; 3s processwrapper-sandbox ... (4 actions running)
[1,214 / 2,220] Compiling upb_generator/minitable/main.cc [for tool]; 1s processwrapper-sandbox ... (4 actions, 3 running)
[1,215 / 2,220] Compiling upb_generator/minitable/main.cc [for tool]; 3s processwrapper-sandbox ... (4 actions, 3 running)
[1,219 / 2,220] Compiling src/google/protobuf/compiler/rust/accessors/with_presence.cc [for tool]; 3s processwrapper-sandbox ... (4 actions, 3 running)
[1,219 / 2,220] Compiling src/google/protobuf/compiler/rust/accessors/with_presence.cc [for tool]; 4s processwrapper-sandbox ... (4 actions running)
[1,221 / 2,220] Compiling upb_generator/c/generator.cc [for tool]; 3s processwrapper-sandbox ... (4 actions running)
[1,222 / 2,220] Compiling upb_generator/c/generator.cc [for tool]; 4s processwrapper-sandbox ... (4 actions, 3 running)
[1,227 / 2,220] Compiling upb_generator/c/generator.cc [for tool]; 6s processwrapper-sandbox ... (4 actions, 3 running)
[1,228 / 2,220] Compiling src/google/protobuf/generated_message_reflection.cc; 6s processwrapper-sandbox ... (4 actions, 3 running)
[1,231 / 2,220] Compiling src/google/protobuf/generated_message_reflection.cc; 8s processwrapper-sandbox ... (4 actions running)
[1,232 / 2,220] Compiling src/google/protobuf/compiler/rust/context.cc [for tool]; 3s processwrapper-sandbox ... (4 actions, 3 running)
[1,234 / 2,220] Compiling upb_generator/plugin.cc [for tool]; 3s processwrapper-sandbox ... (4 actions, 3 running)
[1,236 / 2,220] Compiling src/google/protobuf/generated_message_bases.cc; 2s processwrapper-sandbox ... (4 actions, 3 running)
[1,237 / 2,220] Compiling external/protobuf+/src/google/protobuf/_virtual_imports/type_proto/google/protobuf/type.pb.cc [for tool]; 2s processwrapper-sandbox ... (4 actions running)
[1,239 / 2,220] Compiling external/protobuf+/src/google/protobuf/_virtual_imports/type_proto/google/protobuf/type.pb.cc [for tool]; 3s processwrapper-sandbox ... (4 actions, 3 running)
[1,244 / 2,220] Compiling src/google/protobuf/compiler/rust/naming.cc [for tool]; 3s processwrapper-sandbox ... (4 actions, 3 running)
[1,248 / 2,220] Compiling src/google/protobuf/compiler/rust/naming.cc [for tool]; 4s processwrapper-sandbox ... (4 actions, 3 running)
[1,253 / 2,220] Compiling src/google/protobuf/extension_set_heavy.cc; 1s processwrapper-sandbox ... (4 actions running)
[1,257 / 2,220] Compiling src/google/protobuf/extension_set_heavy.cc; 3s processwrapper-sandbox ... (4 actions, 3 running)
[1,259 / 2,220] Compiling src/google/protobuf/extension_set_heavy.cc; 4s processwrapper-sandbox ... (4 actions, 3 running)
[1,264 / 2,220] Compiling src/google/protobuf/json/internal/parser.cc [for tool]; 4s processwrapper-sandbox ... (4 actions, 3 running)
[1,282 / 2,220] Compiling src/google/protobuf/json/internal/parser.cc [for tool]; 5s processwrapper-sandbox ... (4 actions, 3 running)
[1,295 / 2,220] Compiling src/google/protobuf/json/internal/parser.cc [for tool]; 6s processwrapper-sandbox ... (4 actions, 3 running)
[1,296 / 2,220] Compiling src/google/protobuf/json/internal/parser.cc [for tool]; 7s processwrapper-sandbox ... (4 actions running)
[1,297 / 2,220] Compiling src/google/protobuf/json/internal/parser.cc [for tool]; 8s processwrapper-sandbox ... (4 actions running)
[1,298 / 2,220] Compiling upb_generator/reflection/generator.cc [for tool]; 3s processwrapper-sandbox ... (4 actions, 3 running)
[1,299 / 2,220] Compiling src/google/protobuf/descriptor_database.cc; 4s processwrapper-sandbox ... (4 actions running)
[1,300 / 2,220] Compiling src/google/protobuf/descriptor_database.cc; 6s processwrapper-sandbox ... (4 actions, 3 running)
[1,301 / 2,220] Compiling src/compiler/cpp_plugin.cc [for tool]; 4s processwrapper-sandbox ... (4 actions running)
[1,302 / 2,220] Compiling src/compiler/cpp_plugin.cc [for tool]; 5s processwrapper-sandbox ... (4 actions running)
[1,303 / 2,220] Compiling src/google/protobuf/compiler/rust/accessors/singular_cord.cc [for tool]; 4s processwrapper-sandbox ... (4 actions running)
[1,304 / 2,220] Compiling src/google/protobuf/descriptor.pb.cc; 5s processwrapper-sandbox ... (4 actions running)
[1,306 / 2,220] Compiling src/compiler/cpp_generator.cc [for tool]; 5s processwrapper-sandbox ... (4 actions running)
[1,307 / 2,220] Compiling src/google/protobuf/compiler/rust/accessors/map.cc [for tool]; 4s processwrapper-sandbox ... (4 actions, 3 running)
[1,309 / 2,220] Compiling src/google/protobuf/descriptor.cc; 4s processwrapper-sandbox ... (4 actions, 3 running)
[1,309 / 2,220] Compiling src/google/protobuf/descriptor.cc; 5s processwrapper-sandbox ... (4 actions running)
[1,311 / 2,220] Compiling src/google/protobuf/descriptor.cc; 7s processwrapper-sandbox ... (4 actions, 3 running)
[1,314 / 2,220] Compiling src/google/protobuf/descriptor.cc; 8s processwrapper-sandbox ... (4 actions, 3 running)
[1,319 / 2,220] Compiling src/google/protobuf/descriptor.cc; 9s processwrapper-sandbox ... (4 actions, 3 running)
[1,321 / 2,220] Compiling src/google/protobuf/descriptor.cc; 10s processwrapper-sandbox ... (4 actions running)
[1,325 / 2,220] Compiling src/google/protobuf/descriptor.cc; 12s processwrapper-sandbox ... (4 actions, 3 running)
[1,328 / 2,220] Compiling src/google/protobuf/descriptor.cc; 13s processwrapper-sandbox ... (4 actions, 3 running)
[1,330 / 2,220] Compiling src/google/protobuf/descriptor.cc; 14s processwrapper-sandbox ... (4 actions, 3 running)
[1,333 / 2,220] Compiling src/google/protobuf/descriptor.cc; 15s processwrapper-sandbox ... (4 actions, 3 running)
[1,348 / 2,220] Compiling src/google/protobuf/descriptor.cc; 16s processwrapper-sandbox ... (4 actions, 3 running)
[1,352 / 2,220] Compiling src/google/protobuf/descriptor.cc; 17s processwrapper-sandbox ... (4 actions, 3 running)
[1,355 / 2,220] Compiling src/google/protobuf/compiler/rust/generator.cc [for tool]; 7s processwrapper-sandbox ... (4 actions running)
[1,360 / 2,220] Compiling src/compiler/objective_c_generator.cc [for tool]; 4s processwrapper-sandbox ... (4 actions, 3 running)
[1,364 / 2,220] Compiling src/google/protobuf/compiler/rust/message.cc [for tool]; 1s processwrapper-sandbox ... (4 actions, 3 running)
[1,367 / 2,220] Compiling src/google/protobuf/compiler/rust/message.cc [for tool]; 2s processwrapper-sandbox ... (4 actions, 3 running)
[1,367 / 2,220] Compiling src/google/protobuf/compiler/rust/message.cc [for tool]; 4s processwrapper-sandbox ... (4 actions running)
[1,368 / 2,220] Compiling src/google/protobuf/compiler/rust/message.cc [for tool]; 6s processwrapper-sandbox ... (4 actions running)
[1,370 / 2,220] Compiling src/google/protobuf/compiler/rust/enum.cc [for tool]; 4s processwrapper-sandbox ... (4 actions running)
[1,371 / 2,220] Compiling src/google/protobuf/compiler/rust/enum.cc [for tool]; 5s processwrapper-sandbox ... (4 actions running)
[1,374 / 2,220] Compiling src/compiler/python_generator.cc [for tool]; 2s processwrapper-sandbox ... (4 actions, 3 running)
[1,375 / 2,220] Compiling src/compiler/python_generator.cc [for tool]; 3s processwrapper-sandbox ... (4 actions, 3 running)
[1,378 / 2,220] Compiling src/compiler/python_generator.cc [for tool]; 4s processwrapper-sandbox ... (4 actions, 3 running)
[1,381 / 2,220] Compiling src/compiler/python_generator.cc [for tool]; 6s processwrapper-sandbox ... (4 actions running)
[1,382 / 2,220] Compiling src/compiler/python_generator.cc [for tool]; 7s processwrapper-sandbox ... (4 actions running)
[1,385 / 2,220] Compiling src/google/protobuf/compiler/python/generator.cc [for tool]; 5s processwrapper-sandbox ... (4 actions, 3 running)
[1,385 / 2,220] Compiling src/google/protobuf/compiler/python/generator.cc [for tool]; 6s processwrapper-sandbox ... (4 actions running)
[1,386 / 2,220] Compiling src/google/protobuf/compiler/python/generator.cc [for tool]; 8s processwrapper-sandbox ... (4 actions, 3 running)
INFO: From Compiling src/google/protobuf/util/type_resolver_util.cc [for tool]:
external/protobuf+/src/google/protobuf/util/type_resolver_util.cc: In function 'void google::protobuf::util::{anonymous}::ConvertOptionField(const google::protobuf::Reflection*, const google::protobuf::Message&, const google::protobuf::FieldDescriptor*, int, google::protobuf::Option*)':
external/protobuf+/src/google/protobuf/util/type_resolver_util.cc:138:44: warning: 'const google::protobuf::EnumValueDescriptor* google::protobuf::Reflection::GetRepeatedEnum(const google::protobuf::Message&, const google::protobuf::FieldDescriptor*, int) const' is deprecated: Please use GetRepeatedEnumValue() instead. GetRepeatedEnum() will be removed in Q1 2027. [-Wdeprecated-declarations]
  138 |               ? reflection->GetRepeatedEnum(options, field, index)
      |                 ~~~~~~~~~~~~~~~~~~~~~~~~~~~^~~~~~~~~~~~~~~~~~~~~~~
In file included from bazel-out/k8-opt-exec/bin/external/protobuf+/src/google/protobuf/_virtual_includes/type_proto/google/protobuf/type.pb.h:28,
                 from bazel-out/k8-opt-exec/bin/external/protobuf+/src/google/protobuf/util/_virtual_includes/type_resolver/google/protobuf/util/type_resolver_util.h:13,
                 from external/protobuf+/src/google/protobuf/util/type_resolver_util.cc:8:
bazel-out/k8-opt-exec/bin/external/protobuf+/src/google/protobuf/_virtual_includes/protobuf/google/protobuf/message.h:826:3: note: declared here
  826 |   GetRepeatedEnum(const Message& message, const FieldDescriptor* field,
      |   ^~~~~~~~~~~~~~~
external/protobuf+/src/google/protobuf/util/type_resolver_util.cc:139:36: warning: 'const google::protobuf::EnumValueDescriptor* google::protobuf::Reflection::GetEnum(const google::protobuf::Message&, const google::protobuf::FieldDescriptor*) const' is deprecated: Please use GetEnumValue() instead. GetEnum() will be removed in Q1 2027. [-Wdeprecated-declarations]
  139 |               : reflection->GetEnum(options, field);
      |                 ~~~~~~~~~~~~~~~~~~~^~~~~~~~~~~~~~~~
bazel-out/k8-opt-exec/bin/external/protobuf+/src/google/protobuf/_virtual_includes/protobuf/google/protobuf/message.h:639:3: note: declared here
  639 |   GetEnum(const Message& message, const FieldDescriptor* field) const;
      |   ^~~~~~~
[1,392 / 2,220] Compiling src/google/protobuf/json/internal/untyped_message.cc [for tool]; 0s processwrapper-sandbox ... (4 actions, 3 running)
[1,393 / 2,220] Compiling src/google/protobuf/json/internal/untyped_message.cc [for tool]; 2s processwrapper-sandbox ... (4 actions, 3 running)
[1,394 / 2,220] Compiling src/google/protobuf/json/internal/untyped_message.cc [for tool]; 3s processwrapper-sandbox ... (4 actions running)
[1,396 / 2,220] Compiling src/google/protobuf/json/internal/untyped_message.cc [for tool]; 4s processwrapper-sandbox ... (4 actions running)
[1,398 / 2,220] Compiling src/google/protobuf/json/internal/untyped_message.cc [for tool]; 5s processwrapper-sandbox ... (4 actions running)
[1,402 / 2,220] Compiling src/google/protobuf/compiler/php/php_generator.cc [for tool]; 6s processwrapper-sandbox ... (4 actions, 3 running)
[1,404 / 2,220] Compiling src/google/protobuf/compiler/php/php_generator.cc [for tool]; 7s processwrapper-sandbox ... (4 actions, 3 running)
[1,421 / 2,220] Compiling src/google/protobuf/json/internal/unparser.cc [for tool]; 6s processwrapper-sandbox ... (4 actions running)
[1,423 / 2,220] Compiling src/google/protobuf/json/internal/unparser.cc [for tool]; 7s processwrapper-sandbox ... (4 actions running)
[1,428 / 2,220] Compiling src/google/protobuf/json/internal/unparser.cc [for tool]; 8s processwrapper-sandbox ... (4 actions, 3 running)
[1,433 / 2,220] Compiling src/google/protobuf/compiler/objectivec/primitive_field.cc [for tool]; 1s processwrapper-sandbox ... (4 actions, 3 running)
[1,441 / 2,220] Compiling src/google/protobuf/compiler/objectivec/primitive_field.cc [for tool]; 2s processwrapper-sandbox ... (4 actions, 3 running)
[1,444 / 2,220] Compiling src/google/protobuf/compiler/objectivec/primitive_field.cc [for tool]; 3s processwrapper-sandbox ... (4 actions, 3 running)
[1,448 / 2,220] Compiling src/google/protobuf/compiler/objectivec/oneof.cc [for tool]; 2s processwrapper-sandbox ... (4 actions, 3 running)
[1,453 / 2,220] Compiling src/google/protobuf/compiler/objectivec/oneof.cc [for tool]; 4s processwrapper-sandbox ... (4 actions, 3 running)
[1,458 / 2,220] Compiling src/google/protobuf/compiler/objectivec/oneof.cc [for tool]; 5s processwrapper-sandbox ... (4 actions, 3 running)
[1,461 / 2,220] Compiling src/google/protobuf/compiler/objectivec/message_field.cc [for tool]; 3s processwrapper-sandbox ... (4 actions running)
[1,463 / 2,220] Compiling src/google/protobuf/compiler/objectivec/message_field.cc [for tool]; 4s processwrapper-sandbox ... (4 actions running)
[1,468 / 2,220] Compiling src/google/protobuf/compiler/objectivec/message.cc [for tool]; 2s processwrapper-sandbox ... (4 actions, 3 running)
[1,471 / 2,220] Compiling src/google/protobuf/compiler/objectivec/message.cc [for tool]; 3s processwrapper-sandbox ... (4 actions, 3 running)
[1,474 / 2,220] Compiling src/google/protobuf/compiler/objectivec/message.cc [for tool]; 5s processwrapper-sandbox ... (4 actions, 3 running)
[1,479 / 2,220] Compiling src/google/protobuf/compiler/objectivec/message.cc [for tool]; 6s processwrapper-sandbox ... (4 actions, 3 running)
[1,483 / 2,220] Compiling src/google/protobuf/compiler/objectivec/message.cc [for tool]; 7s processwrapper-sandbox ... (4 actions, 3 running)
[1,487 / 2,220] Compiling src/google/protobuf/compiler/objectivec/import_writer.cc [for tool]; 1s processwrapper-sandbox ... (4 actions, 3 running)
[1,491 / 2,220] Compiling src/google/protobuf/compiler/objectivec/import_writer.cc [for tool]; 2s processwrapper-sandbox ... (4 actions running)
[1,495 / 2,220] Compiling src/google/protobuf/compiler/objectivec/import_writer.cc [for tool]; 3s processwrapper-sandbox ... (4 actions, 3 running)
[1,499 / 2,220] Compiling src/google/protobuf/compiler/objectivec/helpers.cc [for tool]; 4s processwrapper-sandbox ... (4 actions, 3 running)
[1,502 / 2,220] Compiling src/google/protobuf/compiler/objectivec/generator.cc [for tool]; 1s processwrapper-sandbox ... (4 actions running)
[1,504 / 2,220] Compiling src/google/protobuf/compiler/objectivec/generator.cc [for tool]; 2s processwrapper-sandbox ... (4 actions running)
[1,506 / 2,220] Compiling src/google/protobuf/compiler/objectivec/generator.cc [for tool]; 3s processwrapper-sandbox ... (4 actions running)
[1,509 / 2,220] Compiling src/google/protobuf/compiler/objectivec/generator.cc [for tool]; 4s processwrapper-sandbox ... (4 actions, 3 running)
[1,513 / 2,220] Compiling src/google/protobuf/compiler/objectivec/file.cc [for tool]; 5s processwrapper-sandbox ... (4 actions, 3 running)
[1,516 / 2,220] Compiling src/google/protobuf/compiler/objectivec/file.cc [for tool]; 6s processwrapper-sandbox ... (4 actions, 3 running)
[1,519 / 2,220] Compiling src/google/protobuf/compiler/objectivec/file.cc [for tool]; 7s processwrapper-sandbox ... (4 actions, 3 running)
[1,523 / 2,220] Compiling src/google/protobuf/compiler/objectivec/field.cc [for tool]; 4s processwrapper-sandbox ... (4 actions, 3 running)
[1,526 / 2,220] Compiling src/google/protobuf/compiler/objectivec/field.cc [for tool]; 5s processwrapper-sandbox ... (4 actions, 3 running)
[1,529 / 2,220] Compiling src/google/protobuf/compiler/objectivec/field.cc [for tool]; 6s processwrapper-sandbox ... (4 actions, 3 running)
[1,532 / 2,220] Compiling src/google/protobuf/compiler/objectivec/extension.cc [for tool]; 3s processwrapper-sandbox ... (4 actions running)
[1,537 / 2,220] Compiling src/google/protobuf/compiler/objectivec/extension.cc [for tool]; 4s processwrapper-sandbox ... (4 actions, 3 running)
[1,540 / 2,220] Compiling src/google/protobuf/compiler/objectivec/enum_field.cc [for tool]; 3s processwrapper-sandbox ... (4 actions, 3 running)
[1,543 / 2,220] Compiling src/google/protobuf/compiler/objectivec/enum_field.cc [for tool]; 4s processwrapper-sandbox ... (4 actions, 3 running)
[1,546 / 2,220] Compiling src/google/protobuf/compiler/objectivec/enum_field.cc [for tool]; 5s processwrapper-sandbox ... (4 actions, 3 running)
[1,549 / 2,220] Compiling src/google/protobuf/compiler/objectivec/enum_field.cc [for tool]; 6s processwrapper-sandbox ... (4 actions, 3 running)
[1,563 / 2,220] Compiling src/google/protobuf/compiler/objectivec/enum.cc [for tool]; 5s processwrapper-sandbox ... (4 actions running)
[1,565 / 2,220] Compiling src/google/protobuf/compiler/java/names.cc [for tool]; 3s processwrapper-sandbox ... (4 actions, 3 running)
[1,565 / 2,220] Compiling src/google/protobuf/compiler/java/names.cc [for tool]; 4s processwrapper-sandbox ... (4 actions running)
[1,573 / 2,220] Compiling src/google/protobuf/compiler/java/helpers.cc [for tool]; 4s processwrapper-sandbox ... (4 actions running)
[1,575 / 2,220] Compiling src/google/protobuf/compiler/java/doc_comment.cc [for tool]; 4s processwrapper-sandbox ... (4 actions running)
[1,576 / 2,220] Compiling src/google/protobuf/compiler/java/field_common.cc [for tool]; 3s processwrapper-sandbox ... (4 actions running)
[1,577 / 2,220] Compiling src/google/protobuf/compiler/java/field_common.cc [for tool]; 5s processwrapper-sandbox ... (4 actions running)
[1,587 / 2,220] Compiling src/google/protobuf/compiler/java/full/enum.cc [for tool]; 4s processwrapper-sandbox ... (4 actions running)
[1,588 / 2,220] Compiling src/google/protobuf/compiler/java/internal_helpers.cc [for tool]; 4s processwrapper-sandbox ... (4 actions, 3 running)
[1,588 / 2,220] Compiling src/google/protobuf/compiler/java/internal_helpers.cc [for tool]; 6s processwrapper-sandbox ... (4 actions running)
[1,592 / 2,221] Compiling src/google/protobuf/compiler/java/lite/enum.cc [for tool]; 4s processwrapper-sandbox ... (4 actions running)
[1,609 / 2,221] Compiling src/google/protobuf/compiler/main.cc [for tool]; 3s processwrapper-sandbox ... (4 actions, 3 running)
INFO: From Compiling src/lib/util/ares_iface_ips.c:
external/c-ares+/src/lib/util/ares_iface_ips.c:140:3: warning: 'ares_iface_ips_add' defined but not used [-Wunused-function]
  140 |   ares_iface_ips_add(ares_iface_ips_t *ips, ares_iface_ip_flags_t flags,
      |   ^~~~~~~~~~~~~~~~~~
[1,623 / 2,221] Compiling src/google/protobuf/compiler/java/lite/string_field.cc [for tool]; 2s processwrapper-sandbox ... (4 actions, 3 running)
[1,630 / 2,221] Compiling src/google/protobuf/compiler/java/lite/string_field.cc [for tool]; 4s processwrapper-sandbox ... (4 actions running)
[1,631 / 2,221] Compiling src/google/protobuf/compiler/java/lite/string_field.cc [for tool]; 6s processwrapper-sandbox ... (4 actions, 3 running)
[1,641 / 2,221] Compiling src/google/protobuf/compiler/kotlin/generator.cc [for tool]; 4s processwrapper-sandbox ... (4 actions, 3 running)
[1,657 / 2,221] Compiling src/google/protobuf/compiler/java/lite/primitive_field.cc [for tool]; 4s processwrapper-sandbox ... (4 actions, 3 running)
[1,672 / 2,221] Compiling src/google/protobuf/compiler/java/lite/primitive_field.cc [for tool]; 5s processwrapper-sandbox ... (4 actions, 3 running)
[1,688 / 2,221] Compiling src/google/protobuf/compiler/kotlin/field.cc [for tool]; 3s processwrapper-sandbox ... (4 actions, 3 running)
[1,705 / 2,221] Compiling src/google/protobuf/compiler/kotlin/field.cc [for tool]; 4s processwrapper-sandbox ... (4 actions, 3 running)
[1,708 / 2,221] Compiling src/google/protobuf/compiler/kotlin/field.cc [for tool]; 5s processwrapper-sandbox ... (4 actions running)
[1,711 / 2,221] Compiling src/google/protobuf/compiler/java/lite/message.cc [for tool]; 4s processwrapper-sandbox ... (4 actions, 3 running)
[1,717 / 2,221] Compiling src/google/protobuf/compiler/java/lite/message.cc [for tool]; 5s processwrapper-sandbox ... (4 actions, 3 running)
[1,718 / 2,221] Compiling src/google/protobuf/compiler/kotlin/file.cc [for tool]; 2s processwrapper-sandbox ... (4 actions running)
[1,719 / 2,221] Compiling src/google/protobuf/compiler/java/lite/map_field.cc [for tool]; 3s processwrapper-sandbox ... (4 actions, 3 running)
[1,720 / 2,221] Compiling src/google/protobuf/compiler/java/lite/map_field.cc [for tool]; 5s processwrapper-sandbox ... (4 actions running)
[1,721 / 2,221] Compiling src/google/protobuf/compiler/java/lite/map_field.cc [for tool]; 6s processwrapper-sandbox ... (4 actions running)
[1,724 / 2,221] Compiling src/google/protobuf/compiler/kotlin/message.cc [for tool]; 3s processwrapper-sandbox ... (4 actions running)
[1,730 / 2,221] Compiling src/google/protobuf/compiler/kotlin/message.cc [for tool]; 4s processwrapper-sandbox ... (4 actions running)
[1,733 / 2,221] Compiling src/google/protobuf/compiler/kotlin/message.cc [for tool]; 5s processwrapper-sandbox ... (4 actions running)
[1,734 / 2,221] Compiling src/google/protobuf/compiler/kotlin/message.cc [for tool]; 6s processwrapper-sandbox ... (4 actions running)
[1,737 / 2,221] Compiling src/google/protobuf/compiler/java/lite/enum_field.cc [for tool]; 5s processwrapper-sandbox ... (4 actions running)
[1,738 / 2,221] Compiling src/google/protobuf/compiler/java/lite/enum_field.cc [for tool]; 6s processwrapper-sandbox ... (4 actions running)
[1,741 / 2,221] GoToolchainBinaryBuild external/rules_go++go_sdk+go_default_sdk/builder [for tool]; 4s processwrapper-sandbox ... (4 actions, 3 running)
[1,742 / 2,221] GoToolchainBinaryBuild external/rules_go++go_sdk+go_default_sdk/builder [for tool]; 6s processwrapper-sandbox ... (4 actions running)
[1,743 / 2,221] GoToolchainBinaryBuild external/rules_go++go_sdk+go_default_sdk/builder [for tool]; 8s processwrapper-sandbox ... (4 actions running)
[1,744 / 2,221] GoToolchainBinaryBuild external/rules_go++go_sdk+go_default_sdk/builder [for tool]; 10s processwrapper-sandbox ... (4 actions, 3 running)
[1,744 / 2,221] GoToolchainBinaryBuild external/rules_go++go_sdk+go_default_sdk/builder [for tool]; 11s processwrapper-sandbox ... (4 actions running)
[1,745 / 2,221] GoToolchainBinaryBuild external/rules_go++go_sdk+go_default_sdk/builder [for tool]; 13s processwrapper-sandbox ... (4 actions running)
[1,746 / 2,221] GoToolchainBinaryBuild external/rules_go++go_sdk+go_default_sdk/builder [for tool]; 15s processwrapper-sandbox ... (4 actions running)
[1,747 / 2,221] GoToolchainBinaryBuild external/rules_go++go_sdk+go_default_sdk/builder [for tool]; 16s processwrapper-sandbox ... (4 actions, 3 running)
[1,748 / 2,221] GoToolchainBinaryBuild external/rules_go++go_sdk+go_default_sdk/builder [for tool]; 18s processwrapper-sandbox ... (4 actions, 3 running)
[1,749 / 2,221] GoToolchainBinaryBuild external/rules_go++go_sdk+go_default_sdk/builder [for tool]; 19s processwrapper-sandbox ... (4 actions running)
[1,750 / 2,221] GoToolchainBinaryBuild external/rules_go++go_sdk+go_default_sdk/builder [for tool]; 22s processwrapper-sandbox ... (4 actions, 3 running)
[1,752 / 2,221] GoToolchainBinaryBuild external/rules_go++go_sdk+go_default_sdk/builder [for tool]; 24s processwrapper-sandbox ... (4 actions running)
[1,753 / 2,221] GoToolchainBinaryBuild external/rules_go++go_sdk+go_default_sdk/builder [for tool]; 28s processwrapper-sandbox ... (4 actions, 3 running)
[1,755 / 2,221] GoToolchainBinaryBuild external/rules_go++go_sdk+go_default_sdk/builder [for tool]; 30s processwrapper-sandbox ... (4 actions, 3 running)
[1,758 / 2,221] GoToolchainBinaryBuild external/rules_go++go_sdk+go_default_sdk/builder [for tool]; 31s processwrapper-sandbox ... (4 actions, 3 running)
[1,760 / 2,221] GoToolchainBinaryBuild external/rules_go++go_sdk+go_default_sdk/builder [for tool]; 32s processwrapper-sandbox ... (4 actions running)
[1,771 / 2,221] GoStdlib external/rules_go+/stdlib_/pkg; 0s processwrapper-sandbox ... (4 actions, 3 running)
[1,778 / 2,221] GoStdlib external/rules_go+/stdlib_/pkg; 1s processwrapper-sandbox ... (4 actions, 3 running)
[1,780 / 2,221] GoStdlib external/rules_go+/stdlib_/pkg; 3s processwrapper-sandbox ... (4 actions, 3 running)
[1,781 / 2,221] GoStdlib external/rules_go+/stdlib_/pkg; 4s processwrapper-sandbox ... (4 actions, 3 running)
[1,784 / 2,221] GoStdlib external/rules_go+/stdlib_/pkg; 5s processwrapper-sandbox ... (4 actions, 3 running)
[1,789 / 2,221] GoStdlib external/rules_go+/stdlib_/pkg; 6s processwrapper-sandbox ... (4 actions running)
[1,793 / 2,221] GoStdlib external/rules_go+/stdlib_/pkg; 8s processwrapper-sandbox ... (4 actions, 3 running)
[1,793 / 2,221] GoStdlib external/rules_go+/stdlib_/pkg; 9s processwrapper-sandbox ... (4 actions running)
[1,796 / 2,221] GoStdlib external/rules_go+/stdlib_/pkg; 10s processwrapper-sandbox ... (4 actions running)
[1,797 / 2,221] GoStdlib external/rules_go+/stdlib_/pkg; 12s processwrapper-sandbox ... (4 actions, 3 running)
[1,797 / 2,221] GoStdlib external/rules_go+/stdlib_/pkg; 13s processwrapper-sandbox ... (4 actions running)
[1,799 / 2,221] GoStdlib external/rules_go+/stdlib_/pkg; 14s processwrapper-sandbox ... (4 actions, 3 running)
[1,799 / 2,221] GoStdlib external/rules_go+/stdlib_/pkg; 16s processwrapper-sandbox ... (4 actions running)
[1,802 / 2,221] GoStdlib external/rules_go+/stdlib_/pkg; 18s processwrapper-sandbox ... (4 actions running)
[1,803 / 2,221] GoStdlib external/rules_go+/stdlib_/pkg; 20s processwrapper-sandbox ... (4 actions, 3 running)
[1,805 / 2,221] GoStdlib external/rules_go+/stdlib_/pkg; 21s processwrapper-sandbox ... (4 actions, 3 running)
[1,805 / 2,221] GoStdlib external/rules_go+/stdlib_/pkg; 22s processwrapper-sandbox ... (4 actions running)
[1,806 / 2,221] GoStdlib external/rules_go+/stdlib_/pkg; 25s processwrapper-sandbox ... (4 actions, 3 running)
[1,807 / 2,221] GoStdlib external/rules_go+/stdlib_/pkg; 27s processwrapper-sandbox ... (4 actions, 3 running)
[1,807 / 2,221] GoStdlib external/rules_go+/stdlib_/pkg; 28s processwrapper-sandbox ... (4 actions running)
[1,808 / 2,221] GoStdlib external/rules_go+/stdlib_/pkg; 30s processwrapper-sandbox ... (4 actions running)
[1,809 / 2,221] GoStdlib external/rules_go+/stdlib_/pkg; 33s processwrapper-sandbox ... (4 actions, 3 running)
[1,816 / 2,221] GoStdlib external/rules_go+/stdlib_/pkg; 35s processwrapper-sandbox ... (4 actions running)
[1,817 / 2,221] GoStdlib external/rules_go+/stdlib_/pkg; 38s processwrapper-sandbox ... (4 actions, 3 running)
[1,819 / 2,221] GoStdlib external/rules_go+/stdlib_/pkg; 39s processwrapper-sandbox ... (4 actions, 3 running)
[1,819 / 2,221] GoStdlib external/rules_go+/stdlib_/pkg; 40s processwrapper-sandbox ... (4 actions running)
[1,822 / 2,221] GoStdlib external/rules_go+/stdlib_/pkg [for tool]; 35s processwrapper-sandbox ... (4 actions, 3 running)
[1,830 / 2,221] GoStdlib external/rules_go+/stdlib_/pkg [for tool]; 36s processwrapper-sandbox ... (4 actions, 3 running)
[1,837 / 2,221] GoStdlib external/rules_go+/stdlib_/pkg [for tool]; 37s processwrapper-sandbox ... (4 actions, 3 running)
[1,843 / 2,221] GoStdlib external/rules_go+/stdlib_/pkg [for tool]; 38s processwrapper-sandbox ... (4 actions, 3 running)
[1,847 / 2,221] GoStdlib external/rules_go+/stdlib_/pkg [for tool]; 39s processwrapper-sandbox ... (4 actions, 3 running)
[1,850 / 2,221] GoStdlib external/rules_go+/stdlib_/pkg [for tool]; 40s processwrapper-sandbox ... (4 actions, 3 running)
[1,851 / 2,221] GoStdlib external/rules_go+/stdlib_/pkg [for tool]; 42s processwrapper-sandbox ... (4 actions, 3 running)
[1,856 / 2,221] GoStdlib external/rules_go+/stdlib_/pkg [for tool]; 43s processwrapper-sandbox ... (4 actions running)
[1,857 / 2,221] GoStdlib external/rules_go+/stdlib_/pkg [for tool]; 46s processwrapper-sandbox ... (4 actions, 3 running)
[1,873 / 2,221] Compiling src/core/util/per_cpu.cc; 0s processwrapper-sandbox ... (4 actions, 3 running)
[1,890 / 2,221] Compiling src/core/lib/event_engine/thread_pool/thread_count.cc; 1s processwrapper-sandbox ... (4 actions, 3 running)
[1,907 / 2,221] Compiling src/core/telemetry/stats_data.cc; 0s processwrapper-sandbox ... (4 actions running)
[1,918 / 2,221] Compiling src/core/util/backoff.cc; 1s processwrapper-sandbox ... (4 actions running)
[1,927 / 2,221] Compiling src/core/lib/iomgr/sockaddr_utils_posix.cc; 0s processwrapper-sandbox ... (4 actions, 3 running)
[1,945 / 2,221] Compiling src/core/util/uri.cc; 0s processwrapper-sandbox ... (4 actions, 3 running)
[1,961 / 2,221] Compiling src/core/util/uri.cc; 1s processwrapper-sandbox ... (4 actions, 3 running)
[1,971 / 2,221] Compiling src/core/credentials/transport/alts/grpc_alts_credentials_options.cc; 0s processwrapper-sandbox ... (4 actions, 3 running)
[2,002 / 2,221] Compiling src/core/credentials/transport/alts/grpc_alts_credentials_options.cc; 1s processwrapper-sandbox ... (4 actions, 3 running)
[2,018 / 2,221] Compiling src/core/credentials/transport/alts/grpc_alts_credentials_server_options.cc; 0s processwrapper-sandbox ... (4 actions, 3 running)
[2,020 / 2,221] Compiling src/core/util/json/json_reader.cc; 1s processwrapper-sandbox ... (4 actions, 3 running)
[2,026 / 2,221] Compiling src/core/util/json/json_object_loader.cc; 0s processwrapper-sandbox ... (4 actions, 3 running)
[2,027 / 2,221] Compiling src/core/util/json/json_object_loader.cc; 2s processwrapper-sandbox ... (4 actions running)
[2,029 / 2,221] Compiling src/core/channelz/property_list.cc; 3s processwrapper-sandbox ... (4 actions running)
[2,031 / 2,221] Compiling src/core/channelz/property_list.cc; 4s processwrapper-sandbox ... (4 actions running)
[2,035 / 2,221] Compiling src/core/lib/promise/activity.cc; 0s processwrapper-sandbox ... (4 actions, 3 running)
[2,036 / 2,221] Compiling src/core/lib/promise/activity.cc; 1s processwrapper-sandbox ... (4 actions, 3 running)
[2,039 / 2,221] Compiling src/core/lib/event_engine/thread_pool/work_stealing_thread_pool.cc; 2s processwrapper-sandbox ... (4 actions, 3 running)
[2,041 / 2,221] Compiling src/core/call/call_state.cc; 2s processwrapper-sandbox ... (4 actions running)
INFO: From Compiling src/core/call/call_state.cc:
In file included from external/grpc+/src/core/call/call_state.cc:15:
external/grpc+/src/core/call/call_state.h: In static member function 'static const char* grpc_core::CallState::ClientToServerPushStateString(ClientToServerPushState)':
external/grpc+/src/core/call/call_state.h:191:3: warning: control reaches end of non-void function [-Wreturn-type]
  191 |   }
      |   ^
external/grpc+/src/core/call/call_state.h: In static member function 'static const char* grpc_core::CallState::ClientToServerPullStateString(ClientToServerPullState)':
external/grpc+/src/core/call/call_state.h:161:3: warning: control reaches end of non-void function [-Wreturn-type]
  161 |   }
      |   ^
external/grpc+/src/core/call/call_state.h: In static member function 'static const char* grpc_core::CallState::ServerToClientPullStateString(ServerToClientPullState)':
external/grpc+/src/core/call/call_state.h:244:3: warning: control reaches end of non-void function [-Wreturn-type]
  244 |   }
      |   ^
external/grpc+/src/core/call/call_state.h: In static member function 'static const char* grpc_core::CallState::ServerToClientPushStateString(ServerToClientPushState)':
external/grpc+/src/core/call/call_state.h:284:3: warning: control reaches end of non-void function [-Wreturn-type]
  284 |   }
      |   ^
external/grpc+/src/core/call/call_state.h: In static member function 'static const char* grpc_core::CallState::ServerTrailingMetadataStateString(ServerTrailingMetadataState)':
external/grpc+/src/core/call/call_state.h:314:3: warning: control reaches end of non-void function [-Wreturn-type]
  314 |   }
      |   ^
[2,045 / 2,221] Compiling src/core/lib/transport/timeout_encoding.cc; 1s processwrapper-sandbox ... (4 actions, 3 running)
[2,047 / 2,221] Compiling src/core/lib/promise/wait_set.cc; 2s processwrapper-sandbox ... (4 actions running)
[2,049 / 2,221] Compiling src/core/lib/channel/channel_args_preconditioning.cc; 2s processwrapper-sandbox ... (4 actions running)
[2,051 / 2,221] Compiling src/core/lib/event_engine/channel_args_endpoint_config.cc; 1s processwrapper-sandbox ... (4 actions, 3 running)
[2,053 / 2,221] Compiling src/core/lib/channel/channel_stack_builder.cc; 1s processwrapper-sandbox ... (4 actions, 3 running)
[2,055 / 2,221] Compiling src/core/lib/event_engine/event_engine.cc; 2s processwrapper-sandbox ... (4 actions running)
[2,059 / 2,221] Compiling src/core/handshaker/handshaker_registry.cc; 1s processwrapper-sandbox ... (4 actions running)
[2,061 / 2,221] Compiling src/core/lib/transport/error_utils.cc; 1s processwrapper-sandbox ... (4 actions running)
[2,062 / 2,221] Compiling src/core/service_config/service_config_parser.cc; 2s processwrapper-sandbox ... (4 actions running)
[2,065 / 2,221] Compiling src/core/lib/compression/compression.cc; 2s processwrapper-sandbox ... (4 actions running)
[2,068 / 2,221] Compiling src/core/lib/surface/byte_buffer.cc; 1s processwrapper-sandbox ... (4 actions, 3 running)
[2,070 / 2,221] Compiling src/core/lib/compression/compression_internal.cc; 2s processwrapper-sandbox ... (4 actions, 3 running)
[2,072 / 2,221] Compiling src/core/resolver/endpoint_addresses.cc; 2s processwrapper-sandbox ... (4 actions running)
[2,076 / 2,221] Compiling src/core/util/work_serializer.cc; 2s processwrapper-sandbox ... (4 actions, 3 running)
INFO: From Compiling src/core/lib/event_engine/tcp_socket_utils.cc:
external/grpc+/src/core/lib/event_engine/tcp_socket_utils.cc: In function 'bool grpc_event_engine::experimental::ResolvedAddressToV4Mapped(const EventEngine::ResolvedAddress&, EventEngine::ResolvedAddress*)':
external/grpc+/src/core/lib/event_engine/tcp_socket_utils.cc:225:11: warning: 'void* memset(void*, int, size_t)' clearing an object of non-trivial type 'class grpc_event_engine::experimental::EventEngine::ResolvedAddress'; use assignment or value-initialization instead [-Wclass-memaccess]
  225 |     memset(resolved_addr6_out, 0, sizeof(*resolved_addr6_out));
      |     ~~~~~~^~~~~~~~~~~~~~~~~~~~~~~~~~~~~~~~~~~~~~~~~~~~~~~~~~~~
In file included from external/grpc+/src/core/lib/event_engine/tcp_socket_utils.h:17,
                 from external/grpc+/src/core/lib/event_engine/tcp_socket_utils.cc:14:
external/grpc+/include/grpc/event_engine/event_engine.h:160:9: note: 'class grpc_event_engine::experimental::EventEngine::ResolvedAddress' declared here
  160 |   class ResolvedAddress {
      |         ^~~~~~~~~~~~~~~
[2,081 / 2,221] Compiling src/core/lib/iomgr/combiner.cc; 1s processwrapper-sandbox ... (4 actions, 3 running)
[2,083 / 2,221] Compiling src/core/lib/iomgr/timer.cc; 1s processwrapper-sandbox ... (4 actions, 3 running)
[2,085 / 2,221] Compiling src/core/lib/iomgr/timer_manager.cc; 2s processwrapper-sandbox ... (4 actions, 3 running)
[2,086 / 2,221] Compiling src/core/lib/iomgr/exec_ctx.cc; 2s processwrapper-sandbox ... (4 actions running)
[2,089 / 2,221] Compiling src/core/channelz/channel_trace.cc; 2s processwrapper-sandbox ... (4 actions, 3 running)
[2,091 / 2,221] Compiling src/core/lib/iomgr/call_combiner.cc; 2s processwrapper-sandbox ... (4 actions running)
[2,092 / 2,221] Compiling src/core/telemetry/instrument.cc; 2s processwrapper-sandbox ... (4 actions running)
[2,093 / 2,221] Compiling src/core/telemetry/instrument.cc; 4s processwrapper-sandbox ... (4 actions, 3 running)
[2,094 / 2,221] Compiling src/core/telemetry/instrument.cc; 6s processwrapper-sandbox ... (4 actions running)
INFO: From Compiling src/core/channelz/channelz.cc:
In file included from external/grpc+/src/core/channelz/channelz.cc:19:
external/grpc+/src/core/channelz/channelz.h: In static member function 'static absl::lts_20250814::string_view grpc_core::channelz::BaseNode::EntityTypeToKind(EntityType)':
external/grpc+/src/core/channelz/channelz.h:186:3: warning: control reaches end of non-void function [-Wreturn-type]
  186 |   }
      |   ^
[2,097 / 2,221] Compiling src/core/telemetry/instrument.cc; 7s processwrapper-sandbox ... (4 actions running)
[2,098 / 2,221] Compiling src/core/lib/resource_quota/memory_quota.cc; 4s processwrapper-sandbox ... (4 actions, 3 running)
[2,098 / 2,221] Compiling src/core/lib/resource_quota/memory_quota.cc; 5s processwrapper-sandbox ... (4 actions running)
INFO: From Compiling src/core/lib/resource_quota/memory_quota.cc:
In file included from external/grpc+/src/core/lib/resource_quota/memory_quota.cc:36:
external/grpc+/src/core/lib/promise/loop.h:215:31: warning: attribute ignored in declaration of 'union grpc_core::Loop<F, kYield>::<unnamed>' [-Wattributes]
  215 |   GPR_NO_UNIQUE_ADDRESS union {
      |                               ^
external/grpc+/src/core/lib/promise/loop.h:215:31: note: attribute for 'union grpc_core::Loop<F, kYield>::<unnamed>' must follow the 'union' keyword
[2,101 / 2,221] Compiling src/core/lib/resource_quota/arena.cc; 2s processwrapper-sandbox ... (4 actions, 3 running)
[2,102 / 2,221] Compiling src/core/lib/resource_quota/arena.cc; 3s processwrapper-sandbox ... (4 actions, 3 running)
[2,103 / 2,221] Compiling src/core/lib/event_engine/posix_engine/tcp_socket_utils.cc; 3s processwrapper-sandbox ... (4 actions running)
[2,104 / 2,221] Compiling src/core/lib/event_engine/posix_engine/posix_interface_posix.cc; 3s processwrapper-sandbox ... (4 actions running)
[2,106 / 2,221] Compiling src/core/call/call_arena_allocator.cc; 3s processwrapper-sandbox ... (4 actions running)
[2,109 / 2,221] Compiling src/core/lib/event_engine/ares_resolver.cc; 2s processwrapper-sandbox ... (4 actions, 3 running)
[2,109 / 2,221] Compiling src/core/lib/event_engine/ares_resolver.cc; 3s processwrapper-sandbox ... (4 actions running)
[2,110 / 2,221] Compiling src/core/lib/event_engine/ares_resolver.cc; 4s processwrapper-sandbox ... (4 actions, 3 running)
INFO: From Compiling src/core/lib/event_engine/ares_resolver.cc:
external/grpc+/src/core/lib/event_engine/ares_resolver.cc: In function 'absl::lts_20250814::Status grpc_event_engine::experimental::{anonymous}::SetRequestDNSServer(absl::lts_20250814::string_view, ares_channeldata**)':
external/grpc+/src/core/lib/event_engine/ares_resolver.cc:199:38: warning: 'int ares_set_servers_ports(ares_channel_t*, const ares_addr_port_node*)' is deprecated: Use ares_set_servers_ports_csv instead [-Wdeprecated-declarations]
  199 |   int status = ares_set_servers_ports(*channel, &dns_server_addr);
      |                ~~~~~~~~~~~~~~~~~~~~~~^~~~~~~~~~~~~~~~~~~~~~~~~~~~
In file included from external/grpc+/src/core/lib/event_engine/ares_resolver.h:28,
                 from external/grpc+/src/core/lib/event_engine/ares_resolver.cc:14:
external/c-ares+/include/ares.h:1173:20: note: declared here
 1173 | int                ares_set_servers_ports(ares_channel_t                   *channel,
      |                    ^~~~~~~~~~~~~~~~~~~~~~
external/grpc+/src/core/lib/event_engine/ares_resolver.cc: In member function 'virtual void grpc_event_engine::experimental::AresResolver::LookupHostname(grpc_event_engine::experimental::EventEngine::DNSResolver::LookupHostnameCallback, absl::lts_20250814::string_view, absl::lts_20250814::string_view)':
external/grpc+/src/core/lib/event_engine/ares_resolver.cc:408:23: warning: 'void ares_gethostbyname(ares_channel_t*, const char*, int, ares_host_callback, void*)' is deprecated: Use ares_getaddrinfo instead [-Wdeprecated-declarations]
  408 |     ares_gethostbyname(channel_, std::string(host).c_str(), AF_INET,
      |     ~~~~~~~~~~~~~~~~~~^~~~~~~~~~~~~~~~~~~~~~~~~~~~~~~~~~~~~~~~~~~~~~
  409 |                        &AresResolver::OnHostbynameDoneLocked, resolver_arg);
      |                        ~~~~~~~~~~~~~~~~~~~~~~~~~~~~~~~~~~~~~~~~~~~~~~~~~~~~
external/c-ares+/include/ares.h:879:58: note: declared here
  879 | CARES_EXTERN CARES_DEPRECATED_FOR(ares_getaddrinfo) void ares_gethostbyname(
      |                                                          ^~~~~~~~~~~~~~~~~~
external/grpc+/src/core/lib/event_engine/ares_resolver.cc:410:23: warning: 'void ares_gethostbyname(ares_channel_t*, const char*, int, ares_host_callback, void*)' is deprecated: Use ares_getaddrinfo instead [-Wdeprecated-declarations]
  410 |     ares_gethostbyname(channel_, std::string(host).c_str(), AF_INET6,
      |     ~~~~~~~~~~~~~~~~~~^~~~~~~~~~~~~~~~~~~~~~~~~~~~~~~~~~~~~~~~~~~~~~~
  411 |                        &AresResolver::OnHostbynameDoneLocked, resolver_arg);
      |                        ~~~~~~~~~~~~~~~~~~~~~~~~~~~~~~~~~~~~~~~~~~~~~~~~~~~~
external/c-ares+/include/ares.h:879:58: note: declared here
  879 | CARES_EXTERN CARES_DEPRECATED_FOR(ares_getaddrinfo) void ares_gethostbyname(
      |                                                          ^~~~~~~~~~~~~~~~~~
external/grpc+/src/core/lib/event_engine/ares_resolver.cc:414:23: warning: 'void ares_gethostbyname(ares_channel_t*, const char*, int, ares_host_callback, void*)' is deprecated: Use ares_getaddrinfo instead [-Wdeprecated-declarations]
  414 |     ares_gethostbyname(channel_, std::string(host).c_str(), AF_INET,
      |     ~~~~~~~~~~~~~~~~~~^~~~~~~~~~~~~~~~~~~~~~~~~~~~~~~~~~~~~~~~~~~~~~
  415 |                        &AresResolver::OnHostbynameDoneLocked, resolver_arg);
      |                        ~~~~~~~~~~~~~~~~~~~~~~~~~~~~~~~~~~~~~~~~~~~~~~~~~~~~
external/c-ares+/include/ares.h:879:58: note: declared here
  879 | CARES_EXTERN CARES_DEPRECATED_FOR(ares_getaddrinfo) void ares_gethostbyname(
      |                                                          ^~~~~~~~~~~~~~~~~~
external/grpc+/src/core/lib/event_engine/ares_resolver.cc: In member function 'virtual void grpc_event_engine::experimental::AresResolver::LookupSRV(grpc_event_engine::experimental::EventEngine::DNSResolver::LookupSRVCallback, absl::lts_20250814::string_view)':
external/grpc+/src/core/lib/event_engine/ares_resolver.cc:451:13: warning: 'void ares_query(ares_channel_t*, const char*, int, int, ares_callback, void*)' is deprecated: Use ares_query_dnsrec instead [-Wdeprecated-declarations]
  451 |   ares_query(channel_, std::string(host).c_str(), ns_c_in, ns_t_srv,
      |   ~~~~~~~~~~^~~~~~~~~~~~~~~~~~~~~~~~~~~~~~~~~~~~~~~~~~~~~~~~~~~~~~~~
  452 |              &AresResolver::OnSRVQueryDoneLocked, resolver_arg);
      |              ~~~~~~~~~~~~~~~~~~~~~~~~~~~~~~~~~~~~~~~~~~~~~~~~~~
external/c-ares+/include/ares.h:836:59: note: declared here
  836 | CARES_EXTERN CARES_DEPRECATED_FOR(ares_query_dnsrec) void ares_query(
      |                                                           ^~~~~~~~~~
external/grpc+/src/core/lib/event_engine/ares_resolver.cc: In member function 'virtual void grpc_event_engine::experimental::AresResolver::LookupTXT(grpc_event_engine::experimental::EventEngine::DNSResolver::LookupTXTCallback, absl::lts_20250814::string_view)':
external/grpc+/src/core/lib/event_engine/ares_resolver.cc:487:14: warning: 'void ares_search(ares_channel_t*, const char*, int, int, ares_callback, void*)' is deprecated: Use ares_search_dnsrec instead [-Wdeprecated-declarations]
  487 |   ares_search(channel_, std::string(host).c_str(), ns_c_in, ns_t_txt,
      |   ~~~~~~~~~~~^~~~~~~~~~~~~~~~~~~~~~~~~~~~~~~~~~~~~~~~~~~~~~~~~~~~~~~~
  488 |               &AresResolver::OnTXTDoneLocked, resolver_arg);
      |               ~~~~~~~~~~~~~~~~~~~~~~~~~~~~~~~~~~~~~~~~~~~~~
external/c-ares+/include/ares.h:859:60: note: declared here
  859 | CARES_EXTERN CARES_DEPRECATED_FOR(ares_search_dnsrec) void ares_search(
      |                                                            ^~~~~~~~~~~
external/grpc+/src/core/lib/event_engine/ares_resolver.cc: In member function 'void grpc_event_engine::experimental::AresResolver::CheckSocketsLocked()':
external/grpc+/src/core/lib/event_engine/ares_resolver.cc:497:37: warning: 'int ares_getsock(const ares_channel_t*, ares_socket_t*, int)' is deprecated: Use ARES_OPT_EVENT_THREAD or ARES_OPT_SOCK_STATE_CB instead [-Wdeprecated-declarations]
  497 |     int socks_bitmask = ares_getsock(channel_, socks, ARES_GETSOCK_MAXNUM);
      |                         ~~~~~~~~~~~~^~~~~~~~~~~~~~~~~~~~~~~~~~~~~~~~~~~~~~
external/c-ares+/include/ares.h:903:31: note: declared here
  903 |   ARES_OPT_SOCK_STATE_CB) int ares_getsock(const ares_channel_t *channel,
      |                               ^~~~~~~~~~~~
external/grpc+/src/core/lib/event_engine/ares_resolver.cc: In static member function 'static void grpc_event_engine::experimental::AresResolver::OnSRVQueryDoneLocked(void*, int, int, unsigned char*, int)':
external/grpc+/src/core/lib/event_engine/ares_resolver.cc:811:32: warning: 'int ares_parse_srv_reply(const unsigned char*, int, ares_srv_reply**)' is deprecated: Use ares_dns_parse instead [-Wdeprecated-declarations]
  811 |   status = ares_parse_srv_reply(abuf, alen, &reply);
      |            ~~~~~~~~~~~~~~~~~~~~^~~~~~~~~~~~~~~~~~~~
external/c-ares+/include/ares.h:1116:55: note: declared here
 1116 | CARES_EXTERN CARES_DEPRECATED_FOR(ares_dns_parse) int ares_parse_srv_reply(
      |                                                       ^~~~~~~~~~~~~~~~~~~~
external/grpc+/src/core/lib/event_engine/ares_resolver.cc: In static member function 'static void grpc_event_engine::experimental::AresResolver::OnTXTDoneLocked(void*, int, int, unsigned char*, int)':
external/grpc+/src/core/lib/event_engine/ares_resolver.cc:875:36: warning: 'int ares_parse_txt_reply_ext(const unsigned char*, int, ares_txt_ext**)' is deprecated: Use ares_dns_parse instead [-Wdeprecated-declarations]
  875 |   status = ares_parse_txt_reply_ext(buf, len, &reply);
      |            ~~~~~~~~~~~~~~~~~~~~~~~~^~~~~~~~~~~~~~~~~~
external/c-ares+/include/ares.h:1125:55: note: declared here
 1125 | CARES_EXTERN CARES_DEPRECATED_FOR(ares_dns_parse) int ares_parse_txt_reply_ext(
      |                                                       ^~~~~~~~~~~~~~~~~~~~~~~~
[2,114 / 2,221] Compiling src/core/lib/promise/party.cc; 5s processwrapper-sandbox ... (4 actions, 3 running)
[2,115 / 2,221] Compiling src/core/lib/event_engine/posix_engine/internal_errqueue.cc; 2s processwrapper-sandbox ... (4 actions running)
[2,116 / 2,221] Compiling src/core/lib/event_engine/posix_engine/traced_buffer_list.cc; 2s processwrapper-sandbox ... (4 actions, 3 running)
[2,118 / 2,221] Compiling src/core/call/message.cc; 3s processwrapper-sandbox ... (4 actions, 3 running)
[2,119 / 2,221] Compiling src/core/lib/event_engine/posix_engine/posix_endpoint.cc; 2s processwrapper-sandbox ... (4 actions running)
[2,120 / 2,221] Compiling src/core/lib/event_engine/posix_engine/posix_endpoint.cc; 3s processwrapper-sandbox ... (4 actions, 3 running)
[2,121 / 2,221] Compiling src/core/lib/event_engine/posix_engine/posix_endpoint.cc; 4s processwrapper-sandbox ... (4 actions, 3 running)
[2,123 / 2,221] Compiling src/core/resolver/resolver_registry.cc; 2s processwrapper-sandbox ... (4 actions running)
[2,124 / 2,221] Compiling src/core/lib/event_engine/default_event_engine_factory.cc; 3s processwrapper-sandbox ... (4 actions running)
[2,127 / 2,221] Compiling src/core/lib/event_engine/posix_engine/event_poller_posix_default.cc; 2s processwrapper-sandbox ... (4 actions running)
[2,128 / 2,221] Compiling src/core/lib/event_engine/posix_engine/posix_engine.cc; 1s processwrapper-sandbox ... (4 actions running)
[2,129 / 2,221] Compiling src/core/lib/event_engine/posix_engine/posix_engine.cc; 4s processwrapper-sandbox ... (4 actions, 3 running)
INFO: From Compiling src/core/lib/event_engine/posix_engine/posix_engine.cc:
In file included from external/grpc+/src/core/lib/event_engine/posix_engine/posix_engine.cc:36:
external/grpc+/src/core/lib/event_engine/posix_engine/grpc_polled_fd_posix.h: In member function 'virtual void grpc_event_engine::experimental::GrpcPolledFdFactoryPosix::ConfigureAresChannelLocked(ares_channel)':
external/grpc+/src/core/lib/event_engine/posix_engine/grpc_polled_fd_posix.h:129:30: warning: 'void ares_set_socket_functions(ares_channel_t*, const ares_socket_functions*, void*)' is deprecated: Use ares_set_socket_functions_ex instead [-Wdeprecated-declarations]
  129 |     ares_set_socket_functions(channel, &kSockFuncs, this);
      |     ~~~~~~~~~~~~~~~~~~~~~~~~~^~~~~~~~~~~~~~~~~~~~~~~~~~~~
In file included from external/grpc+/src/core/lib/event_engine/ares_resolver.h:28,
                 from external/grpc+/src/core/lib/event_engine/posix_engine/posix_engine.h:30,
                 from external/grpc+/src/core/lib/event_engine/posix_engine/posix_engine.cc:14:
external/c-ares+/include/ares.h:571:38: note: declared here
  571 |   ares_set_socket_functions_ex) void ares_set_socket_functions(ares_channel_t
      |                                      ^~~~~~~~~~~~~~~~~~~~~~~~~
[2,131 / 2,221] Compiling src/core/telemetry/metrics.cc; 4s processwrapper-sandbox ... (4 actions running)
[2,132 / 2,221] Compiling src/core/call/call_filters.cc; 3s processwrapper-sandbox ... (4 actions running)
[2,133 / 2,221] Compiling src/core/call/call_filters.cc; 5s processwrapper-sandbox ... (4 actions, 3 running)
INFO: From Compiling src/core/call/call_filters.cc:
In file included from external/grpc+/src/core/call/call_filters.h:26,
                 from external/grpc+/src/core/call/call_filters.cc:15:
external/grpc+/src/core/call/call_state.h: In static member function 'static const char* grpc_core::CallState::ServerToClientPullStateString(ServerToClientPullState)':
external/grpc+/src/core/call/call_state.h:244:3: warning: control reaches end of non-void function [-Wreturn-type]
  244 |   }
      |   ^
external/grpc+/src/core/call/call_state.h: In static member function 'static const char* grpc_core::CallState::ServerTrailingMetadataStateString(ServerTrailingMetadataState)':
external/grpc+/src/core/call/call_state.h:314:3: warning: control reaches end of non-void function [-Wreturn-type]
  314 |   }
      |   ^
external/grpc+/src/core/call/call_state.h: In static member function 'static const char* grpc_core::CallState::ServerToClientPushStateString(ServerToClientPushState)':
external/grpc+/src/core/call/call_state.h:284:3: warning: control reaches end of non-void function [-Wreturn-type]
  284 |   }
      |   ^
external/grpc+/src/core/call/call_state.h: In static member function 'static const char* grpc_core::CallState::ClientToServerPushStateString(ClientToServerPushState)':
external/grpc+/src/core/call/call_state.h:191:3: warning: control reaches end of non-void function [-Wreturn-type]
  191 |   }
      |   ^
[2,135 / 2,221] Compiling src/core/call/call_spine.cc; 6s processwrapper-sandbox ... (4 actions running)
[2,136 / 2,221] Compiling src/core/call/call_spine.cc; 9s processwrapper-sandbox ... (4 actions, 3 running)
INFO: From Compiling src/core/call/call_spine.cc:
In file included from external/grpc+/src/core/lib/promise/activity.h:30,
                 from external/grpc+/src/core/lib/resource_quota/memory_quota.h:39,
                 from external/grpc+/src/core/lib/resource_quota/arena.h:39,
                 from external/grpc+/src/core/call/call_arena_allocator.h:24,
                 from external/grpc+/src/core/call/call_spine.h:23,
                 from external/grpc+/src/core/call/call_spine.cc:15:
external/grpc+/src/core/lib/promise/detail/promise_factory.h:132:5: warning: 'always_inline' function might not be inlinable [-Wattributes]
  132 |     PromiseFactoryImpl(Token, F&& f, A&& arg) {
      |     ^~~~~~~~~~~~~~~~~~
external/grpc+/src/core/lib/promise/detail/promise_factory.h:132:5: warning: 'always_inline' function might not be inlinable [-Wattributes]
external/grpc+/src/core/lib/promise/detail/promise_factory.h:132:5: warning: 'always_inline' function might not be inlinable [-Wattributes]
In file included from external/grpc+/src/core/call/call_filters.h:26,
                 from external/grpc+/src/core/call/call_spine.h:24:
external/grpc+/src/core/call/call_state.h: In static member function 'static const char* grpc_core::CallState::ServerTrailingMetadataStateString(ServerTrailingMetadataState)':
external/grpc+/src/core/call/call_state.h:314:3: warning: control reaches end of non-void function [-Wreturn-type]
  314 |   }
      |   ^
external/grpc+/src/core/call/call_state.h: In static member function 'static const char* grpc_core::CallState::ClientToServerPullStateString(ClientToServerPullState)':
external/grpc+/src/core/call/call_state.h:161:3: warning: control reaches end of non-void function [-Wreturn-type]
  161 |   }
      |   ^
external/grpc+/src/core/call/call_state.h: In static member function 'static const char* grpc_core::CallState::ClientToServerPushStateString(ClientToServerPushState)':
external/grpc+/src/core/call/call_state.h:191:3: warning: control reaches end of non-void function [-Wreturn-type]
  191 |   }
      |   ^
external/grpc+/src/core/call/call_state.h: In static member function 'static const char* grpc_core::CallState::ServerToClientPullStateString(ServerToClientPullState)':
external/grpc+/src/core/call/call_state.h:244:3: warning: control reaches end of non-void function [-Wreturn-type]
  244 |   }
      |   ^
external/grpc+/src/core/call/call_state.h: In static member function 'static const char* grpc_core::CallState::ServerToClientPushStateString(ServerToClientPushState)':
external/grpc+/src/core/call/call_state.h:284:3: warning: control reaches end of non-void function [-Wreturn-type]
  284 |   }
      |   ^
[2,137 / 2,221] Compiling src/core/call/interception_chain.cc; 5s processwrapper-sandbox ... (4 actions running)
[2,138 / 2,221] Compiling src/core/lib/surface/channel_init.cc; 6s processwrapper-sandbox ... (4 actions, 3 running)
[2,139 / 2,221] Compiling src/core/config/core_configuration.cc; 4s processwrapper-sandbox ... (4 actions, 3 running)
[2,139 / 2,221] Compiling src/core/config/core_configuration.cc; 5s processwrapper-sandbox ... (4 actions running)
[2,140 / 2,221] Compiling src/core/lib/event_engine/default_event_engine.cc; 5s processwrapper-sandbox ... (4 actions, 3 running)
INFO: From Compiling proto/greeter.grpc.pb.cc:
In file included from external/grpc+/include/grpcpp/security/tls_credentials_options.h:25,
                 from external/grpc+/include/grpcpp/security/server_credentials.h:25,
                 from external/grpc+/include/grpcpp/server.h:32,
                 from external/grpc+/include/grpcpp/impl/server_callback_handlers.h:25,
                 from external/grpc+/include/grpcpp/generic/callback_generic_service.h:23,
                 from external/grpc+/include/grpcpp/generic/async_generic_service.h:23,
                 from bazel-out/k8-fastbuild/bin/proto/greeter.grpc.pb.h:10,
                 from bazel-out/k8-fastbuild/bin/proto/greeter.grpc.pb.cc:6:
external/grpc+/include/grpcpp/security/tls_certificate_provider.h:72:25: warning: 'IdentityKeyCertPair' is deprecated: Use IdentityKeyOrSignerCertPair instead [-Wdeprecated-declarations]
   72 |       const std::vector<IdentityKeyCertPair>& identity_key_cert_pairs);
      |                         ^~~~~~~~~~~~~~~~~~~
external/grpc+/include/grpcpp/security/tls_certificate_provider.h:49:5: note: declared here
   49 |     IdentityKeyCertPair {
      |     ^~~~~~~~~~~~~~~~~~~
external/grpc+/include/grpcpp/security/tls_certificate_provider.h:78:25: warning: 'IdentityKeyCertPair' is deprecated: Use IdentityKeyOrSignerCertPair instead [-Wdeprecated-declarations]
   78 |       const std::vector<IdentityKeyCertPair>& identity_key_cert_pairs)
      |                         ^~~~~~~~~~~~~~~~~~~
external/grpc+/include/grpcpp/security/tls_certificate_provider.h:49:5: note: declared here
   49 |     IdentityKeyCertPair {
      |     ^~~~~~~~~~~~~~~~~~~
external/grpc+/include/grpcpp/security/tls_certificate_provider.h:179:19: warning: 'IdentityKeyCertPair' is deprecated: Use IdentityKeyOrSignerCertPair instead [-Wdeprecated-declarations]
  179 |       std::vector<IdentityKeyCertPair> identity_key_cert_pairs);
      |                   ^~~~~~~~~~~~~~~~~~~
external/grpc+/include/grpcpp/security/tls_certificate_provider.h:49:5: note: declared here
   49 |     IdentityKeyCertPair {
      |     ^~~~~~~~~~~~~~~~~~~
external/grpc+/include/grpcpp/security/tls_credentials_options.h: In constructor 'grpc::experimental::TlsServerCredentialsOptions::TlsServerCredentialsOptions(std::shared_ptr<grpc::experimental::CertificateProviderInterface>)':
external/grpc+/include/grpcpp/security/tls_credentials_options.h:209:29: warning: 'void grpc::experimental::TlsCredentialsOptions::set_certificate_provider(std::shared_ptr<grpc::experimental::CertificateProviderInterface>)' is deprecated: Use set_root_certificate_provider() or set_identity_certificate_provider() instead. [-Wdeprecated-declarations]
  209 |     set_certificate_provider(certificate_provider);
      |     ~~~~~~~~~~~~~~~~~~~~~~~~^~~~~~~~~~~~~~~~~~~~~~
external/grpc+/include/grpcpp/security/tls_credentials_options.h:58:8: note: declared here
   58 |   void set_certificate_provider(
      |        ^~~~~~~~~~~~~~~~~~~~~~~~
[2,145 / 2,221] Compiling src/core/lib/resource_quota/api.cc; 3s processwrapper-sandbox ... (4 actions, 3 running)
[2,149 / 2,221] Compiling src/core/lib/resource_quota/api.cc; 5s processwrapper-sandbox ... (4 actions running)
[2,150 / 2,221] Compiling src/core/lib/resource_quota/api.cc; 6s processwrapper-sandbox ... (4 actions running)
[2,153 / 2,221] Compiling src/core/call/client_call.cc; 3s processwrapper-sandbox ... (4 actions, 3 running)
[2,158 / 2,221] Compiling src/core/call/client_call.cc; 5s processwrapper-sandbox ... (4 actions running)
[2,159 / 2,221] Compiling src/core/call/client_call.cc; 7s processwrapper-sandbox ... (4 actions, 3 running)
[2,160 / 2,221] Compiling src/core/call/client_call.cc; 9s processwrapper-sandbox ... (4 actions running)
INFO: From Compiling src/core/call/client_call.cc:
In file included from external/grpc+/src/core/call/call_filters.h:26,
                 from external/grpc+/src/core/call/call_spine.h:24,
                 from external/grpc+/src/core/call/call_destination.h:20,
                 from external/grpc+/src/core/lib/transport/transport.h:36,
                 from external/grpc+/src/core/lib/channel/channel_stack.h:63,
                 from external/grpc+/src/core/lib/surface/call.h:32,
                 from external/grpc+/src/core/call/client_call.h:43,
                 from external/grpc+/src/core/call/client_call.cc:15:
external/grpc+/src/core/call/call_state.h: In static member function 'static const char* grpc_core::CallState::ServerToClientPullStateString(ServerToClientPullState)':
external/grpc+/src/core/call/call_state.h:244:3: warning: control reaches end of non-void function [-Wreturn-type]
  244 |   }
      |   ^
external/grpc+/src/core/call/call_state.h: In static member function 'static const char* grpc_core::CallState::ServerToClientPushStateString(ServerToClientPushState)':
external/grpc+/src/core/call/call_state.h:284:3: warning: control reaches end of non-void function [-Wreturn-type]
  284 |   }
      |   ^
external/grpc+/src/core/call/call_state.h: In static member function 'static const char* grpc_core::CallState::ClientToServerPushStateString(ClientToServerPushState)':
external/grpc+/src/core/call/call_state.h:191:3: warning: control reaches end of non-void function [-Wreturn-type]
  191 |   }
      |   ^
external/grpc+/src/core/call/call_state.h: In static member function 'static const char* grpc_core::CallState::ServerTrailingMetadataStateString(ServerTrailingMetadataState)':
external/grpc+/src/core/call/call_state.h:314:3: warning: control reaches end of non-void function [-Wreturn-type]
  314 |   }
      |   ^
[2,163 / 2,221] Compiling src/core/lib/iomgr/tcp_server_posix.cc; 6s processwrapper-sandbox ... (4 actions, 3 running)
[2,165 / 2,221] Compiling src/core/lib/iomgr/tcp_posix.cc; 4s processwrapper-sandbox ... (4 actions, 3 running)
[2,166 / 2,221] Compiling src/core/lib/iomgr/tcp_client_posix.cc; 3s processwrapper-sandbox ... (4 actions running)
[2,167 / 2,221] Compiling src/core/call/server_call.cc; 3s processwrapper-sandbox ... (4 actions, 3 running)
[2,170 / 2,221] Compiling src/core/call/server_call.cc; 5s processwrapper-sandbox ... (4 actions, 3 running)
[2,170 / 2,221] Compiling src/core/call/server_call.cc; 6s processwrapper-sandbox ... (4 actions running)
[2,172 / 2,221] Compiling src/core/call/server_call.cc; 8s processwrapper-sandbox ... (4 actions, 3 running)
[2,175 / 2,221] Compiling src/core/call/server_call.cc; 9s processwrapper-sandbox ... (4 actions running)
INFO: From Compiling src/core/call/server_call.cc:
In file included from external/grpc+/src/core/call/call_filters.h:26,
                 from external/grpc+/src/core/call/call_spine.h:24,
                 from external/grpc+/src/core/call/call_destination.h:20,
                 from external/grpc+/src/core/lib/transport/transport.h:36,
                 from external/grpc+/src/core/lib/channel/channel_stack.h:63,
                 from external/grpc+/src/core/lib/surface/call.h:32,
                 from external/grpc+/src/core/call/server_call.h:46,
                 from external/grpc+/src/core/call/server_call.cc:15:
external/grpc+/src/core/call/call_state.h: In static member function 'static const char* grpc_core::CallState::ClientToServerPullStateString(ClientToServerPullState)':
external/grpc+/src/core/call/call_state.h:161:3: warning: control reaches end of non-void function [-Wreturn-type]
  161 |   }
      |   ^
external/grpc+/src/core/call/call_state.h: In static member function 'static const char* grpc_core::CallState::ClientToServerPushStateString(ClientToServerPushState)':
external/grpc+/src/core/call/call_state.h:191:3: warning: control reaches end of non-void function [-Wreturn-type]
  191 |   }
      |   ^
external/grpc+/src/core/call/call_state.h: In static member function 'static const char* grpc_core::CallState::ServerTrailingMetadataStateString(ServerTrailingMetadataState)':
external/grpc+/src/core/call/call_state.h:314:3: warning: control reaches end of non-void function [-Wreturn-type]
  314 |   }
      |   ^
external/grpc+/src/core/call/call_state.h: In static member function 'static const char* grpc_core::CallState::ServerToClientPushStateString(ServerToClientPushState)':
external/grpc+/src/core/call/call_state.h:284:3: warning: control reaches end of non-void function [-Wreturn-type]
  284 |   }
      |   ^
[2,178 / 2,221] Compiling src/core/lib/iomgr/polling_entity.cc; 1s processwrapper-sandbox ... (4 actions, 3 running)
[2,182 / 2,221] Compiling src/core/lib/iomgr/lockfree_event.cc; 2s processwrapper-sandbox ... (4 actions, 3 running)
[2,185 / 2,221] Compiling src/core/lib/iomgr/iomgr_posix.cc; 2s processwrapper-sandbox ... (4 actions running)
[2,188 / 2,221] Compiling src/core/lib/channel/channel_stack.cc; 2s processwrapper-sandbox ... (4 actions, 3 running)
[2,188 / 2,221] Compiling src/core/lib/channel/channel_stack.cc; 4s processwrapper-sandbox ... (4 actions running)
[2,190 / 2,221] Compiling src/core/lib/channel/channel_stack.cc; 6s processwrapper-sandbox ... (4 actions running)
[2,192 / 2,221] Compiling src/core/lib/iomgr/event_engine_shims/tcp_client.cc; 5s processwrapper-sandbox ... (4 actions, 3 running)
[2,198 / 2,221] Compiling src/core/lib/channel/channel_stack_builder_impl.cc; 2s processwrapper-sandbox ... (4 actions running)
[2,199 / 2,221] Compiling src/core/lib/channel/channel_stack_builder_impl.cc; 3s processwrapper-sandbox ... (4 actions, 3 running)
[2,201 / 2,221] Compiling src/core/lib/channel/channel_stack_builder_impl.cc; 5s processwrapper-sandbox ... (4 actions running)
[2,203 / 2,221] Compiling src/core/lib/iomgr/endpoint_pair_posix.cc; 6s processwrapper-sandbox ... (4 actions, 3 running)
[2,205 / 2,221] Compiling src/core/lib/transport/transport_op_string.cc; 4s processwrapper-sandbox ... (4 actions running)
[2,206 / 2,221] Compiling src/core/lib/transport/transport_op_string.cc; 5s processwrapper-sandbox ... (4 actions running)
[2,208 / 2,221] Compiling src/core/lib/channel/connected_channel.cc; 4s processwrapper-sandbox ... (4 actions, 3 running)
INFO: From Compiling src/core/lib/channel/connected_channel.cc:
In file included from external/grpc+/src/core/lib/channel/connected_channel.cc:53:
external/grpc+/src/core/lib/promise/loop.h:215:31: warning: attribute ignored in declaration of 'union grpc_core::Loop<F, kYield>::<unnamed>' [-Wattributes]
  215 |   GPR_NO_UNIQUE_ADDRESS union {
      |                               ^
external/grpc+/src/core/lib/promise/loop.h:215:31: note: attribute for 'union grpc_core::Loop<F, kYield>::<unnamed>' must follow the 'union' keyword
[2,209 / 2,221] Compiling src/core/lib/transport/transport.cc; 5s processwrapper-sandbox ... (4 actions, 3 running)
[2,209 / 2,221] Compiling src/core/lib/transport/transport.cc; 6s processwrapper-sandbox ... (4 actions running)
[2,210 / 2,221] Compiling src/core/lib/surface/lame_client.cc; 4s processwrapper-sandbox ... (4 actions running)
[2,211 / 2,221] Compiling src/core/lib/surface/lame_client.cc; 6s processwrapper-sandbox ... (4 actions running)
[2,214 / 2,221] Compiling src/core/lib/channel/promise_based_filter.cc; 5s processwrapper-sandbox ... (4 actions, 3 running)
[2,214 / 2,221] Compiling src/core/lib/channel/promise_based_filter.cc; 7s processwrapper-sandbox ... (4 actions running)
[2,215 / 2,221] Compiling src/core/lib/channel/promise_based_filter.cc; 8s processwrapper-sandbox ... (4 actions running)
[2,216 / 2,221] Compiling src/core/lib/channel/promise_based_filter.cc; 9s processwrapper-sandbox ... (4 actions, 3 running)
[2,218 / 2,221] Compiling src/core/lib/surface/call_log_batch.cc; 5s processwrapper-sandbox ... (3 actions running)
[2,220 / 2,221] Compiling src/core/lib/surface/call.cc; 3s processwrapper-sandbox
INFO: Found 6 targets...
[2,221 / 2,221] no actions running
INFO: Elapsed time: 702.395s, Critical Path: 85.58s
INFO: 2221 processes: 806 internal, 1415 processwrapper-sandbox.
INFO: Build completed successfully, 2221 total actions
