2026/10/09 05:08:35 Downloading https://releases.bazel.build/8.8.1/release/bazel-8.8.1-linux-x86_64...
Extracting Bazel installation...
Starting local Bazel server (8.8.1) and connecting to it...
Computing main repo mapping: 
Computing main repo mapping: 
Computing main repo mapping: 
Computing main repo mapping: 
Computing main repo mapping: 
Loading: 
Loading: 0 packages loaded
Loading: 0 packages loaded
Loading: 0 packages loaded
    currently loading: proto
Loading: 0 packages loaded
    currently loading: proto
Analyzing: 6 targets (1 packages loaded, 0 targets configured)
Analyzing: 6 targets (1 packages loaded, 0 targets configured)

Analyzing: 6 targets (34 packages loaded, 45 targets configured)

Analyzing: 6 targets (82 packages loaded, 48 targets configured)

Analyzing: 6 targets (105 packages loaded, 1852 targets configured)

Analyzing: 6 targets (117 packages loaded, 7349 targets configured)

Analyzing: 6 targets (151 packages loaded, 8119 targets configured)

Analyzing: 6 targets (174 packages loaded, 11613 targets configured)

Analyzing: 6 targets (198 packages loaded, 13290 targets configured)

Analyzing: 6 targets (202 packages loaded, 13737 targets configured)
[13 / 338] Compiling absl/time/internal/cctz/src/time_zone_posix.cc [for tool]; 0s processwrapper-sandbox ... (4 actions running)
Analyzing: 6 targets (203 packages loaded, 13950 targets configured)
[15 / 338] Compiling absl/strings/internal/charconv_parse.cc [for tool]; 1s processwrapper-sandbox ... (4 actions, 3 running)
Analyzing: 6 targets (203 packages loaded, 13950 targets configured)
[17 / 338] Compiling absl/time/internal/cctz/src/time_zone_lookup.cc [for tool]; 1s processwrapper-sandbox ... (4 actions running)
Analyzing: 6 targets (204 packages loaded, 13950 targets configured)
[19 / 338] Compiling absl/strings/internal/charconv_bigint.cc [for tool]; 1s processwrapper-sandbox ... (4 actions running)
Analyzing: 6 targets (206 packages loaded, 19744 targets configured)
[20 / 338] Compiling absl/strings/internal/charconv_bigint.cc [for tool]; 2s processwrapper-sandbox ... (4 actions running)
Analyzing: 6 targets (206 packages loaded, 19755 targets configured)
[22 / 338] Compiling absl/time/internal/cctz/src/time_zone_info.cc [for tool]; 3s processwrapper-sandbox ... (4 actions running)
Analyzing: 6 targets (206 packages loaded, 19755 targets configured)
[24 / 338] Compiling absl/time/internal/cctz/src/time_zone_info.cc [for tool]; 4s processwrapper-sandbox ... (4 actions running)
Analyzing: 6 targets (206 packages loaded, 19755 targets configured)
[31 / 338] Compiling absl/strings/charconv.cc [for tool]; 0s processwrapper-sandbox ... (4 actions, 3 running)
Analyzing: 6 targets (206 packages loaded, 19755 targets configured)
[39 / 338] Compiling absl/numeric/int128.cc [for tool]; 0s processwrapper-sandbox ... (4 actions, 3 running)
Analyzing: 6 targets (206 packages loaded, 19755 targets configured)
[42 / 338] Compiling absl/strings/substitute.cc [for tool]; 1s processwrapper-sandbox ... (4 actions, 3 running)
Analyzing: 6 targets (206 packages loaded, 19755 targets configured)
[45 / 338] Compiling absl/strings/str_replace.cc [for tool]; 1s processwrapper-sandbox ... (4 actions, 3 running)
Analyzing: 6 targets (206 packages loaded, 19755 targets configured)
[47 / 338] Compiling absl/strings/numbers.cc [for tool]; 1s processwrapper-sandbox ... (4 actions, 3 running)
Analyzing: 6 targets (206 packages loaded, 19755 targets configured)
[51 / 338] Compiling absl/time/duration.cc [for tool]; 0s processwrapper-sandbox ... (4 actions, 3 running)
Analyzing: 6 targets (206 packages loaded, 19755 targets configured)
[280 / 942] Compiling absl/time/duration.cc [for tool]; 1s processwrapper-sandbox ... (4 actions, 3 running)
Analyzing: 6 targets (206 packages loaded, 19755 targets configured)
[321 / 942] Compiling absl/log/internal/check_op.cc [for tool]; 1s processwrapper-sandbox ... (4 actions running)
Analyzing: 6 targets (206 packages loaded, 19755 targets configured)
[333 / 942] Compiling absl/time/civil_time.cc [for tool]; 1s processwrapper-sandbox ... (3 actions running)
Analyzing: 6 targets (206 packages loaded, 19755 targets configured)
[353 / 942] Compiling absl/base/internal/low_level_alloc.cc [for tool]; 1s processwrapper-sandbox ... (4 actions running)
Analyzing: 6 targets (206 packages loaded, 19755 targets configured)
[357 / 942] Compiling src/google/protobuf/compiler/rust/relative_path.cc [for tool]; 1s processwrapper-sandbox ... (4 actions running)
Analyzing: 6 targets (206 packages loaded, 19755 targets configured)
[415 / 942] Compiling absl/debugging/internal/demangle.cc [for tool]; 1s processwrapper-sandbox ... (4 actions running)
Analyzing: 6 targets (206 packages loaded, 19755 targets configured)
[418 / 942] Compiling absl/debugging/symbolize.cc [for tool]; 1s processwrapper-sandbox ... (4 actions running)
Analyzing: 6 targets (206 packages loaded, 19755 targets configured)
[422 / 942] Compiling absl/synchronization/mutex.cc [for tool]; 1s processwrapper-sandbox ... (4 actions running)
Analyzing: 6 targets (206 packages loaded, 19755 targets configured)
[425 / 942] Compiling absl/synchronization/mutex.cc [for tool]; 2s processwrapper-sandbox ... (4 actions running)
Analyzing: 6 targets (206 packages loaded, 19755 targets configured)
[428 / 942] Compiling absl/synchronization/internal/futex_waiter.cc [for tool]; 1s processwrapper-sandbox ... (4 actions running)
Analyzing: 6 targets (206 packages loaded, 19755 targets configured)
[430 / 942] Compiling absl/synchronization/blocking_counter.cc [for tool]; 1s processwrapper-sandbox ... (4 actions running)
Analyzing: 6 targets (206 packages loaded, 19755 targets configured)
[433 / 942] Compiling absl/log/internal/vlog_config.cc [for tool]; 1s processwrapper-sandbox ... (4 actions running)
Analyzing: 6 targets (206 packages loaded, 19755 targets configured)
[434 / 942] Compiling absl/log/internal/vlog_config.cc [for tool]; 2s processwrapper-sandbox ... (4 actions, 3 running)
Analyzing: 6 targets (206 packages loaded, 19755 targets configured)
[435 / 942] Compiling absl/log/internal/vlog_config.cc [for tool]; 3s processwrapper-sandbox ... (4 actions, 3 running)
Analyzing: 6 targets (206 packages loaded, 19755 targets configured)
[438 / 942] Compiling absl/strings/internal/str_format/parser.cc [for tool]; 1s processwrapper-sandbox ... (4 actions, 3 running)
Analyzing: 6 targets (206 packages loaded, 19755 targets configured)
[439 / 942] Compiling absl/strings/internal/str_format/parser.cc [for tool]; 2s processwrapper-sandbox ... (4 actions, 3 running)
Analyzing: 6 targets (206 packages loaded, 19755 targets configured)
[440 / 942] Compiling absl/strings/internal/str_format/parser.cc [for tool]; 3s processwrapper-sandbox ... (4 actions running)
Analyzing: 6 targets (206 packages loaded, 19755 targets configured)
[441 / 942] Compiling absl/strings/internal/str_format/float_conversion.cc [for tool]; 3s processwrapper-sandbox ... (4 actions running)
Analyzing: 6 targets (206 packages loaded, 19755 targets configured)
[443 / 942] Compiling absl/strings/internal/str_format/arg.cc [for tool]; 3s processwrapper-sandbox ... (4 actions running)
Analyzing: 6 targets (206 packages loaded, 19755 targets configured)
[444 / 942] Compiling absl/strings/internal/str_format/arg.cc [for tool]; 4s processwrapper-sandbox ... (4 actions running)
Analyzing: 6 targets (206 packages loaded, 19755 targets configured)
[447 / 942] Compiling absl/log/internal/log_sink_set.cc [for tool]; 1s processwrapper-sandbox ... (4 actions running)
Analyzing: 6 targets (206 packages loaded, 19755 targets configured)
[453 / 942] Compiling absl/log/internal/log_format.cc [for tool]; 0s processwrapper-sandbox ... (4 actions running)
Analyzing: 6 targets (206 packages loaded, 19755 targets configured)
[455 / 942] Compiling absl/log/internal/log_message.cc [for tool]; 1s processwrapper-sandbox ... (4 actions running)
Analyzing: 6 targets (206 packages loaded, 19755 targets configured)
[458 / 942] Compiling src/google/protobuf/port.cc [for tool]; 2s processwrapper-sandbox ... (4 actions running)
Analyzing: 6 targets (206 packages loaded, 19755 targets configured)
[461 / 942] Compiling absl/strings/internal/cordz_handle.cc [for tool]; 1s processwrapper-sandbox ... (4 actions running)
Analyzing: 6 targets (206 packages loaded, 19755 targets configured)
[462 / 942] Compiling absl/crc/internal/crc_non_temporal_memcpy.cc [for tool]; 1s processwrapper-sandbox ... (4 actions running)
Analyzing: 6 targets (206 packages loaded, 19755 targets configured)
[500 / 942] Compiling absl/crc/internal/crc_cord_state.cc [for tool]; 0s processwrapper-sandbox ... (3 actions running)
Analyzing: 6 targets (206 packages loaded, 19755 targets configured)
[510 / 942] Compiling absl/crc/internal/crc_cord_state.cc [for tool]; 1s processwrapper-sandbox ... (4 actions running)
Analyzing: 6 targets (209 packages loaded, 19773 targets configured)
[803 / 2,011] Compiling deflate.c [for tool]; 1s processwrapper-sandbox ... (4 actions running)
Analyzing: 6 targets (327 packages loaded, 20222 targets configured)
[807 / 2,011] Compiling src/google/protobuf/type_id.cc [for tool]; 1s processwrapper-sandbox ... (4 actions running)
Analyzing: 6 targets (335 packages loaded, 20298 targets configured)
[818 / 2,011] Compiling src/google/protobuf/json/internal/writer.cc; 2s processwrapper-sandbox ... (4 actions running)
Analyzing: 6 targets (342 packages loaded, 20608 targets configured)
[834 / 2,011] Compiling absl/strings/internal/cord_rep_btree.cc [for tool]; 0s processwrapper-sandbox ... (4 actions running)
INFO: Analyzed 6 targets (342 packages loaded, 20622 targets configured).
[841 / 2,011] Compiling absl/strings/internal/cord_rep_btree.cc [for tool]; 1s processwrapper-sandbox ... (4 actions running)
[852 / 2,011] Compiling absl/strings/internal/cord_rep_btree.cc [for tool]; 2s processwrapper-sandbox ... (4 actions running)
[941 / 2,199] Compiling src/google/protobuf/json/internal/message_path.cc; 1s processwrapper-sandbox ... (4 actions running)
[950 / 2,199] Compiling src/google/protobuf/json/internal/message_path.cc; 2s processwrapper-sandbox ... (4 actions running)
[954 / 2,199] Compiling src/google/protobuf/json/internal/lexer.cc; 0s processwrapper-sandbox ... (4 actions running)
[957 / 2,199] Compiling src/google/protobuf/json/internal/lexer.cc; 1s processwrapper-sandbox ... (4 actions running)
[962 / 2,199] Compiling src/google/protobuf/json/internal/lexer.cc; 2s processwrapper-sandbox ... (4 actions running)
[966 / 2,199] Compiling src/core/lib/event_engine/thready_event_engine/thready_event_engine.cc; 1s processwrapper-sandbox ... (4 actions running)
[970 / 2,199] Compiling src/google/protobuf/util/message_differencer.cc; 0s processwrapper-sandbox ... (4 actions running)
[971 / 2,199] Compiling src/google/protobuf/util/message_differencer.cc; 1s processwrapper-sandbox ... (4 actions running)
[975 / 2,199] Compiling src/google/protobuf/util/message_differencer.cc; 2s processwrapper-sandbox ... (4 actions running)
[976 / 2,199] Compiling src/google/protobuf/util/message_differencer.cc; 3s processwrapper-sandbox ... (4 actions running)
[980 / 2,199] Compiling src/google/protobuf/util/message_differencer.cc; 4s processwrapper-sandbox ... (4 actions running)
[983 / 2,199] Compiling src/google/protobuf/util/message_differencer.cc; 5s processwrapper-sandbox ... (4 actions running)
[986 / 2,199] Compiling src/google/protobuf/util/message_differencer.cc; 6s processwrapper-sandbox ... (4 actions running)
[990 / 2,199] Compiling src/google/protobuf/util/field_comparator.cc; 0s processwrapper-sandbox ... (4 actions running)
INFO: From Compiling upb/wire/decode.c [for tool]:
In function '_upb_Decoder_GetAddUnknownMode',
    inlined from '_upb_Decoder_DecodeUnknowns.isra' at external/protobuf+/upb/wire/decode.c:1073:10:
external/protobuf+/upb/wire/decode.c:121:8: warning: 'sv.data' may be used uninitialized [-Wmaybe-uninitialized]
  121 |     if (data != d->input.buffer_start) {
      |        ^
external/protobuf+/upb/wire/decode.c: In function '_upb_Decoder_DecodeUnknowns.isra':
external/protobuf+/upb/wire/decode.c:1069:18: note: 'sv.data' was declared here
 1069 |   upb_StringView sv;
      |                  ^~
external/protobuf+/upb/wire/decode.c:1072:6: warning: 'sv.size' may be used uninitialized [-Wmaybe-uninitialized]
 1072 |   if (UPB_LIKELY(sv.size > 0)) {
      |      ^
external/protobuf+/upb/wire/decode.c:1069:18: note: 'sv.size' was declared here
 1069 |   upb_StringView sv;
      |                  ^~
[994 / 2,199] Compiling src/google/protobuf/util/field_comparator.cc; 1s processwrapper-sandbox ... (4 actions running)
[1,004 / 2,199] Compiling src/google/protobuf/util/field_comparator.cc; 2s processwrapper-sandbox ... (4 actions, 3 running)
INFO: From Compiling src/lib/util/ares_iface_ips.c:
external/c-ares+/src/lib/util/ares_iface_ips.c:140:3: warning: 'ares_iface_ips_add' defined but not used [-Wunused-function]
  140 |   ares_iface_ips_add(ares_iface_ips_t *ips, ares_iface_ip_flags_t flags,
      |   ^~~~~~~~~~~~~~~~~~
[1,021 / 2,199] Compiling src/google/protobuf/util/field_comparator.cc; 3s processwrapper-sandbox ... (4 actions, 3 running)
INFO: From Compiling src/google/protobuf/util/field_comparator.cc:
external/protobuf+/src/google/protobuf/util/field_comparator.cc: In member function 'google::protobuf::util::FieldComparator::ComparisonResult google::protobuf::util::SimpleFieldComparator::SimpleCompare(const google::protobuf::Message&, const google::protobuf::Message&, const google::protobuf::FieldDescriptor*, int, int, const google::protobuf::util::FieldContext*)':
external/protobuf+/src/google/protobuf/util/field_comparator.cc:77:50: warning: 'const google::protobuf::EnumValueDescriptor* google::protobuf::Reflection::GetRepeatedEnum(const google::protobuf::Message&, const google::protobuf::FieldDescriptor*, int) const' is deprecated: Please use GetRepeatedEnumValue() instead. GetRepeatedEnum() will be removed in Q1 2027. [-Wdeprecated-declarations]
   77 |         *field, reflection_1->GetRepeated##METHOD(message_1, field, index_1), \
      |                 ~~~~~~~~~~~~~~~~~~~~~~~~~~~~~~~~~^~~~~~~~~~~~~~~~~~~~~~~~~~~
external/protobuf+/src/google/protobuf/util/field_comparator.cc:91:7: note: in expansion of macro 'COMPARE_FIELD'
   91 |       COMPARE_FIELD(Enum);
      |       ^~~~~~~~~~~~~
In file included from external/protobuf+/src/google/protobuf/util/field_comparator.cc:21:
bazel-out/k8-fastbuild/bin/external/protobuf+/src/google/protobuf/_virtual_includes/protobuf/google/protobuf/message.h:826:3: note: declared here
  826 |   GetRepeatedEnum(const Message& message, const FieldDescriptor* field,
      |   ^~~~~~~~~~~~~~~
external/protobuf+/src/google/protobuf/util/field_comparator.cc:78:42: warning: 'const google::protobuf::EnumValueDescriptor* google::protobuf::Reflection::GetRepeatedEnum(const google::protobuf::Message&, const google::protobuf::FieldDescriptor*, int) const' is deprecated: Please use GetRepeatedEnumValue() instead. GetRepeatedEnum() will be removed in Q1 2027. [-Wdeprecated-declarations]
   78 |         reflection_2->GetRepeated##METHOD(message_2, field, index_2)));       \
      |         ~~~~~~~~~~~~~~~~~~~~~~~~~~~~~~~~~^~~~~~~~~~~~~~~~~~~~~~~~~~~
external/protobuf+/src/google/protobuf/util/field_comparator.cc:91:7: note: in expansion of macro 'COMPARE_FIELD'
   91 |       COMPARE_FIELD(Enum);
      |       ^~~~~~~~~~~~~
bazel-out/k8-fastbuild/bin/external/protobuf+/src/google/protobuf/_virtual_includes/protobuf/google/protobuf/message.h:826:3: note: declared here
  826 |   GetRepeatedEnum(const Message& message, const FieldDescriptor* field,
      |   ^~~~~~~~~~~~~~~
external/protobuf+/src/google/protobuf/util/field_comparator.cc:81:58: warning: 'const google::protobuf::EnumValueDescriptor* google::protobuf::Reflection::GetEnum(const google::protobuf::Message&, const google::protobuf::FieldDescriptor*) const' is deprecated: Please use GetEnumValue() instead. GetEnum() will be removed in Q1 2027. [-Wdeprecated-declarations]
   81 |         Compare##METHOD(*field, reflection_1->Get##METHOD(message_1, field),  \
      |                                 ~~~~~~~~~~~~~~~~~~~~~~~~~^~~~~~~~~~~~~~~~~~
external/protobuf+/src/google/protobuf/util/field_comparator.cc:91:7: note: in expansion of macro 'COMPARE_FIELD'
   91 |       COMPARE_FIELD(Enum);
      |       ^~~~~~~~~~~~~
bazel-out/k8-fastbuild/bin/external/protobuf+/src/google/protobuf/_virtual_includes/protobuf/google/protobuf/message.h:639:3: note: declared here
  639 |   GetEnum(const Message& message, const FieldDescriptor* field) const;
      |   ^~~~~~~
external/protobuf+/src/google/protobuf/util/field_comparator.cc:82:50: warning: 'const google::protobuf::EnumValueDescriptor* google::protobuf::Reflection::GetEnum(const google::protobuf::Message&, const google::protobuf::FieldDescriptor*) const' is deprecated: Please use GetEnumValue() instead. GetEnum() will be removed in Q1 2027. [-Wdeprecated-declarations]
   82 |                         reflection_2->Get##METHOD(message_2, field)));        \
      |                         ~~~~~~~~~~~~~~~~~~~~~~~~~^~~~~~~~~~~~~~~~~~
external/protobuf+/src/google/protobuf/util/field_comparator.cc:91:7: note: in expansion of macro 'COMPARE_FIELD'
   91 |       COMPARE_FIELD(Enum);
      |       ^~~~~~~~~~~~~
bazel-out/k8-fastbuild/bin/external/protobuf+/src/google/protobuf/_virtual_includes/protobuf/google/protobuf/message.h:639:3: note: declared here
  639 |   GetEnum(const Message& message, const FieldDescriptor* field) const;
      |   ^~~~~~~
[1,037 / 2,199] Compiling upb_generator/file_layout.cc [for tool]; 1s processwrapper-sandbox ... (4 actions, 3 running)
[1,059 / 2,199] Compiling absl/status/internal/status_internal.cc [for tool]; 0s processwrapper-sandbox ... (4 actions, 3 running)
[1,087 / 2,199] Compiling absl/status/internal/status_internal.cc [for tool]; 1s processwrapper-sandbox ... (4 actions, 3 running)
[1,105 / 2,199] Compiling src/google/protobuf/compiler/parser.cc; 2s processwrapper-sandbox ... (4 actions running)
[1,108 / 2,199] Compiling src/google/protobuf/compiler/parser.cc; 3s processwrapper-sandbox ... (4 actions running)
[1,110 / 2,199] Compiling src/google/protobuf/compiler/parser.cc; 5s processwrapper-sandbox ... (4 actions, 3 running)
[1,117 / 2,199] Compiling src/core/lib/event_engine/time_util.cc; 0s processwrapper-sandbox ... (4 actions, 3 running)
[1,122 / 2,199] Compiling src/google/protobuf/compiler/importer.cc; 1s processwrapper-sandbox ... (4 actions, 3 running)
[1,124 / 2,199] Compiling src/google/protobuf/compiler/importer.cc; 2s processwrapper-sandbox ... (4 actions, 3 running)
[1,127 / 2,199] Compiling src/google/protobuf/compiler/importer.cc; 3s processwrapper-sandbox ... (4 actions running)
[1,137 / 2,199] Compiling src/core/lib/transport/timeout_encoding.cc; 1s processwrapper-sandbox ... (4 actions, 3 running)
[1,148 / 2,199] Compiling src/google/protobuf/arena.cc [for tool]; 1s processwrapper-sandbox ... (4 actions, 3 running)
[1,153 / 2,199] Compiling src/core/lib/resource_quota/stream_quota.cc; 1s processwrapper-sandbox ... (4 actions running)
[1,158 / 2,199] Compiling src/core/lib/slice/slice_buffer.cc; 1s processwrapper-sandbox ... (4 actions, 3 running)
[1,161 / 2,199] Compiling src/core/util/json/json_reader.cc; 1s processwrapper-sandbox ... (4 actions running)
[1,163 / 2,199] Compiling src/core/util/json/json_reader.cc; 2s processwrapper-sandbox ... (4 actions running)
[1,168 / 2,199] Compiling src/core/util/uri.cc; 0s processwrapper-sandbox ... (4 actions running)
[1,170 / 2,199] Compiling src/google/protobuf/repeated_ptr_field.cc; 1s processwrapper-sandbox ... (4 actions, 3 running)
[1,175 / 2,199] Compiling src/google/protobuf/extension_set.cc [for tool]; 3s processwrapper-sandbox ... (4 actions, 3 running)
[1,180 / 2,199] Compiling src/google/protobuf/extension_set.cc [for tool]; 4s processwrapper-sandbox ... (4 actions running)
[1,187 / 2,199] Compiling src/google/protobuf/parse_context.cc; 2s processwrapper-sandbox ... (4 actions, 3 running)
[1,190 / 2,199] Compiling src/google/protobuf/generated_enum_util.cc [for tool]; 1s processwrapper-sandbox ... (4 actions running)
[1,191 / 2,199] Compiling src/google/protobuf/generated_enum_util.cc [for tool]; 2s processwrapper-sandbox ... (4 actions running)
[1,196 / 2,199] Compiling src/google/protobuf/generated_message_tctable_lite.cc [for tool]; 0s processwrapper-sandbox ... (4 actions running)
[1,197 / 2,199] Compiling src/google/protobuf/generated_message_tctable_lite.cc [for tool]; 2s processwrapper-sandbox ... (4 actions, 3 running)
[1,201 / 2,199] Compiling src/google/protobuf/generated_message_tctable_lite.cc [for tool]; 3s processwrapper-sandbox ... (4 actions, 3 running)
[1,204 / 2,199] Compiling src/google/protobuf/generated_message_tctable_lite.cc [for tool]; 4s processwrapper-sandbox ... (4 actions running)
[1,210 / 2,199] Compiling src/google/protobuf/generated_message_tctable_lite.cc [for tool]; 5s processwrapper-sandbox ... (4 actions running)
[1,213 / 2,199] Compiling src/google/protobuf/generated_message_tctable_lite.cc [for tool]; 7s processwrapper-sandbox ... (4 actions, 3 running)
[1,219 / 2,199] Compiling src/google/protobuf/generated_message_tctable_lite.cc [for tool]; 8s processwrapper-sandbox ... (4 actions, 3 running)
[1,223 / 2,199] Compiling src/google/protobuf/generated_message_tctable_lite.cc [for tool]; 9s processwrapper-sandbox ... (4 actions, 3 running)
[1,229 / 2,199] Compiling src/google/protobuf/generated_message_tctable_lite.cc; 1s processwrapper-sandbox ... (4 actions running)
[1,231 / 2,199] Compiling src/google/protobuf/generated_message_tctable_lite.cc; 2s processwrapper-sandbox ... (4 actions running)
[1,233 / 2,199] Compiling src/google/protobuf/generated_message_tctable_lite.cc; 3s processwrapper-sandbox ... (4 actions running)
[1,243 / 2,199] Compiling src/google/protobuf/generated_message_tctable_lite.cc; 4s processwrapper-sandbox ... (4 actions, 3 running)
[1,252 / 2,199] Compiling src/google/protobuf/inlined_string_field.cc [for tool]; 1s processwrapper-sandbox ... (4 actions, 3 running)
[1,256 / 2,199] Compiling src/google/protobuf/generated_enum_util.cc; 1s processwrapper-sandbox ... (4 actions running)
[1,261 / 2,199] Compiling src/google/protobuf/map.cc [for tool]; 2s processwrapper-sandbox ... (4 actions running)
[1,264 / 2,199] Compiling src/google/protobuf/map.cc [for tool]; 3s processwrapper-sandbox ... (4 actions running)
[1,268 / 2,199] Compiling src/google/protobuf/extension_set.cc; 2s processwrapper-sandbox ... (4 actions running)
[1,271 / 2,200] Compiling src/google/protobuf/extension_set.cc; 3s processwrapper-sandbox ... (4 actions running)
[1,273 / 2,200] Compiling src/google/protobuf/extension_set.cc; 4s processwrapper-sandbox ... (4 actions, 3 running)
[1,278 / 2,200] Compiling src/google/protobuf/parse_context.cc [for tool]; 1s processwrapper-sandbox ... (4 actions, 3 running)
[1,284 / 2,200] Compiling src/google/protobuf/parse_context.cc [for tool]; 2s processwrapper-sandbox ... (4 actions, 3 running)
[1,290 / 2,200] Compiling src/google/protobuf/any_lite.cc; 1s processwrapper-sandbox ... (4 actions, 3 running)
[1,299 / 2,200] Compiling src/google/protobuf/repeated_field.cc [for tool]; 1s processwrapper-sandbox ... (4 actions, 3 running)
[1,306 / 2,200] Compiling src/google/protobuf/repeated_ptr_field.cc [for tool]; 0s processwrapper-sandbox ... (4 actions running)
[1,310 / 2,200] Compiling src/google/protobuf/repeated_ptr_field.cc [for tool]; 1s processwrapper-sandbox ... (4 actions running)
[1,317 / 2,200] Compiling src/google/protobuf/wire_format.cc; 0s processwrapper-sandbox ... (4 actions, 3 running)
[1,321 / 2,200] Compiling src/google/protobuf/wire_format.cc; 2s processwrapper-sandbox ... (4 actions, 3 running)
[1,327 / 2,200] Compiling src/google/protobuf/wire_format.cc; 3s processwrapper-sandbox ... (4 actions, 3 running)
[1,328 / 2,200] Compiling src/google/protobuf/wire_format.cc; 4s processwrapper-sandbox ... (4 actions running)
INFO: From Compiling src/google/protobuf/wire_format.cc:
external/protobuf+/src/google/protobuf/wire_format.cc: In static member function 'static uint8_t* google::protobuf::internal::WireFormat::InternalSerializeField(const google::protobuf::FieldDescriptor*, const google::protobuf::Message&, uint8_t*, google::protobuf::io::EpsCopyOutputStream*)':
external/protobuf+/src/google/protobuf/wire_format.cc:1377:54: warning: 'const google::protobuf::EnumValueDescriptor* google::protobuf::Reflection::GetRepeatedEnum(const google::protobuf::Message&, const google::protobuf::FieldDescriptor*, int) const' is deprecated: Please use GetRepeatedEnumValue() instead. GetRepeatedEnum() will be removed in Q1 2027. [-Wdeprecated-declarations]
 1377 |                 ? message_reflection->GetRepeatedEnum(message, field, j)
      |                   ~~~~~~~~~~~~~~~~~~~~~~~~~~~~~~~~~~~^~~~~~~~~~~~~~~~~~~
In file included from bazel-out/k8-fastbuild/bin/external/protobuf+/src/google/protobuf/_virtual_includes/protobuf/google/protobuf/wire_format.h:29,
                 from external/protobuf+/src/google/protobuf/wire_format.cc:12:
bazel-out/k8-fastbuild/bin/external/protobuf+/src/google/protobuf/_virtual_includes/protobuf/google/protobuf/message.h:826:3: note: declared here
  826 |   GetRepeatedEnum(const Message& message, const FieldDescriptor* field,
      |   ^~~~~~~~~~~~~~~
external/protobuf+/src/google/protobuf/wire_format.cc:1378:46: warning: 'const google::protobuf::EnumValueDescriptor* google::protobuf::Reflection::GetEnum(const google::protobuf::Message&, const google::protobuf::FieldDescriptor*) const' is deprecated: Please use GetEnumValue() instead. GetEnum() will be removed in Q1 2027. [-Wdeprecated-declarations]
 1378 |                 : message_reflection->GetEnum(message, field);
      |                   ~~~~~~~~~~~~~~~~~~~~~~~~~~~^~~~~~~~~~~~~~~~
bazel-out/k8-fastbuild/bin/external/protobuf+/src/google/protobuf/_virtual_includes/protobuf/google/protobuf/message.h:639:3: note: declared here
  639 |   GetEnum(const Message& message, const FieldDescriptor* field) const;
      |   ^~~~~~~
external/protobuf+/src/google/protobuf/wire_format.cc: In static member function 'static size_t google::protobuf::internal::WireFormat::FieldDataOnlyByteSize(const google::protobuf::FieldDescriptor*, const google::protobuf::Message&)':
external/protobuf+/src/google/protobuf/wire_format.cc:1714:50: warning: 'const google::protobuf::EnumValueDescriptor* google::protobuf::Reflection::GetRepeatedEnum(const google::protobuf::Message&, const google::protobuf::FieldDescriptor*, int) const' is deprecated: Please use GetRepeatedEnumValue() instead. GetRepeatedEnum() will be removed in Q1 2027. [-Wdeprecated-declarations]
 1714 |               message_reflection->GetRepeatedEnum(message, field, j)->number());
      |               ~~~~~~~~~~~~~~~~~~~~~~~~~~~~~~~~~~~^~~~~~~~~~~~~~~~~~~
bazel-out/k8-fastbuild/bin/external/protobuf+/src/google/protobuf/_virtual_includes/protobuf/google/protobuf/message.h:826:3: note: declared here
  826 |   GetRepeatedEnum(const Message& message, const FieldDescriptor* field,
      |   ^~~~~~~~~~~~~~~
external/protobuf+/src/google/protobuf/wire_format.cc:1718:40: warning: 'const google::protobuf::EnumValueDescriptor* google::protobuf::Reflection::GetEnum(const google::protobuf::Message&, const google::protobuf::FieldDescriptor*) const' is deprecated: Please use GetEnumValue() instead. GetEnum() will be removed in Q1 2027. [-Wdeprecated-declarations]
 1718 |             message_reflection->GetEnum(message, field)->number());
      |             ~~~~~~~~~~~~~~~~~~~~~~~~~~~^~~~~~~~~~~~~~~~
bazel-out/k8-fastbuild/bin/external/protobuf+/src/google/protobuf/_virtual_includes/protobuf/google/protobuf/message.h:639:3: note: declared here
  639 |   GetEnum(const Message& message, const FieldDescriptor* field) const;
      |   ^~~~~~~
[1,332 / 2,200] Compiling src/google/protobuf/io/coded_stream.cc [for tool]; 1s processwrapper-sandbox ... (4 actions, 3 running)
[1,335 / 2,200] Compiling src/google/protobuf/unknown_field_set.cc; 2s processwrapper-sandbox ... (4 actions, 3 running)
[1,339 / 2,200] Compiling src/google/protobuf/text_format.cc; 0s processwrapper-sandbox ... (4 actions, 3 running)
[1,342 / 2,200] Compiling src/google/protobuf/text_format.cc; 2s processwrapper-sandbox ... (4 actions, 3 running)
[1,345 / 2,200] Compiling src/google/protobuf/text_format.cc; 3s processwrapper-sandbox ... (4 actions running)
[1,348 / 2,200] Compiling src/google/protobuf/text_format.cc; 4s processwrapper-sandbox ... (4 actions, 3 running)
[1,352 / 2,200] Compiling src/google/protobuf/text_format.cc; 5s processwrapper-sandbox ... (4 actions, 3 running)
[1,355 / 2,200] Compiling src/google/protobuf/text_format.cc; 6s processwrapper-sandbox ... (4 actions, 3 running)
INFO: From Compiling src/google/protobuf/text_format.cc:
external/protobuf+/src/google/protobuf/text_format.cc: In member function 'google::protobuf::TextFormat::ParseLocation google::protobuf::TextFormat::ParseInfoTree::GetLocation(const google::protobuf::FieldDescriptor*, int) const':
external/protobuf+/src/google/protobuf/text_format.cc:262:26: warning: 'google::protobuf::TextFormat::ParseLocationRange google::protobuf::TextFormat::ParseInfoTree::GetLocationRange(const google::protobuf::FieldDescriptor*, int) const' is deprecated: Please use GetFieldLocation() [-Wdeprecated-declarations]
  262 |   return GetLocationRange(field, index).start;
      |          ~~~~~~~~~~~~~~~~^~~~~~~~~~~~~~
external/protobuf+/src/google/protobuf/text_format.cc:244:32: note: declared here
  244 | TextFormat::ParseLocationRange TextFormat::ParseInfoTree::GetLocationRange(
      |                                ^~~~~~~~~~
external/protobuf+/src/google/protobuf/text_format.cc: In member function 'bool google::protobuf::TextFormat::Parser::ParserImpl::ConsumeFieldValue(google::protobuf::Message*, const google::protobuf::Reflection*, const google::protobuf::FieldDescriptor*)':
external/protobuf+/src/google/protobuf/text_format.cc:966:37: warning: 'const google::protobuf::EnumValueDescriptor* google::protobuf::Reflection::GetEnum(const google::protobuf::Message&, const google::protobuf::FieldDescriptor*) const' is deprecated: Please use GetEnumValue() instead. GetEnum() will be removed in Q1 2027. [-Wdeprecated-declarations]
  966 |             reflection->Get##CPPTYPE(*message, field) &&           \
      |             ~~~~~~~~~~~~~~~~~~~~~~~~^~~~~~~~~~~~~~~~~
external/protobuf+/src/google/protobuf/text_format.cc:1086:9: note: in expansion of macro 'SET_FIELD'
 1086 |         SET_FIELD(Enum, enum, enum_value);
      |         ^~~~~~~~~
In file included from bazel-out/k8-fastbuild/bin/external/protobuf+/src/google/protobuf/_virtual_includes/protobuf/google/protobuf/text_format.h:31,
                 from external/protobuf+/src/google/protobuf/text_format.cc:12:
bazel-out/k8-fastbuild/bin/external/protobuf+/src/google/protobuf/_virtual_includes/protobuf/google/protobuf/message.h:639:3: note: declared here
  639 |   GetEnum(const Message& message, const FieldDescriptor* field) const;
      |   ^~~~~~~
[1,360 / 2,200] Compiling src/google/protobuf/io/gzip_stream.cc [for tool]; 1s processwrapper-sandbox ... (4 actions, 3 running)
[1,365 / 2,200] Compiling src/google/protobuf/symbol_checker.cc; 2s processwrapper-sandbox ... (4 actions, 3 running)
[1,370 / 2,200] Compiling src/google/protobuf/io/tokenizer.cc [for tool]; 1s processwrapper-sandbox ... (4 actions, 3 running)
[1,374 / 2,200] Compiling src/google/protobuf/io/tokenizer.cc [for tool]; 2s processwrapper-sandbox ... (4 actions, 3 running)
[1,378 / 2,200] Compiling src/google/protobuf/symbol.cc; 2s processwrapper-sandbox ... (4 actions running)
[1,383 / 2,200] Compiling absl/synchronization/internal/kernel_timeout.cc; 0s processwrapper-sandbox ... (4 actions, 3 running)
[1,388 / 2,200] Compiling src/google/protobuf/io/zero_copy_sink.cc [for tool]; 1s processwrapper-sandbox ... (4 actions, 3 running)
[1,393 / 2,200] Compiling src/google/protobuf/reflection_ops.cc; 1s processwrapper-sandbox ... (4 actions, 3 running)
[1,396 / 2,200] Compiling src/google/protobuf/reflection_ops.cc; 2s processwrapper-sandbox ... (4 actions, 3 running)
INFO: From Compiling src/google/protobuf/reflection_ops.cc:
external/protobuf+/src/google/protobuf/reflection_ops.cc: In static member function 'static void google::protobuf::internal::ReflectionOps::Merge(const google::protobuf::Message&, google::protobuf::Message*)':
external/protobuf+/src/google/protobuf/reflection_ops.cc:92:56: warning: 'const google::protobuf::EnumValueDescriptor* google::protobuf::Reflection::GetRepeatedEnum(const google::protobuf::Message&, const google::protobuf::FieldDescriptor*, int) const' is deprecated: Please use GetRepeatedEnumValue() instead. GetRepeatedEnum() will be removed in Q1 2027. [-Wdeprecated-declarations]
   92 |         to, field, from_reflection->GetRepeated##METHOD(from, field, j)); \
      |                    ~~~~~~~~~~~~~~~~~~~~~~~~~~~~~~~~~~~~^~~~~~~~~~~~~~~~
external/protobuf+/src/google/protobuf/reflection_ops.cc:103:11: note: in expansion of macro 'HANDLE_TYPE'
  103 |           HANDLE_TYPE(ENUM, Enum);
      |           ^~~~~~~~~~~
In file included from bazel-out/k8-fastbuild/bin/external/protobuf+/src/google/protobuf/_virtual_includes/protobuf/google/protobuf/reflection_ops.h:18,
                 from external/protobuf+/src/google/protobuf/reflection_ops.cc:11:
bazel-out/k8-fastbuild/bin/external/protobuf+/src/google/protobuf/_virtual_includes/protobuf/google/protobuf/message.h:826:3: note: declared here
  826 |   GetRepeatedEnum(const Message& message, const FieldDescriptor* field,
      |   ^~~~~~~~~~~~~~~
external/protobuf+/src/google/protobuf/reflection_ops.cc:125:60: warning: 'const google::protobuf::EnumValueDescriptor* google::protobuf::Reflection::GetEnum(const google::protobuf::Message&, const google::protobuf::FieldDescriptor*) const' is deprecated: Please use GetEnumValue() instead. GetEnum() will be removed in Q1 2027. [-Wdeprecated-declarations]
  125 |                                from_reflection->Get##METHOD(from, field)); \
      |                                ~~~~~~~~~~~~~~~~~~~~~~~~~~~~^~~~~~~~~~~~~
external/protobuf+/src/google/protobuf/reflection_ops.cc:136:9: note: in expansion of macro 'HANDLE_TYPE'
  136 |         HANDLE_TYPE(ENUM, Enum);
      |         ^~~~~~~~~~~
bazel-out/k8-fastbuild/bin/external/protobuf+/src/google/protobuf/_virtual_includes/protobuf/google/protobuf/message.h:639:3: note: declared here
  639 |   GetEnum(const Message& message, const FieldDescriptor* field) const;
      |   ^~~~~~~
[1,401 / 2,200] Compiling src/google/protobuf/io/printer.cc [for tool]; 3s processwrapper-sandbox ... (4 actions, 3 running)
[1,404 / 2,200] Compiling src/google/protobuf/io/printer.cc [for tool]; 4s processwrapper-sandbox ... (4 actions running)
[1,408 / 2,200] Compiling src/google/protobuf/message.cc; 3s processwrapper-sandbox ... (4 actions, 3 running)
[1,410 / 2,200] Compiling src/google/protobuf/message.cc; 4s processwrapper-sandbox ... (4 actions running)
[1,415 / 2,200] Compiling src/google/protobuf/message.cc; 6s processwrapper-sandbox ... (4 actions, 3 running)
[1,419 / 2,200] Compiling src/google/protobuf/compiler/java/java_features.pb.cc [for tool]; 1s processwrapper-sandbox ... (4 actions, 3 running)
[1,421 / 2,200] Compiling src/google/protobuf/compiler/java/java_features.pb.cc [for tool]; 2s processwrapper-sandbox ... (4 actions, 3 running)
[1,425 / 2,200] Compiling src/google/protobuf/map_field.cc; 3s processwrapper-sandbox ... (4 actions running)
[1,430 / 2,200] Compiling src/google/protobuf/compiler/rust/rust_field_type.cc [for tool]; 1s processwrapper-sandbox ... (4 actions running)
[1,432 / 2,200] Compiling src/google/protobuf/json_enumvalue_options.pb.cc; 1s processwrapper-sandbox ... (4 actions running)
[1,436 / 2,200] Compiling src/google/protobuf/json_enumvalue_options.pb.cc; 3s processwrapper-sandbox ... (4 actions, 3 running)
[1,438 / 2,200] Compiling src/google/protobuf/compiler/csharp/names.cc [for tool]; 3s processwrapper-sandbox ... (4 actions, 3 running)
[1,439 / 2,200] Compiling src/google/protobuf/io/printer.cc; 3s processwrapper-sandbox ... (4 actions running)
[1,442 / 2,200] Compiling src/google/protobuf/util/field_comparator.cc [for tool]; 2s processwrapper-sandbox ... (4 actions running)
INFO: From Compiling src/google/protobuf/util/field_comparator.cc [for tool]:
external/protobuf+/src/google/protobuf/util/field_comparator.cc: In member function 'google::protobuf::util::FieldComparator::ComparisonResult google::protobuf::util::SimpleFieldComparator::SimpleCompare(const google::protobuf::Message&, const google::protobuf::Message&, const google::protobuf::FieldDescriptor*, int, int, const google::protobuf::util::FieldContext*)':
external/protobuf+/src/google/protobuf/util/field_comparator.cc:77:50: warning: 'const google::protobuf::EnumValueDescriptor* google::protobuf::Reflection::GetRepeatedEnum(const google::protobuf::Message&, const google::protobuf::FieldDescriptor*, int) const' is deprecated: Please use GetRepeatedEnumValue() instead. GetRepeatedEnum() will be removed in Q1 2027. [-Wdeprecated-declarations]
   77 |         *field, reflection_1->GetRepeated##METHOD(message_1, field, index_1), \
      |                 ~~~~~~~~~~~~~~~~~~~~~~~~~~~~~~~~~^~~~~~~~~~~~~~~~~~~~~~~~~~~
external/protobuf+/src/google/protobuf/util/field_comparator.cc:91:7: note: in expansion of macro 'COMPARE_FIELD'
   91 |       COMPARE_FIELD(Enum);
      |       ^~~~~~~~~~~~~
In file included from external/protobuf+/src/google/protobuf/util/field_comparator.cc:21:
bazel-out/k8-opt-exec-ST-d57f47055a04/bin/external/protobuf+/src/google/protobuf/_virtual_includes/protobuf/google/protobuf/message.h:826:3: note: declared here
  826 |   GetRepeatedEnum(const Message& message, const FieldDescriptor* field,
      |   ^~~~~~~~~~~~~~~
external/protobuf+/src/google/protobuf/util/field_comparator.cc:78:42: warning: 'const google::protobuf::EnumValueDescriptor* google::protobuf::Reflection::GetRepeatedEnum(const google::protobuf::Message&, const google::protobuf::FieldDescriptor*, int) const' is deprecated: Please use GetRepeatedEnumValue() instead. GetRepeatedEnum() will be removed in Q1 2027. [-Wdeprecated-declarations]
   78 |         reflection_2->GetRepeated##METHOD(message_2, field, index_2)));       \
      |         ~~~~~~~~~~~~~~~~~~~~~~~~~~~~~~~~~^~~~~~~~~~~~~~~~~~~~~~~~~~~
external/protobuf+/src/google/protobuf/util/field_comparator.cc:91:7: note: in expansion of macro 'COMPARE_FIELD'
   91 |       COMPARE_FIELD(Enum);
      |       ^~~~~~~~~~~~~
bazel-out/k8-opt-exec-ST-d57f47055a04/bin/external/protobuf+/src/google/protobuf/_virtual_includes/protobuf/google/protobuf/message.h:826:3: note: declared here
  826 |   GetRepeatedEnum(const Message& message, const FieldDescriptor* field,
      |   ^~~~~~~~~~~~~~~
external/protobuf+/src/google/protobuf/util/field_comparator.cc:81:58: warning: 'const google::protobuf::EnumValueDescriptor* google::protobuf::Reflection::GetEnum(const google::protobuf::Message&, const google::protobuf::FieldDescriptor*) const' is deprecated: Please use GetEnumValue() instead. GetEnum() will be removed in Q1 2027. [-Wdeprecated-declarations]
   81 |         Compare##METHOD(*field, reflection_1->Get##METHOD(message_1, field),  \
      |                                 ~~~~~~~~~~~~~~~~~~~~~~~~~^~~~~~~~~~~~~~~~~~
external/protobuf+/src/google/protobuf/util/field_comparator.cc:91:7: note: in expansion of macro 'COMPARE_FIELD'
   91 |       COMPARE_FIELD(Enum);
      |       ^~~~~~~~~~~~~
bazel-out/k8-opt-exec-ST-d57f47055a04/bin/external/protobuf+/src/google/protobuf/_virtual_includes/protobuf/google/protobuf/message.h:639:3: note: declared here
  639 |   GetEnum(const Message& message, const FieldDescriptor* field) const;
      |   ^~~~~~~
external/protobuf+/src/google/protobuf/util/field_comparator.cc:82:50: warning: 'const google::protobuf::EnumValueDescriptor* google::protobuf::Reflection::GetEnum(const google::protobuf::Message&, const google::protobuf::FieldDescriptor*) const' is deprecated: Please use GetEnumValue() instead. GetEnum() will be removed in Q1 2027. [-Wdeprecated-declarations]
   82 |                         reflection_2->Get##METHOD(message_2, field)));        \
      |                         ~~~~~~~~~~~~~~~~~~~~~~~~~^~~~~~~~~~~~~~~~~~
external/protobuf+/src/google/protobuf/util/field_comparator.cc:91:7: note: in expansion of macro 'COMPARE_FIELD'
   91 |       COMPARE_FIELD(Enum);
      |       ^~~~~~~~~~~~~
bazel-out/k8-opt-exec-ST-d57f47055a04/bin/external/protobuf+/src/google/protobuf/_virtual_includes/protobuf/google/protobuf/message.h:639:3: note: declared here
  639 |   GetEnum(const Message& message, const FieldDescriptor* field) const;
      |   ^~~~~~~
[1,445 / 2,200] Compiling src/google/protobuf/generated_message_tctable_gen.cc; 1s processwrapper-sandbox ... (4 actions, 3 running)
[1,447 / 2,200] Compiling src/google/protobuf/generated_message_tctable_gen.cc; 2s processwrapper-sandbox ... (4 actions, 3 running)
[1,448 / 2,200] Compiling src/google/protobuf/util/message_differencer.cc [for tool]; 2s processwrapper-sandbox ... (4 actions, 3 running)
[1,449 / 2,200] Compiling src/google/protobuf/util/message_differencer.cc [for tool]; 3s processwrapper-sandbox ... (4 actions running)
[1,451 / 2,200] Compiling src/google/protobuf/util/message_differencer.cc [for tool]; 5s processwrapper-sandbox ... (4 actions, 3 running)
[1,452 / 2,200] Compiling src/google/protobuf/util/message_differencer.cc [for tool]; 6s processwrapper-sandbox ... (4 actions running)
[1,453 / 2,200] Compiling src/google/protobuf/descriptor.cc; 4s processwrapper-sandbox ... (4 actions, 3 running)
[1,453 / 2,200] Compiling src/google/protobuf/descriptor.cc; 5s processwrapper-sandbox ... (4 actions running)
[1,454 / 2,200] Compiling src/google/protobuf/descriptor.cc; 7s processwrapper-sandbox ... (4 actions, 3 running)
[1,455 / 2,200] Compiling src/google/protobuf/descriptor.cc; 9s processwrapper-sandbox ... (4 actions running)
[1,457 / 2,200] Compiling src/google/protobuf/descriptor.cc; 10s processwrapper-sandbox ... (4 actions, 3 running)
[1,458 / 2,200] Compiling src/google/protobuf/descriptor.cc; 12s processwrapper-sandbox ... (4 actions, 3 running)
[1,459 / 2,200] Compiling src/google/protobuf/descriptor.cc; 13s processwrapper-sandbox ... (4 actions, 3 running)
[1,460 / 2,200] Compiling src/google/protobuf/descriptor.cc; 14s processwrapper-sandbox ... (4 actions running)
[1,461 / 2,200] Compiling src/google/protobuf/descriptor.cc; 16s processwrapper-sandbox ... (4 actions, 3 running)
[1,461 / 2,200] Compiling src/google/protobuf/descriptor.cc; 17s processwrapper-sandbox ... (4 actions running)
[1,464 / 2,200] Compiling src/google/protobuf/extension_set_heavy.cc; 3s processwrapper-sandbox ... (4 actions running)
[1,465 / 2,200] GoToolchainBinaryBuild external/rules_go++go_sdk+go_default_sdk/builder [for tool]; 2s processwrapper-sandbox ... (4 actions running)
[1,466 / 2,200] GoToolchainBinaryBuild external/rules_go++go_sdk+go_default_sdk/builder [for tool]; 4s processwrapper-sandbox ... (4 actions, 3 running)
[1,467 / 2,200] GoToolchainBinaryBuild external/rules_go++go_sdk+go_default_sdk/builder [for tool]; 5s processwrapper-sandbox ... (4 actions running)
INFO: From Compiling src/google/protobuf/wire_format.cc [for tool]:
external/protobuf+/src/google/protobuf/wire_format.cc: In static member function 'static uint8_t* google::protobuf::internal::WireFormat::InternalSerializeField(const google::protobuf::FieldDescriptor*, const google::protobuf::Message&, uint8_t*, google::protobuf::io::EpsCopyOutputStream*)':
external/protobuf+/src/google/protobuf/wire_format.cc:1377:54: warning: 'const google::protobuf::EnumValueDescriptor* google::protobuf::Reflection::GetRepeatedEnum(const google::protobuf::Message&, const google::protobuf::FieldDescriptor*, int) const' is deprecated: Please use GetRepeatedEnumValue() instead. GetRepeatedEnum() will be removed in Q1 2027. [-Wdeprecated-declarations]
 1377 |                 ? message_reflection->GetRepeatedEnum(message, field, j)
      |                   ~~~~~~~~~~~~~~~~~~~~~~~~~~~~~~~~~~~^~~~~~~~~~~~~~~~~~~
In file included from bazel-out/k8-opt-exec-ST-d57f47055a04/bin/external/protobuf+/src/google/protobuf/_virtual_includes/protobuf/google/protobuf/wire_format.h:29,
                 from external/protobuf+/src/google/protobuf/wire_format.cc:12:
bazel-out/k8-opt-exec-ST-d57f47055a04/bin/external/protobuf+/src/google/protobuf/_virtual_includes/protobuf/google/protobuf/message.h:826:3: note: declared here
  826 |   GetRepeatedEnum(const Message& message, const FieldDescriptor* field,
      |   ^~~~~~~~~~~~~~~
external/protobuf+/src/google/protobuf/wire_format.cc:1378:46: warning: 'const google::protobuf::EnumValueDescriptor* google::protobuf::Reflection::GetEnum(const google::protobuf::Message&, const google::protobuf::FieldDescriptor*) const' is deprecated: Please use GetEnumValue() instead. GetEnum() will be removed in Q1 2027. [-Wdeprecated-declarations]
 1378 |                 : message_reflection->GetEnum(message, field);
      |                   ~~~~~~~~~~~~~~~~~~~~~~~~~~~^~~~~~~~~~~~~~~~
bazel-out/k8-opt-exec-ST-d57f47055a04/bin/external/protobuf+/src/google/protobuf/_virtual_includes/protobuf/google/protobuf/message.h:639:3: note: declared here
  639 |   GetEnum(const Message& message, const FieldDescriptor* field) const;
      |   ^~~~~~~
external/protobuf+/src/google/protobuf/wire_format.cc: In static member function 'static size_t google::protobuf::internal::WireFormat::FieldDataOnlyByteSize(const google::protobuf::FieldDescriptor*, const google::protobuf::Message&)':
external/protobuf+/src/google/protobuf/wire_format.cc:1714:50: warning: 'const google::protobuf::EnumValueDescriptor* google::protobuf::Reflection::GetRepeatedEnum(const google::protobuf::Message&, const google::protobuf::FieldDescriptor*, int) const' is deprecated: Please use GetRepeatedEnumValue() instead. GetRepeatedEnum() will be removed in Q1 2027. [-Wdeprecated-declarations]
 1714 |               message_reflection->GetRepeatedEnum(message, field, j)->number());
      |               ~~~~~~~~~~~~~~~~~~~~~~~~~~~~~~~~~~~^~~~~~~~~~~~~~~~~~~
bazel-out/k8-opt-exec-ST-d57f47055a04/bin/external/protobuf+/src/google/protobuf/_virtual_includes/protobuf/google/protobuf/message.h:826:3: note: declared here
  826 |   GetRepeatedEnum(const Message& message, const FieldDescriptor* field,
      |   ^~~~~~~~~~~~~~~
external/protobuf+/src/google/protobuf/wire_format.cc:1718:40: warning: 'const google::protobuf::EnumValueDescriptor* google::protobuf::Reflection::GetEnum(const google::protobuf::Message&, const google::protobuf::FieldDescriptor*) const' is deprecated: Please use GetEnumValue() instead. GetEnum() will be removed in Q1 2027. [-Wdeprecated-declarations]
 1718 |             message_reflection->GetEnum(message, field)->number());
      |             ~~~~~~~~~~~~~~~~~~~~~~~~~~~^~~~~~~~~~~~~~~~
bazel-out/k8-opt-exec-ST-d57f47055a04/bin/external/protobuf+/src/google/protobuf/_virtual_includes/protobuf/google/protobuf/message.h:639:3: note: declared here
  639 |   GetEnum(const Message& message, const FieldDescriptor* field) const;
      |   ^~~~~~~
[1,468 / 2,200] GoToolchainBinaryBuild external/rules_go++go_sdk+go_default_sdk/builder [for tool]; 6s processwrapper-sandbox ... (4 actions running)
[1,469 / 2,200] GoToolchainBinaryBuild external/rules_go++go_sdk+go_default_sdk/builder [for tool]; 8s processwrapper-sandbox ... (4 actions, 3 running)
[1,470 / 2,200] GoToolchainBinaryBuild external/rules_go++go_sdk+go_default_sdk/builder [for tool]; 10s processwrapper-sandbox ... (4 actions running)
[1,471 / 2,200] GoToolchainBinaryBuild external/rules_go++go_sdk+go_default_sdk/builder [for tool]; 13s processwrapper-sandbox ... (4 actions, 3 running)
INFO: From Compiling src/google/protobuf/text_format.cc [for tool]:
external/protobuf+/src/google/protobuf/text_format.cc: In member function 'google::protobuf::TextFormat::ParseLocation google::protobuf::TextFormat::ParseInfoTree::GetLocation(const google::protobuf::FieldDescriptor*, int) const':
external/protobuf+/src/google/protobuf/text_format.cc:262:26: warning: 'google::protobuf::TextFormat::ParseLocationRange google::protobuf::TextFormat::ParseInfoTree::GetLocationRange(const google::protobuf::FieldDescriptor*, int) const' is deprecated: Please use GetFieldLocation() [-Wdeprecated-declarations]
  262 |   return GetLocationRange(field, index).start;
      |          ~~~~~~~~~~~~~~~~^~~~~~~~~~~~~~
external/protobuf+/src/google/protobuf/text_format.cc:244:32: note: declared here
  244 | TextFormat::ParseLocationRange TextFormat::ParseInfoTree::GetLocationRange(
      |                                ^~~~~~~~~~
external/protobuf+/src/google/protobuf/text_format.cc: In member function 'bool google::protobuf::TextFormat::Parser::ParserImpl::ConsumeFieldValue(google::protobuf::Message*, const google::protobuf::Reflection*, const google::protobuf::FieldDescriptor*)':
external/protobuf+/src/google/protobuf/text_format.cc:966:37: warning: 'const google::protobuf::EnumValueDescriptor* google::protobuf::Reflection::GetEnum(const google::protobuf::Message&, const google::protobuf::FieldDescriptor*) const' is deprecated: Please use GetEnumValue() instead. GetEnum() will be removed in Q1 2027. [-Wdeprecated-declarations]
  966 |             reflection->Get##CPPTYPE(*message, field) &&           \
      |             ~~~~~~~~~~~~~~~~~~~~~~~~^~~~~~~~~~~~~~~~~
external/protobuf+/src/google/protobuf/text_format.cc:1086:9: note: in expansion of macro 'SET_FIELD'
 1086 |         SET_FIELD(Enum, enum, enum_value);
      |         ^~~~~~~~~
In file included from bazel-out/k8-opt-exec-ST-d57f47055a04/bin/external/protobuf+/src/google/protobuf/_virtual_includes/protobuf/google/protobuf/text_format.h:31,
                 from external/protobuf+/src/google/protobuf/text_format.cc:12:
bazel-out/k8-opt-exec-ST-d57f47055a04/bin/external/protobuf+/src/google/protobuf/_virtual_includes/protobuf/google/protobuf/message.h:639:3: note: declared here
  639 |   GetEnum(const Message& message, const FieldDescriptor* field) const;
      |   ^~~~~~~
[1,473 / 2,200] GoToolchainBinaryBuild external/rules_go++go_sdk+go_default_sdk/builder [for tool]; 14s processwrapper-sandbox ... (4 actions, 3 running)
[1,474 / 2,200] GoToolchainBinaryBuild external/rules_go++go_sdk+go_default_sdk/builder [for tool]; 15s processwrapper-sandbox ... (4 actions running)
INFO: From Compiling src/google/protobuf/reflection_ops.cc [for tool]:
external/protobuf+/src/google/protobuf/reflection_ops.cc: In static member function 'static void google::protobuf::internal::ReflectionOps::Merge(const google::protobuf::Message&, google::protobuf::Message*)':
external/protobuf+/src/google/protobuf/reflection_ops.cc:92:56: warning: 'const google::protobuf::EnumValueDescriptor* google::protobuf::Reflection::GetRepeatedEnum(const google::protobuf::Message&, const google::protobuf::FieldDescriptor*, int) const' is deprecated: Please use GetRepeatedEnumValue() instead. GetRepeatedEnum() will be removed in Q1 2027. [-Wdeprecated-declarations]
   92 |         to, field, from_reflection->GetRepeated##METHOD(from, field, j)); \
      |                    ~~~~~~~~~~~~~~~~~~~~~~~~~~~~~~~~~~~~^~~~~~~~~~~~~~~~
external/protobuf+/src/google/protobuf/reflection_ops.cc:103:11: note: in expansion of macro 'HANDLE_TYPE'
  103 |           HANDLE_TYPE(ENUM, Enum);
      |           ^~~~~~~~~~~
In file included from bazel-out/k8-opt-exec-ST-d57f47055a04/bin/external/protobuf+/src/google/protobuf/_virtual_includes/protobuf/google/protobuf/reflection_ops.h:18,
                 from external/protobuf+/src/google/protobuf/reflection_ops.cc:11:
bazel-out/k8-opt-exec-ST-d57f47055a04/bin/external/protobuf+/src/google/protobuf/_virtual_includes/protobuf/google/protobuf/message.h:826:3: note: declared here
  826 |   GetRepeatedEnum(const Message& message, const FieldDescriptor* field,
      |   ^~~~~~~~~~~~~~~
external/protobuf+/src/google/protobuf/reflection_ops.cc:125:60: warning: 'const google::protobuf::EnumValueDescriptor* google::protobuf::Reflection::GetEnum(const google::protobuf::Message&, const google::protobuf::FieldDescriptor*) const' is deprecated: Please use GetEnumValue() instead. GetEnum() will be removed in Q1 2027. [-Wdeprecated-declarations]
  125 |                                from_reflection->Get##METHOD(from, field)); \
      |                                ~~~~~~~~~~~~~~~~~~~~~~~~~~~~^~~~~~~~~~~~~
external/protobuf+/src/google/protobuf/reflection_ops.cc:136:9: note: in expansion of macro 'HANDLE_TYPE'
  136 |         HANDLE_TYPE(ENUM, Enum);
      |         ^~~~~~~~~~~
bazel-out/k8-opt-exec-ST-d57f47055a04/bin/external/protobuf+/src/google/protobuf/_virtual_includes/protobuf/google/protobuf/message.h:639:3: note: declared here
  639 |   GetEnum(const Message& message, const FieldDescriptor* field) const;
      |   ^~~~~~~
[1,475 / 2,200] GoToolchainBinaryBuild external/rules_go++go_sdk+go_default_sdk/builder [for tool]; 17s processwrapper-sandbox ... (4 actions, 3 running)
[1,476 / 2,200] GoToolchainBinaryBuild external/rules_go++go_sdk+go_default_sdk/builder [for tool]; 18s processwrapper-sandbox ... (4 actions running)
[1,477 / 2,200] GoToolchainBinaryBuild external/rules_go++go_sdk+go_default_sdk/builder [for tool]; 21s processwrapper-sandbox ... (4 actions, 3 running)
[1,478 / 2,200] GoToolchainBinaryBuild external/rules_go++go_sdk+go_default_sdk/builder [for tool]; 22s processwrapper-sandbox ... (4 actions running)
[1,479 / 2,200] GoToolchainBinaryBuild external/rules_go++go_sdk+go_default_sdk/builder [for tool]; 24s processwrapper-sandbox ... (4 actions, 3 running)
[1,480 / 2,200] GoToolchainBinaryBuild external/rules_go++go_sdk+go_default_sdk/builder [for tool]; 25s processwrapper-sandbox ... (4 actions running)
[1,482 / 2,200] GoToolchainBinaryBuild external/rules_go++go_sdk+go_default_sdk/builder [for tool]; 27s processwrapper-sandbox ... (4 actions, 3 running)
[1,482 / 2,200] GoToolchainBinaryBuild external/rules_go++go_sdk+go_default_sdk/builder [for tool]; 28s processwrapper-sandbox ... (4 actions running)
[1,483 / 2,200] GoToolchainBinaryBuild external/rules_go++go_sdk+go_default_sdk/builder [for tool]; 29s processwrapper-sandbox ... (4 actions running)
[1,484 / 2,200] GoToolchainBinaryBuild external/rules_go++go_sdk+go_default_sdk/builder [for tool]; 32s processwrapper-sandbox ... (4 actions, 3 running)
[1,486 / 2,200] Compiling src/google/protobuf/descriptor.cc [for tool]; 8s processwrapper-sandbox ... (4 actions running)
[1,487 / 2,200] Compiling src/google/protobuf/descriptor.cc [for tool]; 15s processwrapper-sandbox ... (4 actions, 3 running)
[1,488 / 2,200] Compiling src/google/protobuf/descriptor.cc [for tool]; 16s processwrapper-sandbox ... (4 actions, 3 running)
[1,488 / 2,200] Compiling src/google/protobuf/descriptor.cc [for tool]; 18s processwrapper-sandbox ... (4 actions running)
[1,489 / 2,200] Compiling src/google/protobuf/descriptor.cc [for tool]; 22s processwrapper-sandbox ... (4 actions, 3 running)
[1,489 / 2,200] Compiling src/google/protobuf/descriptor.cc [for tool]; 24s processwrapper-sandbox ... (4 actions running)
[1,490 / 2,200] Compiling src/google/protobuf/descriptor.cc [for tool]; 25s processwrapper-sandbox ... (4 actions, 3 running)
[1,490 / 2,200] Compiling src/google/protobuf/descriptor.cc [for tool]; 27s processwrapper-sandbox ... (4 actions running)
[1,491 / 2,200] Compiling src/google/protobuf/descriptor.cc [for tool]; 30s processwrapper-sandbox ... (4 actions, 3 running)
[1,492 / 2,200] Compiling src/google/protobuf/descriptor.cc [for tool]; 32s processwrapper-sandbox ... (4 actions running)
[1,493 / 2,200] Compiling src/google/protobuf/descriptor.cc [for tool]; 38s processwrapper-sandbox ... (4 actions, 3 running)
[1,495 / 2,200] Compiling src/google/protobuf/descriptor.cc [for tool]; 40s processwrapper-sandbox ... (4 actions running)
[1,497 / 2,200] Compiling src/google/protobuf/cpp_file_options.pb.cc [for tool]; 2s processwrapper-sandbox ... (4 actions running)
[1,510 / 2,200] Compiling src/google/protobuf/cpp_file_options.pb.cc [for tool]; 3s processwrapper-sandbox ... (4 actions running)
[1,522 / 2,200] GoStdlib external/rules_go+/stdlib_/pkg [for tool]; 4s processwrapper-sandbox ... (4 actions running)
[1,527 / 2,200] GoStdlib external/rules_go+/stdlib_/pkg [for tool]; 5s processwrapper-sandbox ... (4 actions running)
[1,540 / 2,200] GoStdlib external/rules_go+/stdlib_/pkg [for tool]; 6s processwrapper-sandbox ... (4 actions running)
[1,551 / 2,200] GoStdlib external/rules_go+/stdlib_/pkg [for tool]; 7s processwrapper-sandbox ... (4 actions, 3 running)
[1,558 / 2,200] GoStdlib external/rules_go+/stdlib_/pkg [for tool]; 8s processwrapper-sandbox ... (4 actions running)
[1,570 / 2,200] GoStdlib external/rules_go+/stdlib_/pkg [for tool]; 9s processwrapper-sandbox ... (4 actions, 3 running)
[1,581 / 2,200] GoStdlib external/rules_go+/stdlib_/pkg [for tool]; 10s processwrapper-sandbox ... (4 actions, 3 running)
[1,592 / 2,200] GoStdlib external/rules_go+/stdlib_/pkg [for tool]; 11s processwrapper-sandbox ... (4 actions, 3 running)
[1,599 / 2,200] GoStdlib external/rules_go+/stdlib_/pkg [for tool]; 12s processwrapper-sandbox ... (4 actions, 3 running)
[1,609 / 2,200] GoStdlib external/rules_go+/stdlib_/pkg [for tool]; 13s processwrapper-sandbox ... (4 actions, 3 running)
[1,612 / 2,200] GoStdlib external/rules_go+/stdlib_/pkg [for tool]; 14s processwrapper-sandbox ... (4 actions, 3 running)
[1,618 / 2,200] GoStdlib external/rules_go+/stdlib_/pkg [for tool]; 15s processwrapper-sandbox ... (4 actions, 3 running)
[1,622 / 2,200] GoStdlib external/rules_go+/stdlib_/pkg [for tool]; 16s processwrapper-sandbox ... (4 actions, 3 running)
[1,622 / 2,200] GoStdlib external/rules_go+/stdlib_/pkg [for tool]; 18s processwrapper-sandbox ... (4 actions running)
[1,623 / 2,200] GoStdlib external/rules_go+/stdlib_/pkg [for tool]; 19s processwrapper-sandbox ... (4 actions running)
[1,624 / 2,200] GoStdlib external/rules_go+/stdlib_/pkg [for tool]; 22s processwrapper-sandbox ... (4 actions, 3 running)
[1,624 / 2,200] GoStdlib external/rules_go+/stdlib_/pkg [for tool]; 24s processwrapper-sandbox ... (4 actions running)
[1,625 / 2,200] GoStdlib external/rules_go+/stdlib_/pkg [for tool]; 28s processwrapper-sandbox ... (4 actions, 3 running)
[1,626 / 2,200] GoStdlib external/rules_go+/stdlib_/pkg [for tool]; 30s processwrapper-sandbox ... (4 actions running)
[1,627 / 2,200] GoStdlib external/rules_go+/stdlib_/pkg [for tool]; 33s processwrapper-sandbox ... (4 actions, 3 running)
[1,637 / 2,200] Compiling src/google/protobuf/compiler/csharp/csharp_generator.cc [for tool]; 5s processwrapper-sandbox ... (4 actions, 3 running)
[1,647 / 2,200] Compiling src/google/protobuf/compiler/csharp/csharp_generator.cc [for tool]; 6s processwrapper-sandbox ... (4 actions, 3 running)
[1,654 / 2,200] Compiling src/google/protobuf/compiler/command_line_interface.cc [for tool]; 7s processwrapper-sandbox ... (4 actions, 3 running)
[1,655 / 2,200] Compiling src/google/protobuf/compiler/command_line_interface.cc [for tool]; 8s processwrapper-sandbox ... (4 actions running)
[1,663 / 2,200] Compiling src/google/protobuf/compiler/command_line_interface.cc [for tool]; 10s processwrapper-sandbox ... (4 actions, 3 running)
[1,672 / 2,200] Compiling src/google/protobuf/compiler/command_line_interface.cc [for tool]; 11s processwrapper-sandbox ... (4 actions, 3 running)
[1,678 / 2,200] Compiling src/google/protobuf/compiler/command_line_interface.cc [for tool]; 12s processwrapper-sandbox ... (4 actions running)
[1,679 / 2,200] Compiling src/google/protobuf/compiler/command_line_interface.cc [for tool]; 14s processwrapper-sandbox ... (4 actions, 3 running)
[1,681 / 2,200] Compiling src/google/protobuf/compiler/versions.cc [for tool]; 3s processwrapper-sandbox ... (4 actions, 3 running)
[1,682 / 2,200] Compiling src/google/protobuf/compiler/java/full/enum_field.cc [for tool]; 2s processwrapper-sandbox ... (4 actions running)
[1,683 / 2,200] Compiling src/google/protobuf/compiler/java/full/enum_field.cc [for tool]; 4s processwrapper-sandbox ... (4 actions, 3 running)
[1,683 / 2,200] Compiling src/google/protobuf/compiler/java/full/enum_field.cc [for tool]; 6s processwrapper-sandbox ... (4 actions running)
[1,685 / 2,200] Compiling src/google/protobuf/compiler/python/generator.cc [for tool]; 7s processwrapper-sandbox ... (4 actions running)
[1,686 / 2,200] Compiling src/google/protobuf/compiler/python/generator.cc [for tool]; 9s processwrapper-sandbox ... (4 actions running)
[1,687 / 2,200] Compiling src/google/protobuf/compiler/java/full/map_field.cc [for tool]; 4s processwrapper-sandbox ... (4 actions running)
[1,688 / 2,200] Compiling src/google/protobuf/compiler/java/full/map_field.cc [for tool]; 5s processwrapper-sandbox ... (4 actions running)
[1,689 / 2,200] Compiling src/google/protobuf/compiler/java/full/map_field.cc [for tool]; 6s processwrapper-sandbox ... (4 actions running)
[1,691 / 2,200] Compiling src/google/protobuf/compiler/csharp/csharp_primitive_field.cc [for tool]; 2s processwrapper-sandbox ... (4 actions running)
[1,692 / 2,200] Compiling src/google/protobuf/compiler/java/helpers.cc [for tool]; 3s processwrapper-sandbox ... (4 actions, 3 running)
[1,692 / 2,200] Compiling src/google/protobuf/compiler/java/helpers.cc [for tool]; 5s processwrapper-sandbox ... (4 actions running)
[1,693 / 2,200] Compiling src/google/protobuf/compiler/java/full/message_field.cc [for tool]; 5s processwrapper-sandbox ... (4 actions running)
[1,696 / 2,200] Compiling src/google/protobuf/compiler/java/doc_comment.cc [for tool]; 2s processwrapper-sandbox ... (4 actions, 3 running)
[1,696 / 2,200] Compiling src/google/protobuf/compiler/java/doc_comment.cc [for tool]; 3s processwrapper-sandbox ... (4 actions running)
[1,697 / 2,200] Compiling src/google/protobuf/compiler/java/full/primitive_field.cc [for tool]; 3s processwrapper-sandbox ... (4 actions, 3 running)
[1,698 / 2,200] Compiling src/google/protobuf/compiler/java/full/primitive_field.cc [for tool]; 4s processwrapper-sandbox ... (4 actions, 3 running)
[1,698 / 2,200] Compiling src/google/protobuf/compiler/java/full/primitive_field.cc [for tool]; 6s processwrapper-sandbox ... (4 actions running)
[1,700 / 2,200] Compiling src/google/protobuf/compiler/java/full/service.cc [for tool]; 4s processwrapper-sandbox ... (4 actions running)
[1,702 / 2,200] Compiling src/google/protobuf/compiler/java/lite/enum.cc [for tool]; 2s processwrapper-sandbox ... (4 actions running)
[1,703 / 2,200] Compiling src/google/protobuf/compiler/java/full/string_field.cc [for tool]; 5s processwrapper-sandbox ... (4 actions, 3 running)
[1,704 / 2,200] Compiling src/google/protobuf/compiler/java/full/string_field.cc [for tool]; 6s processwrapper-sandbox ... (4 actions, 3 running)
[1,706 / 2,200] Compiling src/google/protobuf/compiler/java/lite/extension.cc [for tool]; 2s processwrapper-sandbox ... (4 actions, 3 running)
[1,706 / 2,200] Compiling src/google/protobuf/compiler/java/lite/extension.cc [for tool]; 3s processwrapper-sandbox ... (4 actions running)
[1,708 / 2,200] Compiling src/google/protobuf/compiler/csharp/csharp_source_generator_base.cc [for tool]; 3s processwrapper-sandbox ... (4 actions, 3 running)
[1,709 / 2,200] Compiling src/google/protobuf/compiler/kotlin/field.cc [for tool]; 4s processwrapper-sandbox ... (4 actions running)
[1,710 / 2,200] Compiling src/google/protobuf/compiler/kotlin/field.cc [for tool]; 6s processwrapper-sandbox ... (4 actions, 3 running)
[1,711 / 2,200] Compiling src/google/protobuf/compiler/kotlin/field.cc [for tool]; 7s processwrapper-sandbox ... (4 actions running)
[1,713 / 2,200] Compiling src/google/protobuf/compiler/java/lite/message.cc [for tool]; 3s processwrapper-sandbox ... (4 actions running)
[1,716 / 2,200] Compiling src/google/protobuf/compiler/java/lite/message.cc [for tool]; 4s processwrapper-sandbox ... (4 actions running)
[1,717 / 2,200] Compiling src/google/protobuf/compiler/java/lite/message.cc [for tool]; 6s processwrapper-sandbox ... (4 actions, 3 running)
[1,719 / 2,200] Compiling src/google/protobuf/compiler/cpp/enum.cc [for tool]; 3s processwrapper-sandbox ... (4 actions, 3 running)
[1,719 / 2,200] Compiling src/google/protobuf/compiler/cpp/enum.cc [for tool]; 4s processwrapper-sandbox ... (4 actions running)
[1,720 / 2,200] Compiling src/google/protobuf/compiler/cpp/enum.cc [for tool]; 7s processwrapper-sandbox ... (4 actions, 3 running)
[1,723 / 2,200] Compiling src/google/protobuf/compiler/java/lite/enum_field.cc [for tool]; 1s processwrapper-sandbox ... (4 actions, 3 running)
[1,723 / 2,200] Compiling src/google/protobuf/compiler/java/lite/enum_field.cc [for tool]; 2s processwrapper-sandbox ... (4 actions running)
[1,724 / 2,200] Compiling src/google/protobuf/compiler/java/lite/enum_field.cc [for tool]; 4s processwrapper-sandbox ... (4 actions, 3 running)
[1,724 / 2,200] Compiling src/google/protobuf/compiler/java/lite/enum_field.cc [for tool]; 5s processwrapper-sandbox ... (4 actions running)
[1,726 / 2,200] Compiling src/google/protobuf/compiler/cpp/extension.cc [for tool]; 6s processwrapper-sandbox ... (4 actions running)
[1,727 / 2,200] Compiling src/google/protobuf/compiler/rust/oneof.cc [for tool]; 3s processwrapper-sandbox ... (4 actions, 3 running)
[1,728 / 2,200] Compiling src/google/protobuf/compiler/java/lite/extension.cc [for tool]; 3s processwrapper-sandbox ... (4 actions, 3 running)
[1,730 / 2,200] Compiling src/google/protobuf/compiler/java/file.cc [for tool]; 4s processwrapper-sandbox ... (4 actions, 3 running)
[1,730 / 2,200] Compiling src/google/protobuf/compiler/java/file.cc [for tool]; 5s processwrapper-sandbox ... (4 actions running)
[1,731 / 2,200] Compiling src/google/protobuf/compiler/cpp/field.cc [for tool]; 5s processwrapper-sandbox ... (4 actions running)
[1,734 / 2,200] Compiling src/google/protobuf/compiler/java/generator.cc [for tool]; 2s processwrapper-sandbox ... (4 actions running)
[1,735 / 2,200] Compiling src/google/protobuf/compiler/rust/accessors/default_value.cc [for tool]; 3s processwrapper-sandbox ... (4 actions, 3 running)
[1,737 / 2,200] Compiling src/google/protobuf/compiler/java/lite/map_field.cc [for tool]; 4s processwrapper-sandbox ... (4 actions, 3 running)
[1,737 / 2,200] Compiling src/google/protobuf/compiler/java/lite/map_field.cc [for tool]; 5s processwrapper-sandbox ... (4 actions running)
[1,738 / 2,200] Compiling src/google/protobuf/compiler/java/shared_code_generator.cc [for tool]; 3s processwrapper-sandbox ... (4 actions, 3 running)
[1,739 / 2,200] Compiling src/google/protobuf/compiler/rust/accessors/map.cc [for tool]; 4s processwrapper-sandbox ... (4 actions, 3 running)
[1,740 / 2,200] Compiling src/google/protobuf/compiler/cpp/field_generators/cord_field.cc [for tool]; 5s processwrapper-sandbox ... (4 actions running)
[1,741 / 2,200] Compiling src/google/protobuf/compiler/java/lite/message_field.cc [for tool]; 4s processwrapper-sandbox ... (4 actions, 3 running)
[1,742 / 2,200] Compiling src/google/protobuf/compiler/java/full/extension.cc [for tool]; 4s processwrapper-sandbox ... (4 actions, 3 running)
[1,743 / 2,200] Compiling src/google/protobuf/compiler/java/full/extension.cc [for tool]; 5s processwrapper-sandbox ... (4 actions running)
[1,744 / 2,200] Compiling src/google/protobuf/compiler/cpp/field_generators/enum_field.cc [for tool]; 4s processwrapper-sandbox ... (4 actions running)
[1,745 / 2,200] Compiling src/google/protobuf/compiler/java/lite/primitive_field.cc [for tool]; 4s processwrapper-sandbox ... (4 actions, 3 running)
[1,747 / 2,200] Compiling src/google/protobuf/compiler/java/lite/primitive_field.cc [for tool]; 6s processwrapper-sandbox ... (4 actions running)
[1,748 / 2,200] Compiling src/google/protobuf/compiler/cpp/field_generators/map_field.cc [for tool]; 3s processwrapper-sandbox ... (4 actions running)
[1,749 / 2,200] Compiling src/google/protobuf/compiler/cpp/field_generators/map_field.cc [for tool]; 5s processwrapper-sandbox ... (4 actions, 3 running)
[1,749 / 2,200] Compiling src/google/protobuf/compiler/cpp/field_generators/map_field.cc [for tool]; 6s processwrapper-sandbox ... (4 actions running)
[1,751 / 2,200] Compiling src/google/protobuf/compiler/java/lite/string_field.cc [for tool]; 5s processwrapper-sandbox ... (4 actions, 3 running)
[1,752 / 2,200] Compiling src/google/protobuf/compiler/rust/accessors/singular_scalar.cc [for tool]; 4s processwrapper-sandbox ... (4 actions running)
[1,753 / 2,200] Compiling src/google/protobuf/compiler/cpp/field_generators/message_field.cc [for tool]; 4s processwrapper-sandbox ... (4 actions running)
[1,754 / 2,200] Compiling src/google/protobuf/compiler/java/full/message_builder.cc [for tool]; 5s processwrapper-sandbox ... (4 actions, 3 running)
[1,756 / 2,200] Compiling src/google/protobuf/compiler/cpp/helpers.cc [for tool]; 6s processwrapper-sandbox ... (4 actions, 3 running)
[1,756 / 2,200] Compiling src/google/protobuf/compiler/cpp/helpers.cc [for tool]; 8s processwrapper-sandbox ... (4 actions running)
[1,757 / 2,200] Compiling src/google/protobuf/compiler/cpp/helpers.cc [for tool]; 10s processwrapper-sandbox ... (4 actions, 3 running)
[1,759 / 2,200] Compiling src/google/protobuf/compiler/cpp/field_generators/primitive_field.cc [for tool]; 5s processwrapper-sandbox ... (4 actions running)
[1,760 / 2,200] Compiling upb_generator/c/generator.cc [for tool]; 3s processwrapper-sandbox ... (4 actions running)
[1,761 / 2,200] Compiling upb_generator/c/generator.cc [for tool]; 4s processwrapper-sandbox ... (4 actions, 3 running)
[1,762 / 2,200] Compiling upb_generator/c/generator.cc [for tool]; 6s processwrapper-sandbox ... (4 actions, 3 running)
[1,762 / 2,200] Compiling upb_generator/c/generator.cc [for tool]; 7s processwrapper-sandbox ... (4 actions running)
[1,769 / 2,200] Compiling src/google/protobuf/compiler/cpp/service.cc [for tool]; 2s processwrapper-sandbox ... (4 actions, 3 running)
[1,769 / 2,200] Compiling src/google/protobuf/compiler/cpp/service.cc [for tool]; 4s processwrapper-sandbox ... (4 actions running)
[1,770 / 2,200] Compiling src/google/protobuf/compiler/cpp/service.cc [for tool]; 5s processwrapper-sandbox ... (4 actions running)
[1,771 / 2,200] Compiling src/google/protobuf/compiler/cpp/field_generators/string_view_field.cc [for tool]; 5s processwrapper-sandbox ... (4 actions running)
[1,773 / 2,200] Compiling src/google/protobuf/compiler/php/php_generator.cc [for tool]; 3s processwrapper-sandbox ... (4 actions, 3 running)
[1,774 / 2,200] Compiling src/google/protobuf/compiler/php/php_generator.cc [for tool]; 4s processwrapper-sandbox ... (4 actions, 3 running)
[1,774 / 2,200] Compiling src/google/protobuf/compiler/php/php_generator.cc [for tool]; 6s processwrapper-sandbox ... (4 actions running)
[1,775 / 2,200] Compiling src/google/protobuf/compiler/php/php_generator.cc [for tool]; 7s processwrapper-sandbox ... (4 actions, 3 running)
[1,778 / 2,200] Compiling src/google/protobuf/compiler/cpp/namespace_printer.cc [for tool]; 1s processwrapper-sandbox ... (4 actions, 3 running)
[1,778 / 2,200] Compiling src/google/protobuf/compiler/cpp/namespace_printer.cc [for tool]; 2s processwrapper-sandbox ... (4 actions running)
[1,779 / 2,200] Compiling src/google/protobuf/compiler/cpp/file.cc [for tool]; 3s processwrapper-sandbox ... (4 actions running)
[1,781 / 2,200] Compiling src/google/protobuf/compiler/cpp/file.cc [for tool]; 5s processwrapper-sandbox ... (4 actions, 3 running)
[1,781 / 2,200] Compiling src/google/protobuf/compiler/cpp/file.cc [for tool]; 6s processwrapper-sandbox ... (4 actions running)
[1,782 / 2,200] Compiling src/google/protobuf/compiler/cpp/file.cc [for tool]; 8s processwrapper-sandbox ... (4 actions, 3 running)
[1,783 / 2,200] Compiling src/google/protobuf/compiler/cpp/file.cc [for tool]; 9s processwrapper-sandbox ... (3 actions running)
[1,785 / 2,200] Compiling src/google/protobuf/compiler/cpp/file.cc [for tool]; 10s processwrapper-sandbox ... (4 actions, 3 running)
[1,789 / 2,200] Compiling src/google/protobuf/compiler/cpp/file.cc [for tool]; 12s processwrapper-sandbox ... (4 actions running)
[1,790 / 2,200] Compiling src/google/protobuf/compiler/cpp/message.cc [for tool]; 6s processwrapper-sandbox ... (4 actions, 3 running)
[1,790 / 2,200] Compiling src/google/protobuf/compiler/cpp/message.cc [for tool]; 7s processwrapper-sandbox ... (4 actions running)
[1,792 / 2,200] Compiling src/google/protobuf/compiler/cpp/message.cc [for tool]; 8s processwrapper-sandbox ... (4 actions, 3 running)
[1,792 / 2,200] Compiling src/google/protobuf/compiler/cpp/message.cc [for tool]; 10s processwrapper-sandbox ... (4 actions running)
[1,793 / 2,200] Compiling src/google/protobuf/compiler/cpp/message.cc [for tool]; 12s processwrapper-sandbox ... (4 actions, 3 running)
[1,794 / 2,200] Compiling src/google/protobuf/compiler/cpp/message.cc [for tool]; 14s processwrapper-sandbox ... (4 actions running)
[1,795 / 2,200] Compiling src/google/protobuf/compiler/cpp/message.cc [for tool]; 15s processwrapper-sandbox ... (4 actions running)
[1,799 / 2,200] Compiling src/google/protobuf/compiler/cpp/message.cc [for tool]; 16s processwrapper-sandbox ... (4 actions running)
[1,803 / 2,200] Compiling src/google/protobuf/compiler/cpp/message.cc [for tool]; 17s processwrapper-sandbox ... (4 actions, 3 running)
[1,806 / 2,200] Compiling src/google/protobuf/compiler/cpp/message.cc [for tool]; 18s processwrapper-sandbox ... (4 actions, 3 running)
[1,808 / 2,200] Compiling src/google/protobuf/compiler/cpp/message.cc [for tool]; 20s processwrapper-sandbox ... (4 actions running)
[1,812 / 2,200] Compiling src/google/protobuf/compiler/cpp/message.cc [for tool]; 21s processwrapper-sandbox ... (4 actions running)
[1,818 / 2,200] Compiling src/google/protobuf/compiler/objectivec/file.cc [for tool]; 2s processwrapper-sandbox ... (4 actions, 3 running)
[1,820 / 2,200] Compiling src/google/protobuf/compiler/objectivec/file.cc [for tool]; 4s processwrapper-sandbox ... (4 actions, 3 running)
[1,821 / 2,200] Compiling src/google/protobuf/compiler/objectivec/file.cc [for tool]; 5s processwrapper-sandbox ... (4 actions running)
[1,822 / 2,200] Compiling src/google/protobuf/compiler/objectivec/file.cc [for tool]; 6s processwrapper-sandbox ... (4 actions running)
[1,824 / 2,200] Compiling src/google/protobuf/compiler/objectivec/names.cc [for tool]; 3s processwrapper-sandbox ... (4 actions, 3 running)
[1,824 / 2,200] Compiling src/google/protobuf/compiler/objectivec/names.cc [for tool]; 5s processwrapper-sandbox ... (4 actions running)
[1,827 / 2,200] Compiling src/google/protobuf/compiler/objectivec/generator.cc [for tool]; 2s processwrapper-sandbox ... (4 actions, 3 running)
[1,829 / 2,200] Compiling src/google/protobuf/compiler/objectivec/generator.cc [for tool]; 4s processwrapper-sandbox ... (4 actions, 3 running)
[1,830 / 2,200] Compiling upb_generator/c/generator.cc [for tool]; 3s processwrapper-sandbox ... (4 actions, 3 running)
[1,830 / 2,200] Compiling upb_generator/c/generator.cc [for tool]; 4s processwrapper-sandbox ... (4 actions running)
[1,831 / 2,200] Compiling upb_generator/c/generator.cc [for tool]; 6s processwrapper-sandbox ... (4 actions running)
[1,834 / 2,200] Compiling src/google/protobuf/compiler/objectivec/helpers.cc [for tool]; 4s processwrapper-sandbox ... (4 actions running)
[1,835 / 2,200] Compiling src/google/protobuf/compiler/rust/generator.cc [for tool]; 4s processwrapper-sandbox ... (4 actions running)
[1,836 / 2,200] Compiling src/google/protobuf/compiler/objectivec/oneof.cc [for tool]; 5s processwrapper-sandbox ... (4 actions, 3 running)
[1,839 / 2,200] Compiling src/google/protobuf/compiler/objectivec/message.cc [for tool]; 1s processwrapper-sandbox ... (2 actions running)
[1,840 / 2,200] Compiling src/google/protobuf/compiler/objectivec/message.cc [for tool]; 4s processwrapper-sandbox
[1,841 / 2,200] [Prepa] Linking external/protobuf+/protoc [for tool]
[1,855 / 2,200] Compiling external/protobuf+/src/google/protobuf/_virtual_imports/any_proto/google/protobuf/any.pb.cc [for tool]; 1s processwrapper-sandbox ... (4 actions, 3 running)
[1,859 / 2,200] Compiling external/protobuf+/src/google/protobuf/_virtual_imports/any_proto/google/protobuf/any.pb.cc [for tool]; 2s processwrapper-sandbox ... (4 actions, 3 running)
[1,868 / 2,200] Compiling src/google/protobuf/json/internal/parser.cc [for tool]; 1s processwrapper-sandbox ... (4 actions running)
[1,869 / 2,200] Compiling src/google/protobuf/json/internal/parser.cc [for tool]; 2s processwrapper-sandbox ... (4 actions, 3 running)
[1,873 / 2,200] Compiling src/google/protobuf/json/internal/parser.cc [for tool]; 3s processwrapper-sandbox ... (4 actions, 3 running)
[1,875 / 2,200] Compiling src/google/protobuf/json/internal/parser.cc [for tool]; 4s processwrapper-sandbox ... (4 actions, 3 running)
[1,876 / 2,200] Compiling src/google/protobuf/json/internal/parser.cc [for tool]; 5s processwrapper-sandbox ... (4 actions, 3 running)
[1,891 / 2,200] Compiling src/google/protobuf/json/internal/parser.cc [for tool]; 6s processwrapper-sandbox ... (4 actions, 3 running)
INFO: From Compiling src/google/protobuf/util/field_mask_util.cc [for tool]:
external/protobuf+/src/google/protobuf/util/field_mask_util.cc: In member function 'void google::protobuf::util::{anonymous}::FieldMaskTree::MergeMessage(const Node*, const google::protobuf::Message&, const google::protobuf::util::FieldMaskUtil::MergeOptions&, google::protobuf::Message*)':
external/protobuf+/src/google/protobuf/util/field_mask_util.cc:512:59: warning: 'const google::protobuf::EnumValueDescriptor* google::protobuf::Reflection::GetEnum(const google::protobuf::Message&, const google::protobuf::FieldDescriptor*) const' is deprecated: Please use GetEnumValue() instead. GetEnum() will be removed in Q1 2027. [-Wdeprecated-declarations]
  512 |           destination, field, source_reflection->Get##Name(source, field)); \
      |                               ~~~~~~~~~~~~~~~~~~~~~~~~~~~~^~~~~~~~~~~~~~~
external/protobuf+/src/google/protobuf/util/field_mask_util.cc:525:9: note: in expansion of macro 'COPY_VALUE'
  525 |         COPY_VALUE(ENUM, Enum)
      |         ^~~~~~~~~~
In file included from bazel-out/k8-opt-exec-ST-d57f47055a04/bin/external/protobuf+/src/google/protobuf/_virtual_includes/field_mask_proto/google/protobuf/field_mask.pb.h:28,
                 from bazel-out/k8-opt-exec-ST-d57f47055a04/bin/external/protobuf+/src/google/protobuf/util/_virtual_includes/field_mask_util/google/protobuf/util/field_mask_util.h:17,
                 from external/protobuf+/src/google/protobuf/util/field_mask_util.cc:8:
bazel-out/k8-opt-exec-ST-d57f47055a04/bin/external/protobuf+/src/google/protobuf/_virtual_includes/protobuf/google/protobuf/message.h:639:3: note: declared here
  639 |   GetEnum(const Message& message, const FieldDescriptor* field) const;
      |   ^~~~~~~
external/protobuf+/src/google/protobuf/util/field_mask_util.cc:550:47: warning: 'const google::protobuf::EnumValueDescriptor* google::protobuf::Reflection::GetRepeatedEnum(const google::protobuf::Message&, const google::protobuf::FieldDescriptor*, int) const' is deprecated: Please use GetRepeatedEnumValue() instead. GetRepeatedEnum() will be removed in Q1 2027. [-Wdeprecated-declarations]
  550 |           source_reflection->GetRepeated##Name(source, field, i)); \
      |           ~~~~~~~~~~~~~~~~~~~~~~~~~~~~~~~~~~~~^~~~~~~~~~~~~~~~~~
external/protobuf+/src/google/protobuf/util/field_mask_util.cc:561:9: note: in expansion of macro 'COPY_REPEATED_VALUE'
  561 |         COPY_REPEATED_VALUE(ENUM, Enum)
      |         ^~~~~~~~~~~~~~~~~~~
bazel-out/k8-opt-exec-ST-d57f47055a04/bin/external/protobuf+/src/google/protobuf/_virtual_includes/protobuf/google/protobuf/message.h:826:3: note: declared here
  826 |   GetRepeatedEnum(const Message& message, const FieldDescriptor* field,
      |   ^~~~~~~~~~~~~~~
[1,894 / 2,200] Compiling src/google/protobuf/json/internal/parser.cc [for tool]; 8s processwrapper-sandbox ... (4 actions running)
[1,895 / 2,200] Compiling src/google/protobuf/json/internal/parser.cc [for tool]; 9s processwrapper-sandbox ... (4 actions, 3 running)
[1,900 / 2,200] Compiling src/core/lib/iomgr/error.cc; 1s processwrapper-sandbox ... (4 actions, 3 running)
[1,903 / 2,200] Compiling external/protobuf+/src/google/protobuf/_virtual_imports/empty_proto/google/protobuf/empty.pb.cc [for tool]; 2s processwrapper-sandbox ... (4 actions running)
[1,906 / 2,200] Compiling src/google/protobuf/json/json.cc [for tool]; 2s processwrapper-sandbox ... (4 actions running)
[1,908 / 2,200] Compiling src/compiler/python_generator.cc [for tool]; 4s processwrapper-sandbox ... (4 actions, 3 running)
[1,923 / 2,200] Compiling src/compiler/python_generator.cc [for tool]; 5s processwrapper-sandbox ... (4 actions running)
[1,924 / 2,200] Compiling src/compiler/python_generator.cc [for tool]; 6s processwrapper-sandbox ... (4 actions running)
[1,926 / 2,200] Compiling src/google/protobuf/json/internal/unparser.cc [for tool]; 4s processwrapper-sandbox ... (4 actions running)
INFO: From Compiling src/google/protobuf/util/type_resolver_util.cc:
external/protobuf+/src/google/protobuf/util/type_resolver_util.cc: In function 'void google::protobuf::util::{anonymous}::ConvertOptionField(const google::protobuf::Reflection*, const google::protobuf::Message&, const google::protobuf::FieldDescriptor*, int, google::protobuf::Option*)':
external/protobuf+/src/google/protobuf/util/type_resolver_util.cc:138:44: warning: 'const google::protobuf::EnumValueDescriptor* google::protobuf::Reflection::GetRepeatedEnum(const google::protobuf::Message&, const google::protobuf::FieldDescriptor*, int) const' is deprecated: Please use GetRepeatedEnumValue() instead. GetRepeatedEnum() will be removed in Q1 2027. [-Wdeprecated-declarations]
  138 |               ? reflection->GetRepeatedEnum(options, field, index)
      |                 ~~~~~~~~~~~~~~~~~~~~~~~~~~~^~~~~~~~~~~~~~~~~~~~~~~
In file included from bazel-out/k8-fastbuild/bin/external/protobuf+/src/google/protobuf/_virtual_includes/type_proto/google/protobuf/type.pb.h:28,
                 from bazel-out/k8-fastbuild/bin/external/protobuf+/src/google/protobuf/util/_virtual_includes/type_resolver/google/protobuf/util/type_resolver_util.h:13,
                 from external/protobuf+/src/google/protobuf/util/type_resolver_util.cc:8:
bazel-out/k8-fastbuild/bin/external/protobuf+/src/google/protobuf/_virtual_includes/protobuf/google/protobuf/message.h:826:3: note: declared here
  826 |   GetRepeatedEnum(const Message& message, const FieldDescriptor* field,
      |   ^~~~~~~~~~~~~~~
external/protobuf+/src/google/protobuf/util/type_resolver_util.cc:139:36: warning: 'const google::protobuf::EnumValueDescriptor* google::protobuf::Reflection::GetEnum(const google::protobuf::Message&, const google::protobuf::FieldDescriptor*) const' is deprecated: Please use GetEnumValue() instead. GetEnum() will be removed in Q1 2027. [-Wdeprecated-declarations]
  139 |               : reflection->GetEnum(options, field);
      |                 ~~~~~~~~~~~~~~~~~~~^~~~~~~~~~~~~~~~
bazel-out/k8-fastbuild/bin/external/protobuf+/src/google/protobuf/_virtual_includes/protobuf/google/protobuf/message.h:639:3: note: declared here
  639 |   GetEnum(const Message& message, const FieldDescriptor* field) const;
      |   ^~~~~~~
[1,936 / 2,200] Compiling src/google/protobuf/json/internal/unparser.cc [for tool]; 5s processwrapper-sandbox ... (4 actions, 3 running)
[1,944 / 2,200] Compiling src/google/protobuf/json/internal/unparser.cc [for tool]; 7s processwrapper-sandbox ... (4 actions, 3 running)
[1,944 / 2,200] Compiling src/google/protobuf/json/internal/unparser.cc [for tool]; 8s processwrapper-sandbox ... (4 actions running)
[1,945 / 2,200] Compiling src/compiler/php_generator.cc [for tool]; 5s processwrapper-sandbox ... (4 actions running)
[1,946 / 2,200] Compiling src/google/protobuf/json/internal/untyped_message.cc; 5s processwrapper-sandbox ... (4 actions running)
[1,948 / 2,200] Compiling src/google/protobuf/json/internal/untyped_message.cc [for tool]; 3s processwrapper-sandbox ... (4 actions running)
[1,949 / 2,200] Compiling src/google/protobuf/json/internal/untyped_message.cc [for tool]; 6s processwrapper-sandbox ... (4 actions, 3 running)
[1,951 / 2,200] Compiling src/google/protobuf/json/internal/parser.cc; 5s processwrapper-sandbox ... (4 actions running)
[1,952 / 2,200] Compiling src/compiler/node_generator.cc [for tool]; 3s processwrapper-sandbox ... (4 actions, 3 running)
INFO: From Compiling src/google/protobuf/util/type_resolver_util.cc [for tool]:
external/protobuf+/src/google/protobuf/util/type_resolver_util.cc: In function 'void google::protobuf::util::{anonymous}::ConvertOptionField(const google::protobuf::Reflection*, const google::protobuf::Message&, const google::protobuf::FieldDescriptor*, int, google::protobuf::Option*)':
external/protobuf+/src/google/protobuf/util/type_resolver_util.cc:138:44: warning: 'const google::protobuf::EnumValueDescriptor* google::protobuf::Reflection::GetRepeatedEnum(const google::protobuf::Message&, const google::protobuf::FieldDescriptor*, int) const' is deprecated: Please use GetRepeatedEnumValue() instead. GetRepeatedEnum() will be removed in Q1 2027. [-Wdeprecated-declarations]
  138 |               ? reflection->GetRepeatedEnum(options, field, index)
      |                 ~~~~~~~~~~~~~~~~~~~~~~~~~~~^~~~~~~~~~~~~~~~~~~~~~~
In file included from bazel-out/k8-opt-exec-ST-d57f47055a04/bin/external/protobuf+/src/google/protobuf/_virtual_includes/type_proto/google/protobuf/type.pb.h:28,
                 from bazel-out/k8-opt-exec-ST-d57f47055a04/bin/external/protobuf+/src/google/protobuf/util/_virtual_includes/type_resolver/google/protobuf/util/type_resolver_util.h:13,
                 from external/protobuf+/src/google/protobuf/util/type_resolver_util.cc:8:
bazel-out/k8-opt-exec-ST-d57f47055a04/bin/external/protobuf+/src/google/protobuf/_virtual_includes/protobuf/google/protobuf/message.h:826:3: note: declared here
  826 |   GetRepeatedEnum(const Message& message, const FieldDescriptor* field,
      |   ^~~~~~~~~~~~~~~
external/protobuf+/src/google/protobuf/util/type_resolver_util.cc:139:36: warning: 'const google::protobuf::EnumValueDescriptor* google::protobuf::Reflection::GetEnum(const google::protobuf::Message&, const google::protobuf::FieldDescriptor*) const' is deprecated: Please use GetEnumValue() instead. GetEnum() will be removed in Q1 2027. [-Wdeprecated-declarations]
  139 |               : reflection->GetEnum(options, field);
      |                 ~~~~~~~~~~~~~~~~~~~^~~~~~~~~~~~~~~~
bazel-out/k8-opt-exec-ST-d57f47055a04/bin/external/protobuf+/src/google/protobuf/_virtual_includes/protobuf/google/protobuf/message.h:639:3: note: declared here
  639 |   GetEnum(const Message& message, const FieldDescriptor* field) const;
      |   ^~~~~~~
[1,954 / 2,200] Compiling src/compiler/node_generator.cc [for tool]; 4s processwrapper-sandbox ... (4 actions, 3 running)
[1,955 / 2,200] Compiling src/google/protobuf/json/internal/unparser.cc; 2s processwrapper-sandbox ... (4 actions, 3 running)
[1,955 / 2,200] Compiling src/google/protobuf/json/internal/unparser.cc; 3s processwrapper-sandbox ... (4 actions running)
[1,959 / 2,200] Compiling src/google/protobuf/json/internal/unparser.cc; 5s processwrapper-sandbox ... (4 actions, 3 running)
[1,959 / 2,200] Compiling src/google/protobuf/json/internal/unparser.cc; 6s processwrapper-sandbox ... (4 actions running)
[1,961 / 2,200] Compiling src/compiler/csharp_generator.cc [for tool]; 5s processwrapper-sandbox ... (4 actions running)
INFO: From Compiling src/google/protobuf/util/field_mask_util.cc:
external/protobuf+/src/google/protobuf/util/field_mask_util.cc: In member function 'void google::protobuf::util::{anonymous}::FieldMaskTree::MergeMessage(const Node*, const google::protobuf::Message&, const google::protobuf::util::FieldMaskUtil::MergeOptions&, google::protobuf::Message*)':
external/protobuf+/src/google/protobuf/util/field_mask_util.cc:512:59: warning: 'const google::protobuf::EnumValueDescriptor* google::protobuf::Reflection::GetEnum(const google::protobuf::Message&, const google::protobuf::FieldDescriptor*) const' is deprecated: Please use GetEnumValue() instead. GetEnum() will be removed in Q1 2027. [-Wdeprecated-declarations]
  512 |           destination, field, source_reflection->Get##Name(source, field)); \
      |                               ~~~~~~~~~~~~~~~~~~~~~~~~~~~~^~~~~~~~~~~~~~~
external/protobuf+/src/google/protobuf/util/field_mask_util.cc:525:9: note: in expansion of macro 'COPY_VALUE'
  525 |         COPY_VALUE(ENUM, Enum)
      |         ^~~~~~~~~~
In file included from bazel-out/k8-fastbuild/bin/external/protobuf+/src/google/protobuf/_virtual_includes/field_mask_proto/google/protobuf/field_mask.pb.h:28,
                 from bazel-out/k8-fastbuild/bin/external/protobuf+/src/google/protobuf/util/_virtual_includes/field_mask_util/google/protobuf/util/field_mask_util.h:17,
                 from external/protobuf+/src/google/protobuf/util/field_mask_util.cc:8:
bazel-out/k8-fastbuild/bin/external/protobuf+/src/google/protobuf/_virtual_includes/protobuf/google/protobuf/message.h:639:3: note: declared here
  639 |   GetEnum(const Message& message, const FieldDescriptor* field) const;
      |   ^~~~~~~
external/protobuf+/src/google/protobuf/util/field_mask_util.cc:550:47: warning: 'const google::protobuf::EnumValueDescriptor* google::protobuf::Reflection::GetRepeatedEnum(const google::protobuf::Message&, const google::protobuf::FieldDescriptor*, int) const' is deprecated: Please use GetRepeatedEnumValue() instead. GetRepeatedEnum() will be removed in Q1 2027. [-Wdeprecated-declarations]
  550 |           source_reflection->GetRepeated##Name(source, field, i)); \
      |           ~~~~~~~~~~~~~~~~~~~~~~~~~~~~~~~~~~~~^~~~~~~~~~~~~~~~~~
external/protobuf+/src/google/protobuf/util/field_mask_util.cc:561:9: note: in expansion of macro 'COPY_REPEATED_VALUE'
  561 |         COPY_REPEATED_VALUE(ENUM, Enum)
      |         ^~~~~~~~~~~~~~~~~~~
bazel-out/k8-fastbuild/bin/external/protobuf+/src/google/protobuf/_virtual_includes/protobuf/google/protobuf/message.h:826:3: note: declared here
  826 |   GetRepeatedEnum(const Message& message, const FieldDescriptor* field,
      |   ^~~~~~~~~~~~~~~
[1,969 / 2,200] Compiling src/google/protobuf/json/json.cc; 1s processwrapper-sandbox ... (4 actions, 3 running)
[1,973 / 2,200] Compiling src/google/protobuf/util/time_util.cc; 1s processwrapper-sandbox ... (4 actions, 3 running)
[1,988 / 2,200] Compiling src/compiler/cpp_generator.cc [for tool]; 2s processwrapper-sandbox ... (4 actions, 3 running)
[1,997 / 2,200] Compiling src/compiler/cpp_generator.cc [for tool]; 3s processwrapper-sandbox ... (4 actions, 3 running)
[2,005 / 2,200] Compiling src/compiler/cpp_generator.cc [for tool]; 5s processwrapper-sandbox ... (4 actions, 3 running)
[2,019 / 2,200] Compiling external/protobuf+/src/google/protobuf/_virtual_imports/api_proto/google/protobuf/api.pb.cc [for tool]; 1s processwrapper-sandbox ... (4 actions, 3 running)
[2,021 / 2,200] Compiling external/protobuf+/src/google/protobuf/_virtual_imports/api_proto/google/protobuf/api.pb.cc [for tool]; 2s processwrapper-sandbox ... (4 actions running)
[2,025 / 2,200] Compiling src/compiler/ruby_generator.cc [for tool]; 2s processwrapper-sandbox ... (4 actions, 3 running)
[2,027 / 2,200] Compiling src/compiler/ruby_generator.cc [for tool]; 4s processwrapper-sandbox ... (4 actions running)
[2,028 / 2,200] Compiling src/compiler/cpp_plugin.cc [for tool]; 5s processwrapper-sandbox ... (4 actions running)
[2,032 / 2,200] Compiling src/core/channelz/property_list.cc; 3s processwrapper-sandbox ... (4 actions running)
[2,034 / 2,200] Compiling src/core/lib/promise/activity.cc; 2s processwrapper-sandbox ... (4 actions running)
[2,035 / 2,200] Compiling src/core/lib/promise/wait_set.cc; 2s processwrapper-sandbox ... (4 actions running)
[2,036 / 2,200] Compiling src/core/lib/channel/channel_args.cc; 2s processwrapper-sandbox ... (4 actions running)
INFO: From Compiling src/core/call/call_state.cc:
In file included from external/grpc+/src/core/call/call_state.cc:15:
external/grpc+/src/core/call/call_state.h: In static member function 'static const char* grpc_core::CallState::ClientToServerPushStateString(ClientToServerPushState)':
external/grpc+/src/core/call/call_state.h:191:3: warning: control reaches end of non-void function [-Wreturn-type]
  191 |   }
      |   ^
external/grpc+/src/core/call/call_state.h: In static member function 'static const char* grpc_core::CallState::ClientToServerPullStateString(ClientToServerPullState)':
external/grpc+/src/core/call/call_state.h:161:3: warning: control reaches end of non-void function [-Wreturn-type]
  161 |   }
      |   ^
external/grpc+/src/core/call/call_state.h: In static member function 'static const char* grpc_core::CallState::ServerToClientPullStateString(ServerToClientPullState)':
external/grpc+/src/core/call/call_state.h:244:3: warning: control reaches end of non-void function [-Wreturn-type]
  244 |   }
      |   ^
external/grpc+/src/core/call/call_state.h: In static member function 'static const char* grpc_core::CallState::ServerToClientPushStateString(ServerToClientPushState)':
external/grpc+/src/core/call/call_state.h:284:3: warning: control reaches end of non-void function [-Wreturn-type]
  284 |   }
      |   ^
external/grpc+/src/core/call/call_state.h: In static member function 'static const char* grpc_core::CallState::ServerTrailingMetadataStateString(ServerTrailingMetadataState)':
external/grpc+/src/core/call/call_state.h:314:3: warning: control reaches end of non-void function [-Wreturn-type]
  314 |   }
      |   ^
[2,039 / 2,200] Compiling src/core/util/work_serializer.cc; 1s processwrapper-sandbox ... (4 actions running)
[2,040 / 2,200] Compiling src/core/lib/iomgr/exec_ctx.cc; 2s processwrapper-sandbox ... (4 actions, 3 running)
[2,043 / 2,200] Compiling src/core/lib/transport/connectivity_state.cc; 1s processwrapper-sandbox ... (4 actions running)
[2,045 / 2,200] Compiling src/core/lib/channel/channel_stack_builder.cc; 2s processwrapper-sandbox ... (4 actions, 3 running)
[2,048 / 2,200] Compiling src/core/channelz/channel_trace.cc; 1s processwrapper-sandbox ... (4 actions, 3 running)
[2,049 / 2,200] Compiling src/core/channelz/channel_trace.cc; 2s processwrapper-sandbox ... (4 actions, 3 running)
[2,051 / 2,200] Compiling src/core/lib/event_engine/event_engine.cc; 2s processwrapper-sandbox ... (4 actions running)
[2,053 / 2,200] Compiling src/core/lib/iomgr/timer_manager.cc; 2s processwrapper-sandbox ... (4 actions, 3 running)
[2,055 / 2,200] Compiling src/core/channelz/channelz.cc; 3s processwrapper-sandbox ... (4 actions running)
INFO: From Compiling src/core/lib/event_engine/tcp_socket_utils.cc:
external/grpc+/src/core/lib/event_engine/tcp_socket_utils.cc: In function 'bool grpc_event_engine::experimental::ResolvedAddressToV4Mapped(const EventEngine::ResolvedAddress&, EventEngine::ResolvedAddress*)':
external/grpc+/src/core/lib/event_engine/tcp_socket_utils.cc:225:11: warning: 'void* memset(void*, int, size_t)' clearing an object of non-trivial type 'class grpc_event_engine::experimental::EventEngine::ResolvedAddress'; use assignment or value-initialization instead [-Wclass-memaccess]
  225 |     memset(resolved_addr6_out, 0, sizeof(*resolved_addr6_out));
      |     ~~~~~~^~~~~~~~~~~~~~~~~~~~~~~~~~~~~~~~~~~~~~~~~~~~~~~~~~~~
In file included from external/grpc+/src/core/lib/event_engine/tcp_socket_utils.h:17,
                 from external/grpc+/src/core/lib/event_engine/tcp_socket_utils.cc:14:
external/grpc+/include/grpc/event_engine/event_engine.h:160:9: note: 'class grpc_event_engine::experimental::EventEngine::ResolvedAddress' declared here
  160 |   class ResolvedAddress {
      |         ^~~~~~~~~~~~~~~
[2,062 / 2,200] Compiling src/core/channelz/channelz.cc; 5s processwrapper-sandbox ... (4 actions, 3 running)
INFO: From Compiling src/core/channelz/channelz.cc:
In file included from external/grpc+/src/core/channelz/channelz.cc:19:
external/grpc+/src/core/channelz/channelz.h: In static member function 'static absl::lts_20250814::string_view grpc_core::channelz::BaseNode::EntityTypeToKind(EntityType)':
external/grpc+/src/core/channelz/channelz.h:186:3: warning: control reaches end of non-void function [-Wreturn-type]
  186 |   }
      |   ^
[2,065 / 2,200] Compiling src/core/lib/event_engine/channel_args_endpoint_config.cc; 1s processwrapper-sandbox ... (4 actions, 3 running)
[2,065 / 2,200] Compiling src/core/lib/event_engine/channel_args_endpoint_config.cc; 2s processwrapper-sandbox ... (4 actions running)
[2,069 / 2,200] Compiling src/core/channelz/channelz_registry.cc; 2s processwrapper-sandbox ... (4 actions, 3 running)
[2,070 / 2,200] Compiling src/core/service_config/service_config_parser.cc; 2s processwrapper-sandbox ... (4 actions, 3 running)
[2,072 / 2,200] Compiling src/core/resolver/endpoint_addresses.cc; 2s processwrapper-sandbox ... (4 actions running)
[2,074 / 2,200] Compiling src/core/telemetry/instrument.cc; 3s processwrapper-sandbox ... (4 actions, 3 running)
[2,076 / 2,200] Compiling src/core/telemetry/instrument.cc; 4s processwrapper-sandbox ... (4 actions running)
INFO: From Compiling src/core/lib/resource_quota/memory_quota.cc:
In file included from external/grpc+/src/core/lib/resource_quota/memory_quota.cc:36:
external/grpc+/src/core/lib/promise/loop.h:215:31: warning: attribute ignored in declaration of 'union grpc_core::Loop<F, kYield>::<unnamed>' [-Wattributes]
  215 |   GPR_NO_UNIQUE_ADDRESS union {
      |                               ^
external/grpc+/src/core/lib/promise/loop.h:215:31: note: attribute for 'union grpc_core::Loop<F, kYield>::<unnamed>' must follow the 'union' keyword
[2,077 / 2,200] Compiling src/core/telemetry/instrument.cc; 6s processwrapper-sandbox ... (4 actions, 3 running)
[2,080 / 2,200] Compiling src/core/telemetry/instrument.cc; 8s processwrapper-sandbox ... (4 actions, 3 running)
[2,081 / 2,200] Compiling src/core/lib/event_engine/posix_engine/tcp_socket_utils.cc; 2s processwrapper-sandbox ... (4 actions running)
[2,083 / 2,200] Compiling src/core/lib/event_engine/posix_engine/posix_interface_posix.cc; 2s processwrapper-sandbox ... (4 actions, 3 running)
[2,084 / 2,200] Compiling src/core/lib/event_engine/posix_engine/posix_interface_posix.cc; 3s processwrapper-sandbox ... (4 actions, 3 running)
[2,086 / 2,200] Compiling src/core/call/call_arena_allocator.cc; 2s processwrapper-sandbox ... (4 actions running)
[2,088 / 2,200] Compiling src/core/lib/event_engine/ares_resolver.cc; 2s processwrapper-sandbox ... (4 actions running)
[2,089 / 2,200] Compiling src/core/lib/event_engine/ares_resolver.cc; 4s processwrapper-sandbox ... (4 actions running)
INFO: From Compiling src/core/lib/event_engine/ares_resolver.cc:
external/grpc+/src/core/lib/event_engine/ares_resolver.cc: In function 'absl::lts_20250814::Status grpc_event_engine::experimental::{anonymous}::SetRequestDNSServer(absl::lts_20250814::string_view, ares_channeldata**)':
external/grpc+/src/core/lib/event_engine/ares_resolver.cc:199:38: warning: 'int ares_set_servers_ports(ares_channel_t*, const ares_addr_port_node*)' is deprecated: Use ares_set_servers_ports_csv instead [-Wdeprecated-declarations]
  199 |   int status = ares_set_servers_ports(*channel, &dns_server_addr);
      |                ~~~~~~~~~~~~~~~~~~~~~~^~~~~~~~~~~~~~~~~~~~~~~~~~~~
In file included from external/grpc+/src/core/lib/event_engine/ares_resolver.h:28,
                 from external/grpc+/src/core/lib/event_engine/ares_resolver.cc:14:
external/c-ares+/include/ares.h:1173:20: note: declared here
 1173 | int                ares_set_servers_ports(ares_channel_t                   *channel,
      |                    ^~~~~~~~~~~~~~~~~~~~~~
external/grpc+/src/core/lib/event_engine/ares_resolver.cc: In member function 'virtual void grpc_event_engine::experimental::AresResolver::LookupHostname(grpc_event_engine::experimental::EventEngine::DNSResolver::LookupHostnameCallback, absl::lts_20250814::string_view, absl::lts_20250814::string_view)':
external/grpc+/src/core/lib/event_engine/ares_resolver.cc:408:23: warning: 'void ares_gethostbyname(ares_channel_t*, const char*, int, ares_host_callback, void*)' is deprecated: Use ares_getaddrinfo instead [-Wdeprecated-declarations]
  408 |     ares_gethostbyname(channel_, std::string(host).c_str(), AF_INET,
      |     ~~~~~~~~~~~~~~~~~~^~~~~~~~~~~~~~~~~~~~~~~~~~~~~~~~~~~~~~~~~~~~~~
  409 |                        &AresResolver::OnHostbynameDoneLocked, resolver_arg);
      |                        ~~~~~~~~~~~~~~~~~~~~~~~~~~~~~~~~~~~~~~~~~~~~~~~~~~~~
external/c-ares+/include/ares.h:879:58: note: declared here
  879 | CARES_EXTERN CARES_DEPRECATED_FOR(ares_getaddrinfo) void ares_gethostbyname(
      |                                                          ^~~~~~~~~~~~~~~~~~
external/grpc+/src/core/lib/event_engine/ares_resolver.cc:410:23: warning: 'void ares_gethostbyname(ares_channel_t*, const char*, int, ares_host_callback, void*)' is deprecated: Use ares_getaddrinfo instead [-Wdeprecated-declarations]
  410 |     ares_gethostbyname(channel_, std::string(host).c_str(), AF_INET6,
      |     ~~~~~~~~~~~~~~~~~~^~~~~~~~~~~~~~~~~~~~~~~~~~~~~~~~~~~~~~~~~~~~~~~
  411 |                        &AresResolver::OnHostbynameDoneLocked, resolver_arg);
      |                        ~~~~~~~~~~~~~~~~~~~~~~~~~~~~~~~~~~~~~~~~~~~~~~~~~~~~
external/c-ares+/include/ares.h:879:58: note: declared here
  879 | CARES_EXTERN CARES_DEPRECATED_FOR(ares_getaddrinfo) void ares_gethostbyname(
      |                                                          ^~~~~~~~~~~~~~~~~~
external/grpc+/src/core/lib/event_engine/ares_resolver.cc:414:23: warning: 'void ares_gethostbyname(ares_channel_t*, const char*, int, ares_host_callback, void*)' is deprecated: Use ares_getaddrinfo instead [-Wdeprecated-declarations]
  414 |     ares_gethostbyname(channel_, std::string(host).c_str(), AF_INET,
      |     ~~~~~~~~~~~~~~~~~~^~~~~~~~~~~~~~~~~~~~~~~~~~~~~~~~~~~~~~~~~~~~~~
  415 |                        &AresResolver::OnHostbynameDoneLocked, resolver_arg);
      |                        ~~~~~~~~~~~~~~~~~~~~~~~~~~~~~~~~~~~~~~~~~~~~~~~~~~~~
external/c-ares+/include/ares.h:879:58: note: declared here
  879 | CARES_EXTERN CARES_DEPRECATED_FOR(ares_getaddrinfo) void ares_gethostbyname(
      |                                                          ^~~~~~~~~~~~~~~~~~
external/grpc+/src/core/lib/event_engine/ares_resolver.cc: In member function 'virtual void grpc_event_engine::experimental::AresResolver::LookupSRV(grpc_event_engine::experimental::EventEngine::DNSResolver::LookupSRVCallback, absl::lts_20250814::string_view)':
external/grpc+/src/core/lib/event_engine/ares_resolver.cc:451:13: warning: 'void ares_query(ares_channel_t*, const char*, int, int, ares_callback, void*)' is deprecated: Use ares_query_dnsrec instead [-Wdeprecated-declarations]
  451 |   ares_query(channel_, std::string(host).c_str(), ns_c_in, ns_t_srv,
      |   ~~~~~~~~~~^~~~~~~~~~~~~~~~~~~~~~~~~~~~~~~~~~~~~~~~~~~~~~~~~~~~~~~~
  452 |              &AresResolver::OnSRVQueryDoneLocked, resolver_arg);
      |              ~~~~~~~~~~~~~~~~~~~~~~~~~~~~~~~~~~~~~~~~~~~~~~~~~~
external/c-ares+/include/ares.h:836:59: note: declared here
  836 | CARES_EXTERN CARES_DEPRECATED_FOR(ares_query_dnsrec) void ares_query(
      |                                                           ^~~~~~~~~~
external/grpc+/src/core/lib/event_engine/ares_resolver.cc: In member function 'virtual void grpc_event_engine::experimental::AresResolver::LookupTXT(grpc_event_engine::experimental::EventEngine::DNSResolver::LookupTXTCallback, absl::lts_20250814::string_view)':
external/grpc+/src/core/lib/event_engine/ares_resolver.cc:487:14: warning: 'void ares_search(ares_channel_t*, const char*, int, int, ares_callback, void*)' is deprecated: Use ares_search_dnsrec instead [-Wdeprecated-declarations]
  487 |   ares_search(channel_, std::string(host).c_str(), ns_c_in, ns_t_txt,
      |   ~~~~~~~~~~~^~~~~~~~~~~~~~~~~~~~~~~~~~~~~~~~~~~~~~~~~~~~~~~~~~~~~~~~
  488 |               &AresResolver::OnTXTDoneLocked, resolver_arg);
      |               ~~~~~~~~~~~~~~~~~~~~~~~~~~~~~~~~~~~~~~~~~~~~~
external/c-ares+/include/ares.h:859:60: note: declared here
  859 | CARES_EXTERN CARES_DEPRECATED_FOR(ares_search_dnsrec) void ares_search(
      |                                                            ^~~~~~~~~~~
external/grpc+/src/core/lib/event_engine/ares_resolver.cc: In member function 'void grpc_event_engine::experimental::AresResolver::CheckSocketsLocked()':
external/grpc+/src/core/lib/event_engine/ares_resolver.cc:497:37: warning: 'int ares_getsock(const ares_channel_t*, ares_socket_t*, int)' is deprecated: Use ARES_OPT_EVENT_THREAD or ARES_OPT_SOCK_STATE_CB instead [-Wdeprecated-declarations]
  497 |     int socks_bitmask = ares_getsock(channel_, socks, ARES_GETSOCK_MAXNUM);
      |                         ~~~~~~~~~~~~^~~~~~~~~~~~~~~~~~~~~~~~~~~~~~~~~~~~~~
external/c-ares+/include/ares.h:903:31: note: declared here
  903 |   ARES_OPT_SOCK_STATE_CB) int ares_getsock(const ares_channel_t *channel,
      |                               ^~~~~~~~~~~~
external/grpc+/src/core/lib/event_engine/ares_resolver.cc: In static member function 'static void grpc_event_engine::experimental::AresResolver::OnSRVQueryDoneLocked(void*, int, int, unsigned char*, int)':
external/grpc+/src/core/lib/event_engine/ares_resolver.cc:811:32: warning: 'int ares_parse_srv_reply(const unsigned char*, int, ares_srv_reply**)' is deprecated: Use ares_dns_parse instead [-Wdeprecated-declarations]
  811 |   status = ares_parse_srv_reply(abuf, alen, &reply);
      |            ~~~~~~~~~~~~~~~~~~~~^~~~~~~~~~~~~~~~~~~~
external/c-ares+/include/ares.h:1116:55: note: declared here
 1116 | CARES_EXTERN CARES_DEPRECATED_FOR(ares_dns_parse) int ares_parse_srv_reply(
      |                                                       ^~~~~~~~~~~~~~~~~~~~
external/grpc+/src/core/lib/event_engine/ares_resolver.cc: In static member function 'static void grpc_event_engine::experimental::AresResolver::OnTXTDoneLocked(void*, int, int, unsigned char*, int)':
external/grpc+/src/core/lib/event_engine/ares_resolver.cc:875:36: warning: 'int ares_parse_txt_reply_ext(const unsigned char*, int, ares_txt_ext**)' is deprecated: Use ares_dns_parse instead [-Wdeprecated-declarations]
  875 |   status = ares_parse_txt_reply_ext(buf, len, &reply);
      |            ~~~~~~~~~~~~~~~~~~~~~~~~^~~~~~~~~~~~~~~~~~
external/c-ares+/include/ares.h:1125:55: note: declared here
 1125 | CARES_EXTERN CARES_DEPRECATED_FOR(ares_dns_parse) int ares_parse_txt_reply_ext(
      |                                                       ^~~~~~~~~~~~~~~~~~~~~~~~
[2,092 / 2,200] Compiling src/core/lib/promise/party.cc; 3s processwrapper-sandbox ... (4 actions running)
[2,093 / 2,200] Compiling src/core/lib/promise/party.cc; 4s processwrapper-sandbox ... (4 actions running)
[2,095 / 2,200] Compiling src/core/lib/event_engine/posix_engine/internal_errqueue.cc; 2s processwrapper-sandbox ... (4 actions running)
[2,096 / 2,200] Compiling src/core/lib/event_engine/posix_engine/wakeup_fd_eventfd.cc; 3s processwrapper-sandbox ... (4 actions, 3 running)
[2,097 / 2,200] Compiling src/core/call/metadata.cc; 3s processwrapper-sandbox ... (4 actions running)
[2,099 / 2,200] Compiling src/core/lib/event_engine/posix_engine/traced_buffer_list.cc; 3s processwrapper-sandbox ... (4 actions running)
[2,101 / 2,200] Compiling src/core/call/call_filters.cc; 2s processwrapper-sandbox ... (4 actions running)
[2,102 / 2,200] Compiling src/core/call/call_filters.cc; 4s processwrapper-sandbox ... (4 actions, 3 running)
INFO: From Compiling src/core/call/call_filters.cc:
In file included from external/grpc+/src/core/call/call_filters.h:26,
                 from external/grpc+/src/core/call/call_filters.cc:15:
external/grpc+/src/core/call/call_state.h: In static member function 'static const char* grpc_core::CallState::ServerToClientPullStateString(ServerToClientPullState)':
external/grpc+/src/core/call/call_state.h:244:3: warning: control reaches end of non-void function [-Wreturn-type]
  244 |   }
      |   ^
external/grpc+/src/core/call/call_state.h: In static member function 'static const char* grpc_core::CallState::ServerTrailingMetadataStateString(ServerTrailingMetadataState)':
external/grpc+/src/core/call/call_state.h:314:3: warning: control reaches end of non-void function [-Wreturn-type]
  314 |   }
      |   ^
external/grpc+/src/core/call/call_state.h: In static member function 'static const char* grpc_core::CallState::ServerToClientPushStateString(ServerToClientPushState)':
external/grpc+/src/core/call/call_state.h:284:3: warning: control reaches end of non-void function [-Wreturn-type]
  284 |   }
      |   ^
external/grpc+/src/core/call/call_state.h: In static member function 'static const char* grpc_core::CallState::ClientToServerPushStateString(ClientToServerPushState)':
external/grpc+/src/core/call/call_state.h:191:3: warning: control reaches end of non-void function [-Wreturn-type]
  191 |   }
      |   ^
[2,104 / 2,200] Compiling src/core/lib/event_engine/posix_engine/posix_endpoint.cc; 4s processwrapper-sandbox ... (4 actions running)
[2,105 / 2,200] Compiling src/core/telemetry/metrics.cc; 2s processwrapper-sandbox ... (4 actions running)
[2,106 / 2,200] Compiling src/core/telemetry/metrics.cc; 3s processwrapper-sandbox ... (4 actions, 3 running)
[2,107 / 2,200] Compiling src/core/call/call_spine.cc; 5s processwrapper-sandbox ... (4 actions running)
[2,109 / 2,200] Compiling src/core/call/call_spine.cc; 7s processwrapper-sandbox ... (4 actions, 3 running)
[2,110 / 2,200] Compiling src/core/call/call_spine.cc; 8s processwrapper-sandbox ... (4 actions running)
INFO: From Compiling src/core/call/call_spine.cc:
In file included from external/grpc+/src/core/lib/promise/activity.h:30,
                 from external/grpc+/src/core/lib/resource_quota/memory_quota.h:39,
                 from external/grpc+/src/core/lib/resource_quota/arena.h:39,
                 from external/grpc+/src/core/call/call_arena_allocator.h:24,
                 from external/grpc+/src/core/call/call_spine.h:23,
                 from external/grpc+/src/core/call/call_spine.cc:15:
external/grpc+/src/core/lib/promise/detail/promise_factory.h:132:5: warning: 'always_inline' function might not be inlinable [-Wattributes]
  132 |     PromiseFactoryImpl(Token, F&& f, A&& arg) {
      |     ^~~~~~~~~~~~~~~~~~
external/grpc+/src/core/lib/promise/detail/promise_factory.h:132:5: warning: 'always_inline' function might not be inlinable [-Wattributes]
external/grpc+/src/core/lib/promise/detail/promise_factory.h:132:5: warning: 'always_inline' function might not be inlinable [-Wattributes]
In file included from external/grpc+/src/core/call/call_filters.h:26,
                 from external/grpc+/src/core/call/call_spine.h:24:
external/grpc+/src/core/call/call_state.h: In static member function 'static const char* grpc_core::CallState::ServerTrailingMetadataStateString(ServerTrailingMetadataState)':
external/grpc+/src/core/call/call_state.h:314:3: warning: control reaches end of non-void function [-Wreturn-type]
  314 |   }
      |   ^
external/grpc+/src/core/call/call_state.h: In static member function 'static const char* grpc_core::CallState::ClientToServerPullStateString(ClientToServerPullState)':
external/grpc+/src/core/call/call_state.h:161:3: warning: control reaches end of non-void function [-Wreturn-type]
  161 |   }
      |   ^
external/grpc+/src/core/call/call_state.h: In static member function 'static const char* grpc_core::CallState::ClientToServerPushStateString(ClientToServerPushState)':
external/grpc+/src/core/call/call_state.h:191:3: warning: control reaches end of non-void function [-Wreturn-type]
  191 |   }
      |   ^
external/grpc+/src/core/call/call_state.h: In static member function 'static const char* grpc_core::CallState::ServerToClientPullStateString(ServerToClientPullState)':
external/grpc+/src/core/call/call_state.h:244:3: warning: control reaches end of non-void function [-Wreturn-type]
  244 |   }
      |   ^
external/grpc+/src/core/call/call_state.h: In static member function 'static const char* grpc_core::CallState::ServerToClientPushStateString(ServerToClientPushState)':
external/grpc+/src/core/call/call_state.h:284:3: warning: control reaches end of non-void function [-Wreturn-type]
  284 |   }
      |   ^
[2,111 / 2,200] Compiling src/core/load_balancing/lb_policy_registry.cc; 4s processwrapper-sandbox ... (4 actions, 3 running)
[2,112 / 2,200] Compiling src/core/lib/event_engine/posix_engine/posix_engine.cc; 4s processwrapper-sandbox ... (4 actions running)
INFO: From Compiling src/core/lib/event_engine/posix_engine/posix_engine.cc:
In file included from external/grpc+/src/core/lib/event_engine/posix_engine/posix_engine.cc:36:
external/grpc+/src/core/lib/event_engine/posix_engine/grpc_polled_fd_posix.h: In member function 'virtual void grpc_event_engine::experimental::GrpcPolledFdFactoryPosix::ConfigureAresChannelLocked(ares_channel)':
external/grpc+/src/core/lib/event_engine/posix_engine/grpc_polled_fd_posix.h:129:30: warning: 'void ares_set_socket_functions(ares_channel_t*, const ares_socket_functions*, void*)' is deprecated: Use ares_set_socket_functions_ex instead [-Wdeprecated-declarations]
  129 |     ares_set_socket_functions(channel, &kSockFuncs, this);
      |     ~~~~~~~~~~~~~~~~~~~~~~~~~^~~~~~~~~~~~~~~~~~~~~~~~~~~~
In file included from external/grpc+/src/core/lib/event_engine/ares_resolver.h:28,
                 from external/grpc+/src/core/lib/event_engine/posix_engine/posix_engine.h:30,
                 from external/grpc+/src/core/lib/event_engine/posix_engine/posix_engine.cc:14:
external/c-ares+/include/ares.h:571:38: note: declared here
  571 |   ares_set_socket_functions_ex) void ares_set_socket_functions(ares_channel_t
      |                                      ^~~~~~~~~~~~~~~~~~~~~~~~~
[2,113 / 2,200] Compiling src/core/lib/surface/channel.cc; 4s processwrapper-sandbox ... (4 actions, 3 running)
[2,115 / 2,200] Compiling src/core/call/interception_chain.cc; 4s processwrapper-sandbox ... (4 actions running)
[2,116 / 2,200] Compiling src/core/call/interception_chain.cc; 6s processwrapper-sandbox ... (4 actions, 3 running)
[2,117 / 2,200] Compiling src/core/lib/surface/channel_init.cc; 4s processwrapper-sandbox ... (4 actions running)
[2,118 / 2,200] Compiling src/core/lib/surface/channel_init.cc; 6s processwrapper-sandbox ... (4 actions, 3 running)
[2,122 / 2,200] Compiling src/core/lib/event_engine/default_event_engine.cc; 5s processwrapper-sandbox ... (4 actions running)
[2,128 / 2,200] Compiling src/core/lib/resource_quota/api.cc; 3s processwrapper-sandbox ... (4 actions running)
[2,129 / 2,200] Compiling src/core/lib/resource_quota/api.cc; 5s processwrapper-sandbox ... (4 actions running)
[2,136 / 2,200] Compiling src/core/call/client_call.cc; 5s processwrapper-sandbox ... (4 actions, 3 running)
[2,137 / 2,200] Compiling src/core/call/client_call.cc; 6s processwrapper-sandbox ... (4 actions running)
[2,138 / 2,200] Compiling src/core/call/client_call.cc; 7s processwrapper-sandbox ... (4 actions running)
[2,139 / 2,200] Compiling src/core/call/client_call.cc; 9s processwrapper-sandbox ... (4 actions running)
INFO: From Compiling src/core/call/client_call.cc:
In file included from external/grpc+/src/core/call/call_filters.h:26,
                 from external/grpc+/src/core/call/call_spine.h:24,
                 from external/grpc+/src/core/call/call_destination.h:20,
                 from external/grpc+/src/core/lib/transport/transport.h:36,
                 from external/grpc+/src/core/lib/channel/channel_stack.h:63,
                 from external/grpc+/src/core/lib/surface/call.h:32,
                 from external/grpc+/src/core/call/client_call.h:43,
                 from external/grpc+/src/core/call/client_call.cc:15:
external/grpc+/src/core/call/call_state.h: In static member function 'static const char* grpc_core::CallState::ServerToClientPullStateString(ServerToClientPullState)':
external/grpc+/src/core/call/call_state.h:244:3: warning: control reaches end of non-void function [-Wreturn-type]
  244 |   }
      |   ^
external/grpc+/src/core/call/call_state.h: In static member function 'static const char* grpc_core::CallState::ServerToClientPushStateString(ServerToClientPushState)':
external/grpc+/src/core/call/call_state.h:284:3: warning: control reaches end of non-void function [-Wreturn-type]
  284 |   }
      |   ^
external/grpc+/src/core/call/call_state.h: In static member function 'static const char* grpc_core::CallState::ClientToServerPushStateString(ClientToServerPushState)':
external/grpc+/src/core/call/call_state.h:191:3: warning: control reaches end of non-void function [-Wreturn-type]
  191 |   }
      |   ^
external/grpc+/src/core/call/call_state.h: In static member function 'static const char* grpc_core::CallState::ServerTrailingMetadataStateString(ServerTrailingMetadataState)':
external/grpc+/src/core/call/call_state.h:314:3: warning: control reaches end of non-void function [-Wreturn-type]
  314 |   }
      |   ^
[2,142 / 2,200] Compiling src/core/lib/iomgr/tcp_server_posix.cc; 6s processwrapper-sandbox ... (4 actions running)
[2,144 / 2,200] Compiling src/core/lib/iomgr/tcp_posix.cc; 4s processwrapper-sandbox ... (4 actions running)
[2,145 / 2,200] Compiling src/core/lib/iomgr/tcp_client_posix.cc; 3s processwrapper-sandbox ... (4 actions running)
[2,147 / 2,200] Compiling src/core/call/server_call.cc; 4s processwrapper-sandbox ... (4 actions running)
[2,148 / 2,200] Compiling src/core/call/server_call.cc; 5s processwrapper-sandbox ... (4 actions, 3 running)
[2,150 / 2,200] Compiling src/core/call/server_call.cc; 7s processwrapper-sandbox ... (4 actions, 3 running)
[2,150 / 2,200] Compiling src/core/call/server_call.cc; 8s processwrapper-sandbox ... (4 actions running)
INFO: From Compiling src/core/call/server_call.cc:
In file included from external/grpc+/src/core/call/call_filters.h:26,
                 from external/grpc+/src/core/call/call_spine.h:24,
                 from external/grpc+/src/core/call/call_destination.h:20,
                 from external/grpc+/src/core/lib/transport/transport.h:36,
                 from external/grpc+/src/core/lib/channel/channel_stack.h:63,
                 from external/grpc+/src/core/lib/surface/call.h:32,
                 from external/grpc+/src/core/call/server_call.h:46,
                 from external/grpc+/src/core/call/server_call.cc:15:
external/grpc+/src/core/call/call_state.h: In static member function 'static const char* grpc_core::CallState::ClientToServerPullStateString(ClientToServerPullState)':
external/grpc+/src/core/call/call_state.h:161:3: warning: control reaches end of non-void function [-Wreturn-type]
  161 |   }
      |   ^
external/grpc+/src/core/call/call_state.h: In static member function 'static const char* grpc_core::CallState::ClientToServerPushStateString(ClientToServerPushState)':
external/grpc+/src/core/call/call_state.h:191:3: warning: control reaches end of non-void function [-Wreturn-type]
  191 |   }
      |   ^
external/grpc+/src/core/call/call_state.h: In static member function 'static const char* grpc_core::CallState::ServerTrailingMetadataStateString(ServerTrailingMetadataState)':
external/grpc+/src/core/call/call_state.h:314:3: warning: control reaches end of non-void function [-Wreturn-type]
  314 |   }
      |   ^
external/grpc+/src/core/call/call_state.h: In static member function 'static const char* grpc_core::CallState::ServerToClientPushStateString(ServerToClientPushState)':
external/grpc+/src/core/call/call_state.h:284:3: warning: control reaches end of non-void function [-Wreturn-type]
  284 |   }
      |   ^
[2,155 / 2,200] Compiling src/core/lib/iomgr/socket_utils_common_posix.cc; 3s processwrapper-sandbox ... (4 actions, 3 running)
[2,157 / 2,200] Compiling src/core/lib/iomgr/pollset.cc; 2s processwrapper-sandbox ... (4 actions, 3 running)
[2,163 / 2,200] Compiling src/core/lib/channel/channel_stack.cc; 0s processwrapper-sandbox ... (4 actions, 3 running)
[2,164 / 2,200] Compiling src/core/lib/channel/channel_stack.cc; 2s processwrapper-sandbox ... (4 actions running)
[2,166 / 2,200] Compiling src/core/lib/channel/channel_stack.cc; 3s processwrapper-sandbox ... (4 actions, 3 running)
[2,167 / 2,200] Compiling src/core/lib/channel/channel_stack.cc; 5s processwrapper-sandbox ... (4 actions running)
[2,170 / 2,200] Compiling src/core/lib/iomgr/event_engine_shims/tcp_client.cc; 4s processwrapper-sandbox ... (4 actions, 3 running)
[2,170 / 2,200] Compiling src/core/lib/iomgr/event_engine_shims/tcp_client.cc; 5s processwrapper-sandbox ... (4 actions running)
[2,177 / 2,200] Compiling src/core/lib/channel/channel_stack_builder_impl.cc; 3s processwrapper-sandbox ... (4 actions running)
[2,178 / 2,200] Compiling src/core/lib/channel/channel_stack_builder_impl.cc; 4s processwrapper-sandbox ... (4 actions running)
[2,181 / 2,200] Compiling src/core/lib/iomgr/endpoint_pair_posix.cc; 3s processwrapper-sandbox ... (4 actions, 3 running)
[2,181 / 2,200] Compiling src/core/lib/iomgr/endpoint_pair_posix.cc; 5s processwrapper-sandbox ... (4 actions running)
[2,185 / 2,200] Compiling src/core/lib/transport/transport_op_string.cc; 4s processwrapper-sandbox ... (4 actions, 3 running)
[2,186 / 2,200] Compiling src/core/lib/channel/connected_channel.cc; 4s processwrapper-sandbox ... (4 actions running)
INFO: From Compiling src/core/lib/channel/connected_channel.cc:
In file included from external/grpc+/src/core/lib/channel/connected_channel.cc:53:
external/grpc+/src/core/lib/promise/loop.h:215:31: warning: attribute ignored in declaration of 'union grpc_core::Loop<F, kYield>::<unnamed>' [-Wattributes]
  215 |   GPR_NO_UNIQUE_ADDRESS union {
      |                               ^
external/grpc+/src/core/lib/promise/loop.h:215:31: note: attribute for 'union grpc_core::Loop<F, kYield>::<unnamed>' must follow the 'union' keyword
[2,188 / 2,200] Compiling src/core/lib/transport/transport.cc; 4s processwrapper-sandbox ... (4 actions running)
[2,189 / 2,200] Compiling src/core/lib/surface/lame_client.cc; 3s processwrapper-sandbox ... (4 actions, 3 running)
[2,190 / 2,200] Compiling src/core/lib/surface/lame_client.cc; 5s processwrapper-sandbox ... (4 actions running)
[2,191 / 2,200] Compiling src/core/lib/surface/filter_stack_call.cc; 5s processwrapper-sandbox ... (4 actions running)
[2,193 / 2,200] Compiling src/core/lib/channel/promise_based_filter.cc; 6s processwrapper-sandbox ... (4 actions, 3 running)
[2,194 / 2,200] Compiling src/core/lib/channel/promise_based_filter.cc; 8s processwrapper-sandbox ... (4 actions running)
[2,195 / 2,200] Compiling src/core/lib/channel/promise_based_filter.cc; 10s processwrapper-sandbox ... (4 actions, 3 running)
[2,198 / 2,200] Compiling src/core/lib/surface/call.cc; 1s processwrapper-sandbox ... (2 actions running)
[2,199 / 2,200] Compiling src/core/lib/surface/call.cc; 3s processwrapper-sandbox
INFO: Found 6 targets...
INFO: Elapsed time: 675.958s, Critical Path: 74.30s
INFO: 2200 processes: 786 internal, 1414 processwrapper-sandbox.
INFO: Build completed successfully, 2200 total actions
