2026/07/11 02:42:10 Downloading https://releases.bazel.build/8.7.0/release/bazel-8.7.0-linux-x86_64...
Extracting Bazel installation...
Starting local Bazel server (8.7.0) and connecting to it...
Computing main repo mapping: 
Computing main repo mapping: 
Computing main repo mapping: 
Computing main repo mapping: 
Loading: 
Loading: 0 packages loaded
Loading: 0 packages loaded
Loading: 0 packages loaded
    currently loading: proto
Loading: 0 packages loaded
    currently loading: proto
Loading: 0 packages loaded
    currently loading: proto
Loading: 0 packages loaded
    currently loading: proto
Analyzing: 6 targets (1 packages loaded, 0 targets configured)
Analyzing: 6 targets (1 packages loaded, 0 targets configured)

Analyzing: 6 targets (33 packages loaded, 26 targets configured)

Analyzing: 6 targets (78 packages loaded, 35 targets configured)

Analyzing: 6 targets (83 packages loaded, 46 targets configured)

Analyzing: 6 targets (83 packages loaded, 46 targets configured)

Analyzing: 6 targets (104 packages loaded, 3213 targets configured)

Analyzing: 6 targets (118 packages loaded, 7632 targets configured)

Analyzing: 6 targets (143 packages loaded, 8326 targets configured)

Analyzing: 6 targets (147 packages loaded, 8421 targets configured)

Analyzing: 6 targets (167 packages loaded, 12613 targets configured)

Analyzing: 6 targets (186 packages loaded, 15761 targets configured)

Analyzing: 6 targets (197 packages loaded, 18083 targets configured)

Analyzing: 6 targets (201 packages loaded, 21225 targets configured)
[69 / 322] Compiling absl/time/internal/cctz/src/time_zone_fixed.cc [for tool]; 0s processwrapper-sandbox ... (4 actions running)
Analyzing: 6 targets (204 packages loaded, 21602 targets configured)
[69 / 322] Compiling absl/time/internal/cctz/src/time_zone_fixed.cc [for tool]; 1s processwrapper-sandbox ... (4 actions running)
Analyzing: 6 targets (204 packages loaded, 21852 targets configured)
[70 / 322] Compiling absl/time/internal/cctz/src/time_zone_fixed.cc [for tool]; 2s processwrapper-sandbox ... (4 actions, 3 running)
Analyzing: 6 targets (206 packages loaded, 27416 targets configured)
[130 / 322] Compiling absl/strings/internal/cordz_functions.cc [for tool]; 0s processwrapper-sandbox ... (4 actions, 3 running)
Analyzing: 6 targets (206 packages loaded, 27416 targets configured)
[133 / 322] Compiling absl/time/internal/cctz/src/time_zone_format.cc [for tool]; 1s processwrapper-sandbox ... (4 actions, 3 running)
Analyzing: 6 targets (206 packages loaded, 27416 targets configured)
[141 / 322] Compiling absl/time/internal/cctz/src/time_zone_if.cc [for tool]; 0s processwrapper-sandbox ... (4 actions, 3 running)
Analyzing: 6 targets (206 packages loaded, 27416 targets configured)
[147 / 322] Compiling absl/time/internal/cctz/src/time_zone_lookup.cc [for tool]; 1s processwrapper-sandbox ... (4 actions, 3 running)
Analyzing: 6 targets (206 packages loaded, 27416 targets configured)
[152 / 322] Compiling absl/time/internal/cctz/src/time_zone_libc.cc [for tool]; 1s processwrapper-sandbox ... (4 actions running)
Analyzing: 6 targets (206 packages loaded, 27416 targets configured)
[158 / 322] Compiling absl/time/internal/cctz/src/time_zone_info.cc [for tool]; 1s processwrapper-sandbox ... (4 actions running)
Analyzing: 6 targets (206 packages loaded, 27416 targets configured)
[162 / 322] Compiling absl/time/internal/cctz/src/time_zone_info.cc [for tool]; 2s processwrapper-sandbox ... (4 actions, 3 running)
Analyzing: 6 targets (206 packages loaded, 27416 targets configured)
[166 / 322] Compiling absl/synchronization/internal/graphcycles.cc [for tool]; 1s processwrapper-sandbox ... (4 actions, 3 running)
Analyzing: 6 targets (206 packages loaded, 27416 targets configured)
[521 / 1,934] Compiling absl/strings/internal/escaping.cc [for tool]; 0s processwrapper-sandbox ... (4 actions, 3 running)
Analyzing: 6 targets (206 packages loaded, 27416 targets configured)
[523 / 1,934] Compiling absl/strings/internal/escaping.cc [for tool]; 1s processwrapper-sandbox ... (4 actions, 3 running)
Analyzing: 6 targets (206 packages loaded, 27416 targets configured)
[527 / 1,934] Compiling src/google/protobuf/compiler/parser.cc; 2s processwrapper-sandbox ... (4 actions, 3 running)
Analyzing: 6 targets (206 packages loaded, 27416 targets configured)
[530 / 1,934] Compiling src/google/protobuf/compiler/parser.cc; 3s processwrapper-sandbox ... (4 actions, 3 running)
Analyzing: 6 targets (206 packages loaded, 27416 targets configured)
[532 / 1,934] Compiling src/google/protobuf/compiler/parser.cc; 5s processwrapper-sandbox ... (4 actions running)
Analyzing: 6 targets (206 packages loaded, 27416 targets configured)
[534 / 1,934] Compiling src/google/protobuf/compiler/parser.cc; 6s processwrapper-sandbox ... (4 actions, 3 running)
Analyzing: 6 targets (206 packages loaded, 27416 targets configured)
[534 / 1,934] Compiling src/google/protobuf/compiler/parser.cc; 8s processwrapper-sandbox ... (4 actions running)
Analyzing: 6 targets (206 packages loaded, 27416 targets configured)
[537 / 1,934] Compiling src/google/protobuf/compiler/parser.cc; 9s processwrapper-sandbox ... (4 actions running)
Analyzing: 6 targets (206 packages loaded, 27416 targets configured)
[538 / 1,934] Compiling src/google/protobuf/compiler/parser.cc; 11s processwrapper-sandbox ... (4 actions, 3 running)
Analyzing: 6 targets (206 packages loaded, 27416 targets configured)
[541 / 1,934] Compiling src/google/protobuf/compiler/parser.cc; 12s processwrapper-sandbox ... (4 actions, 3 running)
Analyzing: 6 targets (206 packages loaded, 27416 targets configured)
[544 / 1,934] Compiling absl/numeric/int128.cc [for tool]; 2s processwrapper-sandbox ... (4 actions running)
Analyzing: 6 targets (206 packages loaded, 27416 targets configured)
[547 / 1,934] Compiling src/google/protobuf/compiler/importer.cc; 2s processwrapper-sandbox ... (4 actions running)
Analyzing: 6 targets (206 packages loaded, 27416 targets configured)
[550 / 1,934] Compiling src/google/protobuf/compiler/importer.cc; 3s processwrapper-sandbox ... (4 actions running)
Analyzing: 6 targets (206 packages loaded, 27416 targets configured)
[551 / 1,934] Compiling src/google/protobuf/compiler/importer.cc; 4s processwrapper-sandbox ... (4 actions, 3 running)
Analyzing: 6 targets (206 packages loaded, 27416 targets configured)
[551 / 1,934] Compiling src/google/protobuf/compiler/importer.cc; 5s processwrapper-sandbox ... (4 actions running)
Analyzing: 6 targets (206 packages loaded, 27416 targets configured)
[555 / 1,934] Compiling src/google/protobuf/compiler/importer.cc; 6s processwrapper-sandbox ... (4 actions running)
Analyzing: 6 targets (206 packages loaded, 27416 targets configured)
[557 / 1,934] Compiling src/google/protobuf/compiler/importer.cc; 7s processwrapper-sandbox ... (4 actions running)
Analyzing: 6 targets (206 packages loaded, 27416 targets configured)
[562 / 1,934] Compiling src/google/protobuf/compiler/importer.cc; 8s processwrapper-sandbox ... (4 actions, 3 running)
Analyzing: 6 targets (206 packages loaded, 27416 targets configured)
[572 / 1,934] Compiling absl/strings/internal/str_format/float_conversion.cc [for tool]; 1s processwrapper-sandbox ... (4 actions, 3 running)
Analyzing: 6 targets (206 packages loaded, 27416 targets configured)
[584 / 1,934] Compiling absl/strings/internal/str_format/float_conversion.cc [for tool]; 2s processwrapper-sandbox ... (4 actions, 3 running)
Analyzing: 6 targets (206 packages loaded, 27416 targets configured)
[586 / 1,934] Compiling absl/strings/internal/str_format/float_conversion.cc [for tool]; 3s processwrapper-sandbox ... (4 actions, 3 running)
Analyzing: 6 targets (209 packages loaded, 27434 targets configured)
[591 / 1,934] Compiling src/google/protobuf/io/gzip_stream.cc; 2s processwrapper-sandbox ... (4 actions, 3 running)
Analyzing: 6 targets (244 packages loaded, 27464 targets configured)
[594 / 1,934] Compiling absl/strings/internal/str_format/parser.cc [for tool]; 1s processwrapper-sandbox ... (4 actions running)
Analyzing: 6 targets (334 packages loaded, 27956 targets configured)
[597 / 1,934] Compiling src/google/protobuf/wire_format_lite.cc; 1s processwrapper-sandbox ... (4 actions running)
Analyzing: 6 targets (336 packages loaded, 28244 targets configured)
[599 / 1,934] Compiling src/google/protobuf/wire_format_lite.cc; 2s processwrapper-sandbox ... (4 actions running)
INFO: Analyzed 6 targets (341 packages loaded, 28303 targets configured).
[601 / 1,934] Compiling absl/strings/charconv.cc; 1s processwrapper-sandbox ... (4 actions running)
[605 / 1,934] Compiling src/google/protobuf/repeated_ptr_field.cc; 1s processwrapper-sandbox ... (4 actions, 3 running)
[611 / 1,934] Compiling absl/crc/internal/crc_non_temporal_memcpy.cc [for tool]; 0s processwrapper-sandbox ... (4 actions, 3 running)
[616 / 1,934] Compiling absl/crc/internal/crc_non_temporal_memcpy.cc [for tool]; 1s processwrapper-sandbox ... (4 actions, 3 running)
[622 / 1,934] Compiling absl/crc/internal/crc_cord_state.cc [for tool]; 1s processwrapper-sandbox ... (4 actions, 3 running)
[626 / 1,934] Compiling src/google/protobuf/parse_context.cc; 1s processwrapper-sandbox ... (4 actions, 3 running)
[631 / 1,934] Compiling absl/strings/internal/cord_internal.cc [for tool]; 0s processwrapper-sandbox ... (4 actions running)
[635 / 1,934] Compiling src/google/protobuf/message_lite.cc; 1s processwrapper-sandbox ... (4 actions running)
[639 / 1,934] Compiling src/google/protobuf/message_lite.cc; 2s processwrapper-sandbox ... (4 actions running)
[644 / 1,934] Compiling absl/numeric/int128.cc; 0s processwrapper-sandbox ... (4 actions running)
[646 / 1,934] Compiling src/google/protobuf/map.cc; 1s processwrapper-sandbox ... (4 actions running)
[649 / 1,934] Compiling absl/strings/cord.cc; 1s processwrapper-sandbox ... (4 actions, 3 running)
[653 / 1,934] Compiling src/google/protobuf/inlined_string_field.cc; 1s processwrapper-sandbox ... (4 actions, 3 running)
[658 / 1,934] Compiling absl/strings/internal/cord_internal.cc; 0s processwrapper-sandbox ... (4 actions, 3 running)
[661 / 1,934] Compiling src/google/protobuf/implicit_weak_message.cc; 1s processwrapper-sandbox ... (4 actions running)
[665 / 1,934] Compiling src/google/protobuf/generated_message_util.cc; 0s processwrapper-sandbox ... (4 actions running)
[668 / 1,934] Compiling src/google/protobuf/generated_message_util.cc; 1s processwrapper-sandbox ... (4 actions running)
[670 / 1,934] Compiling absl/strings/cord.cc [for tool]; 2s processwrapper-sandbox ... (4 actions running)
[673 / 1,934] Compiling src/google/protobuf/generated_message_tctable_lite.cc; 1s processwrapper-sandbox ... (4 actions running)
[675 / 1,934] Compiling src/google/protobuf/generated_message_tctable_lite.cc; 2s processwrapper-sandbox ... (4 actions running)
[678 / 1,934] Compiling src/google/protobuf/generated_message_tctable_lite.cc; 3s processwrapper-sandbox ... (4 actions running)
[679 / 1,934] Compiling src/google/protobuf/generated_message_tctable_lite.cc; 4s processwrapper-sandbox ... (4 actions running)
[683 / 1,934] Compiling absl/crc/internal/crc_cord_state.cc; 1s processwrapper-sandbox ... (4 actions, 3 running)
[687 / 1,934] Compiling src/google/protobuf/generated_enum_util.cc; 1s processwrapper-sandbox ... (4 actions, 3 running)
[691 / 1,934] Compiling absl/status/status.cc [for tool]; 1s processwrapper-sandbox ... (4 actions, 3 running)
[694 / 1,934] Compiling src/google/protobuf/extension_set.cc; 1s processwrapper-sandbox ... (4 actions, 3 running)
[697 / 1,934] Compiling src/google/protobuf/extension_set.cc; 2s processwrapper-sandbox ... (4 actions running)
[701 / 1,934] Compiling src/google/protobuf/extension_set.cc; 3s processwrapper-sandbox ... (4 actions, 3 running)
[706 / 1,934] Compiling src/google/protobuf/io/gzip_stream.cc [for tool]; 1s processwrapper-sandbox ... (4 actions, 3 running)
[709 / 1,934] Compiling src/google/protobuf/arenastring.cc; 1s processwrapper-sandbox ... (4 actions running)
[715 / 1,934] Compiling src/google/protobuf/io/tokenizer.cc [for tool]; 1s processwrapper-sandbox ... (4 actions, 3 running)
[718 / 1,934] Compiling absl/strings/internal/cordz_info.cc; 1s processwrapper-sandbox ... (4 actions, 3 running)
[720 / 1,934] Compiling src/google/protobuf/io/printer.cc [for tool]; 1s processwrapper-sandbox ... (4 actions, 3 running)
[723 / 1,934] Compiling src/google/protobuf/io/printer.cc [for tool]; 2s processwrapper-sandbox ... (4 actions running)
[725 / 1,934] Compiling src/google/protobuf/io/printer.cc [for tool]; 3s processwrapper-sandbox ... (4 actions running)
[729 / 1,934] Compiling src/google/protobuf/io/printer.cc [for tool]; 5s processwrapper-sandbox ... (4 actions, 3 running)
[732 / 1,934] Compiling src/google/protobuf/wire_format.cc; 4s processwrapper-sandbox ... (4 actions, 3 running)
[736 / 1,934] Compiling src/google/protobuf/io/zero_copy_stream_impl_lite.cc [for tool]; 1s processwrapper-sandbox ... (4 actions, 3 running)
[740 / 1,934] Compiling src/google/protobuf/unknown_field_set.cc; 2s processwrapper-sandbox ... (4 actions running)
[743 / 1,934] Compiling src/google/protobuf/wire_format.cc [for tool]; 1s processwrapper-sandbox ... (4 actions, 3 running)
[747 / 1,934] Compiling src/google/protobuf/wire_format.cc [for tool]; 2s processwrapper-sandbox ... (4 actions, 3 running)
[748 / 1,934] Compiling src/google/protobuf/wire_format.cc [for tool]; 4s processwrapper-sandbox ... (4 actions running)
[749 / 1,934] Compiling src/google/protobuf/wire_format.cc [for tool]; 5s processwrapper-sandbox ... (4 actions running)
[750 / 1,934] Compiling src/google/protobuf/wire_format.cc [for tool]; 6s processwrapper-sandbox ... (4 actions running)
[754 / 1,934] Compiling src/google/protobuf/text_format.cc; 6s processwrapper-sandbox ... (4 actions, 3 running)
INFO: From Compiling src/google/protobuf/text_format.cc:
external/protobuf+/src/google/protobuf/text_format.cc: In member function 'google::protobuf::TextFormat::ParseLocation google::protobuf::TextFormat::ParseInfoTree::GetLocation(const google::protobuf::FieldDescriptor*, int) const':
external/protobuf+/src/google/protobuf/text_format.cc:260:26: warning: 'google::protobuf::TextFormat::ParseLocationRange google::protobuf::TextFormat::ParseInfoTree::GetLocationRange(const google::protobuf::FieldDescriptor*, int) const' is deprecated: Please use GetFieldLocation() [-Wdeprecated-declarations]
  260 |   return GetLocationRange(field, index).start;
      |          ~~~~~~~~~~~~~~~~^~~~~~~~~~~~~~
external/protobuf+/src/google/protobuf/text_format.cc:242:32: note: declared here
  242 | TextFormat::ParseLocationRange TextFormat::ParseInfoTree::GetLocationRange(
      |                                ^~~~~~~~~~
external/protobuf+/src/google/protobuf/text_format.cc: In member function 'bool google::protobuf::TextFormat::Parser::ParserImpl::ConsumeField(google::protobuf::Message*)':
external/protobuf+/src/google/protobuf/text_format.cc:795:54: warning: 'bool google::protobuf::FieldOptions::weak() const' is deprecated [-Wdeprecated-declarations]
  795 |       if (consumed_semicolon && field->options().weak() &&
      |                                 ~~~~~~~~~~~~~~~~~~~~~^~
In file included from external/protobuf+/src/google/protobuf/text_format.cc:50:
bazel-out/k8-fastbuild/bin/external/protobuf+/src/google/protobuf/_virtual_includes/protobuf/google/protobuf/descriptor.pb.h:19782:13: note: declared here
19782 | inline bool FieldOptions::weak() const {
      |             ^~~~~~~~~~~~
[758 / 1,934] Compiling src/google/protobuf/unknown_field_set.cc [for tool]; 1s processwrapper-sandbox ... (4 actions, 3 running)
[760 / 1,934] Compiling src/google/protobuf/generated_enum_util.cc [for tool]; 1s processwrapper-sandbox ... (4 actions, 3 running)
[762 / 1,934] Compiling src/google/protobuf/symbol_checker.cc; 3s processwrapper-sandbox ... (4 actions running)
[767 / 1,934] Compiling src/google/protobuf/text_format.cc [for tool]; 2s processwrapper-sandbox ... (4 actions, 3 running)
[770 / 1,934] Compiling src/google/protobuf/text_format.cc [for tool]; 4s processwrapper-sandbox ... (4 actions running)
[771 / 1,934] Compiling src/google/protobuf/text_format.cc [for tool]; 5s processwrapper-sandbox ... (4 actions, 3 running)
[774 / 1,934] Compiling src/google/protobuf/text_format.cc [for tool]; 7s processwrapper-sandbox ... (4 actions, 3 running)
[774 / 1,934] Compiling src/google/protobuf/text_format.cc [for tool]; 8s processwrapper-sandbox ... (4 actions running)
INFO: From Compiling src/google/protobuf/text_format.cc [for tool]:
external/protobuf+/src/google/protobuf/text_format.cc: In member function 'google::protobuf::TextFormat::ParseLocation google::protobuf::TextFormat::ParseInfoTree::GetLocation(const google::protobuf::FieldDescriptor*, int) const':
external/protobuf+/src/google/protobuf/text_format.cc:260:26: warning: 'google::protobuf::TextFormat::ParseLocationRange google::protobuf::TextFormat::ParseInfoTree::GetLocationRange(const google::protobuf::FieldDescriptor*, int) const' is deprecated: Please use GetFieldLocation() [-Wdeprecated-declarations]
  260 |   return GetLocationRange(field, index).start;
      |          ~~~~~~~~~~~~~~~~^~~~~~~~~~~~~~
external/protobuf+/src/google/protobuf/text_format.cc:242:32: note: declared here
  242 | TextFormat::ParseLocationRange TextFormat::ParseInfoTree::GetLocationRange(
      |                                ^~~~~~~~~~
external/protobuf+/src/google/protobuf/text_format.cc: In member function 'bool google::protobuf::TextFormat::Parser::ParserImpl::ConsumeField(google::protobuf::Message*)':
external/protobuf+/src/google/protobuf/text_format.cc:795:54: warning: 'bool google::protobuf::FieldOptions::weak() const' is deprecated [-Wdeprecated-declarations]
  795 |       if (consumed_semicolon && field->options().weak() &&
      |                                 ~~~~~~~~~~~~~~~~~~~~~^~
In file included from external/protobuf+/src/google/protobuf/text_format.cc:50:
bazel-out/k8-opt-exec-ST-d57f47055a04/bin/external/protobuf+/src/google/protobuf/_virtual_includes/protobuf/google/protobuf/descriptor.pb.h:19782:13: note: declared here
19782 | inline bool FieldOptions::weak() const {
      |             ^~~~~~~~~~~~
[776 / 1,934] Compiling src/google/protobuf/generated_message_tctable_lite.cc [for tool]; 9s processwrapper-sandbox ... (4 actions running)
[777 / 1,934] Compiling src/google/protobuf/message.cc; 4s processwrapper-sandbox ... (4 actions running)
[779 / 1,934] Compiling src/google/protobuf/message.cc; 5s processwrapper-sandbox ... (4 actions running)
[780 / 1,934] Compiling src/google/protobuf/message.cc; 6s processwrapper-sandbox ... (4 actions, 3 running)
INFO: From Compiling src/google/protobuf/message.cc:
In file included from external/abseil-cpp+/absl/log/internal/check_impl.h:20,
                 from external/abseil-cpp+/absl/log/absl_check.h:38,
                 from bazel-out/k8-fastbuild/bin/external/protobuf+/src/google/protobuf/_virtual_includes/protobuf/google/protobuf/message.h:107,
                 from external/protobuf+/src/google/protobuf/message.cc:12:
bazel-out/k8-fastbuild/bin/external/protobuf+/src/google/protobuf/_virtual_includes/protobuf/google/protobuf/reflection_visit_fields.h: In instantiation of 'static void google::protobuf::internal::ReflectionVisit::VisitFields(MessageT&, CallbackFn&&, google::protobuf::internal::FieldMask) [with MessageT = const google::protobuf::Message; CallbackFn = google::protobuf::internal::ReflectionVisit::VisitMessageFields<google::protobuf::Message::AbslUnparseFlagImpl() const::<lambda(const auto:60&)> >(const google::protobuf::Message&, google::protobuf::Message::AbslUnparseFlagImpl() const::<lambda(const auto:60&)>&&)::<lambda(auto:54)>]':
bazel-out/k8-fastbuild/bin/external/protobuf+/src/google/protobuf/_virtual_includes/protobuf/google/protobuf/reflection_visit_fields.h:417:31:   required from 'static void google::protobuf::internal::ReflectionVisit::VisitMessageFields(const google::protobuf::Message&, CallbackFn&&) [with CallbackFn = google::protobuf::Message::AbslUnparseFlagImpl() const::<lambda(const auto:60&)>]'
bazel-out/k8-fastbuild/bin/external/protobuf+/src/google/protobuf/_virtual_includes/protobuf/google/protobuf/reflection_visit_fields.h:494:38:   required from 'void google::protobuf::internal::VisitMessageFields(const google::protobuf::Message&, CallbackFn&&) [with CallbackFn = google::protobuf::Message::AbslUnparseFlagImpl() const::<lambda(const auto:60&)>]'
external/protobuf+/src/google/protobuf/message.cc:314:31:   required from here
bazel-out/k8-fastbuild/bin/external/protobuf+/src/google/protobuf/_virtual_includes/protobuf/google/protobuf/reflection_visit_fields.h:109:39: warning: 'bool google::protobuf::FieldOptions::weak() const' is deprecated [-Wdeprecated-declarations]
  109 |     ABSL_DCHECK(!field->options().weak()) << "weak fields are not supported";
      |                  ~~~~~~~~~~~~~~~~~~~~~^~
external/abseil-cpp+/absl/log/internal/conditions.h:68:7: note: in definition of macro 'ABSL_LOG_INTERNAL_STATELESS_CONDITION'
   68 |     !(condition) ? (void)0 : ::absl::log_internal::Voidify() &&
      |       ^~~~~~~~~
external/abseil-cpp+/absl/log/internal/check_impl.h:26:3: note: in expansion of macro 'ABSL_LOG_INTERNAL_CONDITION_FATAL'
   26 |   ABSL_LOG_INTERNAL_CONDITION_FATAL(STATELESS,                        \
      |   ^~~~~~~~~~~~~~~~~~~~~~~~~~~~~~~~~
external/abseil-cpp+/absl/log/internal/check_impl.h:27:37: note: in expansion of macro 'ABSL_PREDICT_FALSE'
   27 |                                     ABSL_PREDICT_FALSE(!(condition))) \
      |                                     ^~~~~~~~~~~~~~~~~~
external/abseil-cpp+/absl/log/internal/check_impl.h:40:3: note: in expansion of macro 'ABSL_LOG_INTERNAL_CHECK_IMPL'
   40 |   ABSL_LOG_INTERNAL_CHECK_IMPL(condition, condition_text)
      |   ^~~~~~~~~~~~~~~~~~~~~~~~~~~~
external/abseil-cpp+/absl/log/absl_check.h:47:3: note: in expansion of macro 'ABSL_LOG_INTERNAL_DCHECK_IMPL'
   47 |   ABSL_LOG_INTERNAL_DCHECK_IMPL((condition), #condition)
      |   ^~~~~~~~~~~~~~~~~~~~~~~~~~~~~
bazel-out/k8-fastbuild/bin/external/protobuf+/src/google/protobuf/_virtual_includes/protobuf/google/protobuf/reflection_visit_fields.h:109:5: note: in expansion of macro 'ABSL_DCHECK'
  109 |     ABSL_DCHECK(!field->options().weak()) << "weak fields are not supported";
      |     ^~~~~~~~~~~
In file included from external/protobuf+/src/google/protobuf/message.cc:44:
bazel-out/k8-fastbuild/bin/external/protobuf+/src/google/protobuf/_virtual_includes/protobuf/google/protobuf/descriptor.pb.h:19782:13: note: declared here
19782 | inline bool FieldOptions::weak() const {
      |             ^~~~~~~~~~~~
bazel-out/k8-fastbuild/bin/external/protobuf+/src/google/protobuf/_virtual_includes/protobuf/google/protobuf/reflection_visit_fields.h:109:39: warning: 'bool google::protobuf::FieldOptions::weak() const' is deprecated [-Wdeprecated-declarations]
  109 |     ABSL_DCHECK(!field->options().weak()) << "weak fields are not supported";
      |                  ~~~~~~~~~~~~~~~~~~~~~^~
external/abseil-cpp+/absl/log/internal/conditions.h:68:7: note: in definition of macro 'ABSL_LOG_INTERNAL_STATELESS_CONDITION'
   68 |     !(condition) ? (void)0 : ::absl::log_internal::Voidify() &&
      |       ^~~~~~~~~
external/abseil-cpp+/absl/log/internal/check_impl.h:26:3: note: in expansion of macro 'ABSL_LOG_INTERNAL_CONDITION_FATAL'
   26 |   ABSL_LOG_INTERNAL_CONDITION_FATAL(STATELESS,                        \
      |   ^~~~~~~~~~~~~~~~~~~~~~~~~~~~~~~~~
external/abseil-cpp+/absl/log/internal/check_impl.h:27:37: note: in expansion of macro 'ABSL_PREDICT_FALSE'
   27 |                                     ABSL_PREDICT_FALSE(!(condition))) \
      |                                     ^~~~~~~~~~~~~~~~~~
external/abseil-cpp+/absl/log/internal/check_impl.h:40:3: note: in expansion of macro 'ABSL_LOG_INTERNAL_CHECK_IMPL'
   40 |   ABSL_LOG_INTERNAL_CHECK_IMPL(condition, condition_text)
      |   ^~~~~~~~~~~~~~~~~~~~~~~~~~~~
external/abseil-cpp+/absl/log/absl_check.h:47:3: note: in expansion of macro 'ABSL_LOG_INTERNAL_DCHECK_IMPL'
   47 |   ABSL_LOG_INTERNAL_DCHECK_IMPL((condition), #condition)
      |   ^~~~~~~~~~~~~~~~~~~~~~~~~~~~~
bazel-out/k8-fastbuild/bin/external/protobuf+/src/google/protobuf/_virtual_includes/protobuf/google/protobuf/reflection_visit_fields.h:109:5: note: in expansion of macro 'ABSL_DCHECK'
  109 |     ABSL_DCHECK(!field->options().weak()) << "weak fields are not supported";
      |     ^~~~~~~~~~~
bazel-out/k8-fastbuild/bin/external/protobuf+/src/google/protobuf/_virtual_includes/protobuf/google/protobuf/descriptor.pb.h:19782:13: note: declared here
19782 | inline bool FieldOptions::weak() const {
      |             ^~~~~~~~~~~~
[785 / 1,934] Compiling src/google/protobuf/implicit_weak_message.cc [for tool]; 1s processwrapper-sandbox ... (4 actions, 2 running)
[787 / 1,934] Compiling src/google/protobuf/map_field.cc; 2s processwrapper-sandbox ... (4 actions, 3 running)
[788 / 1,934] Compiling src/google/protobuf/map_field.cc; 3s processwrapper-sandbox ... (4 actions running)
[791 / 1,934] Compiling src/google/protobuf/reflection_ops.cc [for tool]; 3s processwrapper-sandbox ... (4 actions running)
[795 / 1,934] Compiling src/google/protobuf/internal_feature_helper.cc; 1s processwrapper-sandbox ... (4 actions, 3 running)
[797 / 1,934] Compiling src/google/protobuf/internal_feature_helper.cc; 3s processwrapper-sandbox ... (4 actions, 3 running)
[799 / 1,934] Compiling src/google/protobuf/message.cc [for tool]; 3s processwrapper-sandbox ... (4 actions running)
[801 / 1,934] Compiling src/google/protobuf/message.cc [for tool]; 4s processwrapper-sandbox ... (4 actions running)
[803 / 1,934] Compiling src/google/protobuf/message.cc [for tool]; 5s processwrapper-sandbox ... (4 actions running)
INFO: From Compiling src/google/protobuf/generated_message_tctable_gen.cc:
external/protobuf+/src/google/protobuf/generated_message_tctable_gen.cc: In function 'bool google::protobuf::internal::{anonymous}::HasWeakFields(const google::protobuf::Descriptor*)':
external/protobuf+/src/google/protobuf/generated_message_tctable_gen.cc:668:45: warning: 'bool google::protobuf::FieldOptions::weak() const' is deprecated [-Wdeprecated-declarations]
  668 |     if (descriptor->field(i)->options().weak()) {
      |         ~~~~~~~~~~~~~~~~~~~~~~~~~~~~~~~~~~~~^~
In file included from bazel-out/k8-fastbuild/bin/external/protobuf+/src/google/protobuf/_virtual_includes/protobuf/google/protobuf/generated_message_tctable_gen.h:21,
                 from external/protobuf+/src/google/protobuf/generated_message_tctable_gen.cc:8:
bazel-out/k8-fastbuild/bin/external/protobuf+/src/google/protobuf/_virtual_includes/protobuf/google/protobuf/descriptor.pb.h:19782:13: note: declared here
19782 | inline bool FieldOptions::weak() const {
      |             ^~~~~~~~~~~~
external/protobuf+/src/google/protobuf/generated_message_tctable_gen.cc: In function 'bool google::protobuf::internal::IsFieldTypeEligibleForFastParsing(const google::protobuf::FieldDescriptor*)':
external/protobuf+/src/google/protobuf/generated_message_tctable_gen.cc:707:28: warning: 'bool google::protobuf::FieldOptions::weak() const' is deprecated [-Wdeprecated-declarations]
  707 |       field->options().weak()) {
      |       ~~~~~~~~~~~~~~~~~~~~~^~
bazel-out/k8-fastbuild/bin/external/protobuf+/src/google/protobuf/_virtual_includes/protobuf/google/protobuf/descriptor.pb.h:19782:13: note: declared here
19782 | inline bool FieldOptions::weak() const {
      |             ^~~~~~~~~~~~
external/protobuf+/src/google/protobuf/generated_message_tctable_gen.cc: In lambda function:
external/protobuf+/src/google/protobuf/generated_message_tctable_gen.cc:742:54: warning: 'bool google::protobuf::FieldOptions::weak() const' is deprecated [-Wdeprecated-declarations]
  742 |            !field->is_map() && !field->options().weak() &&
      |                                 ~~~~~~~~~~~~~~~~~~~~~^~
bazel-out/k8-fastbuild/bin/external/protobuf+/src/google/protobuf/_virtual_includes/protobuf/google/protobuf/descriptor.pb.h:19782:13: note: declared here
19782 | inline bool FieldOptions::weak() const {
      |             ^~~~~~~~~~~~
external/protobuf+/src/google/protobuf/generated_message_tctable_gen.cc: In static member function 'static std::vector<google::protobuf::internal::TailCallTableInfo::FieldEntryInfo> google::protobuf::internal::TailCallTableInfo::BuildFieldEntries(const google::protobuf::Descriptor*, const MessageOptions&, absl::lts_20250814::Span<const FieldOptions>, std::vector<AuxEntry>&)':
external/protobuf+/src/google/protobuf/generated_message_tctable_gen.cc:782:39: warning: 'bool google::protobuf::FieldOptions::weak() const' is deprecated [-Wdeprecated-declarations]
  782 |       } else if (field->options().weak()) {
      |                  ~~~~~~~~~~~~~~~~~~~~~^~
bazel-out/k8-fastbuild/bin/external/protobuf+/src/google/protobuf/_virtual_includes/protobuf/google/protobuf/descriptor.pb.h:19782:13: note: declared here
19782 | inline bool FieldOptions::weak() const {
      |             ^~~~~~~~~~~~
[805 / 1,934] Compiling src/google/protobuf/message.cc [for tool]; 6s processwrapper-sandbox ... (4 actions running)
INFO: From Compiling src/google/protobuf/message.cc [for tool]:
In file included from external/abseil-cpp+/absl/log/internal/check_impl.h:20,
                 from external/abseil-cpp+/absl/log/absl_check.h:38,
                 from bazel-out/k8-opt-exec-ST-d57f47055a04/bin/external/protobuf+/src/google/protobuf/_virtual_includes/protobuf/google/protobuf/message.h:107,
                 from external/protobuf+/src/google/protobuf/message.cc:12:
bazel-out/k8-opt-exec-ST-d57f47055a04/bin/external/protobuf+/src/google/protobuf/_virtual_includes/protobuf/google/protobuf/reflection_visit_fields.h: In instantiation of 'static void google::protobuf::internal::ReflectionVisit::VisitFields(MessageT&, CallbackFn&&, google::protobuf::internal::FieldMask) [with MessageT = const google::protobuf::Message; CallbackFn = google::protobuf::internal::ReflectionVisit::VisitMessageFields<google::protobuf::Message::AbslUnparseFlagImpl() const::<lambda(const auto:60&)> >(const google::protobuf::Message&, google::protobuf::Message::AbslUnparseFlagImpl() const::<lambda(const auto:60&)>&&)::<lambda(auto:54)>]':
bazel-out/k8-opt-exec-ST-d57f47055a04/bin/external/protobuf+/src/google/protobuf/_virtual_includes/protobuf/google/protobuf/reflection_visit_fields.h:417:31:   required from 'static void google::protobuf::internal::ReflectionVisit::VisitMessageFields(const google::protobuf::Message&, CallbackFn&&) [with CallbackFn = google::protobuf::Message::AbslUnparseFlagImpl() const::<lambda(const auto:60&)>]'
bazel-out/k8-opt-exec-ST-d57f47055a04/bin/external/protobuf+/src/google/protobuf/_virtual_includes/protobuf/google/protobuf/reflection_visit_fields.h:494:38:   required from 'void google::protobuf::internal::VisitMessageFields(const google::protobuf::Message&, CallbackFn&&) [with CallbackFn = google::protobuf::Message::AbslUnparseFlagImpl() const::<lambda(const auto:60&)>]'
external/protobuf+/src/google/protobuf/message.cc:314:31:   required from here
bazel-out/k8-opt-exec-ST-d57f47055a04/bin/external/protobuf+/src/google/protobuf/_virtual_includes/protobuf/google/protobuf/reflection_visit_fields.h:109:39: warning: 'bool google::protobuf::FieldOptions::weak() const' is deprecated [-Wdeprecated-declarations]
  109 |     ABSL_DCHECK(!field->options().weak()) << "weak fields are not supported";
      |                  ~~~~~~~~~~~~~~~~~~~~~^~
external/abseil-cpp+/absl/log/internal/conditions.h:68:7: note: in definition of macro 'ABSL_LOG_INTERNAL_STATELESS_CONDITION'
   68 |     !(condition) ? (void)0 : ::absl::log_internal::Voidify() &&
      |       ^~~~~~~~~
external/abseil-cpp+/absl/log/internal/check_impl.h:26:3: note: in expansion of macro 'ABSL_LOG_INTERNAL_CONDITION_FATAL'
   26 |   ABSL_LOG_INTERNAL_CONDITION_FATAL(STATELESS,                        \
      |   ^~~~~~~~~~~~~~~~~~~~~~~~~~~~~~~~~
external/abseil-cpp+/absl/log/internal/check_impl.h:27:37: note: in expansion of macro 'ABSL_PREDICT_FALSE'
   27 |                                     ABSL_PREDICT_FALSE(!(condition))) \
      |                                     ^~~~~~~~~~~~~~~~~~
external/abseil-cpp+/absl/log/internal/check_impl.h:43:3: note: in expansion of macro 'ABSL_LOG_INTERNAL_CHECK_IMPL'
   43 |   ABSL_LOG_INTERNAL_CHECK_IMPL(true || (condition), "true")
      |   ^~~~~~~~~~~~~~~~~~~~~~~~~~~~
external/abseil-cpp+/absl/log/absl_check.h:47:3: note: in expansion of macro 'ABSL_LOG_INTERNAL_DCHECK_IMPL'
   47 |   ABSL_LOG_INTERNAL_DCHECK_IMPL((condition), #condition)
      |   ^~~~~~~~~~~~~~~~~~~~~~~~~~~~~
bazel-out/k8-opt-exec-ST-d57f47055a04/bin/external/protobuf+/src/google/protobuf/_virtual_includes/protobuf/google/protobuf/reflection_visit_fields.h:109:5: note: in expansion of macro 'ABSL_DCHECK'
  109 |     ABSL_DCHECK(!field->options().weak()) << "weak fields are not supported";
      |     ^~~~~~~~~~~
In file included from external/protobuf+/src/google/protobuf/message.cc:44:
bazel-out/k8-opt-exec-ST-d57f47055a04/bin/external/protobuf+/src/google/protobuf/_virtual_includes/protobuf/google/protobuf/descriptor.pb.h:19782:13: note: declared here
19782 | inline bool FieldOptions::weak() const {
      |             ^~~~~~~~~~~~
bazel-out/k8-opt-exec-ST-d57f47055a04/bin/external/protobuf+/src/google/protobuf/_virtual_includes/protobuf/google/protobuf/reflection_visit_fields.h:109:39: warning: 'bool google::protobuf::FieldOptions::weak() const' is deprecated [-Wdeprecated-declarations]
  109 |     ABSL_DCHECK(!field->options().weak()) << "weak fields are not supported";
      |                  ~~~~~~~~~~~~~~~~~~~~~^~
external/abseil-cpp+/absl/log/internal/conditions.h:68:7: note: in definition of macro 'ABSL_LOG_INTERNAL_STATELESS_CONDITION'
   68 |     !(condition) ? (void)0 : ::absl::log_internal::Voidify() &&
      |       ^~~~~~~~~
external/abseil-cpp+/absl/log/internal/check_impl.h:26:3: note: in expansion of macro 'ABSL_LOG_INTERNAL_CONDITION_FATAL'
   26 |   ABSL_LOG_INTERNAL_CONDITION_FATAL(STATELESS,                        \
      |   ^~~~~~~~~~~~~~~~~~~~~~~~~~~~~~~~~
external/abseil-cpp+/absl/log/internal/check_impl.h:27:37: note: in expansion of macro 'ABSL_PREDICT_FALSE'
   27 |                                     ABSL_PREDICT_FALSE(!(condition))) \
      |                                     ^~~~~~~~~~~~~~~~~~
external/abseil-cpp+/absl/log/internal/check_impl.h:43:3: note: in expansion of macro 'ABSL_LOG_INTERNAL_CHECK_IMPL'
   43 |   ABSL_LOG_INTERNAL_CHECK_IMPL(true || (condition), "true")
      |   ^~~~~~~~~~~~~~~~~~~~~~~~~~~~
external/abseil-cpp+/absl/log/absl_check.h:47:3: note: in expansion of macro 'ABSL_LOG_INTERNAL_DCHECK_IMPL'
   47 |   ABSL_LOG_INTERNAL_DCHECK_IMPL((condition), #condition)
      |   ^~~~~~~~~~~~~~~~~~~~~~~~~~~~~
bazel-out/k8-opt-exec-ST-d57f47055a04/bin/external/protobuf+/src/google/protobuf/_virtual_includes/protobuf/google/protobuf/reflection_visit_fields.h:109:5: note: in expansion of macro 'ABSL_DCHECK'
  109 |     ABSL_DCHECK(!field->options().weak()) << "weak fields are not supported";
      |     ^~~~~~~~~~~
bazel-out/k8-opt-exec-ST-d57f47055a04/bin/external/protobuf+/src/google/protobuf/_virtual_includes/protobuf/google/protobuf/descriptor.pb.h:19782:13: note: declared here
19782 | inline bool FieldOptions::weak() const {
      |             ^~~~~~~~~~~~
[810 / 1,934] Compiling src/google/protobuf/parse_context.cc [for tool]; 2s processwrapper-sandbox ... (4 actions, 3 running)
[813 / 1,934] Compiling src/google/protobuf/map_field.cc [for tool]; 2s processwrapper-sandbox ... (4 actions running)
[814 / 1,934] Compiling src/google/protobuf/map_field.cc [for tool]; 3s processwrapper-sandbox ... (4 actions running)
[818 / 1,934] Compiling src/google/protobuf/generated_message_reflection.cc; 3s processwrapper-sandbox ... (4 actions, 3 running)
[819 / 1,934] Compiling src/google/protobuf/generated_message_reflection.cc; 4s processwrapper-sandbox ... (4 actions running)
[820 / 1,934] Compiling src/google/protobuf/generated_message_reflection.cc; 6s processwrapper-sandbox ... (4 actions, 3 running)
[822 / 1,934] Compiling src/google/protobuf/generated_message_reflection.cc; 7s processwrapper-sandbox ... (4 actions, 3 running)
[822 / 1,934] Compiling src/google/protobuf/generated_message_reflection.cc; 8s processwrapper-sandbox ... (4 actions running)
INFO: From Compiling src/google/protobuf/generated_message_reflection.cc:
external/protobuf+/src/google/protobuf/generated_message_reflection.cc: In member function 'const google::protobuf::Message* google::protobuf::Reflection::GetDefaultMessageInstance(const google::protobuf::FieldDescriptor*) const':
external/protobuf+/src/google/protobuf/generated_message_reflection.cc:2518:29: warning: 'bool google::protobuf::FieldOptions::weak() const' is deprecated [-Wdeprecated-declarations]
 2518 |       !field->options().weak() && !IsLazyField(field) &&
      |        ~~~~~~~~~~~~~~~~~~~~~^~
In file included from bazel-out/k8-fastbuild/bin/external/protobuf+/src/google/protobuf/_virtual_includes/protobuf/google/protobuf/cpp_features.pb.h:34,
                 from external/protobuf+/src/google/protobuf/generated_message_reflection.cc:44:
bazel-out/k8-fastbuild/bin/external/protobuf+/src/google/protobuf/_virtual_includes/protobuf/google/protobuf/descriptor.pb.h:19782:13: note: declared here
19782 | inline bool FieldOptions::weak() const {
      |             ^~~~~~~~~~~~
In file included from external/abseil-cpp+/absl/log/internal/check_impl.h:20,
                 from external/abseil-cpp+/absl/log/absl_check.h:38,
                 from bazel-out/k8-fastbuild/bin/external/protobuf+/src/google/protobuf/_virtual_includes/protobuf/google/protobuf/generated_message_reflection.h:25,
                 from external/protobuf+/src/google/protobuf/generated_message_reflection.cc:12:
external/protobuf+/src/google/protobuf/generated_message_reflection.cc: In member function 'bool google::protobuf::Reflection::HasFieldWithHasbits(const google::protobuf::Message&, const google::protobuf::FieldDescriptor*) const':
external/protobuf+/src/google/protobuf/generated_message_reflection.cc:3228:37: warning: 'bool google::protobuf::FieldOptions::weak() const' is deprecated [-Wdeprecated-declarations]
 3228 |   ABSL_DCHECK(!field->options().weak());
      |                ~~~~~~~~~~~~~~~~~~~~~^~
external/abseil-cpp+/absl/log/internal/conditions.h:68:7: note: in definition of macro 'ABSL_LOG_INTERNAL_STATELESS_CONDITION'
   68 |     !(condition) ? (void)0 : ::absl::log_internal::Voidify() &&
      |       ^~~~~~~~~
external/abseil-cpp+/absl/log/internal/check_impl.h:26:3: note: in expansion of macro 'ABSL_LOG_INTERNAL_CONDITION_FATAL'
   26 |   ABSL_LOG_INTERNAL_CONDITION_FATAL(STATELESS,                        \
      |   ^~~~~~~~~~~~~~~~~~~~~~~~~~~~~~~~~
external/abseil-cpp+/absl/log/internal/check_impl.h:27:37: note: in expansion of macro 'ABSL_PREDICT_FALSE'
   27 |                                     ABSL_PREDICT_FALSE(!(condition))) \
      |                                     ^~~~~~~~~~~~~~~~~~
external/abseil-cpp+/absl/log/internal/check_impl.h:40:3: note: in expansion of macro 'ABSL_LOG_INTERNAL_CHECK_IMPL'
   40 |   ABSL_LOG_INTERNAL_CHECK_IMPL(condition, condition_text)
      |   ^~~~~~~~~~~~~~~~~~~~~~~~~~~~
external/abseil-cpp+/absl/log/absl_check.h:47:3: note: in expansion of macro 'ABSL_LOG_INTERNAL_DCHECK_IMPL'
   47 |   ABSL_LOG_INTERNAL_DCHECK_IMPL((condition), #condition)
      |   ^~~~~~~~~~~~~~~~~~~~~~~~~~~~~
external/protobuf+/src/google/protobuf/generated_message_reflection.cc:3228:3: note: in expansion of macro 'ABSL_DCHECK'
 3228 |   ABSL_DCHECK(!field->options().weak());
      |   ^~~~~~~~~~~
bazel-out/k8-fastbuild/bin/external/protobuf+/src/google/protobuf/_virtual_includes/protobuf/google/protobuf/descriptor.pb.h:19782:13: note: declared here
19782 | inline bool FieldOptions::weak() const {
      |             ^~~~~~~~~~~~
external/protobuf+/src/google/protobuf/generated_message_reflection.cc: In member function 'void google::protobuf::Reflection::SetHasBit(google::protobuf::Message*, const google::protobuf::FieldDescriptor*) const':
external/protobuf+/src/google/protobuf/generated_message_reflection.cc:3261:37: warning: 'bool google::protobuf::FieldOptions::weak() const' is deprecated [-Wdeprecated-declarations]
 3261 |   ABSL_DCHECK(!field->options().weak());
      |                ~~~~~~~~~~~~~~~~~~~~~^~
external/abseil-cpp+/absl/log/internal/conditions.h:68:7: note: in definition of macro 'ABSL_LOG_INTERNAL_STATELESS_CONDITION'
   68 |     !(condition) ? (void)0 : ::absl::log_internal::Voidify() &&
      |       ^~~~~~~~~
external/abseil-cpp+/absl/log/internal/check_impl.h:26:3: note: in expansion of macro 'ABSL_LOG_INTERNAL_CONDITION_FATAL'
   26 |   ABSL_LOG_INTERNAL_CONDITION_FATAL(STATELESS,                        \
      |   ^~~~~~~~~~~~~~~~~~~~~~~~~~~~~~~~~
external/abseil-cpp+/absl/log/internal/check_impl.h:27:37: note: in expansion of macro 'ABSL_PREDICT_FALSE'
   27 |                                     ABSL_PREDICT_FALSE(!(condition))) \
      |                                     ^~~~~~~~~~~~~~~~~~
external/abseil-cpp+/absl/log/internal/check_impl.h:40:3: note: in expansion of macro 'ABSL_LOG_INTERNAL_CHECK_IMPL'
   40 |   ABSL_LOG_INTERNAL_CHECK_IMPL(condition, condition_text)
      |   ^~~~~~~~~~~~~~~~~~~~~~~~~~~~
external/abseil-cpp+/absl/log/absl_check.h:47:3: note: in expansion of macro 'ABSL_LOG_INTERNAL_DCHECK_IMPL'
   47 |   ABSL_LOG_INTERNAL_DCHECK_IMPL((condition), #condition)
      |   ^~~~~~~~~~~~~~~~~~~~~~~~~~~~~
external/protobuf+/src/google/protobuf/generated_message_reflection.cc:3261:3: note: in expansion of macro 'ABSL_DCHECK'
 3261 |   ABSL_DCHECK(!field->options().weak());
      |   ^~~~~~~~~~~
bazel-out/k8-fastbuild/bin/external/protobuf+/src/google/protobuf/_virtual_includes/protobuf/google/protobuf/descriptor.pb.h:19782:13: note: declared here
19782 | inline bool FieldOptions::weak() const {
      |             ^~~~~~~~~~~~
external/protobuf+/src/google/protobuf/generated_message_reflection.cc: In member function 'void google::protobuf::Reflection::ClearHasBit(google::protobuf::Message*, const google::protobuf::FieldDescriptor*) const':
external/protobuf+/src/google/protobuf/generated_message_reflection.cc:3270:37: warning: 'bool google::protobuf::FieldOptions::weak() const' is deprecated [-Wdeprecated-declarations]
 3270 |   ABSL_DCHECK(!field->options().weak());
      |                ~~~~~~~~~~~~~~~~~~~~~^~
external/abseil-cpp+/absl/log/internal/conditions.h:68:7: note: in definition of macro 'ABSL_LOG_INTERNAL_STATELESS_CONDITION'
   68 |     !(condition) ? (void)0 : ::absl::log_internal::Voidify() &&
      |       ^~~~~~~~~
external/abseil-cpp+/absl/log/internal/check_impl.h:26:3: note: in expansion of macro 'ABSL_LOG_INTERNAL_CONDITION_FATAL'
   26 |   ABSL_LOG_INTERNAL_CONDITION_FATAL(STATELESS,                        \
      |   ^~~~~~~~~~~~~~~~~~~~~~~~~~~~~~~~~
external/abseil-cpp+/absl/log/internal/check_impl.h:27:37: note: in expansion of macro 'ABSL_PREDICT_FALSE'
   27 |                                     ABSL_PREDICT_FALSE(!(condition))) \
      |                                     ^~~~~~~~~~~~~~~~~~
external/abseil-cpp+/absl/log/internal/check_impl.h:40:3: note: in expansion of macro 'ABSL_LOG_INTERNAL_CHECK_IMPL'
   40 |   ABSL_LOG_INTERNAL_CHECK_IMPL(condition, condition_text)
      |   ^~~~~~~~~~~~~~~~~~~~~~~~~~~~
external/abseil-cpp+/absl/log/absl_check.h:47:3: note: in expansion of macro 'ABSL_LOG_INTERNAL_DCHECK_IMPL'
   47 |   ABSL_LOG_INTERNAL_DCHECK_IMPL((condition), #condition)
      |   ^~~~~~~~~~~~~~~~~~~~~~~~~~~~~
external/protobuf+/src/google/protobuf/generated_message_reflection.cc:3270:3: note: in expansion of macro 'ABSL_DCHECK'
 3270 |   ABSL_DCHECK(!field->options().weak());
      |   ^~~~~~~~~~~
bazel-out/k8-fastbuild/bin/external/protobuf+/src/google/protobuf/_virtual_includes/protobuf/google/protobuf/descriptor.pb.h:19782:13: note: declared here
19782 | inline bool FieldOptions::weak() const {
      |             ^~~~~~~~~~~~
external/protobuf+/src/google/protobuf/generated_message_reflection.cc: In member function 'void google::protobuf::Reflection::NaiveSwapHasBit(google::protobuf::Message*, google::protobuf::Message*, const google::protobuf::FieldDescriptor*) const':
external/protobuf+/src/google/protobuf/generated_message_reflection.cc:3279:37: warning: 'bool google::protobuf::FieldOptions::weak() const' is deprecated [-Wdeprecated-declarations]
 3279 |   ABSL_DCHECK(!field->options().weak());
      |                ~~~~~~~~~~~~~~~~~~~~~^~
external/abseil-cpp+/absl/log/internal/conditions.h:68:7: note: in definition of macro 'ABSL_LOG_INTERNAL_STATELESS_CONDITION'
   68 |     !(condition) ? (void)0 : ::absl::log_internal::Voidify() &&
      |       ^~~~~~~~~
external/abseil-cpp+/absl/log/internal/check_impl.h:26:3: note: in expansion of macro 'ABSL_LOG_INTERNAL_CONDITION_FATAL'
   26 |   ABSL_LOG_INTERNAL_CONDITION_FATAL(STATELESS,                        \
      |   ^~~~~~~~~~~~~~~~~~~~~~~~~~~~~~~~~
external/abseil-cpp+/absl/log/internal/check_impl.h:27:37: note: in expansion of macro 'ABSL_PREDICT_FALSE'
   27 |                                     ABSL_PREDICT_FALSE(!(condition))) \
      |                                     ^~~~~~~~~~~~~~~~~~
external/abseil-cpp+/absl/log/internal/check_impl.h:40:3: note: in expansion of macro 'ABSL_LOG_INTERNAL_CHECK_IMPL'
   40 |   ABSL_LOG_INTERNAL_CHECK_IMPL(condition, condition_text)
      |   ^~~~~~~~~~~~~~~~~~~~~~~~~~~~
external/abseil-cpp+/absl/log/absl_check.h:47:3: note: in expansion of macro 'ABSL_LOG_INTERNAL_DCHECK_IMPL'
   47 |   ABSL_LOG_INTERNAL_DCHECK_IMPL((condition), #condition)
      |   ^~~~~~~~~~~~~~~~~~~~~~~~~~~~~
external/protobuf+/src/google/protobuf/generated_message_reflection.cc:3279:3: note: in expansion of macro 'ABSL_DCHECK'
 3279 |   ABSL_DCHECK(!field->options().weak());
      |   ^~~~~~~~~~~
bazel-out/k8-fastbuild/bin/external/protobuf+/src/google/protobuf/_virtual_includes/protobuf/google/protobuf/descriptor.pb.h:19782:13: note: declared here
19782 | inline bool FieldOptions::weak() const {
      |             ^~~~~~~~~~~~
bazel-out/k8-fastbuild/bin/external/protobuf+/src/google/protobuf/_virtual_includes/protobuf/google/protobuf/reflection_visit_fields.h: In instantiation of 'static void google::protobuf::internal::ReflectionVisit::VisitFields(MessageT&, CallbackFn&&, google::protobuf::internal::FieldMask) [with MessageT = google::protobuf::Message; CallbackFn = google::protobuf::internal::ReflectionVisit::VisitMessageFields<google::protobuf::Reflection::MaybePoisonAfterClear(google::protobuf::Message&) const::<lambda(google::protobuf::Message&)> >(google::protobuf::Message&, google::protobuf::Reflection::MaybePoisonAfterClear(google::protobuf::Message&) const::<lambda(google::protobuf::Message&)>&&)::<lambda(auto:57)>]':
bazel-out/k8-fastbuild/bin/external/protobuf+/src/google/protobuf/_virtual_includes/protobuf/google/protobuf/reflection_visit_fields.h:447:31:   required from 'static void google::protobuf::internal::ReflectionVisit::VisitMessageFields(google::protobuf::Message&, CallbackFn&&) [with CallbackFn = google::protobuf::Reflection::MaybePoisonAfterClear(google::protobuf::Message&) const::<lambda(google::protobuf::Message&)>]'
bazel-out/k8-fastbuild/bin/external/protobuf+/src/google/protobuf/_virtual_includes/protobuf/google/protobuf/reflection_visit_fields.h:502:38:   required from 'void google::protobuf::internal::VisitMutableMessageFields(google::protobuf::Message&, CallbackFn&&) [with CallbackFn = google::protobuf::Reflection::MaybePoisonAfterClear(google::protobuf::Message&) const::<lambda(google::protobuf::Message&)>]'
external/protobuf+/src/google/protobuf/generated_message_reflection.cc:1399:40:   required from here
bazel-out/k8-fastbuild/bin/external/protobuf+/src/google/protobuf/_virtual_includes/protobuf/google/protobuf/reflection_visit_fields.h:109:39: warning: 'bool google::protobuf::FieldOptions::weak() const' is deprecated [-Wdeprecated-declarations]
  109 |     ABSL_DCHECK(!field->options().weak()) << "weak fields are not supported";
      |                  ~~~~~~~~~~~~~~~~~~~~~^~
external/abseil-cpp+/absl/log/internal/conditions.h:68:7: note: in definition of macro 'ABSL_LOG_INTERNAL_STATELESS_CONDITION'
   68 |     !(condition) ? (void)0 : ::absl::log_internal::Voidify() &&
      |       ^~~~~~~~~
external/abseil-cpp+/absl/log/internal/check_impl.h:26:3: note: in expansion of macro 'ABSL_LOG_INTERNAL_CONDITION_FATAL'
   26 |   ABSL_LOG_INTERNAL_CONDITION_FATAL(STATELESS,                        \
      |   ^~~~~~~~~~~~~~~~~~~~~~~~~~~~~~~~~
external/abseil-cpp+/absl/log/internal/check_impl.h:27:37: note: in expansion of macro 'ABSL_PREDICT_FALSE'
   27 |                                     ABSL_PREDICT_FALSE(!(condition))) \
      |                                     ^~~~~~~~~~~~~~~~~~
external/abseil-cpp+/absl/log/internal/check_impl.h:40:3: note: in expansion of macro 'ABSL_LOG_INTERNAL_CHECK_IMPL'
   40 |   ABSL_LOG_INTERNAL_CHECK_IMPL(condition, condition_text)
      |   ^~~~~~~~~~~~~~~~~~~~~~~~~~~~
external/abseil-cpp+/absl/log/absl_check.h:47:3: note: in expansion of macro 'ABSL_LOG_INTERNAL_DCHECK_IMPL'
   47 |   ABSL_LOG_INTERNAL_DCHECK_IMPL((condition), #condition)
      |   ^~~~~~~~~~~~~~~~~~~~~~~~~~~~~
bazel-out/k8-fastbuild/bin/external/protobuf+/src/google/protobuf/_virtual_includes/protobuf/google/protobuf/reflection_visit_fields.h:109:5: note: in expansion of macro 'ABSL_DCHECK'
  109 |     ABSL_DCHECK(!field->options().weak()) << "weak fields are not supported";
      |     ^~~~~~~~~~~
bazel-out/k8-fastbuild/bin/external/protobuf+/src/google/protobuf/_virtual_includes/protobuf/google/protobuf/descriptor.pb.h:19782:13: note: declared here
19782 | inline bool FieldOptions::weak() const {
      |             ^~~~~~~~~~~~
bazel-out/k8-fastbuild/bin/external/protobuf+/src/google/protobuf/_virtual_includes/protobuf/google/protobuf/reflection_visit_fields.h:109:39: warning: 'bool google::protobuf::FieldOptions::weak() const' is deprecated [-Wdeprecated-declarations]
  109 |     ABSL_DCHECK(!field->options().weak()) << "weak fields are not supported";
      |                  ~~~~~~~~~~~~~~~~~~~~~^~
external/abseil-cpp+/absl/log/internal/conditions.h:68:7: note: in definition of macro 'ABSL_LOG_INTERNAL_STATELESS_CONDITION'
   68 |     !(condition) ? (void)0 : ::absl::log_internal::Voidify() &&
      |       ^~~~~~~~~
external/abseil-cpp+/absl/log/internal/check_impl.h:26:3: note: in expansion of macro 'ABSL_LOG_INTERNAL_CONDITION_FATAL'
   26 |   ABSL_LOG_INTERNAL_CONDITION_FATAL(STATELESS,                        \
      |   ^~~~~~~~~~~~~~~~~~~~~~~~~~~~~~~~~
external/abseil-cpp+/absl/log/internal/check_impl.h:27:37: note: in expansion of macro 'ABSL_PREDICT_FALSE'
   27 |                                     ABSL_PREDICT_FALSE(!(condition))) \
      |                                     ^~~~~~~~~~~~~~~~~~
external/abseil-cpp+/absl/log/internal/check_impl.h:40:3: note: in expansion of macro 'ABSL_LOG_INTERNAL_CHECK_IMPL'
   40 |   ABSL_LOG_INTERNAL_CHECK_IMPL(condition, condition_text)
      |   ^~~~~~~~~~~~~~~~~~~~~~~~~~~~
external/abseil-cpp+/absl/log/absl_check.h:47:3: note: in expansion of macro 'ABSL_LOG_INTERNAL_DCHECK_IMPL'
   47 |   ABSL_LOG_INTERNAL_DCHECK_IMPL((condition), #condition)
      |   ^~~~~~~~~~~~~~~~~~~~~~~~~~~~~
bazel-out/k8-fastbuild/bin/external/protobuf+/src/google/protobuf/_virtual_includes/protobuf/google/protobuf/reflection_visit_fields.h:109:5: note: in expansion of macro 'ABSL_DCHECK'
  109 |     ABSL_DCHECK(!field->options().weak()) << "weak fields are not supported";
      |     ^~~~~~~~~~~
bazel-out/k8-fastbuild/bin/external/protobuf+/src/google/protobuf/_virtual_includes/protobuf/google/protobuf/descriptor.pb.h:19782:13: note: declared here
19782 | inline bool FieldOptions::weak() const {
      |             ^~~~~~~~~~~~
INFO: From Compiling src/google/protobuf/generated_message_tctable_gen.cc [for tool]:
external/protobuf+/src/google/protobuf/generated_message_tctable_gen.cc: In function 'bool google::protobuf::internal::{anonymous}::HasWeakFields(const google::protobuf::Descriptor*)':
external/protobuf+/src/google/protobuf/generated_message_tctable_gen.cc:668:45: warning: 'bool google::protobuf::FieldOptions::weak() const' is deprecated [-Wdeprecated-declarations]
  668 |     if (descriptor->field(i)->options().weak()) {
      |         ~~~~~~~~~~~~~~~~~~~~~~~~~~~~~~~~~~~~^~
In file included from bazel-out/k8-opt-exec-ST-d57f47055a04/bin/external/protobuf+/src/google/protobuf/_virtual_includes/protobuf/google/protobuf/generated_message_tctable_gen.h:21,
                 from external/protobuf+/src/google/protobuf/generated_message_tctable_gen.cc:8:
bazel-out/k8-opt-exec-ST-d57f47055a04/bin/external/protobuf+/src/google/protobuf/_virtual_includes/protobuf/google/protobuf/descriptor.pb.h:19782:13: note: declared here
19782 | inline bool FieldOptions::weak() const {
      |             ^~~~~~~~~~~~
external/protobuf+/src/google/protobuf/generated_message_tctable_gen.cc: In function 'bool google::protobuf::internal::IsFieldTypeEligibleForFastParsing(const google::protobuf::FieldDescriptor*)':
external/protobuf+/src/google/protobuf/generated_message_tctable_gen.cc:707:28: warning: 'bool google::protobuf::FieldOptions::weak() const' is deprecated [-Wdeprecated-declarations]
  707 |       field->options().weak()) {
      |       ~~~~~~~~~~~~~~~~~~~~~^~
bazel-out/k8-opt-exec-ST-d57f47055a04/bin/external/protobuf+/src/google/protobuf/_virtual_includes/protobuf/google/protobuf/descriptor.pb.h:19782:13: note: declared here
19782 | inline bool FieldOptions::weak() const {
      |             ^~~~~~~~~~~~
external/protobuf+/src/google/protobuf/generated_message_tctable_gen.cc: In lambda function:
external/protobuf+/src/google/protobuf/generated_message_tctable_gen.cc:742:54: warning: 'bool google::protobuf::FieldOptions::weak() const' is deprecated [-Wdeprecated-declarations]
  742 |            !field->is_map() && !field->options().weak() &&
      |                                 ~~~~~~~~~~~~~~~~~~~~~^~
bazel-out/k8-opt-exec-ST-d57f47055a04/bin/external/protobuf+/src/google/protobuf/_virtual_includes/protobuf/google/protobuf/descriptor.pb.h:19782:13: note: declared here
19782 | inline bool FieldOptions::weak() const {
      |             ^~~~~~~~~~~~
external/protobuf+/src/google/protobuf/generated_message_tctable_gen.cc: In static member function 'static std::vector<google::protobuf::internal::TailCallTableInfo::FieldEntryInfo> google::protobuf::internal::TailCallTableInfo::BuildFieldEntries(const google::protobuf::Descriptor*, const MessageOptions&, absl::lts_20250814::Span<const FieldOptions>, std::vector<AuxEntry>&)':
external/protobuf+/src/google/protobuf/generated_message_tctable_gen.cc:782:39: warning: 'bool google::protobuf::FieldOptions::weak() const' is deprecated [-Wdeprecated-declarations]
  782 |       } else if (field->options().weak()) {
      |                  ~~~~~~~~~~~~~~~~~~~~~^~
bazel-out/k8-opt-exec-ST-d57f47055a04/bin/external/protobuf+/src/google/protobuf/_virtual_includes/protobuf/google/protobuf/descriptor.pb.h:19782:13: note: declared here
19782 | inline bool FieldOptions::weak() const {
      |             ^~~~~~~~~~~~
[825 / 1,934] Compiling src/google/protobuf/compiler/retention.cc [for tool]; 3s processwrapper-sandbox ... (4 actions, 3 running)
[827 / 1,934] Compiling src/google/protobuf/generated_message_bases.cc; 2s processwrapper-sandbox ... (4 actions running)
[829 / 1,934] Compiling src/google/protobuf/generated_message_tctable_full.cc [for tool]; 2s processwrapper-sandbox ... (4 actions running)
[832 / 1,934] Compiling src/google/protobuf/compiler/parser.cc [for tool]; 3s processwrapper-sandbox ... (4 actions, 3 running)
[832 / 1,934] Compiling src/google/protobuf/compiler/parser.cc [for tool]; 4s processwrapper-sandbox ... (4 actions running)
[834 / 1,934] Compiling src/google/protobuf/compiler/parser.cc [for tool]; 5s processwrapper-sandbox ... (4 actions running)
[835 / 1,934] Compiling src/google/protobuf/compiler/parser.cc [for tool]; 7s processwrapper-sandbox ... (4 actions, 3 running)
[836 / 1,934] Compiling src/google/protobuf/generated_message_reflection.cc [for tool]; 6s processwrapper-sandbox ... (4 actions running)
[837 / 1,934] Compiling src/google/protobuf/generated_message_reflection.cc [for tool]; 7s processwrapper-sandbox ... (4 actions running)
[838 / 1,934] Compiling src/google/protobuf/generated_message_reflection.cc [for tool]; 9s processwrapper-sandbox ... (4 actions, 3 running)
[839 / 1,934] Compiling src/google/protobuf/generated_message_reflection.cc [for tool]; 10s processwrapper-sandbox ... (4 actions, 3 running)
INFO: From Compiling src/google/protobuf/dynamic_message.cc:
external/protobuf+/src/google/protobuf/dynamic_message.cc: In member function 'void google::protobuf::DynamicMessage::CrossLinkPrototypes()':
external/protobuf+/src/google/protobuf/dynamic_message.cc:845:31: warning: 'bool google::protobuf::FieldOptions::weak() const' is deprecated [-Wdeprecated-declarations]
  845 |         !field->options().weak() && !InRealOneof(field) &&
      |          ~~~~~~~~~~~~~~~~~~~~~^~
In file included from external/protobuf+/src/google/protobuf/dynamic_message.cc:57:
bazel-out/k8-fastbuild/bin/external/protobuf+/src/google/protobuf/_virtual_includes/protobuf/google/protobuf/descriptor.pb.h:19782:13: note: declared here
19782 | inline bool FieldOptions::weak() const {
      |             ^~~~~~~~~~~~
[840 / 1,934] Compiling src/google/protobuf/generated_message_reflection.cc [for tool]; 11s processwrapper-sandbox ... (4 actions, 3 running)
INFO: From Compiling src/google/protobuf/generated_message_reflection.cc [for tool]:
external/protobuf+/src/google/protobuf/generated_message_reflection.cc: In member function 'const google::protobuf::Message* google::protobuf::Reflection::GetDefaultMessageInstance(const google::protobuf::FieldDescriptor*) const':
external/protobuf+/src/google/protobuf/generated_message_reflection.cc:2518:29: warning: 'bool google::protobuf::FieldOptions::weak() const' is deprecated [-Wdeprecated-declarations]
 2518 |       !field->options().weak() && !IsLazyField(field) &&
      |        ~~~~~~~~~~~~~~~~~~~~~^~
In file included from bazel-out/k8-opt-exec-ST-d57f47055a04/bin/external/protobuf+/src/google/protobuf/_virtual_includes/protobuf/google/protobuf/cpp_features.pb.h:34,
                 from external/protobuf+/src/google/protobuf/generated_message_reflection.cc:44:
bazel-out/k8-opt-exec-ST-d57f47055a04/bin/external/protobuf+/src/google/protobuf/_virtual_includes/protobuf/google/protobuf/descriptor.pb.h:19782:13: note: declared here
19782 | inline bool FieldOptions::weak() const {
      |             ^~~~~~~~~~~~
In file included from external/abseil-cpp+/absl/log/internal/check_impl.h:20,
                 from external/abseil-cpp+/absl/log/absl_check.h:38,
                 from bazel-out/k8-opt-exec-ST-d57f47055a04/bin/external/protobuf+/src/google/protobuf/_virtual_includes/protobuf/google/protobuf/generated_message_reflection.h:25,
                 from external/protobuf+/src/google/protobuf/generated_message_reflection.cc:12:
external/protobuf+/src/google/protobuf/generated_message_reflection.cc: In member function 'bool google::protobuf::Reflection::HasFieldWithHasbits(const google::protobuf::Message&, const google::protobuf::FieldDescriptor*) const':
external/protobuf+/src/google/protobuf/generated_message_reflection.cc:3228:37: warning: 'bool google::protobuf::FieldOptions::weak() const' is deprecated [-Wdeprecated-declarations]
 3228 |   ABSL_DCHECK(!field->options().weak());
      |                ~~~~~~~~~~~~~~~~~~~~~^~
external/abseil-cpp+/absl/log/internal/conditions.h:68:7: note: in definition of macro 'ABSL_LOG_INTERNAL_STATELESS_CONDITION'
   68 |     !(condition) ? (void)0 : ::absl::log_internal::Voidify() &&
      |       ^~~~~~~~~
external/abseil-cpp+/absl/log/internal/check_impl.h:26:3: note: in expansion of macro 'ABSL_LOG_INTERNAL_CONDITION_FATAL'
   26 |   ABSL_LOG_INTERNAL_CONDITION_FATAL(STATELESS,                        \
      |   ^~~~~~~~~~~~~~~~~~~~~~~~~~~~~~~~~
external/abseil-cpp+/absl/log/internal/check_impl.h:27:37: note: in expansion of macro 'ABSL_PREDICT_FALSE'
   27 |                                     ABSL_PREDICT_FALSE(!(condition))) \
      |                                     ^~~~~~~~~~~~~~~~~~
external/abseil-cpp+/absl/log/internal/check_impl.h:43:3: note: in expansion of macro 'ABSL_LOG_INTERNAL_CHECK_IMPL'
   43 |   ABSL_LOG_INTERNAL_CHECK_IMPL(true || (condition), "true")
      |   ^~~~~~~~~~~~~~~~~~~~~~~~~~~~
external/abseil-cpp+/absl/log/absl_check.h:47:3: note: in expansion of macro 'ABSL_LOG_INTERNAL_DCHECK_IMPL'
   47 |   ABSL_LOG_INTERNAL_DCHECK_IMPL((condition), #condition)
      |   ^~~~~~~~~~~~~~~~~~~~~~~~~~~~~
external/protobuf+/src/google/protobuf/generated_message_reflection.cc:3228:3: note: in expansion of macro 'ABSL_DCHECK'
 3228 |   ABSL_DCHECK(!field->options().weak());
      |   ^~~~~~~~~~~
bazel-out/k8-opt-exec-ST-d57f47055a04/bin/external/protobuf+/src/google/protobuf/_virtual_includes/protobuf/google/protobuf/descriptor.pb.h:19782:13: note: declared here
19782 | inline bool FieldOptions::weak() const {
      |             ^~~~~~~~~~~~
external/protobuf+/src/google/protobuf/generated_message_reflection.cc: In member function 'void google::protobuf::Reflection::SetHasBit(google::protobuf::Message*, const google::protobuf::FieldDescriptor*) const':
external/protobuf+/src/google/protobuf/generated_message_reflection.cc:3261:37: warning: 'bool google::protobuf::FieldOptions::weak() const' is deprecated [-Wdeprecated-declarations]
 3261 |   ABSL_DCHECK(!field->options().weak());
      |                ~~~~~~~~~~~~~~~~~~~~~^~
external/abseil-cpp+/absl/log/internal/conditions.h:68:7: note: in definition of macro 'ABSL_LOG_INTERNAL_STATELESS_CONDITION'
   68 |     !(condition) ? (void)0 : ::absl::log_internal::Voidify() &&
      |       ^~~~~~~~~
external/abseil-cpp+/absl/log/internal/check_impl.h:26:3: note: in expansion of macro 'ABSL_LOG_INTERNAL_CONDITION_FATAL'
   26 |   ABSL_LOG_INTERNAL_CONDITION_FATAL(STATELESS,                        \
      |   ^~~~~~~~~~~~~~~~~~~~~~~~~~~~~~~~~
external/abseil-cpp+/absl/log/internal/check_impl.h:27:37: note: in expansion of macro 'ABSL_PREDICT_FALSE'
   27 |                                     ABSL_PREDICT_FALSE(!(condition))) \
      |                                     ^~~~~~~~~~~~~~~~~~
external/abseil-cpp+/absl/log/internal/check_impl.h:43:3: note: in expansion of macro 'ABSL_LOG_INTERNAL_CHECK_IMPL'
   43 |   ABSL_LOG_INTERNAL_CHECK_IMPL(true || (condition), "true")
      |   ^~~~~~~~~~~~~~~~~~~~~~~~~~~~
external/abseil-cpp+/absl/log/absl_check.h:47:3: note: in expansion of macro 'ABSL_LOG_INTERNAL_DCHECK_IMPL'
   47 |   ABSL_LOG_INTERNAL_DCHECK_IMPL((condition), #condition)
      |   ^~~~~~~~~~~~~~~~~~~~~~~~~~~~~
external/protobuf+/src/google/protobuf/generated_message_reflection.cc:3261:3: note: in expansion of macro 'ABSL_DCHECK'
 3261 |   ABSL_DCHECK(!field->options().weak());
      |   ^~~~~~~~~~~
bazel-out/k8-opt-exec-ST-d57f47055a04/bin/external/protobuf+/src/google/protobuf/_virtual_includes/protobuf/google/protobuf/descriptor.pb.h:19782:13: note: declared here
19782 | inline bool FieldOptions::weak() const {
      |             ^~~~~~~~~~~~
external/protobuf+/src/google/protobuf/generated_message_reflection.cc: In member function 'void google::protobuf::Reflection::ClearHasBit(google::protobuf::Message*, const google::protobuf::FieldDescriptor*) const':
external/protobuf+/src/google/protobuf/generated_message_reflection.cc:3270:37: warning: 'bool google::protobuf::FieldOptions::weak() const' is deprecated [-Wdeprecated-declarations]
 3270 |   ABSL_DCHECK(!field->options().weak());
      |                ~~~~~~~~~~~~~~~~~~~~~^~
external/abseil-cpp+/absl/log/internal/conditions.h:68:7: note: in definition of macro 'ABSL_LOG_INTERNAL_STATELESS_CONDITION'
   68 |     !(condition) ? (void)0 : ::absl::log_internal::Voidify() &&
      |       ^~~~~~~~~
external/abseil-cpp+/absl/log/internal/check_impl.h:26:3: note: in expansion of macro 'ABSL_LOG_INTERNAL_CONDITION_FATAL'
   26 |   ABSL_LOG_INTERNAL_CONDITION_FATAL(STATELESS,                        \
      |   ^~~~~~~~~~~~~~~~~~~~~~~~~~~~~~~~~
external/abseil-cpp+/absl/log/internal/check_impl.h:27:37: note: in expansion of macro 'ABSL_PREDICT_FALSE'
   27 |                                     ABSL_PREDICT_FALSE(!(condition))) \
      |                                     ^~~~~~~~~~~~~~~~~~
external/abseil-cpp+/absl/log/internal/check_impl.h:43:3: note: in expansion of macro 'ABSL_LOG_INTERNAL_CHECK_IMPL'
   43 |   ABSL_LOG_INTERNAL_CHECK_IMPL(true || (condition), "true")
      |   ^~~~~~~~~~~~~~~~~~~~~~~~~~~~
external/abseil-cpp+/absl/log/absl_check.h:47:3: note: in expansion of macro 'ABSL_LOG_INTERNAL_DCHECK_IMPL'
   47 |   ABSL_LOG_INTERNAL_DCHECK_IMPL((condition), #condition)
      |   ^~~~~~~~~~~~~~~~~~~~~~~~~~~~~
external/protobuf+/src/google/protobuf/generated_message_reflection.cc:3270:3: note: in expansion of macro 'ABSL_DCHECK'
 3270 |   ABSL_DCHECK(!field->options().weak());
      |   ^~~~~~~~~~~
bazel-out/k8-opt-exec-ST-d57f47055a04/bin/external/protobuf+/src/google/protobuf/_virtual_includes/protobuf/google/protobuf/descriptor.pb.h:19782:13: note: declared here
19782 | inline bool FieldOptions::weak() const {
      |             ^~~~~~~~~~~~
external/protobuf+/src/google/protobuf/generated_message_reflection.cc: In member function 'void google::protobuf::Reflection::NaiveSwapHasBit(google::protobuf::Message*, google::protobuf::Message*, const google::protobuf::FieldDescriptor*) const':
external/protobuf+/src/google/protobuf/generated_message_reflection.cc:3279:37: warning: 'bool google::protobuf::FieldOptions::weak() const' is deprecated [-Wdeprecated-declarations]
 3279 |   ABSL_DCHECK(!field->options().weak());
      |                ~~~~~~~~~~~~~~~~~~~~~^~
external/abseil-cpp+/absl/log/internal/conditions.h:68:7: note: in definition of macro 'ABSL_LOG_INTERNAL_STATELESS_CONDITION'
   68 |     !(condition) ? (void)0 : ::absl::log_internal::Voidify() &&
      |       ^~~~~~~~~
external/abseil-cpp+/absl/log/internal/check_impl.h:26:3: note: in expansion of macro 'ABSL_LOG_INTERNAL_CONDITION_FATAL'
   26 |   ABSL_LOG_INTERNAL_CONDITION_FATAL(STATELESS,                        \
      |   ^~~~~~~~~~~~~~~~~~~~~~~~~~~~~~~~~
external/abseil-cpp+/absl/log/internal/check_impl.h:27:37: note: in expansion of macro 'ABSL_PREDICT_FALSE'
   27 |                                     ABSL_PREDICT_FALSE(!(condition))) \
      |                                     ^~~~~~~~~~~~~~~~~~
external/abseil-cpp+/absl/log/internal/check_impl.h:43:3: note: in expansion of macro 'ABSL_LOG_INTERNAL_CHECK_IMPL'
   43 |   ABSL_LOG_INTERNAL_CHECK_IMPL(true || (condition), "true")
      |   ^~~~~~~~~~~~~~~~~~~~~~~~~~~~
external/abseil-cpp+/absl/log/absl_check.h:47:3: note: in expansion of macro 'ABSL_LOG_INTERNAL_DCHECK_IMPL'
   47 |   ABSL_LOG_INTERNAL_DCHECK_IMPL((condition), #condition)
      |   ^~~~~~~~~~~~~~~~~~~~~~~~~~~~~
external/protobuf+/src/google/protobuf/generated_message_reflection.cc:3279:3: note: in expansion of macro 'ABSL_DCHECK'
 3279 |   ABSL_DCHECK(!field->options().weak());
      |   ^~~~~~~~~~~
bazel-out/k8-opt-exec-ST-d57f47055a04/bin/external/protobuf+/src/google/protobuf/_virtual_includes/protobuf/google/protobuf/descriptor.pb.h:19782:13: note: declared here
19782 | inline bool FieldOptions::weak() const {
      |             ^~~~~~~~~~~~
bazel-out/k8-opt-exec-ST-d57f47055a04/bin/external/protobuf+/src/google/protobuf/_virtual_includes/protobuf/google/protobuf/reflection_visit_fields.h: In instantiation of 'static void google::protobuf::internal::ReflectionVisit::VisitFields(MessageT&, CallbackFn&&, google::protobuf::internal::FieldMask) [with MessageT = google::protobuf::Message; CallbackFn = google::protobuf::internal::ReflectionVisit::VisitMessageFields<google::protobuf::Reflection::MaybePoisonAfterClear(google::protobuf::Message&) const::<lambda(google::protobuf::Message&)> >(google::protobuf::Message&, google::protobuf::Reflection::MaybePoisonAfterClear(google::protobuf::Message&) const::<lambda(google::protobuf::Message&)>&&)::<lambda(auto:57)>]':
bazel-out/k8-opt-exec-ST-d57f47055a04/bin/external/protobuf+/src/google/protobuf/_virtual_includes/protobuf/google/protobuf/reflection_visit_fields.h:447:31:   required from 'static void google::protobuf::internal::ReflectionVisit::VisitMessageFields(google::protobuf::Message&, CallbackFn&&) [with CallbackFn = google::protobuf::Reflection::MaybePoisonAfterClear(google::protobuf::Message&) const::<lambda(google::protobuf::Message&)>]'
bazel-out/k8-opt-exec-ST-d57f47055a04/bin/external/protobuf+/src/google/protobuf/_virtual_includes/protobuf/google/protobuf/reflection_visit_fields.h:502:38:   required from 'void google::protobuf::internal::VisitMutableMessageFields(google::protobuf::Message&, CallbackFn&&) [with CallbackFn = google::protobuf::Reflection::MaybePoisonAfterClear(google::protobuf::Message&) const::<lambda(google::protobuf::Message&)>]'
external/protobuf+/src/google/protobuf/generated_message_reflection.cc:1399:40:   required from here
bazel-out/k8-opt-exec-ST-d57f47055a04/bin/external/protobuf+/src/google/protobuf/_virtual_includes/protobuf/google/protobuf/reflection_visit_fields.h:109:39: warning: 'bool google::protobuf::FieldOptions::weak() const' is deprecated [-Wdeprecated-declarations]
  109 |     ABSL_DCHECK(!field->options().weak()) << "weak fields are not supported";
      |                  ~~~~~~~~~~~~~~~~~~~~~^~
external/abseil-cpp+/absl/log/internal/conditions.h:68:7: note: in definition of macro 'ABSL_LOG_INTERNAL_STATELESS_CONDITION'
   68 |     !(condition) ? (void)0 : ::absl::log_internal::Voidify() &&
      |       ^~~~~~~~~
external/abseil-cpp+/absl/log/internal/check_impl.h:26:3: note: in expansion of macro 'ABSL_LOG_INTERNAL_CONDITION_FATAL'
   26 |   ABSL_LOG_INTERNAL_CONDITION_FATAL(STATELESS,                        \
      |   ^~~~~~~~~~~~~~~~~~~~~~~~~~~~~~~~~
external/abseil-cpp+/absl/log/internal/check_impl.h:27:37: note: in expansion of macro 'ABSL_PREDICT_FALSE'
   27 |                                     ABSL_PREDICT_FALSE(!(condition))) \
      |                                     ^~~~~~~~~~~~~~~~~~
external/abseil-cpp+/absl/log/internal/check_impl.h:43:3: note: in expansion of macro 'ABSL_LOG_INTERNAL_CHECK_IMPL'
   43 |   ABSL_LOG_INTERNAL_CHECK_IMPL(true || (condition), "true")
      |   ^~~~~~~~~~~~~~~~~~~~~~~~~~~~
external/abseil-cpp+/absl/log/absl_check.h:47:3: note: in expansion of macro 'ABSL_LOG_INTERNAL_DCHECK_IMPL'
   47 |   ABSL_LOG_INTERNAL_DCHECK_IMPL((condition), #condition)
      |   ^~~~~~~~~~~~~~~~~~~~~~~~~~~~~
bazel-out/k8-opt-exec-ST-d57f47055a04/bin/external/protobuf+/src/google/protobuf/_virtual_includes/protobuf/google/protobuf/reflection_visit_fields.h:109:5: note: in expansion of macro 'ABSL_DCHECK'
  109 |     ABSL_DCHECK(!field->options().weak()) << "weak fields are not supported";
      |     ^~~~~~~~~~~
bazel-out/k8-opt-exec-ST-d57f47055a04/bin/external/protobuf+/src/google/protobuf/_virtual_includes/protobuf/google/protobuf/descriptor.pb.h:19782:13: note: declared here
19782 | inline bool FieldOptions::weak() const {
      |             ^~~~~~~~~~~~
bazel-out/k8-opt-exec-ST-d57f47055a04/bin/external/protobuf+/src/google/protobuf/_virtual_includes/protobuf/google/protobuf/reflection_visit_fields.h:109:39: warning: 'bool google::protobuf::FieldOptions::weak() const' is deprecated [-Wdeprecated-declarations]
  109 |     ABSL_DCHECK(!field->options().weak()) << "weak fields are not supported";
      |                  ~~~~~~~~~~~~~~~~~~~~~^~
external/abseil-cpp+/absl/log/internal/conditions.h:68:7: note: in definition of macro 'ABSL_LOG_INTERNAL_STATELESS_CONDITION'
   68 |     !(condition) ? (void)0 : ::absl::log_internal::Voidify() &&
      |       ^~~~~~~~~
external/abseil-cpp+/absl/log/internal/check_impl.h:26:3: note: in expansion of macro 'ABSL_LOG_INTERNAL_CONDITION_FATAL'
   26 |   ABSL_LOG_INTERNAL_CONDITION_FATAL(STATELESS,                        \
      |   ^~~~~~~~~~~~~~~~~~~~~~~~~~~~~~~~~
external/abseil-cpp+/absl/log/internal/check_impl.h:27:37: note: in expansion of macro 'ABSL_PREDICT_FALSE'
   27 |                                     ABSL_PREDICT_FALSE(!(condition))) \
      |                                     ^~~~~~~~~~~~~~~~~~
external/abseil-cpp+/absl/log/internal/check_impl.h:43:3: note: in expansion of macro 'ABSL_LOG_INTERNAL_CHECK_IMPL'
   43 |   ABSL_LOG_INTERNAL_CHECK_IMPL(true || (condition), "true")
      |   ^~~~~~~~~~~~~~~~~~~~~~~~~~~~
external/abseil-cpp+/absl/log/absl_check.h:47:3: note: in expansion of macro 'ABSL_LOG_INTERNAL_DCHECK_IMPL'
   47 |   ABSL_LOG_INTERNAL_DCHECK_IMPL((condition), #condition)
      |   ^~~~~~~~~~~~~~~~~~~~~~~~~~~~~
bazel-out/k8-opt-exec-ST-d57f47055a04/bin/external/protobuf+/src/google/protobuf/_virtual_includes/protobuf/google/protobuf/reflection_visit_fields.h:109:5: note: in expansion of macro 'ABSL_DCHECK'
  109 |     ABSL_DCHECK(!field->options().weak()) << "weak fields are not supported";
      |     ^~~~~~~~~~~
bazel-out/k8-opt-exec-ST-d57f47055a04/bin/external/protobuf+/src/google/protobuf/_virtual_includes/protobuf/google/protobuf/descriptor.pb.h:19782:13: note: declared here
19782 | inline bool FieldOptions::weak() const {
      |             ^~~~~~~~~~~~
[841 / 1,934] Compiling src/google/protobuf/descriptor.cc; 3s processwrapper-sandbox ... (4 actions running)
[842 / 1,934] Compiling src/google/protobuf/descriptor.cc; 5s processwrapper-sandbox ... (4 actions, 3 running)
[843 / 1,934] Compiling src/google/protobuf/descriptor.cc; 6s processwrapper-sandbox ... (4 actions running)
[844 / 1,934] Compiling src/google/protobuf/descriptor.cc; 9s processwrapper-sandbox ... (4 actions, 3 running)
[846 / 1,934] Compiling src/google/protobuf/descriptor.cc; 10s processwrapper-sandbox ... (4 actions, 3 running)
[846 / 1,934] Compiling src/google/protobuf/descriptor.cc; 11s processwrapper-sandbox ... (4 actions running)
[847 / 1,934] Compiling src/google/protobuf/descriptor.cc; 12s processwrapper-sandbox ... (4 actions running)
[849 / 1,934] Compiling src/google/protobuf/descriptor.cc; 15s processwrapper-sandbox ... (3 actions, 2 running)
[862 / 1,934] Compiling src/google/protobuf/descriptor.cc; 16s processwrapper-sandbox ... (4 actions, 3 running)
INFO: From Compiling src/google/protobuf/descriptor.cc:
external/protobuf+/src/google/protobuf/descriptor.cc: In member function 'void google::protobuf::DescriptorBuilder::CrossLinkField(google::protobuf::FieldDescriptor*, const google::protobuf::FieldDescriptorProto&)':
external/protobuf+/src/google/protobuf/descriptor.cc:8005:65: warning: 'bool google::protobuf::FieldOptions::weak() const' is deprecated [-Wdeprecated-declarations]
 8005 |     bool is_weak = !pool_->enforce_weak_ && proto.options().weak();
      |                                             ~~~~~~~~~~~~~~~~~~~~^~
In file included from bazel-out/k8-fastbuild/bin/external/protobuf+/src/google/protobuf/_virtual_includes/protobuf/google/protobuf/cpp_features.pb.h:34,
                 from external/protobuf+/src/google/protobuf/descriptor.cc:72:
bazel-out/k8-fastbuild/bin/external/protobuf+/src/google/protobuf/_virtual_includes/protobuf/google/protobuf/descriptor.pb.h:19782:13: note: declared here
19782 | inline bool FieldOptions::weak() const {
      |             ^~~~~~~~~~~~
external/protobuf+/src/google/protobuf/descriptor.cc: In function 'google::protobuf::internal::cpp::HasbitMode google::protobuf::internal::cpp::GetFieldHasbitModeWithoutProfile(const google::protobuf::FieldDescriptor*)':
external/protobuf+/src/google/protobuf/descriptor.cc:10707:62: warning: 'bool google::protobuf::FieldOptions::weak() const' is deprecated [-Wdeprecated-declarations]
10707 |   if (field->real_containing_oneof() || field->options().weak() ||
      |                                         ~~~~~~~~~~~~~~~~~~~~~^~
bazel-out/k8-fastbuild/bin/external/protobuf+/src/google/protobuf/_virtual_includes/protobuf/google/protobuf/descriptor.pb.h:19782:13: note: declared here
19782 | inline bool FieldOptions::weak() const {
      |             ^~~~~~~~~~~~
[943 / 2,598] Compiling src/google/protobuf/dynamic_message.cc [for tool]; 2s processwrapper-sandbox ... (4 actions, 3 running)
[1,003 / 2,649] Compiling src/google/protobuf/dynamic_message.cc [for tool]; 3s processwrapper-sandbox ... (4 actions, 3 running)
[1,012 / 2,649] Compiling src/google/protobuf/dynamic_message.cc [for tool]; 4s processwrapper-sandbox ... (4 actions, 3 running)
INFO: From Compiling src/google/protobuf/dynamic_message.cc [for tool]:
external/protobuf+/src/google/protobuf/dynamic_message.cc: In member function 'void google::protobuf::DynamicMessage::CrossLinkPrototypes()':
external/protobuf+/src/google/protobuf/dynamic_message.cc:845:31: warning: 'bool google::protobuf::FieldOptions::weak() const' is deprecated [-Wdeprecated-declarations]
  845 |         !field->options().weak() && !InRealOneof(field) &&
      |          ~~~~~~~~~~~~~~~~~~~~~^~
In file included from external/protobuf+/src/google/protobuf/dynamic_message.cc:57:
bazel-out/k8-opt-exec-ST-d57f47055a04/bin/external/protobuf+/src/google/protobuf/_virtual_includes/protobuf/google/protobuf/descriptor.pb.h:19782:13: note: declared here
19782 | inline bool FieldOptions::weak() const {
      |             ^~~~~~~~~~~~
[1,025 / 2,649] Compiling src/google/protobuf/compiler/main_no_generators.cc [for tool]; 3s processwrapper-sandbox ... (4 actions, 3 running)
[1,034 / 2,657] Compiling src/google/protobuf/descriptor_database.cc [for tool]; 1s processwrapper-sandbox ... (4 actions, 3 running)
[1,051 / 2,657] Compiling src/google/protobuf/descriptor_database.cc [for tool]; 2s processwrapper-sandbox ... (4 actions, 3 running)
[1,091 / 2,657] Compiling src/google/protobuf/descriptor_database.cc [for tool]; 3s processwrapper-sandbox ... (4 actions, 3 running)
[1,106 / 2,657] Compiling src/google/protobuf/descriptor_database.cc [for tool]; 5s processwrapper-sandbox ... (4 actions, 3 running)
[1,122 / 2,657] Compiling src/google/protobuf/descriptor_database.cc [for tool]; 6s processwrapper-sandbox ... (4 actions, 3 running)
[1,143 / 2,657] Compiling src/google/protobuf/descriptor_database.cc [for tool]; 7s processwrapper-sandbox ... (4 actions, 3 running)
[1,146 / 2,657] Compiling src/google/protobuf/descriptor_database.cc [for tool]; 8s processwrapper-sandbox ... (4 actions, 3 running)
[1,151 / 2,657] Compiling src/google/protobuf/descriptor_database.cc [for tool]; 9s processwrapper-sandbox ... (4 actions, 3 running)
[1,153 / 2,657] Compiling src/google/protobuf/compiler/command_line_interface.cc [for tool]; 5s processwrapper-sandbox ... (4 actions running)
[1,155 / 2,657] Compiling src/google/protobuf/compiler/command_line_interface.cc [for tool]; 6s processwrapper-sandbox ... (4 actions, 3 running)
[1,157 / 2,657] Compiling src/google/protobuf/compiler/command_line_interface.cc [for tool]; 8s processwrapper-sandbox ... (4 actions running)
[1,159 / 2,657] Compiling src/google/protobuf/compiler/command_line_interface.cc [for tool]; 9s processwrapper-sandbox ... (4 actions running)
[1,161 / 2,657] Compiling src/google/protobuf/compiler/command_line_interface.cc [for tool]; 10s processwrapper-sandbox ... (4 actions, 3 running)
[1,161 / 2,657] Compiling src/google/protobuf/compiler/command_line_interface.cc [for tool]; 12s processwrapper-sandbox ... (4 actions running)
[1,165 / 2,657] Compiling src/google/protobuf/compiler/cpp/helpers.cc [for tool]; 9s processwrapper-sandbox ... (4 actions, 3 running)
[1,167 / 2,657] Compiling src/google/protobuf/compiler/cpp/helpers.cc [for tool]; 10s processwrapper-sandbox ... (4 actions, 3 running)
INFO: From Compiling src/google/protobuf/compiler/cpp/helpers.cc [for tool]:
In file included from external/protobuf+/src/google/protobuf/compiler/cpp/helpers.cc:12:
bazel-out/k8-opt-exec-ST-d57f47055a04/bin/external/protobuf+/src/google/protobuf/compiler/cpp/_virtual_includes/names_internal/google/protobuf/compiler/cpp/helpers.h: In function 'bool google::protobuf::compiler::cpp::IsWeak(const google::protobuf::FieldDescriptor*, const Options&)':
bazel-out/k8-opt-exec-ST-d57f47055a04/bin/external/protobuf+/src/google/protobuf/compiler/cpp/_virtual_includes/names_internal/google/protobuf/compiler/cpp/helpers.h:359:28: warning: 'bool google::protobuf::FieldOptions::weak() const' is deprecated [-Wdeprecated-declarations]
  359 |   if (field->options().weak()) {
      |       ~~~~~~~~~~~~~~~~~~~~~^~
In file included from bazel-out/k8-opt-exec-ST-d57f47055a04/bin/external/protobuf+/src/google/protobuf/compiler/_virtual_includes/code_generator_lite/google/protobuf/compiler/code_generator_lite.h:18,
                 from bazel-out/k8-opt-exec-ST-d57f47055a04/bin/external/protobuf+/src/google/protobuf/compiler/_virtual_includes/code_generator/google/protobuf/compiler/code_generator.h:25,
                 from bazel-out/k8-opt-exec-ST-d57f47055a04/bin/external/protobuf+/src/google/protobuf/compiler/cpp/_virtual_includes/names_internal/google/protobuf/compiler/cpp/helpers.h:30:
bazel-out/k8-opt-exec-ST-d57f47055a04/bin/external/protobuf+/src/google/protobuf/_virtual_includes/protobuf/google/protobuf/descriptor.pb.h:19782:13: note: declared here
19782 | inline bool FieldOptions::weak() const {
      |             ^~~~~~~~~~~~
external/protobuf+/src/google/protobuf/compiler/cpp/helpers.cc: In member function 'google::protobuf::compiler::cpp::MessageAnalysis google::protobuf::compiler::cpp::MessageSCCAnalyzer::GetSCCAnalysis(const google::protobuf::compiler::SCC*)':
external/protobuf+/src/google/protobuf/compiler/cpp/helpers.cc:1736:32: warning: 'bool google::protobuf::FieldOptions::weak() const' is deprecated [-Wdeprecated-declarations]
 1736 |       if (field->options().weak()) {
      |           ~~~~~~~~~~~~~~~~~~~~~^~
bazel-out/k8-opt-exec-ST-d57f47055a04/bin/external/protobuf+/src/google/protobuf/_virtual_includes/protobuf/google/protobuf/descriptor.pb.h:19782:13: note: declared here
19782 | inline bool FieldOptions::weak() const {
      |             ^~~~~~~~~~~~
[1,172 / 2,657] Compiling src/google/protobuf/descriptor.cc [for tool]; 3s processwrapper-sandbox ... (4 actions running)
[1,173 / 2,657] Compiling src/google/protobuf/descriptor.cc [for tool]; 4s processwrapper-sandbox ... (4 actions running)
[1,175 / 2,657] Compiling src/google/protobuf/descriptor.cc [for tool]; 5s processwrapper-sandbox ... (4 actions running)
[1,178 / 2,657] Compiling src/google/protobuf/descriptor.cc [for tool]; 6s processwrapper-sandbox ... (4 actions running)
[1,179 / 2,657] Compiling src/google/protobuf/descriptor.cc [for tool]; 7s processwrapper-sandbox ... (4 actions, 3 running)
[1,181 / 2,657] Compiling src/google/protobuf/descriptor.cc [for tool]; 8s processwrapper-sandbox ... (4 actions, 3 running)
[1,184 / 2,657] Compiling src/google/protobuf/descriptor.cc [for tool]; 9s processwrapper-sandbox ... (4 actions, 3 running)
[1,185 / 2,657] Compiling src/google/protobuf/descriptor.cc [for tool]; 11s processwrapper-sandbox ... (4 actions running)
[1,186 / 2,657] Compiling src/google/protobuf/descriptor.cc [for tool]; 12s processwrapper-sandbox ... (4 actions, 3 running)
[1,187 / 2,657] Compiling src/google/protobuf/descriptor.cc [for tool]; 14s processwrapper-sandbox ... (4 actions running)
INFO: From Compiling src/google/protobuf/compiler/cpp/enum.cc [for tool]:
In file included from external/protobuf+/src/google/protobuf/compiler/cpp/enum.cc:29:
bazel-out/k8-opt-exec-ST-d57f47055a04/bin/external/protobuf+/src/google/protobuf/compiler/cpp/_virtual_includes/names_internal/google/protobuf/compiler/cpp/helpers.h: In function 'bool google::protobuf::compiler::cpp::IsWeak(const google::protobuf::FieldDescriptor*, const Options&)':
bazel-out/k8-opt-exec-ST-d57f47055a04/bin/external/protobuf+/src/google/protobuf/compiler/cpp/_virtual_includes/names_internal/google/protobuf/compiler/cpp/helpers.h:359:28: warning: 'bool google::protobuf::FieldOptions::weak() const' is deprecated [-Wdeprecated-declarations]
  359 |   if (field->options().weak()) {
      |       ~~~~~~~~~~~~~~~~~~~~~^~
In file included from bazel-out/k8-opt-exec-ST-d57f47055a04/bin/external/protobuf+/src/google/protobuf/compiler/_virtual_includes/code_generator_lite/google/protobuf/compiler/code_generator_lite.h:18,
                 from bazel-out/k8-opt-exec-ST-d57f47055a04/bin/external/protobuf+/src/google/protobuf/compiler/_virtual_includes/code_generator/google/protobuf/compiler/code_generator.h:25,
                 from bazel-out/k8-opt-exec-ST-d57f47055a04/bin/external/protobuf+/src/google/protobuf/compiler/cpp/_virtual_includes/cpp/google/protobuf/compiler/cpp/generator.h:24,
                 from external/protobuf+/src/google/protobuf/compiler/cpp/enum.cc:28:
bazel-out/k8-opt-exec-ST-d57f47055a04/bin/external/protobuf+/src/google/protobuf/_virtual_includes/protobuf/google/protobuf/descriptor.pb.h:19782:13: note: declared here
19782 | inline bool FieldOptions::weak() const {
      |             ^~~~~~~~~~~~
INFO: From Compiling src/google/protobuf/compiler/cpp/tracker.cc [for tool]:
In file included from external/protobuf+/src/google/protobuf/compiler/cpp/tracker.cc:20:
bazel-out/k8-opt-exec-ST-d57f47055a04/bin/external/protobuf+/src/google/protobuf/compiler/cpp/_virtual_includes/names_internal/google/protobuf/compiler/cpp/helpers.h: In function 'bool google::protobuf::compiler::cpp::IsWeak(const google::protobuf::FieldDescriptor*, const Options&)':
bazel-out/k8-opt-exec-ST-d57f47055a04/bin/external/protobuf+/src/google/protobuf/compiler/cpp/_virtual_includes/names_internal/google/protobuf/compiler/cpp/helpers.h:359:28: warning: 'bool google::protobuf::FieldOptions::weak() const' is deprecated [-Wdeprecated-declarations]
  359 |   if (field->options().weak()) {
      |       ~~~~~~~~~~~~~~~~~~~~~^~
In file included from bazel-out/k8-opt-exec-ST-d57f47055a04/bin/external/protobuf+/src/google/protobuf/compiler/_virtual_includes/code_generator_lite/google/protobuf/compiler/code_generator_lite.h:18,
                 from bazel-out/k8-opt-exec-ST-d57f47055a04/bin/external/protobuf+/src/google/protobuf/compiler/_virtual_includes/code_generator/google/protobuf/compiler/code_generator.h:25,
                 from bazel-out/k8-opt-exec-ST-d57f47055a04/bin/external/protobuf+/src/google/protobuf/compiler/cpp/_virtual_includes/names_internal/google/protobuf/compiler/cpp/helpers.h:30:
bazel-out/k8-opt-exec-ST-d57f47055a04/bin/external/protobuf+/src/google/protobuf/_virtual_includes/protobuf/google/protobuf/descriptor.pb.h:19782:13: note: declared here
19782 | inline bool FieldOptions::weak() const {
      |             ^~~~~~~~~~~~
[1,191 / 2,657] Compiling src/google/protobuf/descriptor.cc [for tool]; 15s processwrapper-sandbox ... (4 actions, 3 running)
[1,192 / 2,657] Compiling src/google/protobuf/descriptor.cc [for tool]; 17s processwrapper-sandbox ... (4 actions running)
[1,194 / 2,657] Compiling src/google/protobuf/descriptor.cc [for tool]; 18s processwrapper-sandbox ... (4 actions running)
[1,195 / 2,657] Compiling src/google/protobuf/descriptor.cc [for tool]; 19s processwrapper-sandbox ... (4 actions, 3 running)
INFO: From Compiling src/google/protobuf/compiler/cpp/service.cc [for tool]:
In file included from external/protobuf+/src/google/protobuf/compiler/cpp/service.cc:17:
bazel-out/k8-opt-exec-ST-d57f47055a04/bin/external/protobuf+/src/google/protobuf/compiler/cpp/_virtual_includes/names_internal/google/protobuf/compiler/cpp/helpers.h: In function 'bool google::protobuf::compiler::cpp::IsWeak(const google::protobuf::FieldDescriptor*, const Options&)':
bazel-out/k8-opt-exec-ST-d57f47055a04/bin/external/protobuf+/src/google/protobuf/compiler/cpp/_virtual_includes/names_internal/google/protobuf/compiler/cpp/helpers.h:359:28: warning: 'bool google::protobuf::FieldOptions::weak() const' is deprecated [-Wdeprecated-declarations]
  359 |   if (field->options().weak()) {
      |       ~~~~~~~~~~~~~~~~~~~~~^~
In file included from bazel-out/k8-opt-exec-ST-d57f47055a04/bin/external/protobuf+/src/google/protobuf/compiler/_virtual_includes/code_generator_lite/google/protobuf/compiler/code_generator_lite.h:18,
                 from bazel-out/k8-opt-exec-ST-d57f47055a04/bin/external/protobuf+/src/google/protobuf/compiler/_virtual_includes/code_generator/google/protobuf/compiler/code_generator.h:25,
                 from bazel-out/k8-opt-exec-ST-d57f47055a04/bin/external/protobuf+/src/google/protobuf/compiler/cpp/_virtual_includes/names_internal/google/protobuf/compiler/cpp/helpers.h:30:
bazel-out/k8-opt-exec-ST-d57f47055a04/bin/external/protobuf+/src/google/protobuf/_virtual_includes/protobuf/google/protobuf/descriptor.pb.h:19782:13: note: declared here
19782 | inline bool FieldOptions::weak() const {
      |             ^~~~~~~~~~~~
[1,197 / 2,657] Compiling src/google/protobuf/descriptor.cc [for tool]; 20s processwrapper-sandbox ... (4 actions, 3 running)
INFO: From Compiling src/google/protobuf/compiler/cpp/extension.cc [for tool]:
In file included from bazel-out/k8-opt-exec-ST-d57f47055a04/bin/external/protobuf+/src/google/protobuf/compiler/cpp/_virtual_includes/cpp/google/protobuf/compiler/cpp/extension.h:19,
                 from external/protobuf+/src/google/protobuf/compiler/cpp/extension.cc:12:
bazel-out/k8-opt-exec-ST-d57f47055a04/bin/external/protobuf+/src/google/protobuf/compiler/cpp/_virtual_includes/names_internal/google/protobuf/compiler/cpp/helpers.h: In function 'bool google::protobuf::compiler::cpp::IsWeak(const google::protobuf::FieldDescriptor*, const Options&)':
bazel-out/k8-opt-exec-ST-d57f47055a04/bin/external/protobuf+/src/google/protobuf/compiler/cpp/_virtual_includes/names_internal/google/protobuf/compiler/cpp/helpers.h:359:28: warning: 'bool google::protobuf::FieldOptions::weak() const' is deprecated [-Wdeprecated-declarations]
  359 |   if (field->options().weak()) {
      |       ~~~~~~~~~~~~~~~~~~~~~^~
In file included from bazel-out/k8-opt-exec-ST-d57f47055a04/bin/external/protobuf+/src/google/protobuf/compiler/_virtual_includes/code_generator_lite/google/protobuf/compiler/code_generator_lite.h:18,
                 from bazel-out/k8-opt-exec-ST-d57f47055a04/bin/external/protobuf+/src/google/protobuf/compiler/_virtual_includes/code_generator/google/protobuf/compiler/code_generator.h:25,
                 from bazel-out/k8-opt-exec-ST-d57f47055a04/bin/external/protobuf+/src/google/protobuf/compiler/cpp/_virtual_includes/names_internal/google/protobuf/compiler/cpp/helpers.h:30:
bazel-out/k8-opt-exec-ST-d57f47055a04/bin/external/protobuf+/src/google/protobuf/_virtual_includes/protobuf/google/protobuf/descriptor.pb.h:19782:13: note: declared here
19782 | inline bool FieldOptions::weak() const {
      |             ^~~~~~~~~~~~
[1,199 / 2,657] Compiling src/google/protobuf/descriptor.cc [for tool]; 21s processwrapper-sandbox ... (4 actions, 3 running)
[1,202 / 2,657] Compiling src/google/protobuf/descriptor.cc [for tool]; 22s processwrapper-sandbox ... (4 actions, 3 running)
[1,204 / 2,657] Compiling src/google/protobuf/descriptor.cc [for tool]; 24s processwrapper-sandbox ... (4 actions running)
[1,206 / 2,657] Compiling src/google/protobuf/descriptor.cc [for tool]; 25s processwrapper-sandbox ... (4 actions, 3 running)
INFO: From Compiling src/google/protobuf/descriptor.cc [for tool]:
external/protobuf+/src/google/protobuf/descriptor.cc: In member function 'void google::protobuf::DescriptorBuilder::CrossLinkField(google::protobuf::FieldDescriptor*, const google::protobuf::FieldDescriptorProto&)':
external/protobuf+/src/google/protobuf/descriptor.cc:8005:65: warning: 'bool google::protobuf::FieldOptions::weak() const' is deprecated [-Wdeprecated-declarations]
 8005 |     bool is_weak = !pool_->enforce_weak_ && proto.options().weak();
      |                                             ~~~~~~~~~~~~~~~~~~~~^~
In file included from bazel-out/k8-opt-exec-ST-d57f47055a04/bin/external/protobuf+/src/google/protobuf/_virtual_includes/protobuf/google/protobuf/cpp_features.pb.h:34,
                 from external/protobuf+/src/google/protobuf/descriptor.cc:72:
bazel-out/k8-opt-exec-ST-d57f47055a04/bin/external/protobuf+/src/google/protobuf/_virtual_includes/protobuf/google/protobuf/descriptor.pb.h:19782:13: note: declared here
19782 | inline bool FieldOptions::weak() const {
      |             ^~~~~~~~~~~~
external/protobuf+/src/google/protobuf/descriptor.cc: In function 'google::protobuf::internal::cpp::HasbitMode google::protobuf::internal::cpp::GetFieldHasbitModeWithoutProfile(const google::protobuf::FieldDescriptor*)':
external/protobuf+/src/google/protobuf/descriptor.cc:10707:62: warning: 'bool google::protobuf::FieldOptions::weak() const' is deprecated [-Wdeprecated-declarations]
10707 |   if (field->real_containing_oneof() || field->options().weak() ||
      |                                         ~~~~~~~~~~~~~~~~~~~~~^~
bazel-out/k8-opt-exec-ST-d57f47055a04/bin/external/protobuf+/src/google/protobuf/_virtual_includes/protobuf/google/protobuf/descriptor.pb.h:19782:13: note: declared here
19782 | inline bool FieldOptions::weak() const {
      |             ^~~~~~~~~~~~
[1,209 / 2,657] Compiling src/google/protobuf/compiler/cpp/field.cc [for tool]; 4s processwrapper-sandbox ... (4 actions, 3 running)
[1,246 / 2,800] Compiling src/google/protobuf/compiler/cpp/field.cc [for tool]; 5s processwrapper-sandbox ... (4 actions, 3 running)
INFO: From Compiling src/google/protobuf/compiler/cpp/message_layout_helper.cc [for tool]:
In file included from bazel-out/k8-opt-exec-ST-d57f47055a04/bin/external/protobuf+/src/google/protobuf/compiler/cpp/_virtual_includes/cpp/google/protobuf/compiler/cpp/message_layout_helper.h:20,
                 from external/protobuf+/src/google/protobuf/compiler/cpp/message_layout_helper.cc:1:
bazel-out/k8-opt-exec-ST-d57f47055a04/bin/external/protobuf+/src/google/protobuf/compiler/cpp/_virtual_includes/names_internal/google/protobuf/compiler/cpp/helpers.h: In function 'bool google::protobuf::compiler::cpp::IsWeak(const google::protobuf::FieldDescriptor*, const Options&)':
bazel-out/k8-opt-exec-ST-d57f47055a04/bin/external/protobuf+/src/google/protobuf/compiler/cpp/_virtual_includes/names_internal/google/protobuf/compiler/cpp/helpers.h:359:28: warning: 'bool google::protobuf::FieldOptions::weak() const' is deprecated [-Wdeprecated-declarations]
  359 |   if (field->options().weak()) {
      |       ~~~~~~~~~~~~~~~~~~~~~^~
In file included from bazel-out/k8-opt-exec-ST-d57f47055a04/bin/external/protobuf+/src/google/protobuf/compiler/_virtual_includes/code_generator_lite/google/protobuf/compiler/code_generator_lite.h:18,
                 from bazel-out/k8-opt-exec-ST-d57f47055a04/bin/external/protobuf+/src/google/protobuf/compiler/_virtual_includes/code_generator/google/protobuf/compiler/code_generator.h:25,
                 from bazel-out/k8-opt-exec-ST-d57f47055a04/bin/external/protobuf+/src/google/protobuf/compiler/cpp/_virtual_includes/names_internal/google/protobuf/compiler/cpp/helpers.h:30:
bazel-out/k8-opt-exec-ST-d57f47055a04/bin/external/protobuf+/src/google/protobuf/_virtual_includes/protobuf/google/protobuf/descriptor.pb.h:19782:13: note: declared here
19782 | inline bool FieldOptions::weak() const {
      |             ^~~~~~~~~~~~
[1,249 / 2,800] Compiling src/google/protobuf/compiler/cpp/field.cc [for tool]; 6s processwrapper-sandbox ... (4 actions, 3 running)
INFO: From Compiling src/google/protobuf/compiler/cpp/field.cc [for tool]:
In file included from bazel-out/k8-opt-exec-ST-d57f47055a04/bin/external/protobuf+/src/google/protobuf/compiler/cpp/_virtual_includes/cpp/google/protobuf/compiler/cpp/field.h:26,
                 from external/protobuf+/src/google/protobuf/compiler/cpp/field.cc:12:
bazel-out/k8-opt-exec-ST-d57f47055a04/bin/external/protobuf+/src/google/protobuf/compiler/cpp/_virtual_includes/names_internal/google/protobuf/compiler/cpp/helpers.h: In function 'bool google::protobuf::compiler::cpp::IsWeak(const google::protobuf::FieldDescriptor*, const Options&)':
bazel-out/k8-opt-exec-ST-d57f47055a04/bin/external/protobuf+/src/google/protobuf/compiler/cpp/_virtual_includes/names_internal/google/protobuf/compiler/cpp/helpers.h:359:28: warning: 'bool google::protobuf::FieldOptions::weak() const' is deprecated [-Wdeprecated-declarations]
  359 |   if (field->options().weak()) {
      |       ~~~~~~~~~~~~~~~~~~~~~^~
In file included from bazel-out/k8-opt-exec-ST-d57f47055a04/bin/external/protobuf+/src/google/protobuf/compiler/_virtual_includes/code_generator_lite/google/protobuf/compiler/code_generator_lite.h:18,
                 from bazel-out/k8-opt-exec-ST-d57f47055a04/bin/external/protobuf+/src/google/protobuf/compiler/_virtual_includes/code_generator/google/protobuf/compiler/code_generator.h:25,
                 from bazel-out/k8-opt-exec-ST-d57f47055a04/bin/external/protobuf+/src/google/protobuf/compiler/cpp/_virtual_includes/names_internal/google/protobuf/compiler/cpp/helpers.h:30:
bazel-out/k8-opt-exec-ST-d57f47055a04/bin/external/protobuf+/src/google/protobuf/_virtual_includes/protobuf/google/protobuf/descriptor.pb.h:19782:13: note: declared here
19782 | inline bool FieldOptions::weak() const {
      |             ^~~~~~~~~~~~
[1,252 / 2,800] Compiling src/google/protobuf/compiler/command_line_interface.cc [for tool]; 3s processwrapper-sandbox ... (4 actions, 3 running)
[1,253 / 2,800] Compiling src/google/protobuf/compiler/command_line_interface.cc [for tool]; 4s processwrapper-sandbox ... (4 actions running)
[1,254 / 2,800] Compiling src/google/protobuf/compiler/command_line_interface.cc [for tool]; 5s processwrapper-sandbox ... (4 actions, 3 running)
INFO: From Compiling src/google/protobuf/compiler/cpp/field_chunk.cc [for tool]:
In file included from bazel-out/k8-opt-exec-ST-d57f47055a04/bin/external/protobuf+/src/google/protobuf/compiler/cpp/_virtual_includes/cpp/google/protobuf/compiler/cpp/field_chunk.h:10,
                 from external/protobuf+/src/google/protobuf/compiler/cpp/field_chunk.cc:1:
bazel-out/k8-opt-exec-ST-d57f47055a04/bin/external/protobuf+/src/google/protobuf/compiler/cpp/_virtual_includes/names_internal/google/protobuf/compiler/cpp/helpers.h: In function 'bool google::protobuf::compiler::cpp::IsWeak(const google::protobuf::FieldDescriptor*, const Options&)':
bazel-out/k8-opt-exec-ST-d57f47055a04/bin/external/protobuf+/src/google/protobuf/compiler/cpp/_virtual_includes/names_internal/google/protobuf/compiler/cpp/helpers.h:359:28: warning: 'bool google::protobuf::FieldOptions::weak() const' is deprecated [-Wdeprecated-declarations]
  359 |   if (field->options().weak()) {
      |       ~~~~~~~~~~~~~~~~~~~~~^~
In file included from bazel-out/k8-opt-exec-ST-d57f47055a04/bin/external/protobuf+/src/google/protobuf/compiler/_virtual_includes/code_generator_lite/google/protobuf/compiler/code_generator_lite.h:18,
                 from bazel-out/k8-opt-exec-ST-d57f47055a04/bin/external/protobuf+/src/google/protobuf/compiler/_virtual_includes/code_generator/google/protobuf/compiler/code_generator.h:25,
                 from bazel-out/k8-opt-exec-ST-d57f47055a04/bin/external/protobuf+/src/google/protobuf/compiler/cpp/_virtual_includes/names_internal/google/protobuf/compiler/cpp/helpers.h:30:
bazel-out/k8-opt-exec-ST-d57f47055a04/bin/external/protobuf+/src/google/protobuf/_virtual_includes/protobuf/google/protobuf/descriptor.pb.h:19782:13: note: declared here
19782 | inline bool FieldOptions::weak() const {
      |             ^~~~~~~~~~~~
[1,258 / 2,800] Compiling src/google/protobuf/compiler/command_line_interface.cc [for tool]; 6s processwrapper-sandbox ... (4 actions, 3 running)
[1,260 / 2,800] Compiling src/google/protobuf/compiler/command_line_interface.cc [for tool]; 8s processwrapper-sandbox ... (4 actions, 3 running)
[1,261 / 2,800] Compiling src/google/protobuf/compiler/command_line_interface.cc [for tool]; 9s processwrapper-sandbox ... (4 actions running)
[1,262 / 2,800] Compiling src/google/protobuf/compiler/command_line_interface.cc [for tool]; 10s processwrapper-sandbox ... (4 actions running)
[1,265 / 2,800] Compiling src/google/protobuf/compiler/command_line_interface.cc [for tool]; 11s processwrapper-sandbox ... (4 actions, 3 running)
INFO: From Compiling src/google/protobuf/compiler/cpp/field_generators/cord_field.cc [for tool]:
In file included from bazel-out/k8-opt-exec-ST-d57f47055a04/bin/external/protobuf+/src/google/protobuf/compiler/cpp/_virtual_includes/cpp/google/protobuf/compiler/cpp/field.h:26,
                 from external/protobuf+/src/google/protobuf/compiler/cpp/field_generators/cord_field.cc:23:
bazel-out/k8-opt-exec-ST-d57f47055a04/bin/external/protobuf+/src/google/protobuf/compiler/cpp/_virtual_includes/names_internal/google/protobuf/compiler/cpp/helpers.h: In function 'bool google::protobuf::compiler::cpp::IsWeak(const google::protobuf::FieldDescriptor*, const Options&)':
bazel-out/k8-opt-exec-ST-d57f47055a04/bin/external/protobuf+/src/google/protobuf/compiler/cpp/_virtual_includes/names_internal/google/protobuf/compiler/cpp/helpers.h:359:28: warning: 'bool google::protobuf::FieldOptions::weak() const' is deprecated [-Wdeprecated-declarations]
  359 |   if (field->options().weak()) {
      |       ~~~~~~~~~~~~~~~~~~~~~^~
In file included from bazel-out/k8-opt-exec-ST-d57f47055a04/bin/external/protobuf+/src/google/protobuf/compiler/_virtual_includes/code_generator_lite/google/protobuf/compiler/code_generator_lite.h:18,
                 from bazel-out/k8-opt-exec-ST-d57f47055a04/bin/external/protobuf+/src/google/protobuf/compiler/_virtual_includes/code_generator/google/protobuf/compiler/code_generator.h:25,
                 from bazel-out/k8-opt-exec-ST-d57f47055a04/bin/external/protobuf+/src/google/protobuf/compiler/cpp/_virtual_includes/names_internal/google/protobuf/compiler/cpp/helpers.h:30:
bazel-out/k8-opt-exec-ST-d57f47055a04/bin/external/protobuf+/src/google/protobuf/_virtual_includes/protobuf/google/protobuf/descriptor.pb.h:19782:13: note: declared here
19782 | inline bool FieldOptions::weak() const {
      |             ^~~~~~~~~~~~
[1,267 / 2,800] Compiling src/google/protobuf/compiler/command_line_interface.cc [for tool]; 13s processwrapper-sandbox ... (4 actions, 3 running)
[1,269 / 2,800] Compiling src/google/protobuf/compiler/cpp/message.cc [for tool]; 12s processwrapper-sandbox ... (4 actions running)
[1,270 / 2,800] Compiling src/google/protobuf/compiler/cpp/message.cc [for tool]; 13s processwrapper-sandbox ... (4 actions running)
[1,273 / 2,800] Compiling src/google/protobuf/compiler/cpp/message.cc [for tool]; 14s processwrapper-sandbox ... (4 actions, 3 running)
[1,275 / 2,800] Compiling src/google/protobuf/compiler/cpp/message.cc [for tool]; 16s processwrapper-sandbox ... (4 actions, 3 running)
[1,276 / 2,800] Compiling src/google/protobuf/compiler/cpp/message.cc [for tool]; 17s processwrapper-sandbox ... (4 actions running)
INFO: From Compiling src/google/protobuf/compiler/cpp/field_generators/enum_field.cc [for tool]:
In file included from bazel-out/k8-opt-exec-ST-d57f47055a04/bin/external/protobuf+/src/google/protobuf/compiler/cpp/_virtual_includes/cpp/google/protobuf/compiler/cpp/field.h:26,
                 from external/protobuf+/src/google/protobuf/compiler/cpp/field_generators/enum_field.cc:20:
bazel-out/k8-opt-exec-ST-d57f47055a04/bin/external/protobuf+/src/google/protobuf/compiler/cpp/_virtual_includes/names_internal/google/protobuf/compiler/cpp/helpers.h: In function 'bool google::protobuf::compiler::cpp::IsWeak(const google::protobuf::FieldDescriptor*, const Options&)':
bazel-out/k8-opt-exec-ST-d57f47055a04/bin/external/protobuf+/src/google/protobuf/compiler/cpp/_virtual_includes/names_internal/google/protobuf/compiler/cpp/helpers.h:359:28: warning: 'bool google::protobuf::FieldOptions::weak() const' is deprecated [-Wdeprecated-declarations]
  359 |   if (field->options().weak()) {
      |       ~~~~~~~~~~~~~~~~~~~~~^~
In file included from bazel-out/k8-opt-exec-ST-d57f47055a04/bin/external/protobuf+/src/google/protobuf/compiler/_virtual_includes/code_generator_lite/google/protobuf/compiler/code_generator_lite.h:18,
                 from bazel-out/k8-opt-exec-ST-d57f47055a04/bin/external/protobuf+/src/google/protobuf/compiler/_virtual_includes/code_generator/google/protobuf/compiler/code_generator.h:25,
                 from bazel-out/k8-opt-exec-ST-d57f47055a04/bin/external/protobuf+/src/google/protobuf/compiler/cpp/_virtual_includes/names_internal/google/protobuf/compiler/cpp/helpers.h:30:
bazel-out/k8-opt-exec-ST-d57f47055a04/bin/external/protobuf+/src/google/protobuf/_virtual_includes/protobuf/google/protobuf/descriptor.pb.h:19782:13: note: declared here
19782 | inline bool FieldOptions::weak() const {
      |             ^~~~~~~~~~~~
[1,279 / 2,800] Compiling src/google/protobuf/compiler/cpp/message.cc [for tool]; 18s processwrapper-sandbox ... (4 actions, 3 running)
[1,280 / 2,800] Compiling src/google/protobuf/compiler/cpp/message.cc [for tool]; 19s processwrapper-sandbox ... (4 actions, 3 running)
[1,283 / 2,800] Compiling src/google/protobuf/compiler/cpp/message.cc [for tool]; 20s processwrapper-sandbox ... (4 actions, 3 running)
INFO: From Compiling src/google/protobuf/compiler/cpp/message.cc [for tool]:
In file included from bazel-out/k8-opt-exec-ST-d57f47055a04/bin/external/protobuf+/src/google/protobuf/compiler/cpp/_virtual_includes/cpp/google/protobuf/compiler/cpp/extension.h:19,
                 from bazel-out/k8-opt-exec-ST-d57f47055a04/bin/external/protobuf+/src/google/protobuf/compiler/cpp/_virtual_includes/cpp/google/protobuf/compiler/cpp/message.h:25,
                 from external/protobuf+/src/google/protobuf/compiler/cpp/message.cc:12:
bazel-out/k8-opt-exec-ST-d57f47055a04/bin/external/protobuf+/src/google/protobuf/compiler/cpp/_virtual_includes/names_internal/google/protobuf/compiler/cpp/helpers.h: In function 'bool google::protobuf::compiler::cpp::IsWeak(const google::protobuf::FieldDescriptor*, const Options&)':
bazel-out/k8-opt-exec-ST-d57f47055a04/bin/external/protobuf+/src/google/protobuf/compiler/cpp/_virtual_includes/names_internal/google/protobuf/compiler/cpp/helpers.h:359:28: warning: 'bool google::protobuf::FieldOptions::weak() const' is deprecated [-Wdeprecated-declarations]
  359 |   if (field->options().weak()) {
      |       ~~~~~~~~~~~~~~~~~~~~~^~
In file included from bazel-out/k8-opt-exec-ST-d57f47055a04/bin/external/protobuf+/src/google/protobuf/compiler/_virtual_includes/code_generator_lite/google/protobuf/compiler/code_generator_lite.h:18,
                 from bazel-out/k8-opt-exec-ST-d57f47055a04/bin/external/protobuf+/src/google/protobuf/compiler/_virtual_includes/code_generator/google/protobuf/compiler/code_generator.h:25,
                 from bazel-out/k8-opt-exec-ST-d57f47055a04/bin/external/protobuf+/src/google/protobuf/compiler/cpp/_virtual_includes/names_internal/google/protobuf/compiler/cpp/helpers.h:30:
bazel-out/k8-opt-exec-ST-d57f47055a04/bin/external/protobuf+/src/google/protobuf/_virtual_includes/protobuf/google/protobuf/descriptor.pb.h:19782:13: note: declared here
19782 | inline bool FieldOptions::weak() const {
      |             ^~~~~~~~~~~~
external/protobuf+/src/google/protobuf/compiler/cpp/message.cc: In function 'void google::protobuf::compiler::cpp::{anonymous}::PrintPresenceCheck(const google::protobuf::FieldDescriptor*, const std::vector<int>&, google::protobuf::io::Printer*, int*, const google::protobuf::compiler::cpp::Options&)':
external/protobuf+/src/google/protobuf/compiler/cpp/message.cc:172:29: warning: 'bool google::protobuf::FieldOptions::weak() const' is deprecated [-Wdeprecated-declarations]
  172 |   if (!field->options().weak()) {
      |        ~~~~~~~~~~~~~~~~~~~~~^~
bazel-out/k8-opt-exec-ST-d57f47055a04/bin/external/protobuf+/src/google/protobuf/_virtual_includes/protobuf/google/protobuf/descriptor.pb.h:19782:13: note: declared here
19782 | inline bool FieldOptions::weak() const {
      |             ^~~~~~~~~~~~
external/protobuf+/src/google/protobuf/compiler/cpp/message.cc: In member function 'void google::protobuf::compiler::cpp::MessageGenerator::GenerateFieldAccessorDeclarations(google::protobuf::io::Printer*)':
external/protobuf+/src/google/protobuf/compiler/cpp/message.cc:757:66: warning: 'bool google::protobuf::FieldOptions::weak() const' is deprecated [-Wdeprecated-declarations]
  757 |     if (!field->real_containing_oneof() && !field->options().weak()) {
      |                                             ~~~~~~~~~~~~~~~~~~~~~^~
bazel-out/k8-opt-exec-ST-d57f47055a04/bin/external/protobuf+/src/google/protobuf/_virtual_includes/protobuf/google/protobuf/descriptor.pb.h:19782:13: note: declared here
19782 | inline bool FieldOptions::weak() const {
      |             ^~~~~~~~~~~~
external/protobuf+/src/google/protobuf/compiler/cpp/message.cc: In member function 'void google::protobuf::compiler::cpp::MessageGenerator::GenerateSingularFieldHasBits(const google::protobuf::FieldDescriptor*, google::protobuf::io::Printer*)':
external/protobuf+/src/google/protobuf/compiler/cpp/message.cc:1129:28: warning: 'bool google::protobuf::FieldOptions::weak() const' is deprecated [-Wdeprecated-declarations]
 1129 |   if (field->options().weak()) {
      |       ~~~~~~~~~~~~~~~~~~~~~^~
bazel-out/k8-opt-exec-ST-d57f47055a04/bin/external/protobuf+/src/google/protobuf/_virtual_includes/protobuf/google/protobuf/descriptor.pb.h:19782:13: note: declared here
19782 | inline bool FieldOptions::weak() const {
      |             ^~~~~~~~~~~~
external/protobuf+/src/google/protobuf/compiler/cpp/message.cc: In member function 'void google::protobuf::compiler::cpp::MessageGenerator::EmitCheckAndUpdateByteSizeForField(const google::protobuf::FieldDescriptor*, google::protobuf::io::Printer*) const':
external/protobuf+/src/google/protobuf/compiler/cpp/message.cc:1344:28: warning: 'bool google::protobuf::FieldOptions::weak() const' is deprecated [-Wdeprecated-declarations]
 1344 |   if (field->options().weak()) {
      |       ~~~~~~~~~~~~~~~~~~~~~^~
bazel-out/k8-opt-exec-ST-d57f47055a04/bin/external/protobuf+/src/google/protobuf/_virtual_includes/protobuf/google/protobuf/descriptor.pb.h:19782:13: note: declared here
19782 | inline bool FieldOptions::weak() const {
      |             ^~~~~~~~~~~~
external/protobuf+/src/google/protobuf/compiler/cpp/message.cc: In member function 'void google::protobuf::compiler::cpp::MessageGenerator::MaybeEmitUpdateCachedHasbits(const google::protobuf::FieldDescriptor*, google::protobuf::io::Printer*, int&) const':
external/protobuf+/src/google/protobuf/compiler/cpp/message.cc:1377:59: warning: 'bool google::protobuf::FieldOptions::weak() const' is deprecated [-Wdeprecated-declarations]
 1377 |   if (!HasHasbit(field, options_) || field->options().weak()) return;
      |                                      ~~~~~~~~~~~~~~~~~~~~~^~
bazel-out/k8-opt-exec-ST-d57f47055a04/bin/external/protobuf+/src/google/protobuf/_virtual_includes/protobuf/google/protobuf/descriptor.pb.h:19782:13: note: declared here
19782 | inline bool FieldOptions::weak() const {
      |             ^~~~~~~~~~~~
external/protobuf+/src/google/protobuf/compiler/cpp/message.cc: In lambda function:
external/protobuf+/src/google/protobuf/compiler/cpp/message.cc:2114:64: warning: 'bool google::protobuf::FieldOptions::weak() const' is deprecated [-Wdeprecated-declarations]
 2114 |             if (!field->is_repeated() && !field->options().weak() &&
      |                                           ~~~~~~~~~~~~~~~~~~~~~^~
bazel-out/k8-opt-exec-ST-d57f47055a04/bin/external/protobuf+/src/google/protobuf/_virtual_includes/protobuf/google/protobuf/descriptor.pb.h:19782:13: note: declared here
19782 | inline bool FieldOptions::weak() const {
      |             ^~~~~~~~~~~~
external/protobuf+/src/google/protobuf/compiler/cpp/message.cc: In member function 'size_t google::protobuf::compiler::cpp::MessageGenerator::GenerateOffsets(google::protobuf::io::Printer*)':
external/protobuf+/src/google/protobuf/compiler/cpp/message.cc:2595:30: warning: 'bool google::protobuf::FieldOptions::weak() const' is deprecated [-Wdeprecated-declarations]
 2595 |     if (field->options().weak()) {
      |         ~~~~~~~~~~~~~~~~~~~~~^~
bazel-out/k8-opt-exec-ST-d57f47055a04/bin/external/protobuf+/src/google/protobuf/_virtual_includes/protobuf/google/protobuf/descriptor.pb.h:19782:13: note: declared here
19782 | inline bool FieldOptions::weak() const {
      |             ^~~~~~~~~~~~
external/protobuf+/src/google/protobuf/compiler/cpp/message.cc: In lambda function:
external/protobuf+/src/google/protobuf/compiler/cpp/message.cc:4188:39: warning: 'bool google::protobuf::FieldOptions::weak() const' is deprecated [-Wdeprecated-declarations]
 4188 |       } else if (field->options().weak() ||
      |                  ~~~~~~~~~~~~~~~~~~~~~^~
bazel-out/k8-opt-exec-ST-d57f47055a04/bin/external/protobuf+/src/google/protobuf/_virtual_includes/protobuf/google/protobuf/descriptor.pb.h:19782:13: note: declared here
19782 | inline bool FieldOptions::weak() const {
      |             ^~~~~~~~~~~~
external/protobuf+/src/google/protobuf/compiler/cpp/message.cc: In member function 'void google::protobuf::compiler::cpp::MessageGenerator::GenerateSerializeOneField(google::protobuf::io::Printer*, const google::protobuf::FieldDescriptor*, int)':
external/protobuf+/src/google/protobuf/compiler/cpp/message.cc:4528:28: warning: 'bool google::protobuf::FieldOptions::weak() const' is deprecated [-Wdeprecated-declarations]
 4528 |   if (field->options().weak()) {
      |       ~~~~~~~~~~~~~~~~~~~~~^~
bazel-out/k8-opt-exec-ST-d57f47055a04/bin/external/protobuf+/src/google/protobuf/_virtual_includes/protobuf/google/protobuf/descriptor.pb.h:19782:13: note: declared here
19782 | inline bool FieldOptions::weak() const {
      |             ^~~~~~~~~~~~
external/protobuf+/src/google/protobuf/compiler/cpp/message.cc: In lambda function:
external/protobuf+/src/google/protobuf/compiler/cpp/message.cc:4834:43: warning: 'bool google::protobuf::FieldOptions::weak() const' is deprecated [-Wdeprecated-declarations]
 4834 |                  if (field->options().weak()) {
      |                      ~~~~~~~~~~~~~~~~~~~~~^~
bazel-out/k8-opt-exec-ST-d57f47055a04/bin/external/protobuf+/src/google/protobuf/_virtual_includes/protobuf/google/protobuf/descriptor.pb.h:19782:13: note: declared here
19782 | inline bool FieldOptions::weak() const {
      |             ^~~~~~~~~~~~
[1,286 / 2,800] Compiling src/google/protobuf/compiler/cpp/field_generators/map_field.cc [for tool]; 4s processwrapper-sandbox ... (4 actions, 3 running)
[1,287 / 2,800] Compiling src/google/protobuf/compiler/cpp/field_generators/map_field.cc [for tool]; 5s processwrapper-sandbox ... (4 actions running)
INFO: From Compiling src/google/protobuf/compiler/cpp/field_generators/map_field.cc [for tool]:
In file included from bazel-out/k8-opt-exec-ST-d57f47055a04/bin/external/protobuf+/src/google/protobuf/compiler/cpp/_virtual_includes/cpp/google/protobuf/compiler/cpp/field.h:26,
                 from external/protobuf+/src/google/protobuf/compiler/cpp/field_generators/map_field.cc:19:
bazel-out/k8-opt-exec-ST-d57f47055a04/bin/external/protobuf+/src/google/protobuf/compiler/cpp/_virtual_includes/names_internal/google/protobuf/compiler/cpp/helpers.h: In function 'bool google::protobuf::compiler::cpp::IsWeak(const google::protobuf::FieldDescriptor*, const Options&)':
bazel-out/k8-opt-exec-ST-d57f47055a04/bin/external/protobuf+/src/google/protobuf/compiler/cpp/_virtual_includes/names_internal/google/protobuf/compiler/cpp/helpers.h:359:28: warning: 'bool google::protobuf::FieldOptions::weak() const' is deprecated [-Wdeprecated-declarations]
  359 |   if (field->options().weak()) {
      |       ~~~~~~~~~~~~~~~~~~~~~^~
In file included from bazel-out/k8-opt-exec-ST-d57f47055a04/bin/external/protobuf+/src/google/protobuf/compiler/_virtual_includes/code_generator_lite/google/protobuf/compiler/code_generator_lite.h:18,
                 from bazel-out/k8-opt-exec-ST-d57f47055a04/bin/external/protobuf+/src/google/protobuf/compiler/_virtual_includes/code_generator/google/protobuf/compiler/code_generator.h:25,
                 from bazel-out/k8-opt-exec-ST-d57f47055a04/bin/external/protobuf+/src/google/protobuf/compiler/cpp/_virtual_includes/names_internal/google/protobuf/compiler/cpp/helpers.h:30:
bazel-out/k8-opt-exec-ST-d57f47055a04/bin/external/protobuf+/src/google/protobuf/_virtual_includes/protobuf/google/protobuf/descriptor.pb.h:19782:13: note: declared here
19782 | inline bool FieldOptions::weak() const {
      |             ^~~~~~~~~~~~
[1,291 / 2,800] Compiling src/google/protobuf/compiler/parser.cc [for tool]; 3s processwrapper-sandbox ... (4 actions, 3 running)
[1,292 / 2,800] Compiling src/google/protobuf/compiler/parser.cc [for tool]; 5s processwrapper-sandbox ... (4 actions, 3 running)
[1,294 / 2,800] Compiling src/google/protobuf/compiler/parser.cc [for tool]; 6s processwrapper-sandbox ... (4 actions, 3 running)
[1,296 / 2,800] Compiling src/google/protobuf/compiler/parser.cc [for tool]; 7s processwrapper-sandbox ... (4 actions, 3 running)
[1,298 / 2,800] Compiling src/google/protobuf/compiler/cpp/field_generators/message_field.cc [for tool]; 5s processwrapper-sandbox ... (4 actions running)
INFO: From Compiling src/google/protobuf/compiler/cpp/generator.cc [for tool]:
In file included from bazel-out/k8-opt-exec-ST-d57f47055a04/bin/external/protobuf+/src/google/protobuf/compiler/cpp/_virtual_includes/cpp/google/protobuf/compiler/cpp/extension.h:19,
                 from bazel-out/k8-opt-exec-ST-d57f47055a04/bin/external/protobuf+/src/google/protobuf/compiler/cpp/_virtual_includes/cpp/google/protobuf/compiler/cpp/file.h:26,
                 from external/protobuf+/src/google/protobuf/compiler/cpp/generator.cc:31:
bazel-out/k8-opt-exec-ST-d57f47055a04/bin/external/protobuf+/src/google/protobuf/compiler/cpp/_virtual_includes/names_internal/google/protobuf/compiler/cpp/helpers.h: In function 'bool google::protobuf::compiler::cpp::IsWeak(const google::protobuf::FieldDescriptor*, const Options&)':
bazel-out/k8-opt-exec-ST-d57f47055a04/bin/external/protobuf+/src/google/protobuf/compiler/cpp/_virtual_includes/names_internal/google/protobuf/compiler/cpp/helpers.h:359:28: warning: 'bool google::protobuf::FieldOptions::weak() const' is deprecated [-Wdeprecated-declarations]
  359 |   if (field->options().weak()) {
      |       ~~~~~~~~~~~~~~~~~~~~~^~
In file included from bazel-out/k8-opt-exec-ST-d57f47055a04/bin/external/protobuf+/src/google/protobuf/compiler/_virtual_includes/code_generator_lite/google/protobuf/compiler/code_generator_lite.h:18,
                 from bazel-out/k8-opt-exec-ST-d57f47055a04/bin/external/protobuf+/src/google/protobuf/compiler/_virtual_includes/code_generator/google/protobuf/compiler/code_generator.h:25,
                 from bazel-out/k8-opt-exec-ST-d57f47055a04/bin/external/protobuf+/src/google/protobuf/compiler/cpp/_virtual_includes/cpp/google/protobuf/compiler/cpp/generator.h:24,
                 from external/protobuf+/src/google/protobuf/compiler/cpp/generator.cc:12:
bazel-out/k8-opt-exec-ST-d57f47055a04/bin/external/protobuf+/src/google/protobuf/_virtual_includes/protobuf/google/protobuf/descriptor.pb.h:19782:13: note: declared here
19782 | inline bool FieldOptions::weak() const {
      |             ^~~~~~~~~~~~
[1,300 / 2,800] Compiling src/google/protobuf/compiler/cpp/field_generators/message_field.cc [for tool]; 6s processwrapper-sandbox ... (4 actions, 3 running)
INFO: From Compiling src/google/protobuf/compiler/cpp/field_generators/message_field.cc [for tool]:
In file included from bazel-out/k8-opt-exec-ST-d57f47055a04/bin/external/protobuf+/src/google/protobuf/compiler/cpp/_virtual_includes/cpp/google/protobuf/compiler/cpp/field.h:26,
                 from external/protobuf+/src/google/protobuf/compiler/cpp/field_generators/message_field.cc:21:
bazel-out/k8-opt-exec-ST-d57f47055a04/bin/external/protobuf+/src/google/protobuf/compiler/cpp/_virtual_includes/names_internal/google/protobuf/compiler/cpp/helpers.h: In function 'bool google::protobuf::compiler::cpp::IsWeak(const google::protobuf::FieldDescriptor*, const Options&)':
bazel-out/k8-opt-exec-ST-d57f47055a04/bin/external/protobuf+/src/google/protobuf/compiler/cpp/_virtual_includes/names_internal/google/protobuf/compiler/cpp/helpers.h:359:28: warning: 'bool google::protobuf::FieldOptions::weak() const' is deprecated [-Wdeprecated-declarations]
  359 |   if (field->options().weak()) {
      |       ~~~~~~~~~~~~~~~~~~~~~^~
In file included from bazel-out/k8-opt-exec-ST-d57f47055a04/bin/external/protobuf+/src/google/protobuf/compiler/_virtual_includes/code_generator_lite/google/protobuf/compiler/code_generator_lite.h:18,
                 from bazel-out/k8-opt-exec-ST-d57f47055a04/bin/external/protobuf+/src/google/protobuf/compiler/_virtual_includes/code_generator/google/protobuf/compiler/code_generator.h:25,
                 from bazel-out/k8-opt-exec-ST-d57f47055a04/bin/external/protobuf+/src/google/protobuf/compiler/cpp/_virtual_includes/names_internal/google/protobuf/compiler/cpp/helpers.h:30:
bazel-out/k8-opt-exec-ST-d57f47055a04/bin/external/protobuf+/src/google/protobuf/_virtual_includes/protobuf/google/protobuf/descriptor.pb.h:19782:13: note: declared here
19782 | inline bool FieldOptions::weak() const {
      |             ^~~~~~~~~~~~
[1,303 / 2,800] Compiling src/google/protobuf/compiler/cpp/enum.cc [for tool]; 3s processwrapper-sandbox ... (4 actions running)
[1,304 / 2,800] Compiling src/google/protobuf/compiler/cpp/enum.cc [for tool]; 4s processwrapper-sandbox ... (4 actions running)
[1,306 / 2,800] Compiling src/google/protobuf/compiler/cpp/enum.cc [for tool]; 6s processwrapper-sandbox ... (4 actions, 3 running)
[1,307 / 2,800] Compiling src/google/protobuf/compiler/cpp/enum.cc [for tool]; 7s processwrapper-sandbox ... (4 actions running)
[1,308 / 2,800] Compiling src/google/protobuf/compiler/cpp/enum.cc [for tool]; 8s processwrapper-sandbox ... (4 actions running)
INFO: From Compiling src/google/protobuf/compiler/cpp/enum.cc [for tool]:
In file included from external/protobuf+/src/google/protobuf/compiler/cpp/enum.cc:29:
bazel-out/k8-opt-exec-ST-020102668b12/bin/external/protobuf+/src/google/protobuf/compiler/cpp/_virtual_includes/names_internal/google/protobuf/compiler/cpp/helpers.h: In function 'bool google::protobuf::compiler::cpp::IsWeak(const google::protobuf::FieldDescriptor*, const Options&)':
bazel-out/k8-opt-exec-ST-020102668b12/bin/external/protobuf+/src/google/protobuf/compiler/cpp/_virtual_includes/names_internal/google/protobuf/compiler/cpp/helpers.h:359:28: warning: 'bool google::protobuf::FieldOptions::weak() const' is deprecated [-Wdeprecated-declarations]
  359 |   if (field->options().weak()) {
      |       ~~~~~~~~~~~~~~~~~~~~~^~
In file included from bazel-out/k8-opt-exec-ST-020102668b12/bin/external/protobuf+/src/google/protobuf/compiler/_virtual_includes/code_generator_lite/google/protobuf/compiler/code_generator_lite.h:18,
                 from bazel-out/k8-opt-exec-ST-020102668b12/bin/external/protobuf+/src/google/protobuf/compiler/_virtual_includes/code_generator/google/protobuf/compiler/code_generator.h:25,
                 from bazel-out/k8-opt-exec-ST-020102668b12/bin/external/protobuf+/src/google/protobuf/compiler/cpp/_virtual_includes/cpp/google/protobuf/compiler/cpp/generator.h:24,
                 from external/protobuf+/src/google/protobuf/compiler/cpp/enum.cc:28:
bazel-out/k8-opt-exec-ST-020102668b12/bin/external/protobuf+/src/google/protobuf/_virtual_includes/protobuf/google/protobuf/descriptor.pb.h:19782:13: note: declared here
19782 | inline bool FieldOptions::weak() const {
      |             ^~~~~~~~~~~~
INFO: From Compiling src/google/protobuf/compiler/cpp/field_generators/primitive_field.cc [for tool]:
In file included from bazel-out/k8-opt-exec-ST-d57f47055a04/bin/external/protobuf+/src/google/protobuf/compiler/cpp/_virtual_includes/cpp/google/protobuf/compiler/cpp/field.h:26,
                 from external/protobuf+/src/google/protobuf/compiler/cpp/field_generators/primitive_field.cc:22:
bazel-out/k8-opt-exec-ST-d57f47055a04/bin/external/protobuf+/src/google/protobuf/compiler/cpp/_virtual_includes/names_internal/google/protobuf/compiler/cpp/helpers.h: In function 'bool google::protobuf::compiler::cpp::IsWeak(const google::protobuf::FieldDescriptor*, const Options&)':
bazel-out/k8-opt-exec-ST-d57f47055a04/bin/external/protobuf+/src/google/protobuf/compiler/cpp/_virtual_includes/names_internal/google/protobuf/compiler/cpp/helpers.h:359:28: warning: 'bool google::protobuf::FieldOptions::weak() const' is deprecated [-Wdeprecated-declarations]
  359 |   if (field->options().weak()) {
      |       ~~~~~~~~~~~~~~~~~~~~~^~
In file included from bazel-out/k8-opt-exec-ST-d57f47055a04/bin/external/protobuf+/src/google/protobuf/compiler/_virtual_includes/code_generator_lite/google/protobuf/compiler/code_generator_lite.h:18,
                 from bazel-out/k8-opt-exec-ST-d57f47055a04/bin/external/protobuf+/src/google/protobuf/compiler/_virtual_includes/code_generator/google/protobuf/compiler/code_generator.h:25,
                 from bazel-out/k8-opt-exec-ST-d57f47055a04/bin/external/protobuf+/src/google/protobuf/compiler/cpp/_virtual_includes/names_internal/google/protobuf/compiler/cpp/helpers.h:30:
bazel-out/k8-opt-exec-ST-d57f47055a04/bin/external/protobuf+/src/google/protobuf/_virtual_includes/protobuf/google/protobuf/descriptor.pb.h:19782:13: note: declared here
19782 | inline bool FieldOptions::weak() const {
      |             ^~~~~~~~~~~~
[1,311 / 2,800] Compiling src/google/protobuf/compiler/cpp/file.cc [for tool]; 7s processwrapper-sandbox ... (4 actions running)
[1,313 / 2,800] Compiling src/google/protobuf/compiler/cpp/file.cc [for tool]; 9s processwrapper-sandbox ... (4 actions, 3 running)
[1,313 / 2,800] Compiling src/google/protobuf/compiler/cpp/file.cc [for tool]; 10s processwrapper-sandbox ... (4 actions running)
[1,314 / 2,800] Compiling src/google/protobuf/compiler/cpp/file.cc [for tool]; 11s processwrapper-sandbox ... (4 actions running)
[1,315 / 2,800] Compiling src/google/protobuf/compiler/cpp/file.cc [for tool]; 12s processwrapper-sandbox ... (4 actions, 3 running)
INFO: From Compiling src/google/protobuf/compiler/cpp/field_generators/string_field.cc [for tool]:
In file included from bazel-out/k8-opt-exec-ST-d57f47055a04/bin/external/protobuf+/src/google/protobuf/compiler/cpp/_virtual_includes/cpp/google/protobuf/compiler/cpp/field.h:26,
                 from external/protobuf+/src/google/protobuf/compiler/cpp/field_generators/string_field.cc:20:
bazel-out/k8-opt-exec-ST-d57f47055a04/bin/external/protobuf+/src/google/protobuf/compiler/cpp/_virtual_includes/names_internal/google/protobuf/compiler/cpp/helpers.h: In function 'bool google::protobuf::compiler::cpp::IsWeak(const google::protobuf::FieldDescriptor*, const Options&)':
bazel-out/k8-opt-exec-ST-d57f47055a04/bin/external/protobuf+/src/google/protobuf/compiler/cpp/_virtual_includes/names_internal/google/protobuf/compiler/cpp/helpers.h:359:28: warning: 'bool google::protobuf::FieldOptions::weak() const' is deprecated [-Wdeprecated-declarations]
  359 |   if (field->options().weak()) {
      |       ~~~~~~~~~~~~~~~~~~~~~^~
In file included from bazel-out/k8-opt-exec-ST-d57f47055a04/bin/external/protobuf+/src/google/protobuf/compiler/_virtual_includes/code_generator_lite/google/protobuf/compiler/code_generator_lite.h:18,
                 from bazel-out/k8-opt-exec-ST-d57f47055a04/bin/external/protobuf+/src/google/protobuf/compiler/_virtual_includes/code_generator/google/protobuf/compiler/code_generator.h:25,
                 from bazel-out/k8-opt-exec-ST-d57f47055a04/bin/external/protobuf+/src/google/protobuf/compiler/cpp/_virtual_includes/names_internal/google/protobuf/compiler/cpp/helpers.h:30:
bazel-out/k8-opt-exec-ST-d57f47055a04/bin/external/protobuf+/src/google/protobuf/_virtual_includes/protobuf/google/protobuf/descriptor.pb.h:19782:13: note: declared here
19782 | inline bool FieldOptions::weak() const {
      |             ^~~~~~~~~~~~
[1,316 / 2,800] Compiling src/google/protobuf/compiler/cpp/file.cc [for tool]; 13s processwrapper-sandbox ... (4 actions, 3 running)
INFO: From Compiling src/google/protobuf/compiler/cpp/extension.cc [for tool]:
In file included from bazel-out/k8-opt-exec-ST-020102668b12/bin/external/protobuf+/src/google/protobuf/compiler/cpp/_virtual_includes/cpp/google/protobuf/compiler/cpp/extension.h:19,
                 from external/protobuf+/src/google/protobuf/compiler/cpp/extension.cc:12:
bazel-out/k8-opt-exec-ST-020102668b12/bin/external/protobuf+/src/google/protobuf/compiler/cpp/_virtual_includes/names_internal/google/protobuf/compiler/cpp/helpers.h: In function 'bool google::protobuf::compiler::cpp::IsWeak(const google::protobuf::FieldDescriptor*, const Options&)':
bazel-out/k8-opt-exec-ST-020102668b12/bin/external/protobuf+/src/google/protobuf/compiler/cpp/_virtual_includes/names_internal/google/protobuf/compiler/cpp/helpers.h:359:28: warning: 'bool google::protobuf::FieldOptions::weak() const' is deprecated [-Wdeprecated-declarations]
  359 |   if (field->options().weak()) {
      |       ~~~~~~~~~~~~~~~~~~~~~^~
In file included from bazel-out/k8-opt-exec-ST-020102668b12/bin/external/protobuf+/src/google/protobuf/compiler/_virtual_includes/code_generator_lite/google/protobuf/compiler/code_generator_lite.h:18,
                 from bazel-out/k8-opt-exec-ST-020102668b12/bin/external/protobuf+/src/google/protobuf/compiler/_virtual_includes/code_generator/google/protobuf/compiler/code_generator.h:25,
                 from bazel-out/k8-opt-exec-ST-020102668b12/bin/external/protobuf+/src/google/protobuf/compiler/cpp/_virtual_includes/names_internal/google/protobuf/compiler/cpp/helpers.h:30:
bazel-out/k8-opt-exec-ST-020102668b12/bin/external/protobuf+/src/google/protobuf/_virtual_includes/protobuf/google/protobuf/descriptor.pb.h:19782:13: note: declared here
19782 | inline bool FieldOptions::weak() const {
      |             ^~~~~~~~~~~~
INFO: From Compiling src/google/protobuf/compiler/cpp/file.cc [for tool]:
In file included from bazel-out/k8-opt-exec-ST-d57f47055a04/bin/external/protobuf+/src/google/protobuf/compiler/cpp/_virtual_includes/cpp/google/protobuf/compiler/cpp/extension.h:19,
                 from bazel-out/k8-opt-exec-ST-d57f47055a04/bin/external/protobuf+/src/google/protobuf/compiler/cpp/_virtual_includes/cpp/google/protobuf/compiler/cpp/file.h:26,
                 from external/protobuf+/src/google/protobuf/compiler/cpp/file.cc:12:
bazel-out/k8-opt-exec-ST-d57f47055a04/bin/external/protobuf+/src/google/protobuf/compiler/cpp/_virtual_includes/names_internal/google/protobuf/compiler/cpp/helpers.h: In function 'bool google::protobuf::compiler::cpp::IsWeak(const google::protobuf::FieldDescriptor*, const Options&)':
bazel-out/k8-opt-exec-ST-d57f47055a04/bin/external/protobuf+/src/google/protobuf/compiler/cpp/_virtual_includes/names_internal/google/protobuf/compiler/cpp/helpers.h:359:28: warning: 'bool google::protobuf::FieldOptions::weak() const' is deprecated [-Wdeprecated-declarations]
  359 |   if (field->options().weak()) {
      |       ~~~~~~~~~~~~~~~~~~~~~^~
In file included from bazel-out/k8-opt-exec-ST-d57f47055a04/bin/external/protobuf+/src/google/protobuf/compiler/_virtual_includes/code_generator_lite/google/protobuf/compiler/code_generator_lite.h:18,
                 from bazel-out/k8-opt-exec-ST-d57f47055a04/bin/external/protobuf+/src/google/protobuf/compiler/_virtual_includes/code_generator/google/protobuf/compiler/code_generator.h:25,
                 from bazel-out/k8-opt-exec-ST-d57f47055a04/bin/external/protobuf+/src/google/protobuf/compiler/cpp/_virtual_includes/names_internal/google/protobuf/compiler/cpp/helpers.h:30:
bazel-out/k8-opt-exec-ST-d57f47055a04/bin/external/protobuf+/src/google/protobuf/_virtual_includes/protobuf/google/protobuf/descriptor.pb.h:19782:13: note: declared here
19782 | inline bool FieldOptions::weak() const {
      |             ^~~~~~~~~~~~
[1,321 / 2,800] Compiling src/google/protobuf/compiler/cpp/field_generators/string_view_field.cc [for tool]; 1s processwrapper-sandbox ... (4 actions running)
[1,322 / 2,800] Compiling src/google/protobuf/compiler/cpp/field_generators/string_view_field.cc [for tool]; 2s processwrapper-sandbox ... (4 actions running)
[1,323 / 2,800] Compiling src/google/protobuf/compiler/cpp/field_generators/string_view_field.cc [for tool]; 4s processwrapper-sandbox ... (4 actions running)
[1,328 / 2,800] Compiling src/google/protobuf/compiler/cpp/field_generators/string_view_field.cc [for tool]; 6s processwrapper-sandbox ... (4 actions running)
INFO: From Compiling src/google/protobuf/compiler/cpp/field_generators/string_view_field.cc [for tool]:
In file included from bazel-out/k8-opt-exec-ST-d57f47055a04/bin/external/protobuf+/src/google/protobuf/compiler/cpp/_virtual_includes/cpp/google/protobuf/compiler/cpp/field.h:26,
                 from external/protobuf+/src/google/protobuf/compiler/cpp/field_generators/string_view_field.cc:19:
bazel-out/k8-opt-exec-ST-d57f47055a04/bin/external/protobuf+/src/google/protobuf/compiler/cpp/_virtual_includes/names_internal/google/protobuf/compiler/cpp/helpers.h: In function 'bool google::protobuf::compiler::cpp::IsWeak(const google::protobuf::FieldDescriptor*, const Options&)':
bazel-out/k8-opt-exec-ST-d57f47055a04/bin/external/protobuf+/src/google/protobuf/compiler/cpp/_virtual_includes/names_internal/google/protobuf/compiler/cpp/helpers.h:359:28: warning: 'bool google::protobuf::FieldOptions::weak() const' is deprecated [-Wdeprecated-declarations]
  359 |   if (field->options().weak()) {
      |       ~~~~~~~~~~~~~~~~~~~~~^~
In file included from bazel-out/k8-opt-exec-ST-d57f47055a04/bin/external/protobuf+/src/google/protobuf/compiler/_virtual_includes/code_generator_lite/google/protobuf/compiler/code_generator_lite.h:18,
                 from bazel-out/k8-opt-exec-ST-d57f47055a04/bin/external/protobuf+/src/google/protobuf/compiler/_virtual_includes/code_generator/google/protobuf/compiler/code_generator.h:25,
                 from bazel-out/k8-opt-exec-ST-d57f47055a04/bin/external/protobuf+/src/google/protobuf/compiler/cpp/_virtual_includes/names_internal/google/protobuf/compiler/cpp/helpers.h:30:
bazel-out/k8-opt-exec-ST-d57f47055a04/bin/external/protobuf+/src/google/protobuf/_virtual_includes/protobuf/google/protobuf/descriptor.pb.h:19782:13: note: declared here
19782 | inline bool FieldOptions::weak() const {
      |             ^~~~~~~~~~~~
INFO: From Compiling src/google/protobuf/compiler/cpp/field.cc [for tool]:
In file included from bazel-out/k8-opt-exec-ST-020102668b12/bin/external/protobuf+/src/google/protobuf/compiler/cpp/_virtual_includes/cpp/google/protobuf/compiler/cpp/field.h:26,
                 from external/protobuf+/src/google/protobuf/compiler/cpp/field.cc:12:
bazel-out/k8-opt-exec-ST-020102668b12/bin/external/protobuf+/src/google/protobuf/compiler/cpp/_virtual_includes/names_internal/google/protobuf/compiler/cpp/helpers.h: In function 'bool google::protobuf::compiler::cpp::IsWeak(const google::protobuf::FieldDescriptor*, const Options&)':
bazel-out/k8-opt-exec-ST-020102668b12/bin/external/protobuf+/src/google/protobuf/compiler/cpp/_virtual_includes/names_internal/google/protobuf/compiler/cpp/helpers.h:359:28: warning: 'bool google::protobuf::FieldOptions::weak() const' is deprecated [-Wdeprecated-declarations]
  359 |   if (field->options().weak()) {
      |       ~~~~~~~~~~~~~~~~~~~~~^~
In file included from bazel-out/k8-opt-exec-ST-020102668b12/bin/external/protobuf+/src/google/protobuf/compiler/_virtual_includes/code_generator_lite/google/protobuf/compiler/code_generator_lite.h:18,
                 from bazel-out/k8-opt-exec-ST-020102668b12/bin/external/protobuf+/src/google/protobuf/compiler/_virtual_includes/code_generator/google/protobuf/compiler/code_generator.h:25,
                 from bazel-out/k8-opt-exec-ST-020102668b12/bin/external/protobuf+/src/google/protobuf/compiler/cpp/_virtual_includes/names_internal/google/protobuf/compiler/cpp/helpers.h:30:
bazel-out/k8-opt-exec-ST-020102668b12/bin/external/protobuf+/src/google/protobuf/_virtual_includes/protobuf/google/protobuf/descriptor.pb.h:19782:13: note: declared here
19782 | inline bool FieldOptions::weak() const {
      |             ^~~~~~~~~~~~
[1,332 / 2,800] Compiling src/google/protobuf/compiler/cpp/parse_function_generator.cc [for tool]; 0s processwrapper-sandbox ... (4 actions running)
[1,333 / 2,800] Compiling src/google/protobuf/compiler/cpp/parse_function_generator.cc [for tool]; 2s processwrapper-sandbox ... (4 actions, 3 running)
[1,334 / 2,800] Compiling src/google/protobuf/compiler/cpp/parse_function_generator.cc [for tool]; 3s processwrapper-sandbox ... (4 actions running)
INFO: From Compiling src/google/protobuf/compiler/cpp/field_chunk.cc [for tool]:
In file included from bazel-out/k8-opt-exec-ST-020102668b12/bin/external/protobuf+/src/google/protobuf/compiler/cpp/_virtual_includes/cpp/google/protobuf/compiler/cpp/field_chunk.h:10,
                 from external/protobuf+/src/google/protobuf/compiler/cpp/field_chunk.cc:1:
bazel-out/k8-opt-exec-ST-020102668b12/bin/external/protobuf+/src/google/protobuf/compiler/cpp/_virtual_includes/names_internal/google/protobuf/compiler/cpp/helpers.h: In function 'bool google::protobuf::compiler::cpp::IsWeak(const google::protobuf::FieldDescriptor*, const Options&)':
bazel-out/k8-opt-exec-ST-020102668b12/bin/external/protobuf+/src/google/protobuf/compiler/cpp/_virtual_includes/names_internal/google/protobuf/compiler/cpp/helpers.h:359:28: warning: 'bool google::protobuf::FieldOptions::weak() const' is deprecated [-Wdeprecated-declarations]
  359 |   if (field->options().weak()) {
      |       ~~~~~~~~~~~~~~~~~~~~~^~
In file included from bazel-out/k8-opt-exec-ST-020102668b12/bin/external/protobuf+/src/google/protobuf/compiler/_virtual_includes/code_generator_lite/google/protobuf/compiler/code_generator_lite.h:18,
                 from bazel-out/k8-opt-exec-ST-020102668b12/bin/external/protobuf+/src/google/protobuf/compiler/_virtual_includes/code_generator/google/protobuf/compiler/code_generator.h:25,
                 from bazel-out/k8-opt-exec-ST-020102668b12/bin/external/protobuf+/src/google/protobuf/compiler/cpp/_virtual_includes/names_internal/google/protobuf/compiler/cpp/helpers.h:30:
bazel-out/k8-opt-exec-ST-020102668b12/bin/external/protobuf+/src/google/protobuf/_virtual_includes/protobuf/google/protobuf/descriptor.pb.h:19782:13: note: declared here
19782 | inline bool FieldOptions::weak() const {
      |             ^~~~~~~~~~~~
[1,336 / 2,800] Compiling src/google/protobuf/compiler/cpp/parse_function_generator.cc [for tool]; 4s processwrapper-sandbox ... (4 actions running)
INFO: From Compiling src/google/protobuf/compiler/rust/naming.cc [for tool]:
In file included from external/protobuf+/src/google/protobuf/compiler/rust/naming.cc:26:
bazel-out/k8-opt-exec-ST-d57f47055a04/bin/external/protobuf+/src/google/protobuf/compiler/cpp/_virtual_includes/names_internal/google/protobuf/compiler/cpp/helpers.h: In function 'bool google::protobuf::compiler::cpp::IsWeak(const google::protobuf::FieldDescriptor*, const Options&)':
bazel-out/k8-opt-exec-ST-d57f47055a04/bin/external/protobuf+/src/google/protobuf/compiler/cpp/_virtual_includes/names_internal/google/protobuf/compiler/cpp/helpers.h:359:28: warning: 'bool google::protobuf::FieldOptions::weak() const' is deprecated [-Wdeprecated-declarations]
  359 |   if (field->options().weak()) {
      |       ~~~~~~~~~~~~~~~~~~~~~^~
In file included from bazel-out/k8-opt-exec-ST-d57f47055a04/bin/external/protobuf+/src/google/protobuf/compiler/rust/_virtual_includes/naming/google/protobuf/compiler/rust/naming.h:17,
                 from external/protobuf+/src/google/protobuf/compiler/rust/naming.cc:8:
bazel-out/k8-opt-exec-ST-d57f47055a04/bin/external/protobuf+/src/google/protobuf/_virtual_includes/protobuf/google/protobuf/descriptor.pb.h:19782:13: note: declared here
19782 | inline bool FieldOptions::weak() const {
      |             ^~~~~~~~~~~~
[1,344 / 2,800] Compiling src/google/protobuf/compiler/cpp/parse_function_generator.cc [for tool]; 5s processwrapper-sandbox ... (4 actions running)
[1,345 / 2,800] Compiling src/google/protobuf/compiler/cpp/parse_function_generator.cc [for tool]; 7s processwrapper-sandbox ... (4 actions, 3 running)
INFO: From Compiling src/google/protobuf/compiler/cpp/parse_function_generator.cc [for tool]:
In file included from bazel-out/k8-opt-exec-ST-d57f47055a04/bin/external/protobuf+/src/google/protobuf/compiler/cpp/_virtual_includes/cpp/google/protobuf/compiler/cpp/parse_function_generator.h:18,
                 from external/protobuf+/src/google/protobuf/compiler/cpp/parse_function_generator.cc:8:
bazel-out/k8-opt-exec-ST-d57f47055a04/bin/external/protobuf+/src/google/protobuf/compiler/cpp/_virtual_includes/names_internal/google/protobuf/compiler/cpp/helpers.h: In function 'bool google::protobuf::compiler::cpp::IsWeak(const google::protobuf::FieldDescriptor*, const Options&)':
bazel-out/k8-opt-exec-ST-d57f47055a04/bin/external/protobuf+/src/google/protobuf/compiler/cpp/_virtual_includes/names_internal/google/protobuf/compiler/cpp/helpers.h:359:28: warning: 'bool google::protobuf::FieldOptions::weak() const' is deprecated [-Wdeprecated-declarations]
  359 |   if (field->options().weak()) {
      |       ~~~~~~~~~~~~~~~~~~~~~^~
In file included from bazel-out/k8-opt-exec-ST-d57f47055a04/bin/external/protobuf+/src/google/protobuf/compiler/_virtual_includes/code_generator_lite/google/protobuf/compiler/code_generator_lite.h:18,
                 from bazel-out/k8-opt-exec-ST-d57f47055a04/bin/external/protobuf+/src/google/protobuf/compiler/_virtual_includes/code_generator/google/protobuf/compiler/code_generator.h:25,
                 from bazel-out/k8-opt-exec-ST-d57f47055a04/bin/external/protobuf+/src/google/protobuf/compiler/cpp/_virtual_includes/names_internal/google/protobuf/compiler/cpp/helpers.h:30:
bazel-out/k8-opt-exec-ST-d57f47055a04/bin/external/protobuf+/src/google/protobuf/_virtual_includes/protobuf/google/protobuf/descriptor.pb.h:19782:13: note: declared here
19782 | inline bool FieldOptions::weak() const {
      |             ^~~~~~~~~~~~
[1,349 / 2,800] Compiling src/google/protobuf/compiler/cpp/field_generators/cord_field.cc [for tool]; 3s processwrapper-sandbox ... (4 actions, 3 running)
[1,357 / 2,800] Compiling src/google/protobuf/compiler/cpp/field_generators/cord_field.cc [for tool]; 4s processwrapper-sandbox ... (4 actions, 3 running)
[1,365 / 2,800] Compiling src/google/protobuf/compiler/cpp/field_generators/cord_field.cc [for tool]; 5s processwrapper-sandbox ... (4 actions, 3 running)
INFO: From Compiling src/google/protobuf/compiler/cpp/field_generators/cord_field.cc [for tool]:
In file included from bazel-out/k8-opt-exec-ST-020102668b12/bin/external/protobuf+/src/google/protobuf/compiler/cpp/_virtual_includes/cpp/google/protobuf/compiler/cpp/field.h:26,
                 from external/protobuf+/src/google/protobuf/compiler/cpp/field_generators/cord_field.cc:23:
bazel-out/k8-opt-exec-ST-020102668b12/bin/external/protobuf+/src/google/protobuf/compiler/cpp/_virtual_includes/names_internal/google/protobuf/compiler/cpp/helpers.h: In function 'bool google::protobuf::compiler::cpp::IsWeak(const google::protobuf::FieldDescriptor*, const Options&)':
bazel-out/k8-opt-exec-ST-020102668b12/bin/external/protobuf+/src/google/protobuf/compiler/cpp/_virtual_includes/names_internal/google/protobuf/compiler/cpp/helpers.h:359:28: warning: 'bool google::protobuf::FieldOptions::weak() const' is deprecated [-Wdeprecated-declarations]
  359 |   if (field->options().weak()) {
      |       ~~~~~~~~~~~~~~~~~~~~~^~
In file included from bazel-out/k8-opt-exec-ST-020102668b12/bin/external/protobuf+/src/google/protobuf/compiler/_virtual_includes/code_generator_lite/google/protobuf/compiler/code_generator_lite.h:18,
                 from bazel-out/k8-opt-exec-ST-020102668b12/bin/external/protobuf+/src/google/protobuf/compiler/_virtual_includes/code_generator/google/protobuf/compiler/code_generator.h:25,
                 from bazel-out/k8-opt-exec-ST-020102668b12/bin/external/protobuf+/src/google/protobuf/compiler/cpp/_virtual_includes/names_internal/google/protobuf/compiler/cpp/helpers.h:30:
bazel-out/k8-opt-exec-ST-020102668b12/bin/external/protobuf+/src/google/protobuf/_virtual_includes/protobuf/google/protobuf/descriptor.pb.h:19782:13: note: declared here
19782 | inline bool FieldOptions::weak() const {
      |             ^~~~~~~~~~~~
[1,376 / 2,800] Compiling src/google/protobuf/compiler/ruby/rbs_generator.cc [for tool]; 1s processwrapper-sandbox ... (4 actions, 3 running)
[1,386 / 2,800] Compiling src/google/protobuf/compiler/ruby/rbs_generator.cc [for tool]; 2s processwrapper-sandbox ... (4 actions, 3 running)
INFO: From Compiling upb/wire/decode.c [for tool]:
In function 'upb_Decoder_DecodeMessageSetItem',
    inlined from '_upb_Decoder_DecodeFieldData' at external/protobuf+/upb/wire/decode.c:1088:16,
    inlined from '_upb_Decoder_DecodeFieldNoFast' at external/protobuf+/upb/wire/decode.c:1115:9,
    inlined from '_upb_Decoder_DecodeField' at external/protobuf+/upb/wire/decode.c:1170:10,
    inlined from '_upb_Decoder_DecodeMessage' at external/protobuf+/upb/wire/decode.c:1181:11:
external/protobuf+/upb/wire/decode.c:742:11: warning: '*(const char **)((char *)&sv + offsetof(upb_StringView, data))' may be used uninitialized [-Wmaybe-uninitialized]
  742 |           upb_Decoder_AddMessageSetItem(d, msg, layout, type_id, sv.data,
      |           ^~~~~~~~~~~~~~~~~~~~~~~~~~~~~~~~~~~~~~~~~~~~~~~~~~~~~~~~~~~~~~~
  743 |                                         sv.size);
      |                                         ~~~~~~~~
external/protobuf+/upb/wire/decode.c: In function '_upb_Decoder_DecodeMessage':
external/protobuf+/upb/wire/decode.c:732:24: note: '*(const char **)((char *)&sv + offsetof(upb_StringView, data))' was declared here
  732 |         upb_StringView sv;
      |                        ^~
In function 'upb_Decoder_DecodeMessageSetItem',
    inlined from '_upb_Decoder_DecodeFieldData' at external/protobuf+/upb/wire/decode.c:1088:16,
    inlined from '_upb_Decoder_DecodeFieldNoFast' at external/protobuf+/upb/wire/decode.c:1115:9,
    inlined from '_upb_Decoder_DecodeField' at external/protobuf+/upb/wire/decode.c:1170:10,
    inlined from '_upb_Decoder_DecodeMessage' at external/protobuf+/upb/wire/decode.c:1181:11:
external/protobuf+/upb/wire/decode.c:742:11: warning: '*(size_t *)((char *)&sv + offsetof(upb_StringView, size))' may be used uninitialized [-Wmaybe-uninitialized]
  742 |           upb_Decoder_AddMessageSetItem(d, msg, layout, type_id, sv.data,
      |           ^~~~~~~~~~~~~~~~~~~~~~~~~~~~~~~~~~~~~~~~~~~~~~~~~~~~~~~~~~~~~~~
  743 |                                         sv.size);
      |                                         ~~~~~~~~
external/protobuf+/upb/wire/decode.c: In function '_upb_Decoder_DecodeMessage':
external/protobuf+/upb/wire/decode.c:732:24: note: '*(size_t *)((char *)&sv + offsetof(upb_StringView, size))' was declared here
  732 |         upb_StringView sv;
      |                        ^~
In file included from /usr/include/string.h:548,
                 from external/protobuf+/upb/mem/internal/arena.h:13,
                 from external/protobuf+/upb/mem/arena.h:28,
                 from external/protobuf+/upb/wire/decode.h:16,
                 from external/protobuf+/upb/wire/decode.c:8:
In function 'memcpy',
    inlined from '_upb_Decoder_DecodeFixedPacked' at external/protobuf+/upb/wire/decode.c:296:5,
    inlined from '_upb_Decoder_DecodeToArray' at external/protobuf+/upb/wire/decode.c:442:14,
    inlined from '_upb_Decoder_DecodeKnownField' at external/protobuf+/upb/wire/decode.c:1006:14,
    inlined from '_upb_Decoder_DecodeFieldData' at external/protobuf+/upb/wire/decode.c:1081:12,
    inlined from '_upb_Decoder_DecodeFieldNoFast' at external/protobuf+/upb/wire/decode.c:1115:9,
    inlined from '_upb_Decoder_DecodeField' at external/protobuf+/upb/wire/decode.c:1170:10,
    inlined from '_upb_Decoder_DecodeMessage' at external/protobuf+/upb/wire/decode.c:1181:11:
/usr/include/x86_64-linux-gnu/bits/string_fortified.h:29:10: warning: '*(const char **)((char *)&sv + offsetof(upb_StringView, data))' may be used uninitialized [-Wmaybe-uninitialized]
   29 |   return __builtin___memcpy_chk (__dest, __src, __len,
      |          ^~~~~~~~~~~~~~~~~~~~~~~~~~~~~~~~~~~~~~~~~~~~~
   30 |                                  __glibc_objsize0 (__dest));
      |                                  ~~~~~~~~~~~~~~~~~~~~~~~~~~
external/protobuf+/upb/wire/decode.c: In function '_upb_Decoder_DecodeMessage':
external/protobuf+/upb/wire/decode.c:281:18: note: '*(const char **)((char *)&sv + offsetof(upb_StringView, data))' was declared here
  281 |   upb_StringView sv;
      |                  ^~
In function 'memcpy',
    inlined from '_upb_Decoder_DecodeFixedPacked' at external/protobuf+/upb/wire/decode.c:296:5,
    inlined from '_upb_Decoder_DecodeToArray' at external/protobuf+/upb/wire/decode.c:442:14,
    inlined from '_upb_Decoder_DecodeKnownField' at external/protobuf+/upb/wire/decode.c:1006:14,
    inlined from '_upb_Decoder_DecodeFieldData' at external/protobuf+/upb/wire/decode.c:1081:12,
    inlined from '_upb_Decoder_DecodeFieldNoFast' at external/protobuf+/upb/wire/decode.c:1115:9,
    inlined from '_upb_Decoder_DecodeField' at external/protobuf+/upb/wire/decode.c:1170:10,
    inlined from '_upb_Decoder_DecodeMessage' at external/protobuf+/upb/wire/decode.c:1181:11:
/usr/include/x86_64-linux-gnu/bits/string_fortified.h:29:10: warning: '*(size_t *)((char *)&sv + offsetof(upb_StringView, size))' may be used uninitialized [-Wmaybe-uninitialized]
   29 |   return __builtin___memcpy_chk (__dest, __src, __len,
      |          ^~~~~~~~~~~~~~~~~~~~~~~~~~~~~~~~~~~~~~~~~~~~~
   30 |                                  __glibc_objsize0 (__dest));
      |                                  ~~~~~~~~~~~~~~~~~~~~~~~~~~
external/protobuf+/upb/wire/decode.c: In function '_upb_Decoder_DecodeMessage':
external/protobuf+/upb/wire/decode.c:281:18: note: '*(size_t *)((char *)&sv + offsetof(upb_StringView, size))' was declared here
  281 |   upb_StringView sv;
      |                  ^~
In function '_upb_Decoder_DecodeUnknownField',
    inlined from '_upb_Decoder_DecodeFieldData' at external/protobuf+/upb/wire/decode.c:1085:16,
    inlined from '_upb_Decoder_DecodeFieldNoFast' at external/protobuf+/upb/wire/decode.c:1115:9,
    inlined from '_upb_Decoder_DecodeField' at external/protobuf+/upb/wire/decode.c:1170:10,
    inlined from '_upb_Decoder_DecodeMessage' at external/protobuf+/upb/wire/decode.c:1181:11:
external/protobuf+/upb/wire/decode.c:1040:8: warning: 'sv.data' may be used uninitialized [-Wmaybe-uninitialized]
 1040 |     if (sv.data != d->input.buffer_start) {
      |        ^
external/protobuf+/upb/wire/decode.c: In function '_upb_Decoder_DecodeMessage':
external/protobuf+/upb/wire/decode.c:1035:18: note: 'sv.data' was declared here
 1035 |   upb_StringView sv;
      |                  ^~
In file included from external/protobuf+/upb/message/internal/message.h:31,
                 from external/protobuf+/upb/message/message.h:22,
                 from external/protobuf+/upb/wire/decode.h:17:
In function '_upb_Message_AddUnknown_dont_copy_me__upb_internal_use_only',
    inlined from '_upb_Decoder_DecodeUnknownField' at external/protobuf+/upb/wire/decode.c:1049:8,
    inlined from '_upb_Decoder_DecodeFieldData' at external/protobuf+/upb/wire/decode.c:1085:16,
    inlined from '_upb_Decoder_DecodeFieldNoFast' at external/protobuf+/upb/wire/decode.c:1115:9,
    inlined from '_upb_Decoder_DecodeField' at external/protobuf+/upb/wire/decode.c:1170:10,
    inlined from '_upb_Decoder_DecodeMessage' at external/protobuf+/upb/wire/decode.c:1181:11:
external/protobuf+/upb/message/internal/message.h:217:22: warning: 'sv.size' may be used uninitialized [-Wmaybe-uninitialized]
  217 |   return UPB_PRIVATE(_upb_Message_AddUnknownSlowPath)(
      |                      ^
external/protobuf+/upb/port/def.inc:406:24: note: in definition of macro 'UPB_PRIVATE'
  406 | #define UPB_PRIVATE(x) x##_dont_copy_me__upb_internal_use_only
      |                        ^
external/protobuf+/upb/wire/decode.c: In function '_upb_Decoder_DecodeMessage':
external/protobuf+/upb/wire/decode.c:1035:18: note: 'sv.size' was declared here
 1035 |   upb_StringView sv;
      |                  ^~
[1,390 / 2,800] Compiling src/google/protobuf/compiler/ruby/rbs_generator.cc [for tool]; 3s processwrapper-sandbox ... (4 actions running)
INFO: From Compiling upb/wire/decode.c [for tool]:
In function 'upb_Decoder_DecodeMessageSetItem',
    inlined from '_upb_Decoder_DecodeFieldData' at external/protobuf+/upb/wire/decode.c:1088:16,
    inlined from '_upb_Decoder_DecodeFieldNoFast' at external/protobuf+/upb/wire/decode.c:1115:9,
    inlined from '_upb_Decoder_DecodeField' at external/protobuf+/upb/wire/decode.c:1170:10,
    inlined from '_upb_Decoder_DecodeMessage' at external/protobuf+/upb/wire/decode.c:1181:11:
external/protobuf+/upb/wire/decode.c:742:11: warning: '*(const char **)((char *)&sv + offsetof(upb_StringView, data))' may be used uninitialized [-Wmaybe-uninitialized]
  742 |           upb_Decoder_AddMessageSetItem(d, msg, layout, type_id, sv.data,
      |           ^~~~~~~~~~~~~~~~~~~~~~~~~~~~~~~~~~~~~~~~~~~~~~~~~~~~~~~~~~~~~~~
  743 |                                         sv.size);
      |                                         ~~~~~~~~
external/protobuf+/upb/wire/decode.c: In function '_upb_Decoder_DecodeMessage':
external/protobuf+/upb/wire/decode.c:732:24: note: '*(const char **)((char *)&sv + offsetof(upb_StringView, data))' was declared here
  732 |         upb_StringView sv;
      |                        ^~
In function 'upb_Decoder_DecodeMessageSetItem',
    inlined from '_upb_Decoder_DecodeFieldData' at external/protobuf+/upb/wire/decode.c:1088:16,
    inlined from '_upb_Decoder_DecodeFieldNoFast' at external/protobuf+/upb/wire/decode.c:1115:9,
    inlined from '_upb_Decoder_DecodeField' at external/protobuf+/upb/wire/decode.c:1170:10,
    inlined from '_upb_Decoder_DecodeMessage' at external/protobuf+/upb/wire/decode.c:1181:11:
external/protobuf+/upb/wire/decode.c:742:11: warning: '*(size_t *)((char *)&sv + offsetof(upb_StringView, size))' may be used uninitialized [-Wmaybe-uninitialized]
  742 |           upb_Decoder_AddMessageSetItem(d, msg, layout, type_id, sv.data,
      |           ^~~~~~~~~~~~~~~~~~~~~~~~~~~~~~~~~~~~~~~~~~~~~~~~~~~~~~~~~~~~~~~
  743 |                                         sv.size);
      |                                         ~~~~~~~~
external/protobuf+/upb/wire/decode.c: In function '_upb_Decoder_DecodeMessage':
external/protobuf+/upb/wire/decode.c:732:24: note: '*(size_t *)((char *)&sv + offsetof(upb_StringView, size))' was declared here
  732 |         upb_StringView sv;
      |                        ^~
In file included from /usr/include/string.h:548,
                 from external/protobuf+/upb/mem/internal/arena.h:13,
                 from external/protobuf+/upb/mem/arena.h:28,
                 from external/protobuf+/upb/wire/decode.h:16,
                 from external/protobuf+/upb/wire/decode.c:8:
In function 'memcpy',
    inlined from '_upb_Decoder_DecodeFixedPacked' at external/protobuf+/upb/wire/decode.c:296:5,
    inlined from '_upb_Decoder_DecodeToArray' at external/protobuf+/upb/wire/decode.c:442:14,
    inlined from '_upb_Decoder_DecodeKnownField' at external/protobuf+/upb/wire/decode.c:1006:14,
    inlined from '_upb_Decoder_DecodeFieldData' at external/protobuf+/upb/wire/decode.c:1081:12,
    inlined from '_upb_Decoder_DecodeFieldNoFast' at external/protobuf+/upb/wire/decode.c:1115:9,
    inlined from '_upb_Decoder_DecodeField' at external/protobuf+/upb/wire/decode.c:1170:10,
    inlined from '_upb_Decoder_DecodeMessage' at external/protobuf+/upb/wire/decode.c:1181:11:
/usr/include/x86_64-linux-gnu/bits/string_fortified.h:29:10: warning: '*(const char **)((char *)&sv + offsetof(upb_StringView, data))' may be used uninitialized [-Wmaybe-uninitialized]
   29 |   return __builtin___memcpy_chk (__dest, __src, __len,
      |          ^~~~~~~~~~~~~~~~~~~~~~~~~~~~~~~~~~~~~~~~~~~~~
   30 |                                  __glibc_objsize0 (__dest));
      |                                  ~~~~~~~~~~~~~~~~~~~~~~~~~~
external/protobuf+/upb/wire/decode.c: In function '_upb_Decoder_DecodeMessage':
external/protobuf+/upb/wire/decode.c:281:18: note: '*(const char **)((char *)&sv + offsetof(upb_StringView, data))' was declared here
  281 |   upb_StringView sv;
      |                  ^~
In function 'memcpy',
    inlined from '_upb_Decoder_DecodeFixedPacked' at external/protobuf+/upb/wire/decode.c:296:5,
    inlined from '_upb_Decoder_DecodeToArray' at external/protobuf+/upb/wire/decode.c:442:14,
    inlined from '_upb_Decoder_DecodeKnownField' at external/protobuf+/upb/wire/decode.c:1006:14,
    inlined from '_upb_Decoder_DecodeFieldData' at external/protobuf+/upb/wire/decode.c:1081:12,
    inlined from '_upb_Decoder_DecodeFieldNoFast' at external/protobuf+/upb/wire/decode.c:1115:9,
    inlined from '_upb_Decoder_DecodeField' at external/protobuf+/upb/wire/decode.c:1170:10,
    inlined from '_upb_Decoder_DecodeMessage' at external/protobuf+/upb/wire/decode.c:1181:11:
/usr/include/x86_64-linux-gnu/bits/string_fortified.h:29:10: warning: '*(size_t *)((char *)&sv + offsetof(upb_StringView, size))' may be used uninitialized [-Wmaybe-uninitialized]
   29 |   return __builtin___memcpy_chk (__dest, __src, __len,
      |          ^~~~~~~~~~~~~~~~~~~~~~~~~~~~~~~~~~~~~~~~~~~~~
   30 |                                  __glibc_objsize0 (__dest));
      |                                  ~~~~~~~~~~~~~~~~~~~~~~~~~~
external/protobuf+/upb/wire/decode.c: In function '_upb_Decoder_DecodeMessage':
external/protobuf+/upb/wire/decode.c:281:18: note: '*(size_t *)((char *)&sv + offsetof(upb_StringView, size))' was declared here
  281 |   upb_StringView sv;
      |                  ^~
In function '_upb_Decoder_DecodeUnknownField',
    inlined from '_upb_Decoder_DecodeFieldData' at external/protobuf+/upb/wire/decode.c:1085:16,
    inlined from '_upb_Decoder_DecodeFieldNoFast' at external/protobuf+/upb/wire/decode.c:1115:9,
    inlined from '_upb_Decoder_DecodeField' at external/protobuf+/upb/wire/decode.c:1170:10,
    inlined from '_upb_Decoder_DecodeMessage' at external/protobuf+/upb/wire/decode.c:1181:11:
external/protobuf+/upb/wire/decode.c:1040:8: warning: 'sv.data' may be used uninitialized [-Wmaybe-uninitialized]
 1040 |     if (sv.data != d->input.buffer_start) {
      |        ^
external/protobuf+/upb/wire/decode.c: In function '_upb_Decoder_DecodeMessage':
external/protobuf+/upb/wire/decode.c:1035:18: note: 'sv.data' was declared here
 1035 |   upb_StringView sv;
      |                  ^~
In file included from external/protobuf+/upb/message/internal/message.h:31,
                 from external/protobuf+/upb/message/message.h:22,
                 from external/protobuf+/upb/wire/decode.h:17:
In function '_upb_Message_AddUnknown_dont_copy_me__upb_internal_use_only',
    inlined from '_upb_Decoder_DecodeUnknownField' at external/protobuf+/upb/wire/decode.c:1049:8,
    inlined from '_upb_Decoder_DecodeFieldData' at external/protobuf+/upb/wire/decode.c:1085:16,
    inlined from '_upb_Decoder_DecodeFieldNoFast' at external/protobuf+/upb/wire/decode.c:1115:9,
    inlined from '_upb_Decoder_DecodeField' at external/protobuf+/upb/wire/decode.c:1170:10,
    inlined from '_upb_Decoder_DecodeMessage' at external/protobuf+/upb/wire/decode.c:1181:11:
external/protobuf+/upb/message/internal/message.h:217:22: warning: 'sv.size' may be used uninitialized [-Wmaybe-uninitialized]
  217 |   return UPB_PRIVATE(_upb_Message_AddUnknownSlowPath)(
      |                      ^
external/protobuf+/upb/port/def.inc:406:24: note: in definition of macro 'UPB_PRIVATE'
  406 | #define UPB_PRIVATE(x) x##_dont_copy_me__upb_internal_use_only
      |                        ^
external/protobuf+/upb/wire/decode.c: In function '_upb_Decoder_DecodeMessage':
external/protobuf+/upb/wire/decode.c:1035:18: note: 'sv.size' was declared here
 1035 |   upb_StringView sv;
      |                  ^~
[1,394 / 2,800] Compiling src/google/protobuf/compiler/ruby/rbs_generator.cc [for tool]; 4s processwrapper-sandbox ... (4 actions, 3 running)
[1,400 / 2,800] Compiling src/google/protobuf/compiler/ruby/rbs_generator.cc [for tool]; 6s processwrapper-sandbox ... (4 actions running)
INFO: From Compiling src/google/protobuf/compiler/cpp/field_generators/enum_field.cc [for tool]:
In file included from bazel-out/k8-opt-exec-ST-020102668b12/bin/external/protobuf+/src/google/protobuf/compiler/cpp/_virtual_includes/cpp/google/protobuf/compiler/cpp/field.h:26,
                 from external/protobuf+/src/google/protobuf/compiler/cpp/field_generators/enum_field.cc:20:
bazel-out/k8-opt-exec-ST-020102668b12/bin/external/protobuf+/src/google/protobuf/compiler/cpp/_virtual_includes/names_internal/google/protobuf/compiler/cpp/helpers.h: In function 'bool google::protobuf::compiler::cpp::IsWeak(const google::protobuf::FieldDescriptor*, const Options&)':
bazel-out/k8-opt-exec-ST-020102668b12/bin/external/protobuf+/src/google/protobuf/compiler/cpp/_virtual_includes/names_internal/google/protobuf/compiler/cpp/helpers.h:359:28: warning: 'bool google::protobuf::FieldOptions::weak() const' is deprecated [-Wdeprecated-declarations]
  359 |   if (field->options().weak()) {
      |       ~~~~~~~~~~~~~~~~~~~~~^~
In file included from bazel-out/k8-opt-exec-ST-020102668b12/bin/external/protobuf+/src/google/protobuf/compiler/_virtual_includes/code_generator_lite/google/protobuf/compiler/code_generator_lite.h:18,
                 from bazel-out/k8-opt-exec-ST-020102668b12/bin/external/protobuf+/src/google/protobuf/compiler/_virtual_includes/code_generator/google/protobuf/compiler/code_generator.h:25,
                 from bazel-out/k8-opt-exec-ST-020102668b12/bin/external/protobuf+/src/google/protobuf/compiler/cpp/_virtual_includes/names_internal/google/protobuf/compiler/cpp/helpers.h:30:
bazel-out/k8-opt-exec-ST-020102668b12/bin/external/protobuf+/src/google/protobuf/_virtual_includes/protobuf/google/protobuf/descriptor.pb.h:19782:13: note: declared here
19782 | inline bool FieldOptions::weak() const {
      |             ^~~~~~~~~~~~
[1,413 / 2,800] Compiling src/google/protobuf/io/zero_copy_stream_impl_lite.cc [for tool]; 1s processwrapper-sandbox ... (4 actions, 3 running)
[1,422 / 2,800] Compiling src/google/protobuf/compiler/python/pyi_generator.cc [for tool]; 2s processwrapper-sandbox ... (4 actions, 3 running)
[1,426 / 2,800] Compiling src/google/protobuf/compiler/python/pyi_generator.cc [for tool]; 3s processwrapper-sandbox ... (4 actions, 3 running)
[1,431 / 2,800] Compiling src/google/protobuf/compiler/python/pyi_generator.cc [for tool]; 4s processwrapper-sandbox ... (4 actions running)
[1,432 / 2,800] Compiling src/google/protobuf/compiler/cpp/field_generators/map_field.cc [for tool]; 5s processwrapper-sandbox ... (4 actions, 3 running)
INFO: From Compiling src/google/protobuf/compiler/cpp/field_generators/map_field.cc [for tool]:
In file included from bazel-out/k8-opt-exec-ST-020102668b12/bin/external/protobuf+/src/google/protobuf/compiler/cpp/_virtual_includes/cpp/google/protobuf/compiler/cpp/field.h:26,
                 from external/protobuf+/src/google/protobuf/compiler/cpp/field_generators/map_field.cc:19:
bazel-out/k8-opt-exec-ST-020102668b12/bin/external/protobuf+/src/google/protobuf/compiler/cpp/_virtual_includes/names_internal/google/protobuf/compiler/cpp/helpers.h: In function 'bool google::protobuf::compiler::cpp::IsWeak(const google::protobuf::FieldDescriptor*, const Options&)':
bazel-out/k8-opt-exec-ST-020102668b12/bin/external/protobuf+/src/google/protobuf/compiler/cpp/_virtual_includes/names_internal/google/protobuf/compiler/cpp/helpers.h:359:28: warning: 'bool google::protobuf::FieldOptions::weak() const' is deprecated [-Wdeprecated-declarations]
  359 |   if (field->options().weak()) {
      |       ~~~~~~~~~~~~~~~~~~~~~^~
In file included from bazel-out/k8-opt-exec-ST-020102668b12/bin/external/protobuf+/src/google/protobuf/compiler/_virtual_includes/code_generator_lite/google/protobuf/compiler/code_generator_lite.h:18,
                 from bazel-out/k8-opt-exec-ST-020102668b12/bin/external/protobuf+/src/google/protobuf/compiler/_virtual_includes/code_generator/google/protobuf/compiler/code_generator.h:25,
                 from bazel-out/k8-opt-exec-ST-020102668b12/bin/external/protobuf+/src/google/protobuf/compiler/cpp/_virtual_includes/names_internal/google/protobuf/compiler/cpp/helpers.h:30:
bazel-out/k8-opt-exec-ST-020102668b12/bin/external/protobuf+/src/google/protobuf/_virtual_includes/protobuf/google/protobuf/descriptor.pb.h:19782:13: note: declared here
19782 | inline bool FieldOptions::weak() const {
      |             ^~~~~~~~~~~~
[1,434 / 2,800] Compiling upb_generator/minitable/generator.cc [for tool]; 2s processwrapper-sandbox ... (4 actions, 3 running)
[1,434 / 2,800] Compiling upb_generator/minitable/generator.cc [for tool]; 4s processwrapper-sandbox ... (4 actions running)
[1,437 / 2,800] Compiling src/google/protobuf/compiler/cpp/field_generators/message_field.cc [for tool]; 2s processwrapper-sandbox ... (4 actions running)
[1,438 / 2,800] Compiling src/google/protobuf/compiler/cpp/field_generators/message_field.cc [for tool]; 4s processwrapper-sandbox ... (4 actions running)
[1,439 / 2,800] Compiling src/google/protobuf/compiler/cpp/field_generators/message_field.cc [for tool]; 5s processwrapper-sandbox ... (4 actions running)
[1,440 / 2,800] Compiling src/google/protobuf/compiler/cpp/field_generators/message_field.cc [for tool]; 7s processwrapper-sandbox ... (4 actions running)
INFO: From Compiling src/google/protobuf/compiler/cpp/field_generators/message_field.cc [for tool]:
In file included from bazel-out/k8-opt-exec-ST-020102668b12/bin/external/protobuf+/src/google/protobuf/compiler/cpp/_virtual_includes/cpp/google/protobuf/compiler/cpp/field.h:26,
                 from external/protobuf+/src/google/protobuf/compiler/cpp/field_generators/message_field.cc:21:
bazel-out/k8-opt-exec-ST-020102668b12/bin/external/protobuf+/src/google/protobuf/compiler/cpp/_virtual_includes/names_internal/google/protobuf/compiler/cpp/helpers.h: In function 'bool google::protobuf::compiler::cpp::IsWeak(const google::protobuf::FieldDescriptor*, const Options&)':
bazel-out/k8-opt-exec-ST-020102668b12/bin/external/protobuf+/src/google/protobuf/compiler/cpp/_virtual_includes/names_internal/google/protobuf/compiler/cpp/helpers.h:359:28: warning: 'bool google::protobuf::FieldOptions::weak() const' is deprecated [-Wdeprecated-declarations]
  359 |   if (field->options().weak()) {
      |       ~~~~~~~~~~~~~~~~~~~~~^~
In file included from bazel-out/k8-opt-exec-ST-020102668b12/bin/external/protobuf+/src/google/protobuf/compiler/_virtual_includes/code_generator_lite/google/protobuf/compiler/code_generator_lite.h:18,
                 from bazel-out/k8-opt-exec-ST-020102668b12/bin/external/protobuf+/src/google/protobuf/compiler/_virtual_includes/code_generator/google/protobuf/compiler/code_generator.h:25,
                 from bazel-out/k8-opt-exec-ST-020102668b12/bin/external/protobuf+/src/google/protobuf/compiler/cpp/_virtual_includes/names_internal/google/protobuf/compiler/cpp/helpers.h:30:
bazel-out/k8-opt-exec-ST-020102668b12/bin/external/protobuf+/src/google/protobuf/_virtual_includes/protobuf/google/protobuf/descriptor.pb.h:19782:13: note: declared here
19782 | inline bool FieldOptions::weak() const {
      |             ^~~~~~~~~~~~
[1,441 / 2,800] Compiling src/google/protobuf/compiler/python/generator.cc [for tool]; 7s processwrapper-sandbox ... (4 actions running)
[1,445 / 2,800] Compiling src/google/protobuf/compiler/python/generator.cc [for tool]; 8s processwrapper-sandbox ... (4 actions running)
[1,450 / 2,800] Compiling src/google/protobuf/compiler/python/generator.cc [for tool]; 9s processwrapper-sandbox ... (4 actions, 3 running)
[1,459 / 2,800] Compiling src/google/protobuf/compiler/cpp/field_generators/primitive_field.cc [for tool]; 5s processwrapper-sandbox ... (4 actions, 3 running)
INFO: From Compiling src/google/protobuf/compiler/cpp/field_generators/primitive_field.cc [for tool]:
In file included from bazel-out/k8-opt-exec-ST-020102668b12/bin/external/protobuf+/src/google/protobuf/compiler/cpp/_virtual_includes/cpp/google/protobuf/compiler/cpp/field.h:26,
                 from external/protobuf+/src/google/protobuf/compiler/cpp/field_generators/primitive_field.cc:22:
bazel-out/k8-opt-exec-ST-020102668b12/bin/external/protobuf+/src/google/protobuf/compiler/cpp/_virtual_includes/names_internal/google/protobuf/compiler/cpp/helpers.h: In function 'bool google::protobuf::compiler::cpp::IsWeak(const google::protobuf::FieldDescriptor*, const Options&)':
bazel-out/k8-opt-exec-ST-020102668b12/bin/external/protobuf+/src/google/protobuf/compiler/cpp/_virtual_includes/names_internal/google/protobuf/compiler/cpp/helpers.h:359:28: warning: 'bool google::protobuf::FieldOptions::weak() const' is deprecated [-Wdeprecated-declarations]
  359 |   if (field->options().weak()) {
      |       ~~~~~~~~~~~~~~~~~~~~~^~
In file included from bazel-out/k8-opt-exec-ST-020102668b12/bin/external/protobuf+/src/google/protobuf/compiler/_virtual_includes/code_generator_lite/google/protobuf/compiler/code_generator_lite.h:18,
                 from bazel-out/k8-opt-exec-ST-020102668b12/bin/external/protobuf+/src/google/protobuf/compiler/_virtual_includes/code_generator/google/protobuf/compiler/code_generator.h:25,
                 from bazel-out/k8-opt-exec-ST-020102668b12/bin/external/protobuf+/src/google/protobuf/compiler/cpp/_virtual_includes/names_internal/google/protobuf/compiler/cpp/helpers.h:30:
bazel-out/k8-opt-exec-ST-020102668b12/bin/external/protobuf+/src/google/protobuf/_virtual_includes/protobuf/google/protobuf/descriptor.pb.h:19782:13: note: declared here
19782 | inline bool FieldOptions::weak() const {
      |             ^~~~~~~~~~~~
[1,465 / 2,800] Compiling src/google/protobuf/compiler/php/names.cc [for tool]; 2s processwrapper-sandbox ... (4 actions, 3 running)
[1,471 / 2,800] Compiling src/google/protobuf/compiler/php/names.cc [for tool]; 3s processwrapper-sandbox ... (4 actions, 3 running)
[1,476 / 2,800] Compiling src/google/protobuf/compiler/cpp/field_generators/string_field.cc [for tool]; 2s processwrapper-sandbox ... (4 actions running)
[1,477 / 2,800] Compiling src/google/protobuf/compiler/cpp/field_generators/string_field.cc [for tool]; 4s processwrapper-sandbox ... (4 actions running)
[1,478 / 2,800] Compiling src/google/protobuf/compiler/cpp/field_generators/string_field.cc [for tool]; 6s processwrapper-sandbox ... (4 actions running)
INFO: From Compiling src/google/protobuf/compiler/cpp/field_generators/string_field.cc [for tool]:
In file included from bazel-out/k8-opt-exec-ST-020102668b12/bin/external/protobuf+/src/google/protobuf/compiler/cpp/_virtual_includes/cpp/google/protobuf/compiler/cpp/field.h:26,
                 from external/protobuf+/src/google/protobuf/compiler/cpp/field_generators/string_field.cc:20:
bazel-out/k8-opt-exec-ST-020102668b12/bin/external/protobuf+/src/google/protobuf/compiler/cpp/_virtual_includes/names_internal/google/protobuf/compiler/cpp/helpers.h: In function 'bool google::protobuf::compiler::cpp::IsWeak(const google::protobuf::FieldDescriptor*, const Options&)':
bazel-out/k8-opt-exec-ST-020102668b12/bin/external/protobuf+/src/google/protobuf/compiler/cpp/_virtual_includes/names_internal/google/protobuf/compiler/cpp/helpers.h:359:28: warning: 'bool google::protobuf::FieldOptions::weak() const' is deprecated [-Wdeprecated-declarations]
  359 |   if (field->options().weak()) {
      |       ~~~~~~~~~~~~~~~~~~~~~^~
In file included from bazel-out/k8-opt-exec-ST-020102668b12/bin/external/protobuf+/src/google/protobuf/compiler/_virtual_includes/code_generator_lite/google/protobuf/compiler/code_generator_lite.h:18,
                 from bazel-out/k8-opt-exec-ST-020102668b12/bin/external/protobuf+/src/google/protobuf/compiler/_virtual_includes/code_generator/google/protobuf/compiler/code_generator.h:25,
                 from bazel-out/k8-opt-exec-ST-020102668b12/bin/external/protobuf+/src/google/protobuf/compiler/cpp/_virtual_includes/names_internal/google/protobuf/compiler/cpp/helpers.h:30:
bazel-out/k8-opt-exec-ST-020102668b12/bin/external/protobuf+/src/google/protobuf/_virtual_includes/protobuf/google/protobuf/descriptor.pb.h:19782:13: note: declared here
19782 | inline bool FieldOptions::weak() const {
      |             ^~~~~~~~~~~~
[1,481 / 2,800] Compiling src/google/protobuf/compiler/php/php_generator.cc [for tool]; 6s processwrapper-sandbox ... (4 actions running)
[1,483 / 2,800] Compiling src/google/protobuf/compiler/php/php_generator.cc [for tool]; 7s processwrapper-sandbox ... (4 actions running)
[1,486 / 2,800] Compiling src/google/protobuf/compiler/cpp/field_generators/string_view_field.cc [for tool]; 3s processwrapper-sandbox ... (4 actions running)
[1,487 / 2,800] Compiling src/google/protobuf/compiler/cpp/field_generators/string_view_field.cc [for tool]; 4s processwrapper-sandbox ... (4 actions running)
[1,495 / 2,800] Compiling src/google/protobuf/compiler/cpp/field_generators/string_view_field.cc [for tool]; 5s processwrapper-sandbox ... (4 actions, 3 running)
INFO: From Compiling src/google/protobuf/compiler/cpp/field_generators/string_view_field.cc [for tool]:
In file included from bazel-out/k8-opt-exec-ST-020102668b12/bin/external/protobuf+/src/google/protobuf/compiler/cpp/_virtual_includes/cpp/google/protobuf/compiler/cpp/field.h:26,
                 from external/protobuf+/src/google/protobuf/compiler/cpp/field_generators/string_view_field.cc:19:
bazel-out/k8-opt-exec-ST-020102668b12/bin/external/protobuf+/src/google/protobuf/compiler/cpp/_virtual_includes/names_internal/google/protobuf/compiler/cpp/helpers.h: In function 'bool google::protobuf::compiler::cpp::IsWeak(const google::protobuf::FieldDescriptor*, const Options&)':
bazel-out/k8-opt-exec-ST-020102668b12/bin/external/protobuf+/src/google/protobuf/compiler/cpp/_virtual_includes/names_internal/google/protobuf/compiler/cpp/helpers.h:359:28: warning: 'bool google::protobuf::FieldOptions::weak() const' is deprecated [-Wdeprecated-declarations]
  359 |   if (field->options().weak()) {
      |       ~~~~~~~~~~~~~~~~~~~~~^~
In file included from bazel-out/k8-opt-exec-ST-020102668b12/bin/external/protobuf+/src/google/protobuf/compiler/_virtual_includes/code_generator_lite/google/protobuf/compiler/code_generator_lite.h:18,
                 from bazel-out/k8-opt-exec-ST-020102668b12/bin/external/protobuf+/src/google/protobuf/compiler/_virtual_includes/code_generator/google/protobuf/compiler/code_generator.h:25,
                 from bazel-out/k8-opt-exec-ST-020102668b12/bin/external/protobuf+/src/google/protobuf/compiler/cpp/_virtual_includes/names_internal/google/protobuf/compiler/cpp/helpers.h:30:
bazel-out/k8-opt-exec-ST-020102668b12/bin/external/protobuf+/src/google/protobuf/_virtual_includes/protobuf/google/protobuf/descriptor.pb.h:19782:13: note: declared here
19782 | inline bool FieldOptions::weak() const {
      |             ^~~~~~~~~~~~
[1,496 / 2,800] Compiling upb_generator/plugin.cc [for tool]; 3s processwrapper-sandbox ... (4 actions running)
[1,497 / 2,800] Compiling src/google/protobuf/compiler/objectivec/names.cc [for tool]; 3s processwrapper-sandbox ... (4 actions running)
[1,499 / 2,800] Compiling src/google/protobuf/compiler/objectivec/names.cc [for tool]; 5s processwrapper-sandbox ... (4 actions, 3 running)
[1,530 / 2,800] Compiling src/google/protobuf/compiler/cpp/file.cc [for tool]; 5s processwrapper-sandbox ... (4 actions running)
[1,535 / 2,800] Compiling src/google/protobuf/compiler/cpp/file.cc [for tool]; 6s processwrapper-sandbox ... (4 actions running)
[1,538 / 2,800] Compiling src/google/protobuf/compiler/cpp/file.cc [for tool]; 7s processwrapper-sandbox ... (4 actions, 3 running)
[1,541 / 2,800] Compiling src/google/protobuf/compiler/cpp/file.cc [for tool]; 8s processwrapper-sandbox ... (4 actions, 3 running)
[1,543 / 2,800] Compiling src/google/protobuf/compiler/cpp/file.cc [for tool]; 9s processwrapper-sandbox ... (4 actions, 3 running)
[1,547 / 2,800] Compiling src/google/protobuf/compiler/cpp/file.cc [for tool]; 10s processwrapper-sandbox ... (4 actions, 3 running)
[1,549 / 2,800] Compiling src/google/protobuf/compiler/cpp/file.cc [for tool]; 11s processwrapper-sandbox ... (4 actions, 3 running)
[1,552 / 2,800] Compiling src/google/protobuf/compiler/cpp/file.cc [for tool]; 12s processwrapper-sandbox ... (4 actions, 3 running)
[1,556 / 2,800] Compiling src/google/protobuf/compiler/cpp/file.cc [for tool]; 14s processwrapper-sandbox ... (4 actions, 3 running)
INFO: From Compiling src/google/protobuf/compiler/cpp/file.cc [for tool]:
In file included from bazel-out/k8-opt-exec-ST-020102668b12/bin/external/protobuf+/src/google/protobuf/compiler/cpp/_virtual_includes/cpp/google/protobuf/compiler/cpp/extension.h:19,
                 from bazel-out/k8-opt-exec-ST-020102668b12/bin/external/protobuf+/src/google/protobuf/compiler/cpp/_virtual_includes/cpp/google/protobuf/compiler/cpp/file.h:26,
                 from external/protobuf+/src/google/protobuf/compiler/cpp/file.cc:12:
bazel-out/k8-opt-exec-ST-020102668b12/bin/external/protobuf+/src/google/protobuf/compiler/cpp/_virtual_includes/names_internal/google/protobuf/compiler/cpp/helpers.h: In function 'bool google::protobuf::compiler::cpp::IsWeak(const google::protobuf::FieldDescriptor*, const Options&)':
bazel-out/k8-opt-exec-ST-020102668b12/bin/external/protobuf+/src/google/protobuf/compiler/cpp/_virtual_includes/names_internal/google/protobuf/compiler/cpp/helpers.h:359:28: warning: 'bool google::protobuf::FieldOptions::weak() const' is deprecated [-Wdeprecated-declarations]
  359 |   if (field->options().weak()) {
      |       ~~~~~~~~~~~~~~~~~~~~~^~
In file included from bazel-out/k8-opt-exec-ST-020102668b12/bin/external/protobuf+/src/google/protobuf/compiler/_virtual_includes/code_generator_lite/google/protobuf/compiler/code_generator_lite.h:18,
                 from bazel-out/k8-opt-exec-ST-020102668b12/bin/external/protobuf+/src/google/protobuf/compiler/_virtual_includes/code_generator/google/protobuf/compiler/code_generator.h:25,
                 from bazel-out/k8-opt-exec-ST-020102668b12/bin/external/protobuf+/src/google/protobuf/compiler/cpp/_virtual_includes/names_internal/google/protobuf/compiler/cpp/helpers.h:30:
bazel-out/k8-opt-exec-ST-020102668b12/bin/external/protobuf+/src/google/protobuf/_virtual_includes/protobuf/google/protobuf/descriptor.pb.h:19782:13: note: declared here
19782 | inline bool FieldOptions::weak() const {
      |             ^~~~~~~~~~~~
[1,558 / 2,800] Compiling src/google/protobuf/compiler/objectivec/oneof.cc [for tool]; 3s processwrapper-sandbox ... (4 actions running)
[1,560 / 2,800] Compiling src/google/protobuf/compiler/objectivec/oneof.cc [for tool]; 4s processwrapper-sandbox ... (4 actions, 3 running)
[1,561 / 2,800] Compiling src/google/protobuf/generated_message_tctable_lite.cc [for tool]; 5s processwrapper-sandbox ... (4 actions, 3 running)
[1,563 / 2,800] Compiling src/google/protobuf/generated_message_tctable_lite.cc [for tool]; 7s processwrapper-sandbox ... (4 actions, 3 running)
[1,565 / 2,800] Compiling src/google/protobuf/generated_message_tctable_lite.cc [for tool]; 8s processwrapper-sandbox ... (4 actions running)
[1,569 / 2,800] Compiling src/google/protobuf/compiler/cpp/generator.cc [for tool]; 6s processwrapper-sandbox ... (4 actions, 3 running)
INFO: From Compiling src/google/protobuf/compiler/cpp/generator.cc [for tool]:
In file included from bazel-out/k8-opt-exec-ST-020102668b12/bin/external/protobuf+/src/google/protobuf/compiler/cpp/_virtual_includes/cpp/google/protobuf/compiler/cpp/extension.h:19,
                 from bazel-out/k8-opt-exec-ST-020102668b12/bin/external/protobuf+/src/google/protobuf/compiler/cpp/_virtual_includes/cpp/google/protobuf/compiler/cpp/file.h:26,
                 from external/protobuf+/src/google/protobuf/compiler/cpp/generator.cc:31:
bazel-out/k8-opt-exec-ST-020102668b12/bin/external/protobuf+/src/google/protobuf/compiler/cpp/_virtual_includes/names_internal/google/protobuf/compiler/cpp/helpers.h: In function 'bool google::protobuf::compiler::cpp::IsWeak(const google::protobuf::FieldDescriptor*, const Options&)':
bazel-out/k8-opt-exec-ST-020102668b12/bin/external/protobuf+/src/google/protobuf/compiler/cpp/_virtual_includes/names_internal/google/protobuf/compiler/cpp/helpers.h:359:28: warning: 'bool google::protobuf::FieldOptions::weak() const' is deprecated [-Wdeprecated-declarations]
  359 |   if (field->options().weak()) {
      |       ~~~~~~~~~~~~~~~~~~~~~^~
In file included from bazel-out/k8-opt-exec-ST-020102668b12/bin/external/protobuf+/src/google/protobuf/compiler/_virtual_includes/code_generator_lite/google/protobuf/compiler/code_generator_lite.h:18,
                 from bazel-out/k8-opt-exec-ST-020102668b12/bin/external/protobuf+/src/google/protobuf/compiler/_virtual_includes/code_generator/google/protobuf/compiler/code_generator.h:25,
                 from bazel-out/k8-opt-exec-ST-020102668b12/bin/external/protobuf+/src/google/protobuf/compiler/cpp/_virtual_includes/cpp/google/protobuf/compiler/cpp/generator.h:24,
                 from external/protobuf+/src/google/protobuf/compiler/cpp/generator.cc:12:
bazel-out/k8-opt-exec-ST-020102668b12/bin/external/protobuf+/src/google/protobuf/_virtual_includes/protobuf/google/protobuf/descriptor.pb.h:19782:13: note: declared here
19782 | inline bool FieldOptions::weak() const {
      |             ^~~~~~~~~~~~
[1,577 / 2,800] Compiling src/google/protobuf/generated_enum_util.cc [for tool]; 1s processwrapper-sandbox ... (4 actions, 3 running)
[1,578 / 2,800] Compiling src/google/protobuf/compiler/cpp/ifndef_guard.cc [for tool]; 2s processwrapper-sandbox ... (4 actions running)
[1,579 / 2,800] Compiling upb_generator/c/generator.cc [for tool]; 3s processwrapper-sandbox ... (4 actions running)
[1,580 / 2,800] Compiling src/google/protobuf/compiler/objectivec/message.cc [for tool]; 6s processwrapper-sandbox ... (4 actions, 3 running)
[1,583 / 2,800] Compiling src/google/protobuf/compiler/cpp/message.cc [for tool]; 6s processwrapper-sandbox ... (4 actions, 3 running)
[1,583 / 2,800] Compiling src/google/protobuf/compiler/cpp/message.cc [for tool]; 7s processwrapper-sandbox ... (4 actions running)
[1,586 / 2,800] Compiling src/google/protobuf/compiler/cpp/message.cc [for tool]; 9s processwrapper-sandbox ... (4 actions running)
[1,587 / 2,800] Compiling src/google/protobuf/compiler/cpp/message.cc [for tool]; 11s processwrapper-sandbox ... (4 actions running)
[1,588 / 2,800] Compiling src/google/protobuf/compiler/cpp/message.cc [for tool]; 13s processwrapper-sandbox ... (4 actions running)
[1,589 / 2,800] Compiling src/google/protobuf/compiler/cpp/message.cc [for tool]; 15s processwrapper-sandbox ... (4 actions, 3 running)
[1,591 / 2,800] Compiling src/google/protobuf/compiler/cpp/message.cc [for tool]; 17s processwrapper-sandbox ... (4 actions, 3 running)
[1,592 / 2,800] Compiling src/google/protobuf/compiler/cpp/message.cc [for tool]; 18s processwrapper-sandbox ... (4 actions, 3 running)
[1,596 / 2,800] Compiling src/google/protobuf/compiler/cpp/message.cc [for tool]; 19s processwrapper-sandbox ... (4 actions running)
[1,598 / 2,800] Compiling src/google/protobuf/compiler/cpp/message.cc [for tool]; 21s processwrapper-sandbox ... (4 actions, 3 running)
INFO: From Compiling src/google/protobuf/compiler/cpp/message.cc [for tool]:
In file included from bazel-out/k8-opt-exec-ST-020102668b12/bin/external/protobuf+/src/google/protobuf/compiler/cpp/_virtual_includes/cpp/google/protobuf/compiler/cpp/extension.h:19,
                 from bazel-out/k8-opt-exec-ST-020102668b12/bin/external/protobuf+/src/google/protobuf/compiler/cpp/_virtual_includes/cpp/google/protobuf/compiler/cpp/message.h:25,
                 from external/protobuf+/src/google/protobuf/compiler/cpp/message.cc:12:
bazel-out/k8-opt-exec-ST-020102668b12/bin/external/protobuf+/src/google/protobuf/compiler/cpp/_virtual_includes/names_internal/google/protobuf/compiler/cpp/helpers.h: In function 'bool google::protobuf::compiler::cpp::IsWeak(const google::protobuf::FieldDescriptor*, const Options&)':
bazel-out/k8-opt-exec-ST-020102668b12/bin/external/protobuf+/src/google/protobuf/compiler/cpp/_virtual_includes/names_internal/google/protobuf/compiler/cpp/helpers.h:359:28: warning: 'bool google::protobuf::FieldOptions::weak() const' is deprecated [-Wdeprecated-declarations]
  359 |   if (field->options().weak()) {
      |       ~~~~~~~~~~~~~~~~~~~~~^~
In file included from bazel-out/k8-opt-exec-ST-020102668b12/bin/external/protobuf+/src/google/protobuf/compiler/_virtual_includes/code_generator_lite/google/protobuf/compiler/code_generator_lite.h:18,
                 from bazel-out/k8-opt-exec-ST-020102668b12/bin/external/protobuf+/src/google/protobuf/compiler/_virtual_includes/code_generator/google/protobuf/compiler/code_generator.h:25,
                 from bazel-out/k8-opt-exec-ST-020102668b12/bin/external/protobuf+/src/google/protobuf/compiler/cpp/_virtual_includes/names_internal/google/protobuf/compiler/cpp/helpers.h:30:
bazel-out/k8-opt-exec-ST-020102668b12/bin/external/protobuf+/src/google/protobuf/_virtual_includes/protobuf/google/protobuf/descriptor.pb.h:19782:13: note: declared here
19782 | inline bool FieldOptions::weak() const {
      |             ^~~~~~~~~~~~
external/protobuf+/src/google/protobuf/compiler/cpp/message.cc: In function 'void google::protobuf::compiler::cpp::{anonymous}::PrintPresenceCheck(const google::protobuf::FieldDescriptor*, const std::vector<int>&, google::protobuf::io::Printer*, int*, const google::protobuf::compiler::cpp::Options&)':
external/protobuf+/src/google/protobuf/compiler/cpp/message.cc:172:29: warning: 'bool google::protobuf::FieldOptions::weak() const' is deprecated [-Wdeprecated-declarations]
  172 |   if (!field->options().weak()) {
      |        ~~~~~~~~~~~~~~~~~~~~~^~
bazel-out/k8-opt-exec-ST-020102668b12/bin/external/protobuf+/src/google/protobuf/_virtual_includes/protobuf/google/protobuf/descriptor.pb.h:19782:13: note: declared here
19782 | inline bool FieldOptions::weak() const {
      |             ^~~~~~~~~~~~
external/protobuf+/src/google/protobuf/compiler/cpp/message.cc: In member function 'void google::protobuf::compiler::cpp::MessageGenerator::GenerateFieldAccessorDeclarations(google::protobuf::io::Printer*)':
external/protobuf+/src/google/protobuf/compiler/cpp/message.cc:757:66: warning: 'bool google::protobuf::FieldOptions::weak() const' is deprecated [-Wdeprecated-declarations]
  757 |     if (!field->real_containing_oneof() && !field->options().weak()) {
      |                                             ~~~~~~~~~~~~~~~~~~~~~^~
bazel-out/k8-opt-exec-ST-020102668b12/bin/external/protobuf+/src/google/protobuf/_virtual_includes/protobuf/google/protobuf/descriptor.pb.h:19782:13: note: declared here
19782 | inline bool FieldOptions::weak() const {
      |             ^~~~~~~~~~~~
external/protobuf+/src/google/protobuf/compiler/cpp/message.cc: In member function 'void google::protobuf::compiler::cpp::MessageGenerator::GenerateSingularFieldHasBits(const google::protobuf::FieldDescriptor*, google::protobuf::io::Printer*)':
external/protobuf+/src/google/protobuf/compiler/cpp/message.cc:1129:28: warning: 'bool google::protobuf::FieldOptions::weak() const' is deprecated [-Wdeprecated-declarations]
 1129 |   if (field->options().weak()) {
      |       ~~~~~~~~~~~~~~~~~~~~~^~
bazel-out/k8-opt-exec-ST-020102668b12/bin/external/protobuf+/src/google/protobuf/_virtual_includes/protobuf/google/protobuf/descriptor.pb.h:19782:13: note: declared here
19782 | inline bool FieldOptions::weak() const {
      |             ^~~~~~~~~~~~
external/protobuf+/src/google/protobuf/compiler/cpp/message.cc: In member function 'void google::protobuf::compiler::cpp::MessageGenerator::EmitCheckAndUpdateByteSizeForField(const google::protobuf::FieldDescriptor*, google::protobuf::io::Printer*) const':
external/protobuf+/src/google/protobuf/compiler/cpp/message.cc:1344:28: warning: 'bool google::protobuf::FieldOptions::weak() const' is deprecated [-Wdeprecated-declarations]
 1344 |   if (field->options().weak()) {
      |       ~~~~~~~~~~~~~~~~~~~~~^~
bazel-out/k8-opt-exec-ST-020102668b12/bin/external/protobuf+/src/google/protobuf/_virtual_includes/protobuf/google/protobuf/descriptor.pb.h:19782:13: note: declared here
19782 | inline bool FieldOptions::weak() const {
      |             ^~~~~~~~~~~~
external/protobuf+/src/google/protobuf/compiler/cpp/message.cc: In member function 'void google::protobuf::compiler::cpp::MessageGenerator::MaybeEmitUpdateCachedHasbits(const google::protobuf::FieldDescriptor*, google::protobuf::io::Printer*, int&) const':
external/protobuf+/src/google/protobuf/compiler/cpp/message.cc:1377:59: warning: 'bool google::protobuf::FieldOptions::weak() const' is deprecated [-Wdeprecated-declarations]
 1377 |   if (!HasHasbit(field, options_) || field->options().weak()) return;
      |                                      ~~~~~~~~~~~~~~~~~~~~~^~
bazel-out/k8-opt-exec-ST-020102668b12/bin/external/protobuf+/src/google/protobuf/_virtual_includes/protobuf/google/protobuf/descriptor.pb.h:19782:13: note: declared here
19782 | inline bool FieldOptions::weak() const {
      |             ^~~~~~~~~~~~
external/protobuf+/src/google/protobuf/compiler/cpp/message.cc: In lambda function:
external/protobuf+/src/google/protobuf/compiler/cpp/message.cc:2114:64: warning: 'bool google::protobuf::FieldOptions::weak() const' is deprecated [-Wdeprecated-declarations]
 2114 |             if (!field->is_repeated() && !field->options().weak() &&
      |                                           ~~~~~~~~~~~~~~~~~~~~~^~
bazel-out/k8-opt-exec-ST-020102668b12/bin/external/protobuf+/src/google/protobuf/_virtual_includes/protobuf/google/protobuf/descriptor.pb.h:19782:13: note: declared here
19782 | inline bool FieldOptions::weak() const {
      |             ^~~~~~~~~~~~
external/protobuf+/src/google/protobuf/compiler/cpp/message.cc: In member function 'size_t google::protobuf::compiler::cpp::MessageGenerator::GenerateOffsets(google::protobuf::io::Printer*)':
external/protobuf+/src/google/protobuf/compiler/cpp/message.cc:2595:30: warning: 'bool google::protobuf::FieldOptions::weak() const' is deprecated [-Wdeprecated-declarations]
 2595 |     if (field->options().weak()) {
      |         ~~~~~~~~~~~~~~~~~~~~~^~
bazel-out/k8-opt-exec-ST-020102668b12/bin/external/protobuf+/src/google/protobuf/_virtual_includes/protobuf/google/protobuf/descriptor.pb.h:19782:13: note: declared here
19782 | inline bool FieldOptions::weak() const {
      |             ^~~~~~~~~~~~
external/protobuf+/src/google/protobuf/compiler/cpp/message.cc: In lambda function:
external/protobuf+/src/google/protobuf/compiler/cpp/message.cc:4188:39: warning: 'bool google::protobuf::FieldOptions::weak() const' is deprecated [-Wdeprecated-declarations]
 4188 |       } else if (field->options().weak() ||
      |                  ~~~~~~~~~~~~~~~~~~~~~^~
bazel-out/k8-opt-exec-ST-020102668b12/bin/external/protobuf+/src/google/protobuf/_virtual_includes/protobuf/google/protobuf/descriptor.pb.h:19782:13: note: declared here
19782 | inline bool FieldOptions::weak() const {
      |             ^~~~~~~~~~~~
external/protobuf+/src/google/protobuf/compiler/cpp/message.cc: In member function 'void google::protobuf::compiler::cpp::MessageGenerator::GenerateSerializeOneField(google::protobuf::io::Printer*, const google::protobuf::FieldDescriptor*, int)':
external/protobuf+/src/google/protobuf/compiler/cpp/message.cc:4528:28: warning: 'bool google::protobuf::FieldOptions::weak() const' is deprecated [-Wdeprecated-declarations]
 4528 |   if (field->options().weak()) {
      |       ~~~~~~~~~~~~~~~~~~~~~^~
bazel-out/k8-opt-exec-ST-020102668b12/bin/external/protobuf+/src/google/protobuf/_virtual_includes/protobuf/google/protobuf/descriptor.pb.h:19782:13: note: declared here
19782 | inline bool FieldOptions::weak() const {
      |             ^~~~~~~~~~~~
external/protobuf+/src/google/protobuf/compiler/cpp/message.cc: In lambda function:
external/protobuf+/src/google/protobuf/compiler/cpp/message.cc:4834:43: warning: 'bool google::protobuf::FieldOptions::weak() const' is deprecated [-Wdeprecated-declarations]
 4834 |                  if (field->options().weak()) {
      |                      ~~~~~~~~~~~~~~~~~~~~~^~
bazel-out/k8-opt-exec-ST-020102668b12/bin/external/protobuf+/src/google/protobuf/_virtual_includes/protobuf/google/protobuf/descriptor.pb.h:19782:13: note: declared here
19782 | inline bool FieldOptions::weak() const {
      |             ^~~~~~~~~~~~
[1,599 / 2,800] Compiling upb_generator/minitable/generator.cc [for tool]; 3s processwrapper-sandbox ... (4 actions running)
[1,600 / 2,800] Compiling src/google/protobuf/text_format.cc [for tool]; 4s processwrapper-sandbox ... (4 actions, 3 running)
[1,600 / 2,800] Compiling src/google/protobuf/text_format.cc [for tool]; 5s processwrapper-sandbox ... (4 actions running)
[1,601 / 2,800] Compiling src/google/protobuf/text_format.cc [for tool]; 6s processwrapper-sandbox ... (4 actions, 3 running)
INFO: From Compiling src/google/protobuf/compiler/cpp/message_layout_helper.cc [for tool]:
In file included from bazel-out/k8-opt-exec-ST-020102668b12/bin/external/protobuf+/src/google/protobuf/compiler/cpp/_virtual_includes/cpp/google/protobuf/compiler/cpp/message_layout_helper.h:20,
                 from external/protobuf+/src/google/protobuf/compiler/cpp/message_layout_helper.cc:1:
bazel-out/k8-opt-exec-ST-020102668b12/bin/external/protobuf+/src/google/protobuf/compiler/cpp/_virtual_includes/names_internal/google/protobuf/compiler/cpp/helpers.h: In function 'bool google::protobuf::compiler::cpp::IsWeak(const google::protobuf::FieldDescriptor*, const Options&)':
bazel-out/k8-opt-exec-ST-020102668b12/bin/external/protobuf+/src/google/protobuf/compiler/cpp/_virtual_includes/names_internal/google/protobuf/compiler/cpp/helpers.h:359:28: warning: 'bool google::protobuf::FieldOptions::weak() const' is deprecated [-Wdeprecated-declarations]
  359 |   if (field->options().weak()) {
      |       ~~~~~~~~~~~~~~~~~~~~~^~
In file included from bazel-out/k8-opt-exec-ST-020102668b12/bin/external/protobuf+/src/google/protobuf/compiler/_virtual_includes/code_generator_lite/google/protobuf/compiler/code_generator_lite.h:18,
                 from bazel-out/k8-opt-exec-ST-020102668b12/bin/external/protobuf+/src/google/protobuf/compiler/_virtual_includes/code_generator/google/protobuf/compiler/code_generator.h:25,
                 from bazel-out/k8-opt-exec-ST-020102668b12/bin/external/protobuf+/src/google/protobuf/compiler/cpp/_virtual_includes/names_internal/google/protobuf/compiler/cpp/helpers.h:30:
bazel-out/k8-opt-exec-ST-020102668b12/bin/external/protobuf+/src/google/protobuf/_virtual_includes/protobuf/google/protobuf/descriptor.pb.h:19782:13: note: declared here
19782 | inline bool FieldOptions::weak() const {
      |             ^~~~~~~~~~~~
[1,602 / 2,800] Compiling src/google/protobuf/text_format.cc [for tool]; 7s processwrapper-sandbox ... (4 actions, 3 running)
[1,603 / 2,800] Compiling src/google/protobuf/text_format.cc [for tool]; 9s processwrapper-sandbox ... (4 actions running)
INFO: From Compiling src/google/protobuf/text_format.cc [for tool]:
external/protobuf+/src/google/protobuf/text_format.cc: In member function 'google::protobuf::TextFormat::ParseLocation google::protobuf::TextFormat::ParseInfoTree::GetLocation(const google::protobuf::FieldDescriptor*, int) const':
external/protobuf+/src/google/protobuf/text_format.cc:260:26: warning: 'google::protobuf::TextFormat::ParseLocationRange google::protobuf::TextFormat::ParseInfoTree::GetLocationRange(const google::protobuf::FieldDescriptor*, int) const' is deprecated: Please use GetFieldLocation() [-Wdeprecated-declarations]
  260 |   return GetLocationRange(field, index).start;
      |          ~~~~~~~~~~~~~~~~^~~~~~~~~~~~~~
external/protobuf+/src/google/protobuf/text_format.cc:242:32: note: declared here
  242 | TextFormat::ParseLocationRange TextFormat::ParseInfoTree::GetLocationRange(
      |                                ^~~~~~~~~~
external/protobuf+/src/google/protobuf/text_format.cc: In member function 'bool google::protobuf::TextFormat::Parser::ParserImpl::ConsumeField(google::protobuf::Message*)':
external/protobuf+/src/google/protobuf/text_format.cc:795:54: warning: 'bool google::protobuf::FieldOptions::weak() const' is deprecated [-Wdeprecated-declarations]
  795 |       if (consumed_semicolon && field->options().weak() &&
      |                                 ~~~~~~~~~~~~~~~~~~~~~^~
In file included from external/protobuf+/src/google/protobuf/text_format.cc:50:
bazel-out/k8-opt-exec-ST-020102668b12/bin/external/protobuf+/src/google/protobuf/_virtual_includes/protobuf/google/protobuf/descriptor.pb.h:19782:13: note: declared here
19782 | inline bool FieldOptions::weak() const {
      |             ^~~~~~~~~~~~
[1,605 / 2,800] Compiling src/google/protobuf/compiler/objectivec/file.cc [for tool]; 3s processwrapper-sandbox ... (4 actions, 3 running)
[1,605 / 2,800] Compiling src/google/protobuf/compiler/objectivec/file.cc [for tool]; 5s processwrapper-sandbox ... (4 actions running)
[1,607 / 2,800] Compiling src/google/protobuf/compiler/objectivec/file.cc [for tool]; 7s processwrapper-sandbox ... (4 actions, 3 running)
[1,607 / 2,800] Compiling src/google/protobuf/compiler/objectivec/file.cc [for tool]; 8s processwrapper-sandbox ... (4 actions running)
[1,609 / 2,800] Compiling src/google/protobuf/compiler/cpp/parse_function_generator.cc [for tool]; 5s processwrapper-sandbox ... (4 actions running)
[1,610 / 2,800] Compiling src/google/protobuf/compiler/cpp/parse_function_generator.cc [for tool]; 7s processwrapper-sandbox ... (4 actions, 3 running)
INFO: From Compiling src/google/protobuf/compiler/cpp/parse_function_generator.cc [for tool]:
In file included from bazel-out/k8-opt-exec-ST-020102668b12/bin/external/protobuf+/src/google/protobuf/compiler/cpp/_virtual_includes/cpp/google/protobuf/compiler/cpp/parse_function_generator.h:18,
                 from external/protobuf+/src/google/protobuf/compiler/cpp/parse_function_generator.cc:8:
bazel-out/k8-opt-exec-ST-020102668b12/bin/external/protobuf+/src/google/protobuf/compiler/cpp/_virtual_includes/names_internal/google/protobuf/compiler/cpp/helpers.h: In function 'bool google::protobuf::compiler::cpp::IsWeak(const google::protobuf::FieldDescriptor*, const Options&)':
bazel-out/k8-opt-exec-ST-020102668b12/bin/external/protobuf+/src/google/protobuf/compiler/cpp/_virtual_includes/names_internal/google/protobuf/compiler/cpp/helpers.h:359:28: warning: 'bool google::protobuf::FieldOptions::weak() const' is deprecated [-Wdeprecated-declarations]
  359 |   if (field->options().weak()) {
      |       ~~~~~~~~~~~~~~~~~~~~~^~
In file included from bazel-out/k8-opt-exec-ST-020102668b12/bin/external/protobuf+/src/google/protobuf/compiler/_virtual_includes/code_generator_lite/google/protobuf/compiler/code_generator_lite.h:18,
                 from bazel-out/k8-opt-exec-ST-020102668b12/bin/external/protobuf+/src/google/protobuf/compiler/_virtual_includes/code_generator/google/protobuf/compiler/code_generator.h:25,
                 from bazel-out/k8-opt-exec-ST-020102668b12/bin/external/protobuf+/src/google/protobuf/compiler/cpp/_virtual_includes/names_internal/google/protobuf/compiler/cpp/helpers.h:30:
bazel-out/k8-opt-exec-ST-020102668b12/bin/external/protobuf+/src/google/protobuf/_virtual_includes/protobuf/google/protobuf/descriptor.pb.h:19782:13: note: declared here
19782 | inline bool FieldOptions::weak() const {
      |             ^~~~~~~~~~~~
[1,612 / 2,800] Compiling src/google/protobuf/compiler/objectivec/field.cc [for tool]; 3s processwrapper-sandbox ... (4 actions running)
[1,613 / 2,800] Compiling src/google/protobuf/compiler/objectivec/field.cc [for tool]; 5s processwrapper-sandbox ... (4 actions running)
[1,614 / 2,800] Compiling src/google/protobuf/message.cc [for tool]; 4s processwrapper-sandbox ... (4 actions, 3 running)
[1,616 / 2,800] Compiling src/google/protobuf/message.cc [for tool]; 6s processwrapper-sandbox ... (4 actions, 3 running)
INFO: From Compiling src/google/protobuf/compiler/cpp/service.cc [for tool]:
In file included from external/protobuf+/src/google/protobuf/compiler/cpp/service.cc:17:
bazel-out/k8-opt-exec-ST-020102668b12/bin/external/protobuf+/src/google/protobuf/compiler/cpp/_virtual_includes/names_internal/google/protobuf/compiler/cpp/helpers.h: In function 'bool google::protobuf::compiler::cpp::IsWeak(const google::protobuf::FieldDescriptor*, const Options&)':
bazel-out/k8-opt-exec-ST-020102668b12/bin/external/protobuf+/src/google/protobuf/compiler/cpp/_virtual_includes/names_internal/google/protobuf/compiler/cpp/helpers.h:359:28: warning: 'bool google::protobuf::FieldOptions::weak() const' is deprecated [-Wdeprecated-declarations]
  359 |   if (field->options().weak()) {
      |       ~~~~~~~~~~~~~~~~~~~~~^~
In file included from bazel-out/k8-opt-exec-ST-020102668b12/bin/external/protobuf+/src/google/protobuf/compiler/_virtual_includes/code_generator_lite/google/protobuf/compiler/code_generator_lite.h:18,
                 from bazel-out/k8-opt-exec-ST-020102668b12/bin/external/protobuf+/src/google/protobuf/compiler/_virtual_includes/code_generator/google/protobuf/compiler/code_generator.h:25,
                 from bazel-out/k8-opt-exec-ST-020102668b12/bin/external/protobuf+/src/google/protobuf/compiler/cpp/_virtual_includes/names_internal/google/protobuf/compiler/cpp/helpers.h:30:
bazel-out/k8-opt-exec-ST-020102668b12/bin/external/protobuf+/src/google/protobuf/_virtual_includes/protobuf/google/protobuf/descriptor.pb.h:19782:13: note: declared here
19782 | inline bool FieldOptions::weak() const {
      |             ^~~~~~~~~~~~
[1,621 / 2,800] Compiling src/google/protobuf/message.cc [for tool]; 7s processwrapper-sandbox ... (4 actions, 3 running)
INFO: From Compiling src/google/protobuf/message.cc [for tool]:
In file included from external/abseil-cpp+/absl/log/internal/check_impl.h:20,
                 from external/abseil-cpp+/absl/log/absl_check.h:38,
                 from bazel-out/k8-opt-exec-ST-020102668b12/bin/external/protobuf+/src/google/protobuf/_virtual_includes/protobuf/google/protobuf/message.h:107,
                 from external/protobuf+/src/google/protobuf/message.cc:12:
bazel-out/k8-opt-exec-ST-020102668b12/bin/external/protobuf+/src/google/protobuf/_virtual_includes/protobuf/google/protobuf/reflection_visit_fields.h: In instantiation of 'static void google::protobuf::internal::ReflectionVisit::VisitFields(MessageT&, CallbackFn&&, google::protobuf::internal::FieldMask) [with MessageT = const google::protobuf::Message; CallbackFn = google::protobuf::internal::ReflectionVisit::VisitMessageFields<google::protobuf::Message::AbslUnparseFlagImpl() const::<lambda(const auto:60&)> >(const google::protobuf::Message&, google::protobuf::Message::AbslUnparseFlagImpl() const::<lambda(const auto:60&)>&&)::<lambda(auto:54)>]':
bazel-out/k8-opt-exec-ST-020102668b12/bin/external/protobuf+/src/google/protobuf/_virtual_includes/protobuf/google/protobuf/reflection_visit_fields.h:417:31:   required from 'static void google::protobuf::internal::ReflectionVisit::VisitMessageFields(const google::protobuf::Message&, CallbackFn&&) [with CallbackFn = google::protobuf::Message::AbslUnparseFlagImpl() const::<lambda(const auto:60&)>]'
bazel-out/k8-opt-exec-ST-020102668b12/bin/external/protobuf+/src/google/protobuf/_virtual_includes/protobuf/google/protobuf/reflection_visit_fields.h:494:38:   required from 'void google::protobuf::internal::VisitMessageFields(const google::protobuf::Message&, CallbackFn&&) [with CallbackFn = google::protobuf::Message::AbslUnparseFlagImpl() const::<lambda(const auto:60&)>]'
external/protobuf+/src/google/protobuf/message.cc:314:31:   required from here
bazel-out/k8-opt-exec-ST-020102668b12/bin/external/protobuf+/src/google/protobuf/_virtual_includes/protobuf/google/protobuf/reflection_visit_fields.h:109:39: warning: 'bool google::protobuf::FieldOptions::weak() const' is deprecated [-Wdeprecated-declarations]
  109 |     ABSL_DCHECK(!field->options().weak()) << "weak fields are not supported";
      |                  ~~~~~~~~~~~~~~~~~~~~~^~
external/abseil-cpp+/absl/log/internal/conditions.h:68:7: note: in definition of macro 'ABSL_LOG_INTERNAL_STATELESS_CONDITION'
   68 |     !(condition) ? (void)0 : ::absl::log_internal::Voidify() &&
      |       ^~~~~~~~~
external/abseil-cpp+/absl/log/internal/check_impl.h:26:3: note: in expansion of macro 'ABSL_LOG_INTERNAL_CONDITION_FATAL'
   26 |   ABSL_LOG_INTERNAL_CONDITION_FATAL(STATELESS,                        \
      |   ^~~~~~~~~~~~~~~~~~~~~~~~~~~~~~~~~
external/abseil-cpp+/absl/log/internal/check_impl.h:27:37: note: in expansion of macro 'ABSL_PREDICT_FALSE'
   27 |                                     ABSL_PREDICT_FALSE(!(condition))) \
      |                                     ^~~~~~~~~~~~~~~~~~
external/abseil-cpp+/absl/log/internal/check_impl.h:43:3: note: in expansion of macro 'ABSL_LOG_INTERNAL_CHECK_IMPL'
   43 |   ABSL_LOG_INTERNAL_CHECK_IMPL(true || (condition), "true")
      |   ^~~~~~~~~~~~~~~~~~~~~~~~~~~~
external/abseil-cpp+/absl/log/absl_check.h:47:3: note: in expansion of macro 'ABSL_LOG_INTERNAL_DCHECK_IMPL'
   47 |   ABSL_LOG_INTERNAL_DCHECK_IMPL((condition), #condition)
      |   ^~~~~~~~~~~~~~~~~~~~~~~~~~~~~
bazel-out/k8-opt-exec-ST-020102668b12/bin/external/protobuf+/src/google/protobuf/_virtual_includes/protobuf/google/protobuf/reflection_visit_fields.h:109:5: note: in expansion of macro 'ABSL_DCHECK'
  109 |     ABSL_DCHECK(!field->options().weak()) << "weak fields are not supported";
      |     ^~~~~~~~~~~
In file included from external/protobuf+/src/google/protobuf/message.cc:44:
bazel-out/k8-opt-exec-ST-020102668b12/bin/external/protobuf+/src/google/protobuf/_virtual_includes/protobuf/google/protobuf/descriptor.pb.h:19782:13: note: declared here
19782 | inline bool FieldOptions::weak() const {
      |             ^~~~~~~~~~~~
bazel-out/k8-opt-exec-ST-020102668b12/bin/external/protobuf+/src/google/protobuf/_virtual_includes/protobuf/google/protobuf/reflection_visit_fields.h:109:39: warning: 'bool google::protobuf::FieldOptions::weak() const' is deprecated [-Wdeprecated-declarations]
  109 |     ABSL_DCHECK(!field->options().weak()) << "weak fields are not supported";
      |                  ~~~~~~~~~~~~~~~~~~~~~^~
external/abseil-cpp+/absl/log/internal/conditions.h:68:7: note: in definition of macro 'ABSL_LOG_INTERNAL_STATELESS_CONDITION'
   68 |     !(condition) ? (void)0 : ::absl::log_internal::Voidify() &&
      |       ^~~~~~~~~
external/abseil-cpp+/absl/log/internal/check_impl.h:26:3: note: in expansion of macro 'ABSL_LOG_INTERNAL_CONDITION_FATAL'
   26 |   ABSL_LOG_INTERNAL_CONDITION_FATAL(STATELESS,                        \
      |   ^~~~~~~~~~~~~~~~~~~~~~~~~~~~~~~~~
external/abseil-cpp+/absl/log/internal/check_impl.h:27:37: note: in expansion of macro 'ABSL_PREDICT_FALSE'
   27 |                                     ABSL_PREDICT_FALSE(!(condition))) \
      |                                     ^~~~~~~~~~~~~~~~~~
external/abseil-cpp+/absl/log/internal/check_impl.h:43:3: note: in expansion of macro 'ABSL_LOG_INTERNAL_CHECK_IMPL'
   43 |   ABSL_LOG_INTERNAL_CHECK_IMPL(true || (condition), "true")
      |   ^~~~~~~~~~~~~~~~~~~~~~~~~~~~
external/abseil-cpp+/absl/log/absl_check.h:47:3: note: in expansion of macro 'ABSL_LOG_INTERNAL_DCHECK_IMPL'
   47 |   ABSL_LOG_INTERNAL_DCHECK_IMPL((condition), #condition)
      |   ^~~~~~~~~~~~~~~~~~~~~~~~~~~~~
bazel-out/k8-opt-exec-ST-020102668b12/bin/external/protobuf+/src/google/protobuf/_virtual_includes/protobuf/google/protobuf/reflection_visit_fields.h:109:5: note: in expansion of macro 'ABSL_DCHECK'
  109 |     ABSL_DCHECK(!field->options().weak()) << "weak fields are not supported";
      |     ^~~~~~~~~~~
bazel-out/k8-opt-exec-ST-020102668b12/bin/external/protobuf+/src/google/protobuf/_virtual_includes/protobuf/google/protobuf/descriptor.pb.h:19782:13: note: declared here
19782 | inline bool FieldOptions::weak() const {
      |             ^~~~~~~~~~~~
[1,624 / 2,800] Compiling src/google/protobuf/compiler/objectivec/extension.cc [for tool]; 3s processwrapper-sandbox ... (4 actions running)
[1,625 / 2,800] Compiling src/google/protobuf/compiler/objectivec/extension.cc [for tool]; 4s processwrapper-sandbox ... (4 actions running)
[1,629 / 2,800] Compiling src/google/protobuf/compiler/cpp/tracker.cc [for tool]; 4s processwrapper-sandbox ... (4 actions, 3 running)
INFO: From Compiling src/google/protobuf/compiler/cpp/tracker.cc [for tool]:
In file included from external/protobuf+/src/google/protobuf/compiler/cpp/tracker.cc:20:
bazel-out/k8-opt-exec-ST-020102668b12/bin/external/protobuf+/src/google/protobuf/compiler/cpp/_virtual_includes/names_internal/google/protobuf/compiler/cpp/helpers.h: In function 'bool google::protobuf::compiler::cpp::IsWeak(const google::protobuf::FieldDescriptor*, const Options&)':
bazel-out/k8-opt-exec-ST-020102668b12/bin/external/protobuf+/src/google/protobuf/compiler/cpp/_virtual_includes/names_internal/google/protobuf/compiler/cpp/helpers.h:359:28: warning: 'bool google::protobuf::FieldOptions::weak() const' is deprecated [-Wdeprecated-declarations]
  359 |   if (field->options().weak()) {
      |       ~~~~~~~~~~~~~~~~~~~~~^~
In file included from bazel-out/k8-opt-exec-ST-020102668b12/bin/external/protobuf+/src/google/protobuf/compiler/_virtual_includes/code_generator_lite/google/protobuf/compiler/code_generator_lite.h:18,
                 from bazel-out/k8-opt-exec-ST-020102668b12/bin/external/protobuf+/src/google/protobuf/compiler/_virtual_includes/code_generator/google/protobuf/compiler/code_generator.h:25,
                 from bazel-out/k8-opt-exec-ST-020102668b12/bin/external/protobuf+/src/google/protobuf/compiler/cpp/_virtual_includes/names_internal/google/protobuf/compiler/cpp/helpers.h:30:
bazel-out/k8-opt-exec-ST-020102668b12/bin/external/protobuf+/src/google/protobuf/_virtual_includes/protobuf/google/protobuf/descriptor.pb.h:19782:13: note: declared here
19782 | inline bool FieldOptions::weak() const {
      |             ^~~~~~~~~~~~
[1,633 / 2,800] Compiling src/google/protobuf/compiler/objectivec/enum_field.cc [for tool]; 1s processwrapper-sandbox ... (4 actions, 3 running)
[1,637 / 2,800] Compiling src/google/protobuf/compiler/objectivec/enum_field.cc [for tool]; 2s processwrapper-sandbox ... (4 actions, 3 running)
[1,640 / 2,800] Compiling src/google/protobuf/compiler/objectivec/enum_field.cc [for tool]; 3s processwrapper-sandbox ... (4 actions, 3 running)
[1,644 / 2,800] Compiling src/google/protobuf/compiler/objectivec/enum_field.cc [for tool]; 5s processwrapper-sandbox ... (4 actions running)
[1,645 / 2,800] Compiling src/google/protobuf/compiler/objectivec/enum_field.cc [for tool]; 4s processwrapper-sandbox ... (4 actions, 3 running)
[1,646 / 2,800] Compiling src/google/protobuf/compiler/objectivec/enum_field.cc [for tool]; 5s processwrapper-sandbox ... (4 actions, 3 running)
INFO: From Compiling src/google/protobuf/generated_message_tctable_gen.cc [for tool]:
external/protobuf+/src/google/protobuf/generated_message_tctable_gen.cc: In function 'bool google::protobuf::internal::{anonymous}::HasWeakFields(const google::protobuf::Descriptor*)':
external/protobuf+/src/google/protobuf/generated_message_tctable_gen.cc:668:45: warning: 'bool google::protobuf::FieldOptions::weak() const' is deprecated [-Wdeprecated-declarations]
  668 |     if (descriptor->field(i)->options().weak()) {
      |         ~~~~~~~~~~~~~~~~~~~~~~~~~~~~~~~~~~~~^~
In file included from bazel-out/k8-opt-exec-ST-020102668b12/bin/external/protobuf+/src/google/protobuf/_virtual_includes/protobuf/google/protobuf/generated_message_tctable_gen.h:21,
                 from external/protobuf+/src/google/protobuf/generated_message_tctable_gen.cc:8:
bazel-out/k8-opt-exec-ST-020102668b12/bin/external/protobuf+/src/google/protobuf/_virtual_includes/protobuf/google/protobuf/descriptor.pb.h:19782:13: note: declared here
19782 | inline bool FieldOptions::weak() const {
      |             ^~~~~~~~~~~~
external/protobuf+/src/google/protobuf/generated_message_tctable_gen.cc: In function 'bool google::protobuf::internal::IsFieldTypeEligibleForFastParsing(const google::protobuf::FieldDescriptor*)':
external/protobuf+/src/google/protobuf/generated_message_tctable_gen.cc:707:28: warning: 'bool google::protobuf::FieldOptions::weak() const' is deprecated [-Wdeprecated-declarations]
  707 |       field->options().weak()) {
      |       ~~~~~~~~~~~~~~~~~~~~~^~
bazel-out/k8-opt-exec-ST-020102668b12/bin/external/protobuf+/src/google/protobuf/_virtual_includes/protobuf/google/protobuf/descriptor.pb.h:19782:13: note: declared here
19782 | inline bool FieldOptions::weak() const {
      |             ^~~~~~~~~~~~
external/protobuf+/src/google/protobuf/generated_message_tctable_gen.cc: In lambda function:
external/protobuf+/src/google/protobuf/generated_message_tctable_gen.cc:742:54: warning: 'bool google::protobuf::FieldOptions::weak() const' is deprecated [-Wdeprecated-declarations]
  742 |            !field->is_map() && !field->options().weak() &&
      |                                 ~~~~~~~~~~~~~~~~~~~~~^~
bazel-out/k8-opt-exec-ST-020102668b12/bin/external/protobuf+/src/google/protobuf/_virtual_includes/protobuf/google/protobuf/descriptor.pb.h:19782:13: note: declared here
19782 | inline bool FieldOptions::weak() const {
      |             ^~~~~~~~~~~~
external/protobuf+/src/google/protobuf/generated_message_tctable_gen.cc: In static member function 'static std::vector<google::protobuf::internal::TailCallTableInfo::FieldEntryInfo> google::protobuf::internal::TailCallTableInfo::BuildFieldEntries(const google::protobuf::Descriptor*, const MessageOptions&, absl::lts_20250814::Span<const FieldOptions>, std::vector<AuxEntry>&)':
external/protobuf+/src/google/protobuf/generated_message_tctable_gen.cc:782:39: warning: 'bool google::protobuf::FieldOptions::weak() const' is deprecated [-Wdeprecated-declarations]
  782 |       } else if (field->options().weak()) {
      |                  ~~~~~~~~~~~~~~~~~~~~~^~
bazel-out/k8-opt-exec-ST-020102668b12/bin/external/protobuf+/src/google/protobuf/_virtual_includes/protobuf/google/protobuf/descriptor.pb.h:19782:13: note: declared here
19782 | inline bool FieldOptions::weak() const {
      |             ^~~~~~~~~~~~
[1,652 / 2,800] Compiling src/google/protobuf/compiler/objectivec/enum.cc [for tool]; 2s processwrapper-sandbox ... (4 actions running)
[1,653 / 2,800] Compiling src/google/protobuf/compiler/objectivec/enum.cc [for tool]; 5s processwrapper-sandbox ... (4 actions, 3 running)
[1,656 / 2,800] Compiling src/google/protobuf/compiler/objectivec/extension.cc [for tool]; 4s processwrapper-sandbox ... (4 actions, 3 running)
[1,656 / 2,800] Compiling src/google/protobuf/compiler/objectivec/extension.cc [for tool]; 5s processwrapper-sandbox ... (4 actions running)
[1,657 / 2,800] Compiling src/google/protobuf/generated_message_reflection.cc [for tool]; 3s processwrapper-sandbox ... (4 actions running)
[1,658 / 2,800] Compiling src/google/protobuf/generated_message_reflection.cc [for tool]; 5s processwrapper-sandbox ... (4 actions, 3 running)
[1,658 / 2,800] Compiling src/google/protobuf/generated_message_reflection.cc [for tool]; 6s processwrapper-sandbox ... (4 actions running)
[1,678 / 2,800] Compiling src/google/protobuf/generated_message_reflection.cc [for tool]; 8s processwrapper-sandbox ... (4 actions, 3 running)
[1,678 / 2,800] Compiling src/google/protobuf/generated_message_reflection.cc [for tool]; 9s processwrapper-sandbox ... (4 actions running)
INFO: From Compiling src/google/protobuf/compiler/rust/accessors/repeated_field.cc [for tool]:
In file included from external/protobuf+/src/google/protobuf/compiler/rust/accessors/repeated_field.cc:12:
bazel-out/k8-opt-exec-ST-d57f47055a04/bin/external/protobuf+/src/google/protobuf/compiler/cpp/_virtual_includes/names_internal/google/protobuf/compiler/cpp/helpers.h: In function 'bool google::protobuf::compiler::cpp::IsWeak(const google::protobuf::FieldDescriptor*, const Options&)':
bazel-out/k8-opt-exec-ST-d57f47055a04/bin/external/protobuf+/src/google/protobuf/compiler/cpp/_virtual_includes/names_internal/google/protobuf/compiler/cpp/helpers.h:359:28: warning: 'bool google::protobuf::FieldOptions::weak() const' is deprecated [-Wdeprecated-declarations]
  359 |   if (field->options().weak()) {
      |       ~~~~~~~~~~~~~~~~~~~~~^~
In file included from bazel-out/k8-opt-exec-ST-d57f47055a04/bin/external/protobuf+/src/google/protobuf/compiler/_virtual_includes/code_generator_lite/google/protobuf/compiler/code_generator_lite.h:18,
                 from bazel-out/k8-opt-exec-ST-d57f47055a04/bin/external/protobuf+/src/google/protobuf/compiler/_virtual_includes/code_generator/google/protobuf/compiler/code_generator.h:25,
                 from bazel-out/k8-opt-exec-ST-d57f47055a04/bin/external/protobuf+/src/google/protobuf/compiler/cpp/_virtual_includes/names_internal/google/protobuf/compiler/cpp/helpers.h:30:
bazel-out/k8-opt-exec-ST-d57f47055a04/bin/external/protobuf+/src/google/protobuf/_virtual_includes/protobuf/google/protobuf/descriptor.pb.h:19782:13: note: declared here
19782 | inline bool FieldOptions::weak() const {
      |             ^~~~~~~~~~~~
[1,685 / 2,800] Compiling src/google/protobuf/generated_message_reflection.cc [for tool]; 10s processwrapper-sandbox ... (4 actions running)
[1,686 / 2,800] Compiling src/google/protobuf/generated_message_reflection.cc [for tool]; 11s processwrapper-sandbox ... (4 actions, 3 running)
INFO: From Compiling src/google/protobuf/generated_message_reflection.cc [for tool]:
external/protobuf+/src/google/protobuf/generated_message_reflection.cc: In member function 'const google::protobuf::Message* google::protobuf::Reflection::GetDefaultMessageInstance(const google::protobuf::FieldDescriptor*) const':
external/protobuf+/src/google/protobuf/generated_message_reflection.cc:2518:29: warning: 'bool google::protobuf::FieldOptions::weak() const' is deprecated [-Wdeprecated-declarations]
 2518 |       !field->options().weak() && !IsLazyField(field) &&
      |        ~~~~~~~~~~~~~~~~~~~~~^~
In file included from bazel-out/k8-opt-exec-ST-020102668b12/bin/external/protobuf+/src/google/protobuf/_virtual_includes/protobuf/google/protobuf/cpp_features.pb.h:34,
                 from external/protobuf+/src/google/protobuf/generated_message_reflection.cc:44:
bazel-out/k8-opt-exec-ST-020102668b12/bin/external/protobuf+/src/google/protobuf/_virtual_includes/protobuf/google/protobuf/descriptor.pb.h:19782:13: note: declared here
19782 | inline bool FieldOptions::weak() const {
      |             ^~~~~~~~~~~~
In file included from external/abseil-cpp+/absl/log/internal/check_impl.h:20,
                 from external/abseil-cpp+/absl/log/absl_check.h:38,
                 from bazel-out/k8-opt-exec-ST-020102668b12/bin/external/protobuf+/src/google/protobuf/_virtual_includes/protobuf/google/protobuf/generated_message_reflection.h:25,
                 from external/protobuf+/src/google/protobuf/generated_message_reflection.cc:12:
external/protobuf+/src/google/protobuf/generated_message_reflection.cc: In member function 'bool google::protobuf::Reflection::HasFieldWithHasbits(const google::protobuf::Message&, const google::protobuf::FieldDescriptor*) const':
external/protobuf+/src/google/protobuf/generated_message_reflection.cc:3228:37: warning: 'bool google::protobuf::FieldOptions::weak() const' is deprecated [-Wdeprecated-declarations]
 3228 |   ABSL_DCHECK(!field->options().weak());
      |                ~~~~~~~~~~~~~~~~~~~~~^~
external/abseil-cpp+/absl/log/internal/conditions.h:68:7: note: in definition of macro 'ABSL_LOG_INTERNAL_STATELESS_CONDITION'
   68 |     !(condition) ? (void)0 : ::absl::log_internal::Voidify() &&
      |       ^~~~~~~~~
external/abseil-cpp+/absl/log/internal/check_impl.h:26:3: note: in expansion of macro 'ABSL_LOG_INTERNAL_CONDITION_FATAL'
   26 |   ABSL_LOG_INTERNAL_CONDITION_FATAL(STATELESS,                        \
      |   ^~~~~~~~~~~~~~~~~~~~~~~~~~~~~~~~~
external/abseil-cpp+/absl/log/internal/check_impl.h:27:37: note: in expansion of macro 'ABSL_PREDICT_FALSE'
   27 |                                     ABSL_PREDICT_FALSE(!(condition))) \
      |                                     ^~~~~~~~~~~~~~~~~~
external/abseil-cpp+/absl/log/internal/check_impl.h:43:3: note: in expansion of macro 'ABSL_LOG_INTERNAL_CHECK_IMPL'
   43 |   ABSL_LOG_INTERNAL_CHECK_IMPL(true || (condition), "true")
      |   ^~~~~~~~~~~~~~~~~~~~~~~~~~~~
external/abseil-cpp+/absl/log/absl_check.h:47:3: note: in expansion of macro 'ABSL_LOG_INTERNAL_DCHECK_IMPL'
   47 |   ABSL_LOG_INTERNAL_DCHECK_IMPL((condition), #condition)
      |   ^~~~~~~~~~~~~~~~~~~~~~~~~~~~~
external/protobuf+/src/google/protobuf/generated_message_reflection.cc:3228:3: note: in expansion of macro 'ABSL_DCHECK'
 3228 |   ABSL_DCHECK(!field->options().weak());
      |   ^~~~~~~~~~~
bazel-out/k8-opt-exec-ST-020102668b12/bin/external/protobuf+/src/google/protobuf/_virtual_includes/protobuf/google/protobuf/descriptor.pb.h:19782:13: note: declared here
19782 | inline bool FieldOptions::weak() const {
      |             ^~~~~~~~~~~~
external/protobuf+/src/google/protobuf/generated_message_reflection.cc: In member function 'void google::protobuf::Reflection::SetHasBit(google::protobuf::Message*, const google::protobuf::FieldDescriptor*) const':
external/protobuf+/src/google/protobuf/generated_message_reflection.cc:3261:37: warning: 'bool google::protobuf::FieldOptions::weak() const' is deprecated [-Wdeprecated-declarations]
 3261 |   ABSL_DCHECK(!field->options().weak());
      |                ~~~~~~~~~~~~~~~~~~~~~^~
external/abseil-cpp+/absl/log/internal/conditions.h:68:7: note: in definition of macro 'ABSL_LOG_INTERNAL_STATELESS_CONDITION'
   68 |     !(condition) ? (void)0 : ::absl::log_internal::Voidify() &&
      |       ^~~~~~~~~
external/abseil-cpp+/absl/log/internal/check_impl.h:26:3: note: in expansion of macro 'ABSL_LOG_INTERNAL_CONDITION_FATAL'
   26 |   ABSL_LOG_INTERNAL_CONDITION_FATAL(STATELESS,                        \
      |   ^~~~~~~~~~~~~~~~~~~~~~~~~~~~~~~~~
external/abseil-cpp+/absl/log/internal/check_impl.h:27:37: note: in expansion of macro 'ABSL_PREDICT_FALSE'
   27 |                                     ABSL_PREDICT_FALSE(!(condition))) \
      |                                     ^~~~~~~~~~~~~~~~~~
external/abseil-cpp+/absl/log/internal/check_impl.h:43:3: note: in expansion of macro 'ABSL_LOG_INTERNAL_CHECK_IMPL'
   43 |   ABSL_LOG_INTERNAL_CHECK_IMPL(true || (condition), "true")
      |   ^~~~~~~~~~~~~~~~~~~~~~~~~~~~
external/abseil-cpp+/absl/log/absl_check.h:47:3: note: in expansion of macro 'ABSL_LOG_INTERNAL_DCHECK_IMPL'
   47 |   ABSL_LOG_INTERNAL_DCHECK_IMPL((condition), #condition)
      |   ^~~~~~~~~~~~~~~~~~~~~~~~~~~~~
external/protobuf+/src/google/protobuf/generated_message_reflection.cc:3261:3: note: in expansion of macro 'ABSL_DCHECK'
 3261 |   ABSL_DCHECK(!field->options().weak());
      |   ^~~~~~~~~~~
bazel-out/k8-opt-exec-ST-020102668b12/bin/external/protobuf+/src/google/protobuf/_virtual_includes/protobuf/google/protobuf/descriptor.pb.h:19782:13: note: declared here
19782 | inline bool FieldOptions::weak() const {
      |             ^~~~~~~~~~~~
external/protobuf+/src/google/protobuf/generated_message_reflection.cc: In member function 'void google::protobuf::Reflection::ClearHasBit(google::protobuf::Message*, const google::protobuf::FieldDescriptor*) const':
external/protobuf+/src/google/protobuf/generated_message_reflection.cc:3270:37: warning: 'bool google::protobuf::FieldOptions::weak() const' is deprecated [-Wdeprecated-declarations]
 3270 |   ABSL_DCHECK(!field->options().weak());
      |                ~~~~~~~~~~~~~~~~~~~~~^~
external/abseil-cpp+/absl/log/internal/conditions.h:68:7: note: in definition of macro 'ABSL_LOG_INTERNAL_STATELESS_CONDITION'
   68 |     !(condition) ? (void)0 : ::absl::log_internal::Voidify() &&
      |       ^~~~~~~~~
external/abseil-cpp+/absl/log/internal/check_impl.h:26:3: note: in expansion of macro 'ABSL_LOG_INTERNAL_CONDITION_FATAL'
   26 |   ABSL_LOG_INTERNAL_CONDITION_FATAL(STATELESS,                        \
      |   ^~~~~~~~~~~~~~~~~~~~~~~~~~~~~~~~~
external/abseil-cpp+/absl/log/internal/check_impl.h:27:37: note: in expansion of macro 'ABSL_PREDICT_FALSE'
   27 |                                     ABSL_PREDICT_FALSE(!(condition))) \
      |                                     ^~~~~~~~~~~~~~~~~~
external/abseil-cpp+/absl/log/internal/check_impl.h:43:3: note: in expansion of macro 'ABSL_LOG_INTERNAL_CHECK_IMPL'
   43 |   ABSL_LOG_INTERNAL_CHECK_IMPL(true || (condition), "true")
      |   ^~~~~~~~~~~~~~~~~~~~~~~~~~~~
external/abseil-cpp+/absl/log/absl_check.h:47:3: note: in expansion of macro 'ABSL_LOG_INTERNAL_DCHECK_IMPL'
   47 |   ABSL_LOG_INTERNAL_DCHECK_IMPL((condition), #condition)
      |   ^~~~~~~~~~~~~~~~~~~~~~~~~~~~~
external/protobuf+/src/google/protobuf/generated_message_reflection.cc:3270:3: note: in expansion of macro 'ABSL_DCHECK'
 3270 |   ABSL_DCHECK(!field->options().weak());
      |   ^~~~~~~~~~~
bazel-out/k8-opt-exec-ST-020102668b12/bin/external/protobuf+/src/google/protobuf/_virtual_includes/protobuf/google/protobuf/descriptor.pb.h:19782:13: note: declared here
19782 | inline bool FieldOptions::weak() const {
      |             ^~~~~~~~~~~~
external/protobuf+/src/google/protobuf/generated_message_reflection.cc: In member function 'void google::protobuf::Reflection::NaiveSwapHasBit(google::protobuf::Message*, google::protobuf::Message*, const google::protobuf::FieldDescriptor*) const':
external/protobuf+/src/google/protobuf/generated_message_reflection.cc:3279:37: warning: 'bool google::protobuf::FieldOptions::weak() const' is deprecated [-Wdeprecated-declarations]
 3279 |   ABSL_DCHECK(!field->options().weak());
      |                ~~~~~~~~~~~~~~~~~~~~~^~
external/abseil-cpp+/absl/log/internal/conditions.h:68:7: note: in definition of macro 'ABSL_LOG_INTERNAL_STATELESS_CONDITION'
   68 |     !(condition) ? (void)0 : ::absl::log_internal::Voidify() &&
      |       ^~~~~~~~~
external/abseil-cpp+/absl/log/internal/check_impl.h:26:3: note: in expansion of macro 'ABSL_LOG_INTERNAL_CONDITION_FATAL'
   26 |   ABSL_LOG_INTERNAL_CONDITION_FATAL(STATELESS,                        \
      |   ^~~~~~~~~~~~~~~~~~~~~~~~~~~~~~~~~
external/abseil-cpp+/absl/log/internal/check_impl.h:27:37: note: in expansion of macro 'ABSL_PREDICT_FALSE'
   27 |                                     ABSL_PREDICT_FALSE(!(condition))) \
      |                                     ^~~~~~~~~~~~~~~~~~
external/abseil-cpp+/absl/log/internal/check_impl.h:43:3: note: in expansion of macro 'ABSL_LOG_INTERNAL_CHECK_IMPL'
   43 |   ABSL_LOG_INTERNAL_CHECK_IMPL(true || (condition), "true")
      |   ^~~~~~~~~~~~~~~~~~~~~~~~~~~~
external/abseil-cpp+/absl/log/absl_check.h:47:3: note: in expansion of macro 'ABSL_LOG_INTERNAL_DCHECK_IMPL'
   47 |   ABSL_LOG_INTERNAL_DCHECK_IMPL((condition), #condition)
      |   ^~~~~~~~~~~~~~~~~~~~~~~~~~~~~
external/protobuf+/src/google/protobuf/generated_message_reflection.cc:3279:3: note: in expansion of macro 'ABSL_DCHECK'
 3279 |   ABSL_DCHECK(!field->options().weak());
      |   ^~~~~~~~~~~
bazel-out/k8-opt-exec-ST-020102668b12/bin/external/protobuf+/src/google/protobuf/_virtual_includes/protobuf/google/protobuf/descriptor.pb.h:19782:13: note: declared here
19782 | inline bool FieldOptions::weak() const {
      |             ^~~~~~~~~~~~
bazel-out/k8-opt-exec-ST-020102668b12/bin/external/protobuf+/src/google/protobuf/_virtual_includes/protobuf/google/protobuf/reflection_visit_fields.h: In instantiation of 'static void google::protobuf::internal::ReflectionVisit::VisitFields(MessageT&, CallbackFn&&, google::protobuf::internal::FieldMask) [with MessageT = google::protobuf::Message; CallbackFn = google::protobuf::internal::ReflectionVisit::VisitMessageFields<google::protobuf::Reflection::MaybePoisonAfterClear(google::protobuf::Message&) const::<lambda(google::protobuf::Message&)> >(google::protobuf::Message&, google::protobuf::Reflection::MaybePoisonAfterClear(google::protobuf::Message&) const::<lambda(google::protobuf::Message&)>&&)::<lambda(auto:57)>]':
bazel-out/k8-opt-exec-ST-020102668b12/bin/external/protobuf+/src/google/protobuf/_virtual_includes/protobuf/google/protobuf/reflection_visit_fields.h:447:31:   required from 'static void google::protobuf::internal::ReflectionVisit::VisitMessageFields(google::protobuf::Message&, CallbackFn&&) [with CallbackFn = google::protobuf::Reflection::MaybePoisonAfterClear(google::protobuf::Message&) const::<lambda(google::protobuf::Message&)>]'
bazel-out/k8-opt-exec-ST-020102668b12/bin/external/protobuf+/src/google/protobuf/_virtual_includes/protobuf/google/protobuf/reflection_visit_fields.h:502:38:   required from 'void google::protobuf::internal::VisitMutableMessageFields(google::protobuf::Message&, CallbackFn&&) [with CallbackFn = google::protobuf::Reflection::MaybePoisonAfterClear(google::protobuf::Message&) const::<lambda(google::protobuf::Message&)>]'
external/protobuf+/src/google/protobuf/generated_message_reflection.cc:1399:40:   required from here
bazel-out/k8-opt-exec-ST-020102668b12/bin/external/protobuf+/src/google/protobuf/_virtual_includes/protobuf/google/protobuf/reflection_visit_fields.h:109:39: warning: 'bool google::protobuf::FieldOptions::weak() const' is deprecated [-Wdeprecated-declarations]
  109 |     ABSL_DCHECK(!field->options().weak()) << "weak fields are not supported";
      |                  ~~~~~~~~~~~~~~~~~~~~~^~
external/abseil-cpp+/absl/log/internal/conditions.h:68:7: note: in definition of macro 'ABSL_LOG_INTERNAL_STATELESS_CONDITION'
   68 |     !(condition) ? (void)0 : ::absl::log_internal::Voidify() &&
      |       ^~~~~~~~~
external/abseil-cpp+/absl/log/internal/check_impl.h:26:3: note: in expansion of macro 'ABSL_LOG_INTERNAL_CONDITION_FATAL'
   26 |   ABSL_LOG_INTERNAL_CONDITION_FATAL(STATELESS,                        \
      |   ^~~~~~~~~~~~~~~~~~~~~~~~~~~~~~~~~
external/abseil-cpp+/absl/log/internal/check_impl.h:27:37: note: in expansion of macro 'ABSL_PREDICT_FALSE'
   27 |                                     ABSL_PREDICT_FALSE(!(condition))) \
      |                                     ^~~~~~~~~~~~~~~~~~
external/abseil-cpp+/absl/log/internal/check_impl.h:43:3: note: in expansion of macro 'ABSL_LOG_INTERNAL_CHECK_IMPL'
   43 |   ABSL_LOG_INTERNAL_CHECK_IMPL(true || (condition), "true")
      |   ^~~~~~~~~~~~~~~~~~~~~~~~~~~~
external/abseil-cpp+/absl/log/absl_check.h:47:3: note: in expansion of macro 'ABSL_LOG_INTERNAL_DCHECK_IMPL'
   47 |   ABSL_LOG_INTERNAL_DCHECK_IMPL((condition), #condition)
      |   ^~~~~~~~~~~~~~~~~~~~~~~~~~~~~
bazel-out/k8-opt-exec-ST-020102668b12/bin/external/protobuf+/src/google/protobuf/_virtual_includes/protobuf/google/protobuf/reflection_visit_fields.h:109:5: note: in expansion of macro 'ABSL_DCHECK'
  109 |     ABSL_DCHECK(!field->options().weak()) << "weak fields are not supported";
      |     ^~~~~~~~~~~
bazel-out/k8-opt-exec-ST-020102668b12/bin/external/protobuf+/src/google/protobuf/_virtual_includes/protobuf/google/protobuf/descriptor.pb.h:19782:13: note: declared here
19782 | inline bool FieldOptions::weak() const {
      |             ^~~~~~~~~~~~
bazel-out/k8-opt-exec-ST-020102668b12/bin/external/protobuf+/src/google/protobuf/_virtual_includes/protobuf/google/protobuf/reflection_visit_fields.h:109:39: warning: 'bool google::protobuf::FieldOptions::weak() const' is deprecated [-Wdeprecated-declarations]
  109 |     ABSL_DCHECK(!field->options().weak()) << "weak fields are not supported";
      |                  ~~~~~~~~~~~~~~~~~~~~~^~
external/abseil-cpp+/absl/log/internal/conditions.h:68:7: note: in definition of macro 'ABSL_LOG_INTERNAL_STATELESS_CONDITION'
   68 |     !(condition) ? (void)0 : ::absl::log_internal::Voidify() &&
      |       ^~~~~~~~~
external/abseil-cpp+/absl/log/internal/check_impl.h:26:3: note: in expansion of macro 'ABSL_LOG_INTERNAL_CONDITION_FATAL'
   26 |   ABSL_LOG_INTERNAL_CONDITION_FATAL(STATELESS,                        \
      |   ^~~~~~~~~~~~~~~~~~~~~~~~~~~~~~~~~
external/abseil-cpp+/absl/log/internal/check_impl.h:27:37: note: in expansion of macro 'ABSL_PREDICT_FALSE'
   27 |                                     ABSL_PREDICT_FALSE(!(condition))) \
      |                                     ^~~~~~~~~~~~~~~~~~
external/abseil-cpp+/absl/log/internal/check_impl.h:43:3: note: in expansion of macro 'ABSL_LOG_INTERNAL_CHECK_IMPL'
   43 |   ABSL_LOG_INTERNAL_CHECK_IMPL(true || (condition), "true")
      |   ^~~~~~~~~~~~~~~~~~~~~~~~~~~~
external/abseil-cpp+/absl/log/absl_check.h:47:3: note: in expansion of macro 'ABSL_LOG_INTERNAL_DCHECK_IMPL'
   47 |   ABSL_LOG_INTERNAL_DCHECK_IMPL((condition), #condition)
      |   ^~~~~~~~~~~~~~~~~~~~~~~~~~~~~
bazel-out/k8-opt-exec-ST-020102668b12/bin/external/protobuf+/src/google/protobuf/_virtual_includes/protobuf/google/protobuf/reflection_visit_fields.h:109:5: note: in expansion of macro 'ABSL_DCHECK'
  109 |     ABSL_DCHECK(!field->options().weak()) << "weak fields are not supported";
      |     ^~~~~~~~~~~
bazel-out/k8-opt-exec-ST-020102668b12/bin/external/protobuf+/src/google/protobuf/_virtual_includes/protobuf/google/protobuf/descriptor.pb.h:19782:13: note: declared here
19782 | inline bool FieldOptions::weak() const {
      |             ^~~~~~~~~~~~
[1,687 / 2,800] Compiling src/google/protobuf/compiler/objectivec/file.cc [for tool]; 3s processwrapper-sandbox ... (4 actions running)
[1,691 / 2,800] Compiling src/google/protobuf/compiler/objectivec/file.cc [for tool]; 5s processwrapper-sandbox ... (4 actions, 3 running)
INFO: From Compiling src/google/protobuf/compiler/rust/accessors/singular_message.cc [for tool]:
In file included from external/protobuf+/src/google/protobuf/compiler/rust/accessors/singular_message.cc:12:
bazel-out/k8-opt-exec-ST-d57f47055a04/bin/external/protobuf+/src/google/protobuf/compiler/cpp/_virtual_includes/names_internal/google/protobuf/compiler/cpp/helpers.h: In function 'bool google::protobuf::compiler::cpp::IsWeak(const google::protobuf::FieldDescriptor*, const Options&)':
bazel-out/k8-opt-exec-ST-d57f47055a04/bin/external/protobuf+/src/google/protobuf/compiler/cpp/_virtual_includes/names_internal/google/protobuf/compiler/cpp/helpers.h:359:28: warning: 'bool google::protobuf::FieldOptions::weak() const' is deprecated [-Wdeprecated-declarations]
  359 |   if (field->options().weak()) {
      |       ~~~~~~~~~~~~~~~~~~~~~^~
In file included from bazel-out/k8-opt-exec-ST-d57f47055a04/bin/external/protobuf+/src/google/protobuf/compiler/_virtual_includes/code_generator_lite/google/protobuf/compiler/code_generator_lite.h:18,
                 from bazel-out/k8-opt-exec-ST-d57f47055a04/bin/external/protobuf+/src/google/protobuf/compiler/_virtual_includes/code_generator/google/protobuf/compiler/code_generator.h:25,
                 from bazel-out/k8-opt-exec-ST-d57f47055a04/bin/external/protobuf+/src/google/protobuf/compiler/cpp/_virtual_includes/names_internal/google/protobuf/compiler/cpp/helpers.h:30:
bazel-out/k8-opt-exec-ST-d57f47055a04/bin/external/protobuf+/src/google/protobuf/_virtual_includes/protobuf/google/protobuf/descriptor.pb.h:19782:13: note: declared here
19782 | inline bool FieldOptions::weak() const {
      |             ^~~~~~~~~~~~
[1,693 / 2,800] Compiling src/google/protobuf/compiler/objectivec/file.cc [for tool]; 6s processwrapper-sandbox ... (4 actions running)
[1,694 / 2,800] Compiling src/google/protobuf/feature_resolver.cc [for tool]; 2s processwrapper-sandbox ... (4 actions, 3 running)
[1,697 / 2,800] Compiling src/google/protobuf/feature_resolver.cc [for tool]; 4s processwrapper-sandbox ... (4 actions running)
INFO: From Compiling src/google/protobuf/compiler/rust/accessors/singular_string.cc [for tool]:
In file included from external/protobuf+/src/google/protobuf/compiler/rust/accessors/singular_string.cc:13:
bazel-out/k8-opt-exec-ST-d57f47055a04/bin/external/protobuf+/src/google/protobuf/compiler/cpp/_virtual_includes/names_internal/google/protobuf/compiler/cpp/helpers.h: In function 'bool google::protobuf::compiler::cpp::IsWeak(const google::protobuf::FieldDescriptor*, const Options&)':
bazel-out/k8-opt-exec-ST-d57f47055a04/bin/external/protobuf+/src/google/protobuf/compiler/cpp/_virtual_includes/names_internal/google/protobuf/compiler/cpp/helpers.h:359:28: warning: 'bool google::protobuf::FieldOptions::weak() const' is deprecated [-Wdeprecated-declarations]
  359 |   if (field->options().weak()) {
      |       ~~~~~~~~~~~~~~~~~~~~~^~
In file included from bazel-out/k8-opt-exec-ST-d57f47055a04/bin/external/protobuf+/src/google/protobuf/compiler/_virtual_includes/code_generator_lite/google/protobuf/compiler/code_generator_lite.h:18,
                 from bazel-out/k8-opt-exec-ST-d57f47055a04/bin/external/protobuf+/src/google/protobuf/compiler/_virtual_includes/code_generator/google/protobuf/compiler/code_generator.h:25,
                 from bazel-out/k8-opt-exec-ST-d57f47055a04/bin/external/protobuf+/src/google/protobuf/compiler/cpp/_virtual_includes/names_internal/google/protobuf/compiler/cpp/helpers.h:30:
bazel-out/k8-opt-exec-ST-d57f47055a04/bin/external/protobuf+/src/google/protobuf/_virtual_includes/protobuf/google/protobuf/descriptor.pb.h:19782:13: note: declared here
19782 | inline bool FieldOptions::weak() const {
      |             ^~~~~~~~~~~~
[1,700 / 2,800] Compiling src/google/protobuf/compiler/objectivec/generator.cc [for tool]; 3s processwrapper-sandbox ... (4 actions, 3 running)
[1,700 / 2,800] Compiling src/google/protobuf/compiler/objectivec/generator.cc [for tool]; 4s processwrapper-sandbox ... (4 actions running)
[1,701 / 2,800] Compiling src/google/protobuf/extension_set_heavy.cc [for tool]; 3s processwrapper-sandbox ... (4 actions, 3 running)
[1,702 / 2,800] Compiling src/google/protobuf/compiler/rust/accessors/with_presence.cc [for tool]; 4s processwrapper-sandbox ... (4 actions, 3 running)
INFO: From Compiling src/google/protobuf/compiler/rust/accessors/with_presence.cc [for tool]:
In file included from external/protobuf+/src/google/protobuf/compiler/rust/accessors/with_presence.cc:13:
bazel-out/k8-opt-exec-ST-d57f47055a04/bin/external/protobuf+/src/google/protobuf/compiler/cpp/_virtual_includes/names_internal/google/protobuf/compiler/cpp/helpers.h: In function 'bool google::protobuf::compiler::cpp::IsWeak(const google::protobuf::FieldDescriptor*, const Options&)':
bazel-out/k8-opt-exec-ST-d57f47055a04/bin/external/protobuf+/src/google/protobuf/compiler/cpp/_virtual_includes/names_internal/google/protobuf/compiler/cpp/helpers.h:359:28: warning: 'bool google::protobuf::FieldOptions::weak() const' is deprecated [-Wdeprecated-declarations]
  359 |   if (field->options().weak()) {
      |       ~~~~~~~~~~~~~~~~~~~~~^~
In file included from bazel-out/k8-opt-exec-ST-d57f47055a04/bin/external/protobuf+/src/google/protobuf/compiler/_virtual_includes/code_generator_lite/google/protobuf/compiler/code_generator_lite.h:18,
                 from bazel-out/k8-opt-exec-ST-d57f47055a04/bin/external/protobuf+/src/google/protobuf/compiler/_virtual_includes/code_generator/google/protobuf/compiler/code_generator.h:25,
                 from bazel-out/k8-opt-exec-ST-d57f47055a04/bin/external/protobuf+/src/google/protobuf/compiler/cpp/_virtual_includes/names_internal/google/protobuf/compiler/cpp/helpers.h:30:
bazel-out/k8-opt-exec-ST-d57f47055a04/bin/external/protobuf+/src/google/protobuf/_virtual_includes/protobuf/google/protobuf/descriptor.pb.h:19782:13: note: declared here
19782 | inline bool FieldOptions::weak() const {
      |             ^~~~~~~~~~~~
[1,704 / 2,800] Compiling src/google/protobuf/compiler/objectivec/helpers.cc [for tool]; 2s processwrapper-sandbox ... (4 actions, 3 running)
[1,724 / 2,800] Compiling src/google/protobuf/compiler/objectivec/helpers.cc [for tool]; 3s processwrapper-sandbox ... (4 actions running)
INFO: From Compiling src/google/protobuf/dynamic_message.cc [for tool]:
external/protobuf+/src/google/protobuf/dynamic_message.cc: In member function 'void google::protobuf::DynamicMessage::CrossLinkPrototypes()':
external/protobuf+/src/google/protobuf/dynamic_message.cc:845:31: warning: 'bool google::protobuf::FieldOptions::weak() const' is deprecated [-Wdeprecated-declarations]
  845 |         !field->options().weak() && !InRealOneof(field) &&
      |          ~~~~~~~~~~~~~~~~~~~~~^~
In file included from external/protobuf+/src/google/protobuf/dynamic_message.cc:57:
bazel-out/k8-opt-exec-ST-020102668b12/bin/external/protobuf+/src/google/protobuf/_virtual_includes/protobuf/google/protobuf/descriptor.pb.h:19782:13: note: declared here
19782 | inline bool FieldOptions::weak() const {
      |             ^~~~~~~~~~~~
[1,725 / 2,800] Compiling src/google/protobuf/compiler/objectivec/helpers.cc [for tool]; 5s processwrapper-sandbox ... (4 actions, 3 running)
[1,727 / 2,800] Compiling src/google/protobuf/util/message_differencer.cc; 4s processwrapper-sandbox ... (4 actions running)
[1,728 / 2,800] Compiling src/google/protobuf/util/message_differencer.cc; 7s processwrapper-sandbox ... (4 actions, 3 running)
INFO: From Compiling src/google/protobuf/compiler/rust/accessors/singular_scalar.cc [for tool]:
In file included from external/protobuf+/src/google/protobuf/compiler/rust/accessors/singular_scalar.cc:13:
bazel-out/k8-opt-exec-ST-d57f47055a04/bin/external/protobuf+/src/google/protobuf/compiler/cpp/_virtual_includes/names_internal/google/protobuf/compiler/cpp/helpers.h: In function 'bool google::protobuf::compiler::cpp::IsWeak(const google::protobuf::FieldDescriptor*, const Options&)':
bazel-out/k8-opt-exec-ST-d57f47055a04/bin/external/protobuf+/src/google/protobuf/compiler/cpp/_virtual_includes/names_internal/google/protobuf/compiler/cpp/helpers.h:359:28: warning: 'bool google::protobuf::FieldOptions::weak() const' is deprecated [-Wdeprecated-declarations]
  359 |   if (field->options().weak()) {
      |       ~~~~~~~~~~~~~~~~~~~~~^~
In file included from bazel-out/k8-opt-exec-ST-d57f47055a04/bin/external/protobuf+/src/google/protobuf/compiler/_virtual_includes/code_generator_lite/google/protobuf/compiler/code_generator_lite.h:18,
                 from bazel-out/k8-opt-exec-ST-d57f47055a04/bin/external/protobuf+/src/google/protobuf/compiler/_virtual_includes/code_generator/google/protobuf/compiler/code_generator.h:25,
                 from bazel-out/k8-opt-exec-ST-d57f47055a04/bin/external/protobuf+/src/google/protobuf/compiler/cpp/_virtual_includes/names_internal/google/protobuf/compiler/cpp/helpers.h:30:
bazel-out/k8-opt-exec-ST-d57f47055a04/bin/external/protobuf+/src/google/protobuf/_virtual_includes/protobuf/google/protobuf/descriptor.pb.h:19782:13: note: declared here
19782 | inline bool FieldOptions::weak() const {
      |             ^~~~~~~~~~~~
[1,730 / 2,800] Compiling src/google/protobuf/descriptor_database.cc [for tool]; 5s processwrapper-sandbox ... (4 actions, 3 running)
[1,730 / 2,800] Compiling src/google/protobuf/descriptor_database.cc [for tool]; 6s processwrapper-sandbox ... (4 actions running)
[1,731 / 2,800] Compiling src/google/protobuf/compiler/objectivec/map_field.cc [for tool]; 4s processwrapper-sandbox ... (4 actions, 3 running)
INFO: From Compiling src/google/protobuf/compiler/rust/accessors/singular_cord.cc [for tool]:
In file included from external/protobuf+/src/google/protobuf/compiler/rust/accessors/singular_cord.cc:12:
bazel-out/k8-opt-exec-ST-d57f47055a04/bin/external/protobuf+/src/google/protobuf/compiler/cpp/_virtual_includes/names_internal/google/protobuf/compiler/cpp/helpers.h: In function 'bool google::protobuf::compiler::cpp::IsWeak(const google::protobuf::FieldDescriptor*, const Options&)':
bazel-out/k8-opt-exec-ST-d57f47055a04/bin/external/protobuf+/src/google/protobuf/compiler/cpp/_virtual_includes/names_internal/google/protobuf/compiler/cpp/helpers.h:359:28: warning: 'bool google::protobuf::FieldOptions::weak() const' is deprecated [-Wdeprecated-declarations]
  359 |   if (field->options().weak()) {
      |       ~~~~~~~~~~~~~~~~~~~~~^~
In file included from bazel-out/k8-opt-exec-ST-d57f47055a04/bin/external/protobuf+/src/google/protobuf/compiler/_virtual_includes/code_generator_lite/google/protobuf/compiler/code_generator_lite.h:18,
                 from bazel-out/k8-opt-exec-ST-d57f47055a04/bin/external/protobuf+/src/google/protobuf/compiler/_virtual_includes/code_generator/google/protobuf/compiler/code_generator.h:25,
                 from bazel-out/k8-opt-exec-ST-d57f47055a04/bin/external/protobuf+/src/google/protobuf/compiler/cpp/_virtual_includes/names_internal/google/protobuf/compiler/cpp/helpers.h:30:
bazel-out/k8-opt-exec-ST-d57f47055a04/bin/external/protobuf+/src/google/protobuf/_virtual_includes/protobuf/google/protobuf/descriptor.pb.h:19782:13: note: declared here
19782 | inline bool FieldOptions::weak() const {
      |             ^~~~~~~~~~~~
[1,733 / 2,800] Compiling src/google/protobuf/util/message_differencer.cc [for tool]; 6s processwrapper-sandbox ... (4 actions, 3 running)
[1,733 / 2,800] Compiling src/google/protobuf/util/message_differencer.cc [for tool]; 7s processwrapper-sandbox ... (4 actions running)
[1,734 / 2,800] Compiling src/google/protobuf/descriptor.pb.cc [for tool]; 4s processwrapper-sandbox ... (4 actions, 3 running)
INFO: From Compiling src/google/protobuf/compiler/rust/accessors/map.cc [for tool]:
In file included from external/protobuf+/src/google/protobuf/compiler/rust/accessors/map.cc:11:
bazel-out/k8-opt-exec-ST-d57f47055a04/bin/external/protobuf+/src/google/protobuf/compiler/cpp/_virtual_includes/names_internal/google/protobuf/compiler/cpp/helpers.h: In function 'bool google::protobuf::compiler::cpp::IsWeak(const google::protobuf::FieldDescriptor*, const Options&)':
bazel-out/k8-opt-exec-ST-d57f47055a04/bin/external/protobuf+/src/google/protobuf/compiler/cpp/_virtual_includes/names_internal/google/protobuf/compiler/cpp/helpers.h:359:28: warning: 'bool google::protobuf::FieldOptions::weak() const' is deprecated [-Wdeprecated-declarations]
  359 |   if (field->options().weak()) {
      |       ~~~~~~~~~~~~~~~~~~~~~^~
In file included from bazel-out/k8-opt-exec-ST-d57f47055a04/bin/external/protobuf+/src/google/protobuf/compiler/_virtual_includes/code_generator_lite/google/protobuf/compiler/code_generator_lite.h:18,
                 from bazel-out/k8-opt-exec-ST-d57f47055a04/bin/external/protobuf+/src/google/protobuf/compiler/_virtual_includes/code_generator/google/protobuf/compiler/code_generator.h:25,
                 from bazel-out/k8-opt-exec-ST-d57f47055a04/bin/external/protobuf+/src/google/protobuf/compiler/cpp/_virtual_includes/names_internal/google/protobuf/compiler/cpp/helpers.h:30:
bazel-out/k8-opt-exec-ST-d57f47055a04/bin/external/protobuf+/src/google/protobuf/_virtual_includes/protobuf/google/protobuf/descriptor.pb.h:19782:13: note: declared here
19782 | inline bool FieldOptions::weak() const {
      |             ^~~~~~~~~~~~
[1,735 / 2,800] Compiling src/google/protobuf/descriptor.pb.cc [for tool]; 6s processwrapper-sandbox ... (4 actions, 3 running)
[1,735 / 2,800] Compiling src/google/protobuf/descriptor.pb.cc [for tool]; 7s processwrapper-sandbox ... (4 actions running)
[1,738 / 2,800] Compiling src/google/protobuf/compiler/rust/accessors/accessors.cc [for tool]; 2s processwrapper-sandbox ... (4 actions, 3 running)
[1,738 / 2,800] Compiling src/google/protobuf/compiler/rust/accessors/accessors.cc [for tool]; 4s processwrapper-sandbox ... (4 actions running)
[1,741 / 2,800] Compiling src/google/protobuf/compiler/objectivec/message_field.cc [for tool]; 3s processwrapper-sandbox ... (4 actions running)
[1,745 / 2,800] Compiling src/google/protobuf/compiler/objectivec/message_field.cc [for tool]; 5s processwrapper-sandbox ... (4 actions, 3 running)
[1,746 / 2,800] Compiling src/google/protobuf/descriptor.cc [for tool]; 5s processwrapper-sandbox ... (4 actions running)
[1,768 / 2,800] Compiling src/google/protobuf/descriptor.cc [for tool]; 6s processwrapper-sandbox ... (4 actions, 3 running)
[1,771 / 2,800] Compiling src/google/protobuf/descriptor.cc [for tool]; 8s processwrapper-sandbox ... (4 actions, 3 running)
[1,773 / 2,800] Compiling src/google/protobuf/descriptor.cc [for tool]; 9s processwrapper-sandbox ... (4 actions running)
[1,774 / 2,800] Compiling src/google/protobuf/descriptor.cc [for tool]; 10s processwrapper-sandbox ... (4 actions, 3 running)
INFO: From Compiling src/google/protobuf/compiler/rust/oneof.cc [for tool]:
In file included from external/protobuf+/src/google/protobuf/compiler/rust/oneof.cc:16:
bazel-out/k8-opt-exec-ST-d57f47055a04/bin/external/protobuf+/src/google/protobuf/compiler/cpp/_virtual_includes/names_internal/google/protobuf/compiler/cpp/helpers.h: In function 'bool google::protobuf::compiler::cpp::IsWeak(const google::protobuf::FieldDescriptor*, const Options&)':
bazel-out/k8-opt-exec-ST-d57f47055a04/bin/external/protobuf+/src/google/protobuf/compiler/cpp/_virtual_includes/names_internal/google/protobuf/compiler/cpp/helpers.h:359:28: warning: 'bool google::protobuf::FieldOptions::weak() const' is deprecated [-Wdeprecated-declarations]
  359 |   if (field->options().weak()) {
      |       ~~~~~~~~~~~~~~~~~~~~~^~
In file included from bazel-out/k8-opt-exec-ST-d57f47055a04/bin/external/protobuf+/src/google/protobuf/compiler/_virtual_includes/code_generator_lite/google/protobuf/compiler/code_generator_lite.h:18,
                 from bazel-out/k8-opt-exec-ST-d57f47055a04/bin/external/protobuf+/src/google/protobuf/compiler/_virtual_includes/code_generator/google/protobuf/compiler/code_generator.h:25,
                 from bazel-out/k8-opt-exec-ST-d57f47055a04/bin/external/protobuf+/src/google/protobuf/compiler/cpp/_virtual_includes/names_internal/google/protobuf/compiler/cpp/helpers.h:30:
bazel-out/k8-opt-exec-ST-d57f47055a04/bin/external/protobuf+/src/google/protobuf/_virtual_includes/protobuf/google/protobuf/descriptor.pb.h:19782:13: note: declared here
19782 | inline bool FieldOptions::weak() const {
      |             ^~~~~~~~~~~~
[1,775 / 2,800] Compiling src/google/protobuf/descriptor.cc [for tool]; 11s processwrapper-sandbox ... (4 actions, 3 running)
[1,778 / 2,800] Compiling src/google/protobuf/descriptor.cc [for tool]; 13s processwrapper-sandbox ... (4 actions, 3 running)
[1,780 / 2,800] Compiling src/google/protobuf/descriptor.cc [for tool]; 14s processwrapper-sandbox ... (4 actions running)
[1,781 / 2,800] Compiling src/google/protobuf/descriptor.cc [for tool]; 15s processwrapper-sandbox ... (4 actions, 3 running)
INFO: From Compiling src/google/protobuf/compiler/rust/message.cc [for tool]:
In file included from external/protobuf+/src/google/protobuf/compiler/rust/message.cc:20:
bazel-out/k8-opt-exec-ST-d57f47055a04/bin/external/protobuf+/src/google/protobuf/compiler/cpp/_virtual_includes/names_internal/google/protobuf/compiler/cpp/helpers.h: In function 'bool google::protobuf::compiler::cpp::IsWeak(const google::protobuf::FieldDescriptor*, const Options&)':
bazel-out/k8-opt-exec-ST-d57f47055a04/bin/external/protobuf+/src/google/protobuf/compiler/cpp/_virtual_includes/names_internal/google/protobuf/compiler/cpp/helpers.h:359:28: warning: 'bool google::protobuf::FieldOptions::weak() const' is deprecated [-Wdeprecated-declarations]
  359 |   if (field->options().weak()) {
      |       ~~~~~~~~~~~~~~~~~~~~~^~
In file included from bazel-out/k8-opt-exec-ST-d57f47055a04/bin/external/protobuf+/src/google/protobuf/compiler/_virtual_includes/code_generator_lite/google/protobuf/compiler/code_generator_lite.h:18,
                 from bazel-out/k8-opt-exec-ST-d57f47055a04/bin/external/protobuf+/src/google/protobuf/compiler/_virtual_includes/code_generator/google/protobuf/compiler/code_generator.h:25,
                 from bazel-out/k8-opt-exec-ST-d57f47055a04/bin/external/protobuf+/src/google/protobuf/compiler/cpp/_virtual_includes/names_internal/google/protobuf/compiler/cpp/helpers.h:30:
bazel-out/k8-opt-exec-ST-d57f47055a04/bin/external/protobuf+/src/google/protobuf/_virtual_includes/protobuf/google/protobuf/descriptor.pb.h:19782:13: note: declared here
19782 | inline bool FieldOptions::weak() const {
      |             ^~~~~~~~~~~~
[1,784 / 2,800] Compiling src/google/protobuf/descriptor.cc [for tool]; 17s processwrapper-sandbox ... (4 actions running)
[1,785 / 2,800] Compiling src/google/protobuf/descriptor.cc [for tool]; 18s processwrapper-sandbox ... (4 actions running)
[1,788 / 2,800] Compiling src/google/protobuf/descriptor.cc [for tool]; 19s processwrapper-sandbox ... (4 actions running)
[1,789 / 2,800] Compiling src/google/protobuf/descriptor.cc [for tool]; 21s processwrapper-sandbox ... (4 actions, 3 running)
[1,789 / 2,800] Compiling src/google/protobuf/descriptor.cc [for tool]; 22s processwrapper-sandbox ... (4 actions running)
[1,811 / 2,800] Compiling src/google/protobuf/descriptor.cc [for tool]; 24s processwrapper-sandbox ... (4 actions, 3 running)
[1,812 / 2,800] Compiling src/google/protobuf/descriptor.cc [for tool]; 25s processwrapper-sandbox ... (4 actions, 3 running)
[1,813 / 2,800] Compiling src/google/protobuf/descriptor.cc [for tool]; 26s processwrapper-sandbox ... (4 actions running)
INFO: From Compiling src/google/protobuf/descriptor.cc [for tool]:
external/protobuf+/src/google/protobuf/descriptor.cc: In member function 'void google::protobuf::DescriptorBuilder::CrossLinkField(google::protobuf::FieldDescriptor*, const google::protobuf::FieldDescriptorProto&)':
external/protobuf+/src/google/protobuf/descriptor.cc:8005:65: warning: 'bool google::protobuf::FieldOptions::weak() const' is deprecated [-Wdeprecated-declarations]
 8005 |     bool is_weak = !pool_->enforce_weak_ && proto.options().weak();
      |                                             ~~~~~~~~~~~~~~~~~~~~^~
In file included from bazel-out/k8-opt-exec-ST-020102668b12/bin/external/protobuf+/src/google/protobuf/_virtual_includes/protobuf/google/protobuf/cpp_features.pb.h:34,
                 from external/protobuf+/src/google/protobuf/descriptor.cc:72:
bazel-out/k8-opt-exec-ST-020102668b12/bin/external/protobuf+/src/google/protobuf/_virtual_includes/protobuf/google/protobuf/descriptor.pb.h:19782:13: note: declared here
19782 | inline bool FieldOptions::weak() const {
      |             ^~~~~~~~~~~~
external/protobuf+/src/google/protobuf/descriptor.cc: In function 'google::protobuf::internal::cpp::HasbitMode google::protobuf::internal::cpp::GetFieldHasbitModeWithoutProfile(const google::protobuf::FieldDescriptor*)':
external/protobuf+/src/google/protobuf/descriptor.cc:10707:62: warning: 'bool google::protobuf::FieldOptions::weak() const' is deprecated [-Wdeprecated-declarations]
10707 |   if (field->real_containing_oneof() || field->options().weak() ||
      |                                         ~~~~~~~~~~~~~~~~~~~~~^~
bazel-out/k8-opt-exec-ST-020102668b12/bin/external/protobuf+/src/google/protobuf/_virtual_includes/protobuf/google/protobuf/descriptor.pb.h:19782:13: note: declared here
19782 | inline bool FieldOptions::weak() const {
      |             ^~~~~~~~~~~~
[1,815 / 2,800] Compiling src/google/protobuf/compiler/java/name_resolver.cc [for tool]; 2s processwrapper-sandbox ... (4 actions running)
[1,816 / 2,800] Compiling src/google/protobuf/compiler/php/php_generator.cc [for tool]; 4s processwrapper-sandbox ... (4 actions, 3 running)
[1,817 / 2,800] Compiling src/google/protobuf/compiler/php/php_generator.cc [for tool]; 5s processwrapper-sandbox ... (4 actions running)
[1,818 / 2,800] Compiling src/google/protobuf/compiler/php/php_generator.cc [for tool]; 6s processwrapper-sandbox ... (4 actions running)
[1,819 / 2,800] Compiling src/google/protobuf/compiler/php/php_generator.cc [for tool]; 7s processwrapper-sandbox ... (4 actions running)
[1,820 / 2,800] Compiling src/google/protobuf/compiler/java/name_resolver.cc [for tool]; 4s processwrapper-sandbox ... (4 actions, 3 running)
[1,821 / 2,800] Compiling src/google/protobuf/compiler/java/helpers.cc [for tool]; 4s processwrapper-sandbox ... (4 actions running)
[1,822 / 2,800] Compiling src/google/protobuf/compiler/java/helpers.cc [for tool]; 5s processwrapper-sandbox ... (4 actions running)
[1,826 / 2,800] Compiling src/google/protobuf/compiler/java/doc_comment.cc [for tool]; 3s processwrapper-sandbox ... (4 actions, 3 running)
[1,828 / 2,800] Compiling src/google/protobuf/compiler/python/generator.cc [for tool]; 2s processwrapper-sandbox ... (4 actions, 3 running)
[1,828 / 2,800] Compiling src/google/protobuf/compiler/python/generator.cc [for tool]; 3s processwrapper-sandbox ... (4 actions running)
[1,829 / 2,800] Compiling src/google/protobuf/compiler/python/generator.cc [for tool]; 5s processwrapper-sandbox ... (4 actions, 3 running)
[1,829 / 2,800] Compiling src/google/protobuf/compiler/python/generator.cc [for tool]; 6s processwrapper-sandbox ... (4 actions running)
[1,832 / 2,800] Compiling src/google/protobuf/compiler/python/generator.cc [for tool]; 7s processwrapper-sandbox ... (4 actions running)
[1,844 / 2,800] Compiling src/google/protobuf/compiler/python/generator.cc [for tool]; 9s processwrapper-sandbox ... (4 actions, 3 running)
[1,845 / 2,800] Compiling src/google/protobuf/compiler/java/field_common.cc [for tool]; 3s processwrapper-sandbox ... (4 actions running)
[1,846 / 2,800] Compiling src/google/protobuf/compiler/java/field_common.cc [for tool]; 6s processwrapper-sandbox ... (4 actions, 3 running)
[1,849 / 2,800] Compiling src/google/protobuf/compiler/code_generator.cc [for tool]; 1s processwrapper-sandbox ... (4 actions running)
[1,850 / 2,800] Compiling src/google/protobuf/compiler/java/full/service.cc [for tool]; 3s processwrapper-sandbox ... (4 actions, 3 running)
[1,852 / 2,800] Compiling src/google/protobuf/compiler/java/full/service.cc [for tool]; 5s processwrapper-sandbox ... (4 actions running)
[1,855 / 2,800] Compiling src/google/protobuf/compiler/java/field_common.cc [for tool]; 6s processwrapper-sandbox ... (4 actions running)
[1,874 / 2,800] Compiling src/google/protobuf/compiler/cpp/helpers.cc [for tool]; 4s processwrapper-sandbox ... (4 actions running)
[1,875 / 2,800] Compiling src/google/protobuf/compiler/cpp/helpers.cc [for tool]; 7s processwrapper-sandbox ... (4 actions, 3 running)
[1,875 / 2,800] Compiling src/google/protobuf/compiler/cpp/helpers.cc [for tool]; 8s processwrapper-sandbox ... (4 actions running)
[1,877 / 2,800] Compiling src/google/protobuf/compiler/cpp/helpers.cc [for tool]; 10s processwrapper-sandbox ... (4 actions running)
INFO: From Compiling src/google/protobuf/compiler/cpp/helpers.cc [for tool]:
In file included from external/protobuf+/src/google/protobuf/compiler/cpp/helpers.cc:12:
bazel-out/k8-opt-exec-ST-020102668b12/bin/external/protobuf+/src/google/protobuf/compiler/cpp/_virtual_includes/names_internal/google/protobuf/compiler/cpp/helpers.h: In function 'bool google::protobuf::compiler::cpp::IsWeak(const google::protobuf::FieldDescriptor*, const Options&)':
bazel-out/k8-opt-exec-ST-020102668b12/bin/external/protobuf+/src/google/protobuf/compiler/cpp/_virtual_includes/names_internal/google/protobuf/compiler/cpp/helpers.h:359:28: warning: 'bool google::protobuf::FieldOptions::weak() const' is deprecated [-Wdeprecated-declarations]
  359 |   if (field->options().weak()) {
      |       ~~~~~~~~~~~~~~~~~~~~~^~
In file included from bazel-out/k8-opt-exec-ST-020102668b12/bin/external/protobuf+/src/google/protobuf/compiler/_virtual_includes/code_generator_lite/google/protobuf/compiler/code_generator_lite.h:18,
                 from bazel-out/k8-opt-exec-ST-020102668b12/bin/external/protobuf+/src/google/protobuf/compiler/_virtual_includes/code_generator/google/protobuf/compiler/code_generator.h:25,
                 from bazel-out/k8-opt-exec-ST-020102668b12/bin/external/protobuf+/src/google/protobuf/compiler/cpp/_virtual_includes/names_internal/google/protobuf/compiler/cpp/helpers.h:30:
bazel-out/k8-opt-exec-ST-020102668b12/bin/external/protobuf+/src/google/protobuf/_virtual_includes/protobuf/google/protobuf/descriptor.pb.h:19782:13: note: declared here
19782 | inline bool FieldOptions::weak() const {
      |             ^~~~~~~~~~~~
external/protobuf+/src/google/protobuf/compiler/cpp/helpers.cc: In member function 'google::protobuf::compiler::cpp::MessageAnalysis google::protobuf::compiler::cpp::MessageSCCAnalyzer::GetSCCAnalysis(const google::protobuf::compiler::SCC*)':
external/protobuf+/src/google/protobuf/compiler/cpp/helpers.cc:1736:32: warning: 'bool google::protobuf::FieldOptions::weak() const' is deprecated [-Wdeprecated-declarations]
 1736 |       if (field->options().weak()) {
      |           ~~~~~~~~~~~~~~~~~~~~~^~
bazel-out/k8-opt-exec-ST-020102668b12/bin/external/protobuf+/src/google/protobuf/_virtual_includes/protobuf/google/protobuf/descriptor.pb.h:19782:13: note: declared here
19782 | inline bool FieldOptions::weak() const {
      |             ^~~~~~~~~~~~
[1,878 / 2,800] Compiling src/google/protobuf/compiler/java/lite/extension.cc [for tool]; 4s processwrapper-sandbox ... (4 actions, 3 running)
[1,879 / 2,800] Compiling src/google/protobuf/compiler/java/internal_helpers.cc [for tool]; 4s processwrapper-sandbox ... (4 actions running)
[1,882 / 2,800] Compiling src/google/protobuf/compiler/java/internal_helpers.cc [for tool]; 5s processwrapper-sandbox ... (4 actions, 3 running)
[1,882 / 2,800] Compiling src/google/protobuf/compiler/java/internal_helpers.cc [for tool]; 7s processwrapper-sandbox ... (4 actions running)
[1,883 / 2,800] Compiling src/google/protobuf/compiler/java/lite/enum_field.cc [for tool]; 5s processwrapper-sandbox ... (4 actions running)
[1,884 / 2,800] Compiling src/google/protobuf/compiler/rust/context.cc [for tool]; 4s processwrapper-sandbox ... (4 actions, 3 running)
[1,887 / 2,800] Compiling src/google/protobuf/compiler/java/lite/string_field.cc [for tool]; 3s processwrapper-sandbox ... (4 actions, 3 running)
[1,888 / 2,800] Compiling src/google/protobuf/compiler/java/lite/string_field.cc [for tool]; 4s processwrapper-sandbox ... (4 actions running)
[1,889 / 2,800] Compiling src/google/protobuf/compiler/java/lite/message_builder.cc [for tool]; 4s processwrapper-sandbox ... (4 actions, 3 running)
[1,897 / 2,800] Compiling src/google/protobuf/compiler/rust/naming.cc [for tool]; 3s processwrapper-sandbox ... (4 actions, 3 running)
[1,898 / 2,800] Compiling src/google/protobuf/compiler/rust/naming.cc [for tool]; 4s processwrapper-sandbox ... (4 actions running)
INFO: From Compiling src/google/protobuf/compiler/rust/naming.cc [for tool]:
In file included from external/protobuf+/src/google/protobuf/compiler/rust/naming.cc:26:
bazel-out/k8-opt-exec-ST-020102668b12/bin/external/protobuf+/src/google/protobuf/compiler/cpp/_virtual_includes/names_internal/google/protobuf/compiler/cpp/helpers.h: In function 'bool google::protobuf::compiler::cpp::IsWeak(const google::protobuf::FieldDescriptor*, const Options&)':
bazel-out/k8-opt-exec-ST-020102668b12/bin/external/protobuf+/src/google/protobuf/compiler/cpp/_virtual_includes/names_internal/google/protobuf/compiler/cpp/helpers.h:359:28: warning: 'bool google::protobuf::FieldOptions::weak() const' is deprecated [-Wdeprecated-declarations]
  359 |   if (field->options().weak()) {
      |       ~~~~~~~~~~~~~~~~~~~~~^~
In file included from bazel-out/k8-opt-exec-ST-020102668b12/bin/external/protobuf+/src/google/protobuf/compiler/rust/_virtual_includes/naming/google/protobuf/compiler/rust/naming.h:17,
                 from external/protobuf+/src/google/protobuf/compiler/rust/naming.cc:8:
bazel-out/k8-opt-exec-ST-020102668b12/bin/external/protobuf+/src/google/protobuf/_virtual_includes/protobuf/google/protobuf/descriptor.pb.h:19782:13: note: declared here
19782 | inline bool FieldOptions::weak() const {
      |             ^~~~~~~~~~~~
[1,900 / 2,800] Compiling src/google/protobuf/compiler/java/lite/primitive_field.cc [for tool]; 4s processwrapper-sandbox ... (4 actions running)
[1,902 / 2,800] Compiling src/google/protobuf/compiler/java/lite/primitive_field.cc [for tool]; 5s processwrapper-sandbox ... (4 actions running)
[1,903 / 2,800] Compiling src/google/protobuf/compiler/java/lite/primitive_field.cc [for tool]; 6s processwrapper-sandbox ... (4 actions, 3 running)
[1,904 / 2,800] Compiling src/google/protobuf/compiler/java/lite/extension.cc [for tool]; 3s processwrapper-sandbox ... (4 actions running)
[1,905 / 2,800] Compiling src/google/protobuf/compiler/java/lite/extension.cc [for tool]; 4s processwrapper-sandbox ... (4 actions running)
[1,907 / 2,800] Compiling src/google/protobuf/compiler/rust/accessors/with_presence.cc [for tool]; 4s processwrapper-sandbox ... (4 actions running)
INFO: From Compiling src/google/protobuf/compiler/rust/accessors/with_presence.cc [for tool]:
In file included from external/protobuf+/src/google/protobuf/compiler/rust/accessors/with_presence.cc:13:
bazel-out/k8-opt-exec-ST-020102668b12/bin/external/protobuf+/src/google/protobuf/compiler/cpp/_virtual_includes/names_internal/google/protobuf/compiler/cpp/helpers.h: In function 'bool google::protobuf::compiler::cpp::IsWeak(const google::protobuf::FieldDescriptor*, const Options&)':
bazel-out/k8-opt-exec-ST-020102668b12/bin/external/protobuf+/src/google/protobuf/compiler/cpp/_virtual_includes/names_internal/google/protobuf/compiler/cpp/helpers.h:359:28: warning: 'bool google::protobuf::FieldOptions::weak() const' is deprecated [-Wdeprecated-declarations]
  359 |   if (field->options().weak()) {
      |       ~~~~~~~~~~~~~~~~~~~~~^~
In file included from bazel-out/k8-opt-exec-ST-020102668b12/bin/external/protobuf+/src/google/protobuf/compiler/_virtual_includes/code_generator_lite/google/protobuf/compiler/code_generator_lite.h:18,
                 from bazel-out/k8-opt-exec-ST-020102668b12/bin/external/protobuf+/src/google/protobuf/compiler/_virtual_includes/code_generator/google/protobuf/compiler/code_generator.h:25,
                 from bazel-out/k8-opt-exec-ST-020102668b12/bin/external/protobuf+/src/google/protobuf/compiler/cpp/_virtual_includes/names_internal/google/protobuf/compiler/cpp/helpers.h:30:
bazel-out/k8-opt-exec-ST-020102668b12/bin/external/protobuf+/src/google/protobuf/_virtual_includes/protobuf/google/protobuf/descriptor.pb.h:19782:13: note: declared here
19782 | inline bool FieldOptions::weak() const {
      |             ^~~~~~~~~~~~
[1,908 / 2,800] Compiling src/google/protobuf/compiler/java/lite/message_field.cc [for tool]; 5s processwrapper-sandbox ... (4 actions running)
[1,909 / 2,800] Compiling src/google/protobuf/compiler/rust/generator.cc [for tool]; 4s processwrapper-sandbox ... (4 actions, 3 running)
[1,910 / 2,800] Compiling src/google/protobuf/compiler/rust/generator.cc [for tool]; 6s processwrapper-sandbox ... (4 actions running)
[1,911 / 2,800] Compiling src/google/protobuf/compiler/rust/generator.cc [for tool]; 7s processwrapper-sandbox ... (4 actions running)
[1,912 / 2,800] Compiling src/google/protobuf/compiler/java/lite/map_field.cc [for tool]; 3s processwrapper-sandbox ... (4 actions running)
[1,918 / 2,800] Compiling src/google/protobuf/compiler/java/lite/map_field.cc [for tool]; 5s processwrapper-sandbox ... (4 actions, 3 running)
[1,921 / 2,800] Compiling src/google/protobuf/compiler/rust/accessors/singular_string.cc [for tool]; 4s processwrapper-sandbox ... (4 actions, 3 running)
INFO: From Compiling src/google/protobuf/compiler/rust/accessors/singular_string.cc [for tool]:
In file included from external/protobuf+/src/google/protobuf/compiler/rust/accessors/singular_string.cc:13:
bazel-out/k8-opt-exec-ST-020102668b12/bin/external/protobuf+/src/google/protobuf/compiler/cpp/_virtual_includes/names_internal/google/protobuf/compiler/cpp/helpers.h: In function 'bool google::protobuf::compiler::cpp::IsWeak(const google::protobuf::FieldDescriptor*, const Options&)':
bazel-out/k8-opt-exec-ST-020102668b12/bin/external/protobuf+/src/google/protobuf/compiler/cpp/_virtual_includes/names_internal/google/protobuf/compiler/cpp/helpers.h:359:28: warning: 'bool google::protobuf::FieldOptions::weak() const' is deprecated [-Wdeprecated-declarations]
  359 |   if (field->options().weak()) {
      |       ~~~~~~~~~~~~~~~~~~~~~^~
In file included from bazel-out/k8-opt-exec-ST-020102668b12/bin/external/protobuf+/src/google/protobuf/compiler/_virtual_includes/code_generator_lite/google/protobuf/compiler/code_generator_lite.h:18,
                 from bazel-out/k8-opt-exec-ST-020102668b12/bin/external/protobuf+/src/google/protobuf/compiler/_virtual_includes/code_generator/google/protobuf/compiler/code_generator.h:25,
                 from bazel-out/k8-opt-exec-ST-020102668b12/bin/external/protobuf+/src/google/protobuf/compiler/cpp/_virtual_includes/names_internal/google/protobuf/compiler/cpp/helpers.h:30:
bazel-out/k8-opt-exec-ST-020102668b12/bin/external/protobuf+/src/google/protobuf/_virtual_includes/protobuf/google/protobuf/descriptor.pb.h:19782:13: note: declared here
19782 | inline bool FieldOptions::weak() const {
      |             ^~~~~~~~~~~~
[1,924 / 2,800] Compiling src/google/protobuf/compiler/java/lite/message_builder.cc [for tool]; 2s processwrapper-sandbox ... (4 actions, 3 running)
[1,927 / 2,800] Compiling src/google/protobuf/compiler/java/lite/message_builder.cc [for tool]; 4s processwrapper-sandbox ... (4 actions, 3 running)
[1,928 / 2,800] Compiling src/google/protobuf/compiler/java/lite/message_builder.cc [for tool]; 5s processwrapper-sandbox ... (4 actions running)
[1,931 / 2,800] Compiling src/google/protobuf/compiler/java/lite/map_field.cc [for tool]; 4s processwrapper-sandbox ... (4 actions running)
INFO: From Compiling src/google/protobuf/compiler/rust/accessors/singular_scalar.cc [for tool]:
In file included from external/protobuf+/src/google/protobuf/compiler/rust/accessors/singular_scalar.cc:13:
bazel-out/k8-opt-exec-ST-020102668b12/bin/external/protobuf+/src/google/protobuf/compiler/cpp/_virtual_includes/names_internal/google/protobuf/compiler/cpp/helpers.h: In function 'bool google::protobuf::compiler::cpp::IsWeak(const google::protobuf::FieldDescriptor*, const Options&)':
bazel-out/k8-opt-exec-ST-020102668b12/bin/external/protobuf+/src/google/protobuf/compiler/cpp/_virtual_includes/names_internal/google/protobuf/compiler/cpp/helpers.h:359:28: warning: 'bool google::protobuf::FieldOptions::weak() const' is deprecated [-Wdeprecated-declarations]
  359 |   if (field->options().weak()) {
      |       ~~~~~~~~~~~~~~~~~~~~~^~
In file included from bazel-out/k8-opt-exec-ST-020102668b12/bin/external/protobuf+/src/google/protobuf/compiler/_virtual_includes/code_generator_lite/google/protobuf/compiler/code_generator_lite.h:18,
                 from bazel-out/k8-opt-exec-ST-020102668b12/bin/external/protobuf+/src/google/protobuf/compiler/_virtual_includes/code_generator/google/protobuf/compiler/code_generator.h:25,
                 from bazel-out/k8-opt-exec-ST-020102668b12/bin/external/protobuf+/src/google/protobuf/compiler/cpp/_virtual_includes/names_internal/google/protobuf/compiler/cpp/helpers.h:30:
bazel-out/k8-opt-exec-ST-020102668b12/bin/external/protobuf+/src/google/protobuf/_virtual_includes/protobuf/google/protobuf/descriptor.pb.h:19782:13: note: declared here
19782 | inline bool FieldOptions::weak() const {
      |             ^~~~~~~~~~~~
[1,935 / 2,800] Compiling src/google/protobuf/compiler/java/lite/map_field.cc [for tool]; 5s processwrapper-sandbox ... (4 actions, 3 running)
[1,936 / 2,800] Compiling src/google/protobuf/compiler/java/lite/enum_field.cc [for tool]; 3s processwrapper-sandbox ... (4 actions running)
[1,937 / 2,800] Compiling src/google/protobuf/compiler/rust/message.cc [for tool]; 5s processwrapper-sandbox ... (4 actions, 3 running)
INFO: From Compiling src/google/protobuf/compiler/rust/accessors/singular_message.cc [for tool]:
In file included from external/protobuf+/src/google/protobuf/compiler/rust/accessors/singular_message.cc:12:
bazel-out/k8-opt-exec-ST-020102668b12/bin/external/protobuf+/src/google/protobuf/compiler/cpp/_virtual_includes/names_internal/google/protobuf/compiler/cpp/helpers.h: In function 'bool google::protobuf::compiler::cpp::IsWeak(const google::protobuf::FieldDescriptor*, const Options&)':
bazel-out/k8-opt-exec-ST-020102668b12/bin/external/protobuf+/src/google/protobuf/compiler/cpp/_virtual_includes/names_internal/google/protobuf/compiler/cpp/helpers.h:359:28: warning: 'bool google::protobuf::FieldOptions::weak() const' is deprecated [-Wdeprecated-declarations]
  359 |   if (field->options().weak()) {
      |       ~~~~~~~~~~~~~~~~~~~~~^~
In file included from bazel-out/k8-opt-exec-ST-020102668b12/bin/external/protobuf+/src/google/protobuf/compiler/_virtual_includes/code_generator_lite/google/protobuf/compiler/code_generator_lite.h:18,
                 from bazel-out/k8-opt-exec-ST-020102668b12/bin/external/protobuf+/src/google/protobuf/compiler/_virtual_includes/code_generator/google/protobuf/compiler/code_generator.h:25,
                 from bazel-out/k8-opt-exec-ST-020102668b12/bin/external/protobuf+/src/google/protobuf/compiler/cpp/_virtual_includes/names_internal/google/protobuf/compiler/cpp/helpers.h:30:
bazel-out/k8-opt-exec-ST-020102668b12/bin/external/protobuf+/src/google/protobuf/_virtual_includes/protobuf/google/protobuf/descriptor.pb.h:19782:13: note: declared here
19782 | inline bool FieldOptions::weak() const {
      |             ^~~~~~~~~~~~
[1,938 / 2,800] Compiling src/google/protobuf/compiler/rust/message.cc [for tool]; 7s processwrapper-sandbox ... (4 actions running)
INFO: From Compiling src/google/protobuf/compiler/rust/message.cc [for tool]:
In file included from external/protobuf+/src/google/protobuf/compiler/rust/message.cc:20:
bazel-out/k8-opt-exec-ST-020102668b12/bin/external/protobuf+/src/google/protobuf/compiler/cpp/_virtual_includes/names_internal/google/protobuf/compiler/cpp/helpers.h: In function 'bool google::protobuf::compiler::cpp::IsWeak(const google::protobuf::FieldDescriptor*, const Options&)':
bazel-out/k8-opt-exec-ST-020102668b12/bin/external/protobuf+/src/google/protobuf/compiler/cpp/_virtual_includes/names_internal/google/protobuf/compiler/cpp/helpers.h:359:28: warning: 'bool google::protobuf::FieldOptions::weak() const' is deprecated [-Wdeprecated-declarations]
  359 |   if (field->options().weak()) {
      |       ~~~~~~~~~~~~~~~~~~~~~^~
In file included from bazel-out/k8-opt-exec-ST-020102668b12/bin/external/protobuf+/src/google/protobuf/compiler/_virtual_includes/code_generator_lite/google/protobuf/compiler/code_generator_lite.h:18,
                 from bazel-out/k8-opt-exec-ST-020102668b12/bin/external/protobuf+/src/google/protobuf/compiler/_virtual_includes/code_generator/google/protobuf/compiler/code_generator.h:25,
                 from bazel-out/k8-opt-exec-ST-020102668b12/bin/external/protobuf+/src/google/protobuf/compiler/cpp/_virtual_includes/names_internal/google/protobuf/compiler/cpp/helpers.h:30:
bazel-out/k8-opt-exec-ST-020102668b12/bin/external/protobuf+/src/google/protobuf/_virtual_includes/protobuf/google/protobuf/descriptor.pb.h:19782:13: note: declared here
19782 | inline bool FieldOptions::weak() const {
      |             ^~~~~~~~~~~~
[1,940 / 2,800] Compiling src/google/protobuf/compiler/java/lite/extension.cc [for tool]; 3s processwrapper-sandbox ... (4 actions, 3 running)
[1,941 / 2,800] Compiling src/google/protobuf/compiler/rust/accessors/singular_cord.cc [for tool]; 3s processwrapper-sandbox ... (4 actions, 3 running)
INFO: From Compiling src/google/protobuf/compiler/rust/accessors/singular_cord.cc [for tool]:
In file included from external/protobuf+/src/google/protobuf/compiler/rust/accessors/singular_cord.cc:12:
bazel-out/k8-opt-exec-ST-020102668b12/bin/external/protobuf+/src/google/protobuf/compiler/cpp/_virtual_includes/names_internal/google/protobuf/compiler/cpp/helpers.h: In function 'bool google::protobuf::compiler::cpp::IsWeak(const google::protobuf::FieldDescriptor*, const Options&)':
bazel-out/k8-opt-exec-ST-020102668b12/bin/external/protobuf+/src/google/protobuf/compiler/cpp/_virtual_includes/names_internal/google/protobuf/compiler/cpp/helpers.h:359:28: warning: 'bool google::protobuf::FieldOptions::weak() const' is deprecated [-Wdeprecated-declarations]
  359 |   if (field->options().weak()) {
      |       ~~~~~~~~~~~~~~~~~~~~~^~
In file included from bazel-out/k8-opt-exec-ST-020102668b12/bin/external/protobuf+/src/google/protobuf/compiler/_virtual_includes/code_generator_lite/google/protobuf/compiler/code_generator_lite.h:18,
                 from bazel-out/k8-opt-exec-ST-020102668b12/bin/external/protobuf+/src/google/protobuf/compiler/_virtual_includes/code_generator/google/protobuf/compiler/code_generator.h:25,
                 from bazel-out/k8-opt-exec-ST-020102668b12/bin/external/protobuf+/src/google/protobuf/compiler/cpp/_virtual_includes/names_internal/google/protobuf/compiler/cpp/helpers.h:30:
bazel-out/k8-opt-exec-ST-020102668b12/bin/external/protobuf+/src/google/protobuf/_virtual_includes/protobuf/google/protobuf/descriptor.pb.h:19782:13: note: declared here
19782 | inline bool FieldOptions::weak() const {
      |             ^~~~~~~~~~~~
[1,942 / 2,800] Compiling src/google/protobuf/compiler/rust/oneof.cc [for tool]; 3s processwrapper-sandbox ... (4 actions, 3 running)
[1,942 / 2,800] Compiling src/google/protobuf/compiler/rust/oneof.cc [for tool]; 4s processwrapper-sandbox ... (4 actions running)
INFO: From Compiling src/google/protobuf/compiler/rust/oneof.cc [for tool]:
In file included from external/protobuf+/src/google/protobuf/compiler/rust/oneof.cc:16:
bazel-out/k8-opt-exec-ST-020102668b12/bin/external/protobuf+/src/google/protobuf/compiler/cpp/_virtual_includes/names_internal/google/protobuf/compiler/cpp/helpers.h: In function 'bool google::protobuf::compiler::cpp::IsWeak(const google::protobuf::FieldDescriptor*, const Options&)':
bazel-out/k8-opt-exec-ST-020102668b12/bin/external/protobuf+/src/google/protobuf/compiler/cpp/_virtual_includes/names_internal/google/protobuf/compiler/cpp/helpers.h:359:28: warning: 'bool google::protobuf::FieldOptions::weak() const' is deprecated [-Wdeprecated-declarations]
  359 |   if (field->options().weak()) {
      |       ~~~~~~~~~~~~~~~~~~~~~^~
In file included from bazel-out/k8-opt-exec-ST-020102668b12/bin/external/protobuf+/src/google/protobuf/compiler/_virtual_includes/code_generator_lite/google/protobuf/compiler/code_generator_lite.h:18,
                 from bazel-out/k8-opt-exec-ST-020102668b12/bin/external/protobuf+/src/google/protobuf/compiler/_virtual_includes/code_generator/google/protobuf/compiler/code_generator.h:25,
                 from bazel-out/k8-opt-exec-ST-020102668b12/bin/external/protobuf+/src/google/protobuf/compiler/cpp/_virtual_includes/names_internal/google/protobuf/compiler/cpp/helpers.h:30:
bazel-out/k8-opt-exec-ST-020102668b12/bin/external/protobuf+/src/google/protobuf/_virtual_includes/protobuf/google/protobuf/descriptor.pb.h:19782:13: note: declared here
19782 | inline bool FieldOptions::weak() const {
      |             ^~~~~~~~~~~~
[1,944 / 2,800] Compiling src/google/protobuf/compiler/java/lite/message.cc [for tool]; 5s processwrapper-sandbox ... (4 actions, 3 running)
[1,944 / 2,800] Compiling src/google/protobuf/compiler/java/lite/message.cc [for tool]; 6s processwrapper-sandbox ... (4 actions running)
INFO: From Compiling src/google/protobuf/compiler/rust/accessors/repeated_field.cc [for tool]:
In file included from external/protobuf+/src/google/protobuf/compiler/rust/accessors/repeated_field.cc:12:
bazel-out/k8-opt-exec-ST-020102668b12/bin/external/protobuf+/src/google/protobuf/compiler/cpp/_virtual_includes/names_internal/google/protobuf/compiler/cpp/helpers.h: In function 'bool google::protobuf::compiler::cpp::IsWeak(const google::protobuf::FieldDescriptor*, const Options&)':
bazel-out/k8-opt-exec-ST-020102668b12/bin/external/protobuf+/src/google/protobuf/compiler/cpp/_virtual_includes/names_internal/google/protobuf/compiler/cpp/helpers.h:359:28: warning: 'bool google::protobuf::FieldOptions::weak() const' is deprecated [-Wdeprecated-declarations]
  359 |   if (field->options().weak()) {
      |       ~~~~~~~~~~~~~~~~~~~~~^~
In file included from bazel-out/k8-opt-exec-ST-020102668b12/bin/external/protobuf+/src/google/protobuf/compiler/_virtual_includes/code_generator_lite/google/protobuf/compiler/code_generator_lite.h:18,
                 from bazel-out/k8-opt-exec-ST-020102668b12/bin/external/protobuf+/src/google/protobuf/compiler/_virtual_includes/code_generator/google/protobuf/compiler/code_generator.h:25,
                 from bazel-out/k8-opt-exec-ST-020102668b12/bin/external/protobuf+/src/google/protobuf/compiler/cpp/_virtual_includes/names_internal/google/protobuf/compiler/cpp/helpers.h:30:
bazel-out/k8-opt-exec-ST-020102668b12/bin/external/protobuf+/src/google/protobuf/_virtual_includes/protobuf/google/protobuf/descriptor.pb.h:19782:13: note: declared here
19782 | inline bool FieldOptions::weak() const {
      |             ^~~~~~~~~~~~
[1,946 / 2,800] Compiling src/google/protobuf/compiler/rust/enum.cc [for tool]; 3s processwrapper-sandbox ... (4 actions running)
[1,947 / 2,800] Compiling src/google/protobuf/compiler/java/lite/message_field.cc [for tool]; 4s processwrapper-sandbox ... (4 actions, 3 running)
[1,947 / 2,800] Compiling src/google/protobuf/compiler/java/lite/message_field.cc [for tool]; 6s processwrapper-sandbox ... (4 actions running)
INFO: From Compiling src/google/protobuf/compiler/rust/accessors/map.cc [for tool]:
In file included from external/protobuf+/src/google/protobuf/compiler/rust/accessors/map.cc:11:
bazel-out/k8-opt-exec-ST-020102668b12/bin/external/protobuf+/src/google/protobuf/compiler/cpp/_virtual_includes/names_internal/google/protobuf/compiler/cpp/helpers.h: In function 'bool google::protobuf::compiler::cpp::IsWeak(const google::protobuf::FieldDescriptor*, const Options&)':
bazel-out/k8-opt-exec-ST-020102668b12/bin/external/protobuf+/src/google/protobuf/compiler/cpp/_virtual_includes/names_internal/google/protobuf/compiler/cpp/helpers.h:359:28: warning: 'bool google::protobuf::FieldOptions::weak() const' is deprecated [-Wdeprecated-declarations]
  359 |   if (field->options().weak()) {
      |       ~~~~~~~~~~~~~~~~~~~~~^~
In file included from bazel-out/k8-opt-exec-ST-020102668b12/bin/external/protobuf+/src/google/protobuf/compiler/_virtual_includes/code_generator_lite/google/protobuf/compiler/code_generator_lite.h:18,
                 from bazel-out/k8-opt-exec-ST-020102668b12/bin/external/protobuf+/src/google/protobuf/compiler/_virtual_includes/code_generator/google/protobuf/compiler/code_generator.h:25,
                 from bazel-out/k8-opt-exec-ST-020102668b12/bin/external/protobuf+/src/google/protobuf/compiler/cpp/_virtual_includes/names_internal/google/protobuf/compiler/cpp/helpers.h:30:
bazel-out/k8-opt-exec-ST-020102668b12/bin/external/protobuf+/src/google/protobuf/_virtual_includes/protobuf/google/protobuf/descriptor.pb.h:19782:13: note: declared here
19782 | inline bool FieldOptions::weak() const {
      |             ^~~~~~~~~~~~
[1,950 / 2,800] Compiling src/google/protobuf/compiler/rust/extension.cc [for tool]; 2s processwrapper-sandbox ... (4 actions running)
[1,951 / 2,800] Compiling src/google/protobuf/compiler/java/lite/primitive_field.cc [for tool]; 3s processwrapper-sandbox ... (4 actions, 3 running)
[1,953 / 2,800] Compiling src/google/protobuf/compiler/java/lite/primitive_field.cc [for tool]; 4s processwrapper-sandbox ... (4 actions, 3 running)
[1,953 / 2,800] Compiling src/google/protobuf/compiler/java/lite/primitive_field.cc [for tool]; 5s processwrapper-sandbox ... (4 actions running)
[1,956 / 2,800] Compiling src/google/protobuf/compiler/rust/accessors/accessors.cc [for tool]; 4s processwrapper-sandbox ... (4 actions running)
[1,958 / 2,800] Compiling src/google/protobuf/compiler/java/full/string_field.cc [for tool]; 3s processwrapper-sandbox ... (4 actions running)
[1,959 / 2,800] Compiling src/google/protobuf/compiler/java/full/string_field.cc [for tool]; 5s processwrapper-sandbox ... (4 actions, 3 running)
[1,960 / 2,800] Compiling src/google/protobuf/compiler/java/full/string_field.cc [for tool]; 6s processwrapper-sandbox ... (4 actions, 3 running)
[1,963 / 2,800] Compiling src/google/protobuf/compiler/java/full/message_field.cc [for tool]; 6s processwrapper-sandbox ... (4 actions running)
[1,986 / 2,800] Compiling src/google/protobuf/compiler/java/full/enum_field.cc [for tool]; 3s processwrapper-sandbox ... (4 actions running)
[1,987 / 2,800] Compiling src/google/protobuf/compiler/java/full/enum_field.cc [for tool]; 6s processwrapper-sandbox ... (4 actions, 3 running)
[2,022 / 2,800] Compiling src/google/protobuf/compiler/java/full/primitive_field.cc [for tool]; 6s processwrapper-sandbox ... (4 actions running)
[2,024 / 2,800] Compiling src/google/protobuf/compiler/csharp/csharp_message.cc [for tool]; 2s processwrapper-sandbox ... (4 actions, 3 running)
[2,024 / 2,800] Compiling src/google/protobuf/compiler/csharp/csharp_message.cc [for tool]; 4s processwrapper-sandbox ... (4 actions running)
[2,025 / 2,800] Compiling src/google/protobuf/compiler/csharp/csharp_message.cc [for tool]; 6s processwrapper-sandbox ... (4 actions, 3 running)
[2,026 / 2,800] Compiling src/google/protobuf/compiler/java/full/map_field.cc [for tool]; 5s processwrapper-sandbox ... (4 actions running)
[2,028 / 2,800] Compiling src/google/protobuf/compiler/csharp/csharp_source_generator_base.cc [for tool]; 2s processwrapper-sandbox ... (4 actions, 3 running)
[2,028 / 2,800] Compiling src/google/protobuf/compiler/csharp/csharp_source_generator_base.cc [for tool]; 4s processwrapper-sandbox ... (4 actions running)
[2,030 / 2,800] Compiling src/google/protobuf/compiler/csharp/csharp_repeated_primitive_field.cc [for tool]; 3s processwrapper-sandbox ... (4 actions running)
[2,031 / 2,800] Compiling src/google/protobuf/compiler/java/full/make_field_gens.cc [for tool]; 4s processwrapper-sandbox ... (4 actions running)
[2,033 / 2,800] Compiling src/google/protobuf/compiler/csharp/csharp_helpers.cc [for tool]; 3s processwrapper-sandbox ... (4 actions, 3 running)
[2,035 / 2,800] Compiling src/google/protobuf/compiler/java/full/message_builder.cc [for tool]; 2s processwrapper-sandbox ... (4 actions, 3 running)
[2,035 / 2,800] Compiling src/google/protobuf/compiler/java/full/message_builder.cc [for tool]; 3s processwrapper-sandbox ... (4 actions running)
[2,036 / 2,800] Compiling src/google/protobuf/compiler/java/full/message_builder.cc [for tool]; 6s processwrapper-sandbox ... (4 actions, 3 running)
[2,038 / 2,800] Compiling src/google/protobuf/compiler/csharp/csharp_primitive_field.cc [for tool]; 5s processwrapper-sandbox ... (4 actions running)
[2,058 / 2,800] Compiling src/google/protobuf/compiler/csharp/csharp_field_base.cc [for tool]; 2s processwrapper-sandbox ... (4 actions running)
[2,059 / 2,800] Compiling src/google/protobuf/compiler/csharp/csharp_field_base.cc [for tool]; 4s processwrapper-sandbox ... (4 actions running)
[2,062 / 2,800] Compiling src/google/protobuf/compiler/csharp/csharp_field_base.cc [for tool]; 5s processwrapper-sandbox ... (4 actions, 3 running)
[2,064 / 2,800] Compiling src/google/protobuf/compiler/java/full/message.cc [for tool]; 6s processwrapper-sandbox ... (4 actions, 3 running)
[2,069 / 2,800] Compiling src/google/protobuf/compiler/java/full/message.cc [for tool]; 7s processwrapper-sandbox ... (4 actions, 3 running)
[2,075 / 2,800] Compiling src/google/protobuf/compiler/csharp/csharp_enum_field.cc [for tool]; 2s processwrapper-sandbox ... (4 actions, 3 running)
[2,078 / 2,800] Compiling src/google/protobuf/compiler/csharp/csharp_enum_field.cc [for tool]; 3s processwrapper-sandbox ... (4 actions running)
[2,084 / 2,800] Compiling src/google/protobuf/compiler/csharp/csharp_enum.cc [for tool]; 1s processwrapper-sandbox ... (4 actions, 3 running)
[2,086 / 2,800] Compiling src/google/protobuf/compiler/csharp/csharp_enum.cc [for tool]; 2s processwrapper-sandbox ... (4 actions running)
[2,091 / 2,800] Compiling src/google/protobuf/compiler/csharp/csharp_enum.cc [for tool]; 3s processwrapper-sandbox ... (4 actions running)
[2,095 / 2,800] Compiling src/google/protobuf/compiler/java/full/extension.cc [for tool]; 3s processwrapper-sandbox ... (4 actions, 3 running)
[2,101 / 2,800] Compiling src/google/protobuf/compiler/java/full/extension.cc [for tool]; 5s processwrapper-sandbox ... (4 actions, 3 running)
[2,107 / 2,800] Compiling src/google/protobuf/compiler/csharp/csharp_doc_comment.cc [for tool]; 2s processwrapper-sandbox ... (4 actions running)
INFO: From Compiling src/lib/util/ares_iface_ips.c:
external/c-ares+/src/lib/util/ares_iface_ips.c:140:3: warning: 'ares_iface_ips_add' defined but not used [-Wunused-function]
  140 |   ares_iface_ips_add(ares_iface_ips_t *ips, ares_iface_ip_flags_t flags,
      |   ^~~~~~~~~~~~~~~~~~
[2,121 / 2,800] Compiling src/google/protobuf/compiler/csharp/csharp_doc_comment.cc [for tool]; 3s processwrapper-sandbox ... (4 actions, 3 running)
[2,137 / 2,800] Compiling src/google/protobuf/compiler/java/shared_code_generator.cc [for tool]; 2s processwrapper-sandbox ... (4 actions, 3 running)
[2,147 / 2,800] Compiling src/google/protobuf/compiler/java/shared_code_generator.cc [for tool]; 4s processwrapper-sandbox ... (4 actions running)
[2,149 / 2,800] Compiling src/google/protobuf/compiler/java/shared_code_generator.cc [for tool]; 5s processwrapper-sandbox ... (4 actions running)
[2,153 / 2,800] Compiling src/google/protobuf/compiler/java/generator.cc [for tool]; 1s processwrapper-sandbox ... (4 actions, 3 running)
[2,153 / 2,800] Compiling src/google/protobuf/compiler/java/generator.cc [for tool]; 2s processwrapper-sandbox ... (4 actions running)
[2,155 / 2,800] Compiling src/google/protobuf/compiler/java/generator.cc [for tool]; 3s processwrapper-sandbox ... (4 actions running)
[2,156 / 2,800] Compiling src/google/protobuf/compiler/java/generator.cc [for tool]; 4s processwrapper-sandbox ... (4 actions, 3 running)
[2,161 / 2,800] Compiling src/google/protobuf/compiler/java/file.cc [for tool]; 1s processwrapper-sandbox ... (4 actions running)
[2,163 / 2,800] Compiling src/google/protobuf/compiler/java/file.cc [for tool]; 3s processwrapper-sandbox ... (4 actions, 3 running)
[2,164 / 2,800] Compiling src/google/protobuf/compiler/java/file.cc [for tool]; 4s processwrapper-sandbox ... (4 actions, 3 running)
[2,167 / 2,800] Compiling src/google/protobuf/compiler/java/file.cc [for tool]; 5s processwrapper-sandbox ... (4 actions running)
[2,174 / 2,800] Compiling src/google/protobuf/compiler/java/file.cc [for tool]; 6s processwrapper-sandbox ... (4 actions running)
[2,178 / 2,800] Compiling src/google/protobuf/compiler/csharp/csharp_field_base.cc [for tool]; 3s processwrapper-sandbox ... (4 actions, 3 running)
[2,179 / 2,800] Compiling src/google/protobuf/compiler/csharp/csharp_field_base.cc [for tool]; 4s processwrapper-sandbox ... (4 actions, 3 running)
[2,182 / 2,800] Compiling src/google/protobuf/compiler/csharp/csharp_field_base.cc [for tool]; 6s processwrapper-sandbox ... (4 actions, 3 running)
[2,187 / 2,800] Compiling src/google/protobuf/compiler/java/context.cc [for tool]; 4s processwrapper-sandbox ... (4 actions, 3 running)
[2,189 / 2,800] Compiling src/core/util/json/json_object_loader.cc; 1s processwrapper-sandbox ... (4 actions running)
[2,192 / 2,800] Compiling src/google/protobuf/compiler/csharp/csharp_generator.cc [for tool]; 2s processwrapper-sandbox ... (4 actions, 3 running)
[2,194 / 2,800] Compiling src/google/protobuf/compiler/csharp/csharp_generator.cc [for tool]; 3s processwrapper-sandbox ... (4 actions, 3 running)
[2,198 / 2,800] Compiling src/google/protobuf/compiler/kotlin/message.cc [for tool]; 4s processwrapper-sandbox ... (4 actions running)
[2,200 / 2,800] Compiling src/google/protobuf/compiler/kotlin/message.cc [for tool]; 5s processwrapper-sandbox ... (4 actions running)
[2,204 / 2,800] Compiling src/google/protobuf/compiler/kotlin/message.cc [for tool]; 6s processwrapper-sandbox ... (4 actions running)
[2,207 / 2,800] Compiling src/google/protobuf/compiler/csharp/csharp_helpers.cc [for tool]; 4s processwrapper-sandbox ... (4 actions, 3 running)
[2,209 / 2,800] Compiling src/core/lib/event_engine/posix_engine/timer.cc; 1s processwrapper-sandbox ... (4 actions, 3 running)
[2,214 / 2,800] Compiling src/google/protobuf/compiler/kotlin/file.cc [for tool]; 2s processwrapper-sandbox ... (4 actions, 3 running)
[2,218 / 2,800] Compiling src/google/protobuf/compiler/kotlin/file.cc [for tool]; 3s processwrapper-sandbox ... (4 actions, 3 running)
[2,219 / 2,800] Compiling src/google/protobuf/compiler/kotlin/file.cc [for tool]; 4s processwrapper-sandbox ... (4 actions, 3 running)
[2,223 / 2,800] Compiling src/core/lib/resource_quota/stream_quota.cc; 0s processwrapper-sandbox ... (4 actions, 3 running)
[2,225 / 2,801] Compiling src/core/lib/resource_quota/stream_quota.cc; 1s processwrapper-sandbox ... (4 actions, 3 running)
[2,226 / 2,801] Compiling src/google/protobuf/compiler/csharp/csharp_message.cc [for tool]; 2s processwrapper-sandbox ... (4 actions running)
[2,228 / 2,801] Compiling src/google/protobuf/compiler/csharp/csharp_message.cc [for tool]; 4s processwrapper-sandbox ... (4 actions running)
[2,229 / 2,801] Compiling src/google/protobuf/compiler/csharp/csharp_message.cc [for tool]; 5s processwrapper-sandbox ... (4 actions running)
[2,231 / 2,801] Compiling src/google/protobuf/compiler/kotlin/field.cc [for tool]; 6s processwrapper-sandbox ... (4 actions, 3 running)
[2,233 / 2,801] Compiling src/google/protobuf/compiler/kotlin/field.cc [for tool]; 8s processwrapper-sandbox ... (4 actions, 3 running)
[2,234 / 2,801] GoToolchainBinaryBuild external/rules_go++go_sdk+go_default_sdk/builder [for tool]; 8s processwrapper-sandbox ... (4 actions running)
[2,236 / 2,801] GoToolchainBinaryBuild external/rules_go++go_sdk+go_default_sdk/builder [for tool]; 9s processwrapper-sandbox ... (4 actions, 3 running)
[2,237 / 2,801] GoToolchainBinaryBuild external/rules_go++go_sdk+go_default_sdk/builder [for tool]; 11s processwrapper-sandbox ... (4 actions running)
[2,238 / 2,801] GoToolchainBinaryBuild external/rules_go++go_sdk+go_default_sdk/builder [for tool]; 13s processwrapper-sandbox ... (4 actions running)
[2,240 / 2,801] GoToolchainBinaryBuild external/rules_go++go_sdk+go_default_sdk/builder [for tool]; 14s processwrapper-sandbox ... (4 actions, 3 running)
[2,242 / 2,801] GoToolchainBinaryBuild external/rules_go++go_sdk+go_default_sdk/builder [for tool]; 15s processwrapper-sandbox ... (4 actions, 3 running)
[2,244 / 2,801] GoToolchainBinaryBuild external/rules_go++go_sdk+go_default_sdk/builder [for tool]; 17s processwrapper-sandbox ... (4 actions running)
[2,245 / 2,801] GoToolchainBinaryBuild external/rules_go++go_sdk+go_default_sdk/builder [for tool]; 19s processwrapper-sandbox ... (4 actions, 3 running)
[2,247 / 2,801] GoToolchainBinaryBuild external/rules_go++go_sdk+go_default_sdk/builder [for tool]; 21s processwrapper-sandbox ... (4 actions running)
[2,248 / 2,801] GoToolchainBinaryBuild external/rules_go++go_sdk+go_default_sdk/builder [for tool]; 23s processwrapper-sandbox ... (4 actions, 3 running)
[2,250 / 2,801] GoToolchainBinaryBuild external/rules_go++go_sdk+go_default_sdk/builder [for tool]; 25s processwrapper-sandbox ... (4 actions, 3 running)
[2,252 / 2,801] Compiling src/google/protobuf/compiler/csharp/csharp_repeated_message_field.cc [for tool]; 2s processwrapper-sandbox ... (4 actions running)
[2,253 / 2,801] Compiling src/google/protobuf/compiler/csharp/csharp_repeated_primitive_field.cc [for tool]; 4s processwrapper-sandbox ... (4 actions, 3 running)
[2,256 / 2,801] Compiling src/google/protobuf/compiler/kotlin/field.cc [for tool]; 5s processwrapper-sandbox ... (4 actions running)
[2,257 / 2,801] GoStdlib external/rules_go+/stdlib_/pkg; 13s processwrapper-sandbox ... (4 actions, 3 running)
[2,257 / 2,801] GoStdlib external/rules_go+/stdlib_/pkg; 14s processwrapper-sandbox ... (4 actions running)
[2,258 / 2,801] GoStdlib external/rules_go+/stdlib_/pkg; 22s processwrapper-sandbox ... (4 actions, 3 running)
[2,258 / 2,801] GoStdlib external/rules_go+/stdlib_/pkg; 23s processwrapper-sandbox ... (4 actions running)
[2,258 / 2,801] GoStdlib external/rules_go+/stdlib_/pkg; 33s processwrapper-sandbox ... (4 actions running)
[2,259 / 2,801] GoStdlib external/rules_go+/stdlib_/pkg; 34s processwrapper-sandbox ... (4 actions running)
[2,260 / 2,801] GoStdlib external/rules_go+/stdlib_/pkg [for tool]; 38s processwrapper-sandbox ... (4 actions, 3 running)
[2,270 / 2,801] GoStdlib external/rules_go+/stdlib_/pkg [for tool]; 39s processwrapper-sandbox ... (4 actions, 3 running)
[2,275 / 2,801] GoStdlib external/rules_go+/stdlib_/pkg [for tool]; 40s processwrapper-sandbox ... (4 actions, 3 running)
[2,280 / 2,801] GoStdlib external/rules_go+/stdlib_/pkg [for tool]; 41s processwrapper-sandbox ... (4 actions, 3 running)
[2,286 / 2,801] GoStdlib external/rules_go+/stdlib_/pkg [for tool]; 42s processwrapper-sandbox ... (4 actions, 3 running)
[2,293 / 2,801] GoStdlib external/rules_go+/stdlib_/pkg [for tool]; 43s processwrapper-sandbox ... (4 actions, 3 running)
[2,293 / 2,801] GoStdlib external/rules_go+/stdlib_/pkg [for tool]; 44s processwrapper-sandbox ... (4 actions running)
[2,297 / 2,801] Compiling src/google/protobuf/compiler/kotlin/message.cc [for tool]; 15s processwrapper-sandbox ... (4 actions, 3 running)
[2,313 / 2,801] Compiling src/google/protobuf/compiler/kotlin/message.cc [for tool]; 16s processwrapper-sandbox ... (4 actions, 3 running)
[2,326 / 2,801] Compiling src/google/protobuf/compiler/java/full/message_field.cc [for tool]; 5s processwrapper-sandbox ... (4 actions, 3 running)
[2,342 / 2,801] Compiling src/google/protobuf/compiler/java/full/message_field.cc [for tool]; 6s processwrapper-sandbox ... (4 actions, 3 running)
[2,352 / 2,801] Compiling src/google/protobuf/compiler/java/full/message_field.cc [for tool]; 7s processwrapper-sandbox ... (4 actions, 3 running)
[2,360 / 2,801] Compiling src/google/protobuf/compiler/java/full/message_field.cc [for tool]; 8s processwrapper-sandbox ... (4 actions, 3 running)
[2,372 / 2,801] Compiling src/google/protobuf/compiler/java/context.cc [for tool]; 5s processwrapper-sandbox ... (4 actions, 3 running)
[2,387 / 2,801] Compiling src/google/protobuf/compiler/java/full/map_field.cc [for tool]; 1s processwrapper-sandbox ... (4 actions running)
[2,396 / 2,801] Compiling src/google/protobuf/compiler/java/full/map_field.cc [for tool]; 3s processwrapper-sandbox ... (4 actions, 3 running)
[2,423 / 2,801] Compiling src/google/protobuf/compiler/java/full/map_field.cc [for tool]; 4s processwrapper-sandbox ... (4 actions, 3 running)
[2,433 / 2,801] Compiling src/google/protobuf/compiler/java/full/map_field.cc [for tool]; 5s processwrapper-sandbox ... (4 actions, 3 running)
[2,437 / 2,801] Compiling src/google/protobuf/compiler/java/full/map_field.cc [for tool]; 6s processwrapper-sandbox ... (4 actions, 3 running)
[2,439 / 2,801] Compiling src/google/protobuf/compiler/java/full/map_field.cc [for tool]; 7s processwrapper-sandbox ... (4 actions running)
[2,441 / 2,801] Compiling src/google/protobuf/compiler/java/full/enum_field.cc [for tool]; 5s processwrapper-sandbox ... (4 actions, 3 running)
[2,441 / 2,801] Compiling src/google/protobuf/compiler/java/full/enum_field.cc [for tool]; 7s processwrapper-sandbox ... (4 actions running)
[2,443 / 2,801] Compiling src/google/protobuf/compiler/java/full/message_builder.cc [for tool]; 4s processwrapper-sandbox ... (4 actions running)
[2,444 / 2,801] Compiling src/google/protobuf/compiler/java/full/message_builder.cc [for tool]; 5s processwrapper-sandbox ... (4 actions, 3 running)
[2,446 / 2,801] Compiling src/google/protobuf/compiler/java/full/message.cc [for tool]; 4s processwrapper-sandbox ... (3 actions running)
[2,447 / 2,801] Compiling src/google/protobuf/compiler/java/shared_code_generator.cc [for tool]; 3s processwrapper-sandbox ... (2 actions running)
[2,449 / 2,801] [Prepa] Linking external/protobuf+/protoc [for tool]
[2,458 / 2,801] Compiling proto/greeter.pb.cc; 0s processwrapper-sandbox ... (4 actions, 3 running)
[2,461 / 2,801] Compiling proto/greeter.pb.cc; 2s processwrapper-sandbox ... (4 actions running)
[2,467 / 2,801] Compiling external/protobuf+/src/google/protobuf/_virtual_imports/any_proto/google/protobuf/any.pb.cc [for tool]; 0s processwrapper-sandbox ... (4 actions, 3 running)
[2,470 / 2,801] Compiling external/protobuf+/src/google/protobuf/_virtual_imports/any_proto/google/protobuf/any.pb.cc [for tool]; 2s processwrapper-sandbox ... (4 actions running)
[2,474 / 2,801] Linking proto/libgreeter_proto.a; 3s processwrapper-sandbox ... (4 actions running)
[2,476 / 2,801] Linking proto/libgreeter_proto.a; 4s processwrapper-sandbox ... (4 actions, 3 running)
[2,493 / 2,801] Linking proto/libgreeter_proto.a; 6s processwrapper-sandbox ... (4 actions running)
[2,498 / 2,801] Compiling src/google/protobuf/json/internal/parser.cc [for tool]; 6s processwrapper-sandbox ... (4 actions running)
[2,500 / 2,801] Compiling src/google/protobuf/json/internal/parser.cc [for tool]; 8s processwrapper-sandbox ... (4 actions, 3 running)
[2,501 / 2,801] Compiling src/google/protobuf/util/field_mask_util.cc [for tool]; 3s processwrapper-sandbox ... (4 actions running)
[2,505 / 2,801] Compiling src/google/protobuf/util/field_mask_util.cc [for tool]; 4s processwrapper-sandbox ... (4 actions running)
[2,508 / 2,801] Compiling external/protobuf+/src/google/protobuf/_virtual_imports/struct_proto/google/protobuf/struct.pb.cc [for tool]; 2s processwrapper-sandbox ... (4 actions, 3 running)
[2,509 / 2,801] Compiling external/protobuf+/src/google/protobuf/_virtual_imports/field_mask_proto/google/protobuf/field_mask.pb.cc [for tool]; 2s processwrapper-sandbox ... (4 actions, 3 running)
[2,515 / 2,801] Compiling src/google/protobuf/json/internal/unparser.cc [for tool]; 3s processwrapper-sandbox ... (4 actions running)
[2,516 / 2,801] Compiling src/google/protobuf/json/internal/unparser.cc [for tool]; 4s processwrapper-sandbox ... (4 actions, 3 running)
[2,532 / 2,801] Compiling src/google/protobuf/json/internal/unparser.cc [for tool]; 5s processwrapper-sandbox ... (4 actions, 3 running)
[2,543 / 2,801] Compiling src/google/protobuf/json/internal/unparser.cc [for tool]; 6s processwrapper-sandbox ... (4 actions, 3 running)
[2,544 / 2,801] Compiling src/compiler/cpp_plugin.cc [for tool]; 5s processwrapper-sandbox ... (4 actions running)
[2,546 / 2,801] Compiling upb_generator/reflection/generator.cc [for tool]; 3s processwrapper-sandbox ... (4 actions running)
[2,547 / 2,801] Compiling src/google/protobuf/json/internal/untyped_message.cc [for tool]; 3s processwrapper-sandbox ... (4 actions running)
[2,548 / 2,801] Compiling src/google/protobuf/json/internal/untyped_message.cc; 5s processwrapper-sandbox ... (4 actions, 3 running)
[2,549 / 2,801] Compiling src/compiler/cpp_generator.cc [for tool]; 6s processwrapper-sandbox ... (4 actions running)
[2,551 / 2,801] Compiling src/google/protobuf/util/type_resolver_util.cc [for tool]; 3s processwrapper-sandbox ... (4 actions running)
[2,552 / 2,801] Compiling src/google/protobuf/json/internal/parser.cc; 3s processwrapper-sandbox ... (4 actions, 3 running)
[2,552 / 2,801] Compiling src/google/protobuf/json/internal/parser.cc; 5s processwrapper-sandbox ... (4 actions running)
[2,554 / 2,801] Compiling src/compiler/csharp_generator.cc [for tool]; 5s processwrapper-sandbox ... (4 actions running)
[2,556 / 2,801] Compiling src/compiler/csharp_generator.cc [for tool]; 6s processwrapper-sandbox ... (4 actions, 3 running)
[2,558 / 2,801] Compiling upb_generator/plugin.cc [for tool]; 3s processwrapper-sandbox ... (4 actions running)
[2,560 / 2,801] Compiling src/google/protobuf/json/internal/unparser.cc; 5s processwrapper-sandbox ... (4 actions, 3 running)
[2,566 / 2,801] Compiling src/compiler/node_generator.cc [for tool]; 4s processwrapper-sandbox ... (4 actions running)
[2,567 / 2,801] Compiling src/compiler/node_generator.cc [for tool]; 6s processwrapper-sandbox ... (4 actions, 3 running)
[2,577 / 2,801] Compiling src/google/protobuf/json/json.cc; 2s processwrapper-sandbox ... (4 actions, 3 running)
[2,588 / 2,801] Compiling src/compiler/objective_c_generator.cc [for tool]; 1s processwrapper-sandbox ... (4 actions, 3 running)
[2,594 / 2,801] Compiling src/compiler/objective_c_generator.cc [for tool]; 3s processwrapper-sandbox ... (4 actions, 3 running)
[2,600 / 2,801] Compiling src/compiler/objective_c_generator.cc [for tool]; 4s processwrapper-sandbox ... (4 actions, 3 running)
[2,617 / 2,801] Compiling src/compiler/objective_c_generator.cc [for tool]; 5s processwrapper-sandbox ... (4 actions, 3 running)
[2,623 / 2,801] Compiling src/compiler/php_generator.cc [for tool]; 1s processwrapper-sandbox ... (4 actions running)
[2,624 / 2,801] Compiling src/compiler/php_generator.cc [for tool]; 3s processwrapper-sandbox ... (4 actions, 3 running)
[2,626 / 2,801] Compiling src/compiler/php_generator.cc [for tool]; 5s processwrapper-sandbox ... (4 actions running)
[2,627 / 2,801] Compiling src/compiler/ruby_generator.cc [for tool]; 2s processwrapper-sandbox ... (4 actions running)
[2,628 / 2,801] Compiling src/compiler/ruby_generator.cc [for tool]; 3s processwrapper-sandbox ... (4 actions, 3 running)
[2,629 / 2,801] Compiling src/compiler/ruby_generator.cc [for tool]; 5s processwrapper-sandbox ... (4 actions running)
[2,631 / 2,801] Compiling src/compiler/python_generator.cc [for tool]; 4s processwrapper-sandbox ... (4 actions running)
[2,633 / 2,801] Compiling src/compiler/python_generator.cc [for tool]; 6s processwrapper-sandbox ... (4 actions, 3 running)
[2,635 / 2,801] Compiling src/core/lib/channel/channel_stack_builder.cc; 2s processwrapper-sandbox ... (4 actions, 3 running)
[2,639 / 2,801] Compiling src/core/lib/iomgr/call_combiner.cc; 2s processwrapper-sandbox ... (4 actions running)
[2,640 / 2,801] Compiling src/core/call/call_state.cc; 2s processwrapper-sandbox ... (4 actions running)
INFO: From Compiling src/core/call/call_state.cc:
In file included from external/grpc+/src/core/call/call_state.cc:15:
external/grpc+/src/core/call/call_state.h: In static member function 'static const char* grpc_core::CallState::ClientToServerPushStateString(ClientToServerPushState)':
external/grpc+/src/core/call/call_state.h:191:3: warning: control reaches end of non-void function [-Wreturn-type]
  191 |   }
      |   ^
external/grpc+/src/core/call/call_state.h: In static member function 'static const char* grpc_core::CallState::ClientToServerPullStateString(ClientToServerPullState)':
external/grpc+/src/core/call/call_state.h:161:3: warning: control reaches end of non-void function [-Wreturn-type]
  161 |   }
      |   ^
external/grpc+/src/core/call/call_state.h: In static member function 'static const char* grpc_core::CallState::ServerToClientPullStateString(ServerToClientPullState)':
external/grpc+/src/core/call/call_state.h:244:3: warning: control reaches end of non-void function [-Wreturn-type]
  244 |   }
      |   ^
external/grpc+/src/core/call/call_state.h: In static member function 'static const char* grpc_core::CallState::ServerToClientPushStateString(ServerToClientPushState)':
external/grpc+/src/core/call/call_state.h:284:3: warning: control reaches end of non-void function [-Wreturn-type]
  284 |   }
      |   ^
external/grpc+/src/core/call/call_state.h: In static member function 'static const char* grpc_core::CallState::ServerTrailingMetadataStateString(ServerTrailingMetadataState)':
external/grpc+/src/core/call/call_state.h:314:3: warning: control reaches end of non-void function [-Wreturn-type]
  314 |   }
      |   ^
[2,643 / 2,801] Compiling src/core/lib/iomgr/timer.cc; 1s processwrapper-sandbox ... (4 actions running)
[2,644 / 2,801] Compiling src/core/util/work_serializer.cc; 2s processwrapper-sandbox ... (4 actions running)
[2,648 / 2,801] Compiling src/core/lib/iomgr/timer_manager.cc; 1s processwrapper-sandbox ... (4 actions, 3 running)
[2,649 / 2,801] Compiling src/core/lib/surface/byte_buffer_reader.cc; 2s processwrapper-sandbox ... (4 actions, 3 running)
[2,650 / 2,801] Compiling src/core/channelz/channel_trace.cc; 3s processwrapper-sandbox ... (4 actions running)
[2,652 / 2,801] Compiling src/core/lib/event_engine/event_engine.cc; 2s processwrapper-sandbox ... (4 actions running)
[2,655 / 2,801] Compiling src/core/channelz/channelz.cc; 2s processwrapper-sandbox ... (4 actions, 3 running)
[2,656 / 2,801] Compiling src/core/channelz/channelz.cc; 3s processwrapper-sandbox ... (4 actions running)
[2,658 / 2,801] Compiling src/core/channelz/channelz.cc; 4s processwrapper-sandbox ... (4 actions running)
[2,661 / 2,801] Compiling src/core/channelz/channelz.cc; 5s processwrapper-sandbox ... (4 actions, 3 running)
INFO: From Compiling src/core/channelz/channelz.cc:
In file included from external/grpc+/src/core/channelz/channelz.cc:19:
external/grpc+/src/core/channelz/channelz.h: In static member function 'static absl::lts_20250814::string_view grpc_core::channelz::BaseNode::EntityTypeToKind(EntityType)':
external/grpc+/src/core/channelz/channelz.h:186:3: warning: control reaches end of non-void function [-Wreturn-type]
  186 |   }
      |   ^
[2,664 / 2,801] Compiling src/core/lib/event_engine/posix_engine/posix_write_event_sink.cc; 1s processwrapper-sandbox ... (4 actions, 3 running)
[2,665 / 2,801] Compiling src/core/channelz/channelz_registry.cc; 2s processwrapper-sandbox ... (4 actions running)
INFO: From Compiling src/core/lib/event_engine/tcp_socket_utils.cc:
external/grpc+/src/core/lib/event_engine/tcp_socket_utils.cc: In function 'bool grpc_event_engine::experimental::ResolvedAddressToV4Mapped(const EventEngine::ResolvedAddress&, EventEngine::ResolvedAddress*)':
external/grpc+/src/core/lib/event_engine/tcp_socket_utils.cc:225:11: warning: 'void* memset(void*, int, size_t)' clearing an object of non-trivial type 'class grpc_event_engine::experimental::EventEngine::ResolvedAddress'; use assignment or value-initialization instead [-Wclass-memaccess]
  225 |     memset(resolved_addr6_out, 0, sizeof(*resolved_addr6_out));
      |     ~~~~~~^~~~~~~~~~~~~~~~~~~~~~~~~~~~~~~~~~~~~~~~~~~~~~~~~~~~
In file included from external/grpc+/src/core/lib/event_engine/tcp_socket_utils.h:17,
                 from external/grpc+/src/core/lib/event_engine/tcp_socket_utils.cc:14:
external/grpc+/include/grpc/event_engine/event_engine.h:160:9: note: 'class grpc_event_engine::experimental::EventEngine::ResolvedAddress' declared here
  160 |   class ResolvedAddress {
      |         ^~~~~~~~~~~~~~~
[2,667 / 2,801] Compiling src/core/channelz/channelz_registry.cc; 3s processwrapper-sandbox ... (4 actions, 3 running)
[2,671 / 2,801] Compiling src/core/telemetry/instrument.cc; 3s processwrapper-sandbox ... (4 actions, 3 running)
[2,671 / 2,801] Compiling src/core/telemetry/instrument.cc; 5s processwrapper-sandbox ... (4 actions running)
[2,674 / 2,801] Compiling src/core/telemetry/instrument.cc; 7s processwrapper-sandbox ... (4 actions running)
INFO: From Compiling src/core/lib/resource_quota/memory_quota.cc:
In file included from external/grpc+/src/core/lib/resource_quota/memory_quota.cc:36:
external/grpc+/src/core/lib/promise/loop.h:215:31: warning: attribute ignored in declaration of 'union grpc_core::Loop<F, kYield>::<unnamed>' [-Wattributes]
  215 |   GPR_NO_UNIQUE_ADDRESS union {
      |                               ^
external/grpc+/src/core/lib/promise/loop.h:215:31: note: attribute for 'union grpc_core::Loop<F, kYield>::<unnamed>' must follow the 'union' keyword
[2,675 / 2,801] Compiling src/core/telemetry/instrument.cc; 8s processwrapper-sandbox ... (4 actions, 3 running)
[2,678 / 2,801] Compiling src/core/lib/event_engine/posix_engine/file_descriptor_collection.cc; 1s processwrapper-sandbox ... (4 actions running)
[2,679 / 2,801] Compiling src/core/lib/event_engine/posix_engine/posix_interface_posix.cc; 3s processwrapper-sandbox ... (4 actions running)
[2,683 / 2,801] Compiling src/core/call/message.cc; 1s processwrapper-sandbox ... (4 actions running)
[2,684 / 2,801] Compiling src/core/call/message.cc; 2s processwrapper-sandbox ... (4 actions running)
[2,687 / 2,801] Compiling src/core/lib/event_engine/posix_engine/posix_engine_listener_utils.cc; 2s processwrapper-sandbox ... (4 actions, 3 running)
[2,687 / 2,801] Compiling src/core/lib/event_engine/posix_engine/posix_engine_listener_utils.cc; 3s processwrapper-sandbox ... (4 actions running)
[2,689 / 2,801] Compiling src/core/lib/promise/party.cc; 3s processwrapper-sandbox ... (4 actions, 3 running)
[2,689 / 2,801] Compiling src/core/lib/promise/party.cc; 5s processwrapper-sandbox ... (4 actions running)
[2,692 / 2,801] Compiling src/core/call/metadata.cc; 3s processwrapper-sandbox ... (4 actions running)
[2,693 / 2,801] Compiling src/core/telemetry/metrics.cc; 2s processwrapper-sandbox ... (4 actions running)
[2,694 / 2,801] Compiling src/core/telemetry/metrics.cc; 4s processwrapper-sandbox ... (4 actions, 3 running)
[2,696 / 2,801] Compiling src/core/call/call_filters.cc; 3s processwrapper-sandbox ... (4 actions running)
[2,697 / 2,801] Compiling src/core/call/call_filters.cc; 5s processwrapper-sandbox ... (4 actions, 3 running)
INFO: From Compiling src/core/call/call_filters.cc:
In file included from external/grpc+/src/core/call/call_filters.h:26,
                 from external/grpc+/src/core/call/call_filters.cc:15:
external/grpc+/src/core/call/call_state.h: In static member function 'static const char* grpc_core::CallState::ServerToClientPullStateString(ServerToClientPullState)':
external/grpc+/src/core/call/call_state.h:244:3: warning: control reaches end of non-void function [-Wreturn-type]
  244 |   }
      |   ^
external/grpc+/src/core/call/call_state.h: In static member function 'static const char* grpc_core::CallState::ServerTrailingMetadataStateString(ServerTrailingMetadataState)':
external/grpc+/src/core/call/call_state.h:314:3: warning: control reaches end of non-void function [-Wreturn-type]
  314 |   }
      |   ^
external/grpc+/src/core/call/call_state.h: In static member function 'static const char* grpc_core::CallState::ServerToClientPushStateString(ServerToClientPushState)':
external/grpc+/src/core/call/call_state.h:284:3: warning: control reaches end of non-void function [-Wreturn-type]
  284 |   }
      |   ^
external/grpc+/src/core/call/call_state.h: In static member function 'static const char* grpc_core::CallState::ClientToServerPushStateString(ClientToServerPushState)':
external/grpc+/src/core/call/call_state.h:191:3: warning: control reaches end of non-void function [-Wreturn-type]
  191 |   }
      |   ^
[2,699 / 2,801] Compiling src/core/call/call_spine.cc; 5s processwrapper-sandbox ... (4 actions running)
[2,700 / 2,801] Compiling src/core/call/call_spine.cc; 7s processwrapper-sandbox ... (4 actions, 3 running)
[2,701 / 2,801] Compiling src/core/call/call_spine.cc; 9s processwrapper-sandbox ... (4 actions, 3 running)
INFO: From Compiling src/core/call/call_spine.cc:
In file included from external/grpc+/src/core/lib/promise/activity.h:30,
                 from external/grpc+/src/core/lib/resource_quota/memory_quota.h:39,
                 from external/grpc+/src/core/lib/resource_quota/arena.h:39,
                 from external/grpc+/src/core/call/call_arena_allocator.h:24,
                 from external/grpc+/src/core/call/call_spine.h:23,
                 from external/grpc+/src/core/call/call_spine.cc:15:
external/grpc+/src/core/lib/promise/detail/promise_factory.h:132:5: warning: 'always_inline' function might not be inlinable [-Wattributes]
  132 |     PromiseFactoryImpl(Token, F&& f, A&& arg) {
      |     ^~~~~~~~~~~~~~~~~~
external/grpc+/src/core/lib/promise/detail/promise_factory.h:132:5: warning: 'always_inline' function might not be inlinable [-Wattributes]
external/grpc+/src/core/lib/promise/detail/promise_factory.h:132:5: warning: 'always_inline' function might not be inlinable [-Wattributes]
In file included from external/grpc+/src/core/call/call_filters.h:26,
                 from external/grpc+/src/core/call/call_spine.h:24:
external/grpc+/src/core/call/call_state.h: In static member function 'static const char* grpc_core::CallState::ServerTrailingMetadataStateString(ServerTrailingMetadataState)':
external/grpc+/src/core/call/call_state.h:314:3: warning: control reaches end of non-void function [-Wreturn-type]
  314 |   }
      |   ^
external/grpc+/src/core/call/call_state.h: In static member function 'static const char* grpc_core::CallState::ClientToServerPullStateString(ClientToServerPullState)':
external/grpc+/src/core/call/call_state.h:161:3: warning: control reaches end of non-void function [-Wreturn-type]
  161 |   }
      |   ^
external/grpc+/src/core/call/call_state.h: In static member function 'static const char* grpc_core::CallState::ClientToServerPushStateString(ClientToServerPushState)':
external/grpc+/src/core/call/call_state.h:191:3: warning: control reaches end of non-void function [-Wreturn-type]
  191 |   }
      |   ^
external/grpc+/src/core/call/call_state.h: In static member function 'static const char* grpc_core::CallState::ServerToClientPullStateString(ServerToClientPullState)':
external/grpc+/src/core/call/call_state.h:244:3: warning: control reaches end of non-void function [-Wreturn-type]
  244 |   }
      |   ^
external/grpc+/src/core/call/call_state.h: In static member function 'static const char* grpc_core::CallState::ServerToClientPushStateString(ServerToClientPushState)':
external/grpc+/src/core/call/call_state.h:284:3: warning: control reaches end of non-void function [-Wreturn-type]
  284 |   }
      |   ^
[2,703 / 2,801] Compiling src/core/lib/event_engine/posix_engine/wakeup_fd_posix_default.cc; 2s processwrapper-sandbox ... (4 actions running)
[2,704 / 2,801] Compiling src/core/call/interception_chain.cc; 3s processwrapper-sandbox ... (4 actions running)
[2,705 / 2,801] Compiling src/core/call/interception_chain.cc; 4s processwrapper-sandbox ... (4 actions, 3 running)
[2,706 / 2,801] Compiling src/core/call/interception_chain.cc; 5s processwrapper-sandbox ... (4 actions, 3 running)
[2,707 / 2,801] Compiling src/core/lib/surface/channel_init.cc; 6s processwrapper-sandbox ... (4 actions, 3 running)
[2,707 / 2,801] Compiling src/core/lib/surface/channel_init.cc; 7s processwrapper-sandbox ... (4 actions running)
[2,711 / 2,801] Compiling src/core/config/core_configuration.cc; 3s processwrapper-sandbox ... (4 actions running)
[2,712 / 2,801] Compiling src/core/config/core_configuration.cc; 6s processwrapper-sandbox ... (4 actions, 3 running)
[2,714 / 2,801] Compiling src/core/lib/event_engine/ares_resolver.cc; 5s processwrapper-sandbox ... (4 actions running)
INFO: From Compiling src/core/lib/event_engine/ares_resolver.cc:
external/grpc+/src/core/lib/event_engine/ares_resolver.cc: In function 'absl::lts_20250814::Status grpc_event_engine::experimental::{anonymous}::SetRequestDNSServer(absl::lts_20250814::string_view, ares_channeldata**)':
external/grpc+/src/core/lib/event_engine/ares_resolver.cc:147:38: warning: 'int ares_set_servers_ports(ares_channel_t*, const ares_addr_port_node*)' is deprecated: Use ares_set_servers_ports_csv instead [-Wdeprecated-declarations]
  147 |   int status = ares_set_servers_ports(*channel, &dns_server_addr);
      |                ~~~~~~~~~~~~~~~~~~~~~~^~~~~~~~~~~~~~~~~~~~~~~~~~~~
In file included from external/grpc+/src/core/lib/event_engine/ares_resolver.h:28,
                 from external/grpc+/src/core/lib/event_engine/ares_resolver.cc:14:
external/c-ares+/include/ares.h:1173:20: note: declared here
 1173 | int                ares_set_servers_ports(ares_channel_t                   *channel,
      |                    ^~~~~~~~~~~~~~~~~~~~~~
external/grpc+/src/core/lib/event_engine/ares_resolver.cc: In member function 'virtual void grpc_event_engine::experimental::AresResolver::LookupHostname(grpc_event_engine::experimental::EventEngine::DNSResolver::LookupHostnameCallback, absl::lts_20250814::string_view, absl::lts_20250814::string_view)':
external/grpc+/src/core/lib/event_engine/ares_resolver.cc:376:23: warning: 'void ares_gethostbyname(ares_channel_t*, const char*, int, ares_host_callback, void*)' is deprecated: Use ares_getaddrinfo instead [-Wdeprecated-declarations]
  376 |     ares_gethostbyname(channel_, std::string(host).c_str(), AF_INET,
      |     ~~~~~~~~~~~~~~~~~~^~~~~~~~~~~~~~~~~~~~~~~~~~~~~~~~~~~~~~~~~~~~~~
  377 |                        &AresResolver::OnHostbynameDoneLocked, resolver_arg);
      |                        ~~~~~~~~~~~~~~~~~~~~~~~~~~~~~~~~~~~~~~~~~~~~~~~~~~~~
external/c-ares+/include/ares.h:879:58: note: declared here
  879 | CARES_EXTERN CARES_DEPRECATED_FOR(ares_getaddrinfo) void ares_gethostbyname(
      |                                                          ^~~~~~~~~~~~~~~~~~
external/grpc+/src/core/lib/event_engine/ares_resolver.cc:378:23: warning: 'void ares_gethostbyname(ares_channel_t*, const char*, int, ares_host_callback, void*)' is deprecated: Use ares_getaddrinfo instead [-Wdeprecated-declarations]
  378 |     ares_gethostbyname(channel_, std::string(host).c_str(), AF_INET6,
      |     ~~~~~~~~~~~~~~~~~~^~~~~~~~~~~~~~~~~~~~~~~~~~~~~~~~~~~~~~~~~~~~~~~
  379 |                        &AresResolver::OnHostbynameDoneLocked, resolver_arg);
      |                        ~~~~~~~~~~~~~~~~~~~~~~~~~~~~~~~~~~~~~~~~~~~~~~~~~~~~
external/c-ares+/include/ares.h:879:58: note: declared here
  879 | CARES_EXTERN CARES_DEPRECATED_FOR(ares_getaddrinfo) void ares_gethostbyname(
      |                                                          ^~~~~~~~~~~~~~~~~~
external/grpc+/src/core/lib/event_engine/ares_resolver.cc:382:23: warning: 'void ares_gethostbyname(ares_channel_t*, const char*, int, ares_host_callback, void*)' is deprecated: Use ares_getaddrinfo instead [-Wdeprecated-declarations]
  382 |     ares_gethostbyname(channel_, std::string(host).c_str(), AF_INET,
      |     ~~~~~~~~~~~~~~~~~~^~~~~~~~~~~~~~~~~~~~~~~~~~~~~~~~~~~~~~~~~~~~~~
  383 |                        &AresResolver::OnHostbynameDoneLocked, resolver_arg);
      |                        ~~~~~~~~~~~~~~~~~~~~~~~~~~~~~~~~~~~~~~~~~~~~~~~~~~~~
external/c-ares+/include/ares.h:879:58: note: declared here
  879 | CARES_EXTERN CARES_DEPRECATED_FOR(ares_getaddrinfo) void ares_gethostbyname(
      |                                                          ^~~~~~~~~~~~~~~~~~
external/grpc+/src/core/lib/event_engine/ares_resolver.cc: In member function 'virtual void grpc_event_engine::experimental::AresResolver::LookupSRV(grpc_event_engine::experimental::EventEngine::DNSResolver::LookupSRVCallback, absl::lts_20250814::string_view)':
external/grpc+/src/core/lib/event_engine/ares_resolver.cc:419:13: warning: 'void ares_query(ares_channel_t*, const char*, int, int, ares_callback, void*)' is deprecated: Use ares_query_dnsrec instead [-Wdeprecated-declarations]
  419 |   ares_query(channel_, std::string(host).c_str(), ns_c_in, ns_t_srv,
      |   ~~~~~~~~~~^~~~~~~~~~~~~~~~~~~~~~~~~~~~~~~~~~~~~~~~~~~~~~~~~~~~~~~~
  420 |              &AresResolver::OnSRVQueryDoneLocked, resolver_arg);
      |              ~~~~~~~~~~~~~~~~~~~~~~~~~~~~~~~~~~~~~~~~~~~~~~~~~~
external/c-ares+/include/ares.h:836:59: note: declared here
  836 | CARES_EXTERN CARES_DEPRECATED_FOR(ares_query_dnsrec) void ares_query(
      |                                                           ^~~~~~~~~~
external/grpc+/src/core/lib/event_engine/ares_resolver.cc: In member function 'virtual void grpc_event_engine::experimental::AresResolver::LookupTXT(grpc_event_engine::experimental::EventEngine::DNSResolver::LookupTXTCallback, absl::lts_20250814::string_view)':
external/grpc+/src/core/lib/event_engine/ares_resolver.cc:455:14: warning: 'void ares_search(ares_channel_t*, const char*, int, int, ares_callback, void*)' is deprecated: Use ares_search_dnsrec instead [-Wdeprecated-declarations]
  455 |   ares_search(channel_, std::string(host).c_str(), ns_c_in, ns_t_txt,
      |   ~~~~~~~~~~~^~~~~~~~~~~~~~~~~~~~~~~~~~~~~~~~~~~~~~~~~~~~~~~~~~~~~~~~
  456 |               &AresResolver::OnTXTDoneLocked, resolver_arg);
      |               ~~~~~~~~~~~~~~~~~~~~~~~~~~~~~~~~~~~~~~~~~~~~~
external/c-ares+/include/ares.h:859:60: note: declared here
  859 | CARES_EXTERN CARES_DEPRECATED_FOR(ares_search_dnsrec) void ares_search(
      |                                                            ^~~~~~~~~~~
external/grpc+/src/core/lib/event_engine/ares_resolver.cc: In member function 'void grpc_event_engine::experimental::AresResolver::CheckSocketsLocked()':
external/grpc+/src/core/lib/event_engine/ares_resolver.cc:465:37: warning: 'int ares_getsock(const ares_channel_t*, ares_socket_t*, int)' is deprecated: Use ARES_OPT_EVENT_THREAD or ARES_OPT_SOCK_STATE_CB instead [-Wdeprecated-declarations]
  465 |     int socks_bitmask = ares_getsock(channel_, socks, ARES_GETSOCK_MAXNUM);
      |                         ~~~~~~~~~~~~^~~~~~~~~~~~~~~~~~~~~~~~~~~~~~~~~~~~~~
external/c-ares+/include/ares.h:903:31: note: declared here
  903 |   ARES_OPT_SOCK_STATE_CB) int ares_getsock(const ares_channel_t *channel,
      |                               ^~~~~~~~~~~~
external/grpc+/src/core/lib/event_engine/ares_resolver.cc: In static member function 'static void grpc_event_engine::experimental::AresResolver::OnSRVQueryDoneLocked(void*, int, int, unsigned char*, int)':
external/grpc+/src/core/lib/event_engine/ares_resolver.cc:779:32: warning: 'int ares_parse_srv_reply(const unsigned char*, int, ares_srv_reply**)' is deprecated: Use ares_dns_parse instead [-Wdeprecated-declarations]
  779 |   status = ares_parse_srv_reply(abuf, alen, &reply);
      |            ~~~~~~~~~~~~~~~~~~~~^~~~~~~~~~~~~~~~~~~~
external/c-ares+/include/ares.h:1116:55: note: declared here
 1116 | CARES_EXTERN CARES_DEPRECATED_FOR(ares_dns_parse) int ares_parse_srv_reply(
      |                                                       ^~~~~~~~~~~~~~~~~~~~
external/grpc+/src/core/lib/event_engine/ares_resolver.cc: In static member function 'static void grpc_event_engine::experimental::AresResolver::OnTXTDoneLocked(void*, int, int, unsigned char*, int)':
external/grpc+/src/core/lib/event_engine/ares_resolver.cc:843:36: warning: 'int ares_parse_txt_reply_ext(const unsigned char*, int, ares_txt_ext**)' is deprecated: Use ares_dns_parse instead [-Wdeprecated-declarations]
  843 |   status = ares_parse_txt_reply_ext(buf, len, &reply);
      |            ~~~~~~~~~~~~~~~~~~~~~~~~^~~~~~~~~~~~~~~~~~
external/c-ares+/include/ares.h:1125:55: note: declared here
 1125 | CARES_EXTERN CARES_DEPRECATED_FOR(ares_dns_parse) int ares_parse_txt_reply_ext(
      |                                                       ^~~~~~~~~~~~~~~~~~~~~~~~
[2,716 / 2,801] Compiling proto/greeter.grpc.pb.cc; 3s processwrapper-sandbox ... (4 actions, 3 running)
[2,717 / 2,801] Compiling proto/greeter.grpc.pb.cc; 4s processwrapper-sandbox ... (4 actions, 3 running)
[2,723 / 2,801] Compiling src/core/lib/event_engine/posix_engine/posix_engine.cc; 3s processwrapper-sandbox ... (4 actions running)
[2,724 / 2,801] Compiling src/core/lib/event_engine/posix_engine/posix_engine.cc; 4s processwrapper-sandbox ... (4 actions running)
INFO: From Compiling src/core/lib/event_engine/posix_engine/posix_engine.cc:
In file included from external/grpc+/src/core/lib/event_engine/posix_engine/posix_engine.cc:36:
external/grpc+/src/core/lib/event_engine/posix_engine/grpc_polled_fd_posix.h: In member function 'virtual void grpc_event_engine::experimental::GrpcPolledFdFactoryPosix::ConfigureAresChannelLocked(ares_channel)':
external/grpc+/src/core/lib/event_engine/posix_engine/grpc_polled_fd_posix.h:129:30: warning: 'void ares_set_socket_functions(ares_channel_t*, const ares_socket_functions*, void*)' is deprecated: Use ares_set_socket_functions_ex instead [-Wdeprecated-declarations]
  129 |     ares_set_socket_functions(channel, &kSockFuncs, this);
      |     ~~~~~~~~~~~~~~~~~~~~~~~~~^~~~~~~~~~~~~~~~~~~~~~~~~~~~
In file included from external/grpc+/src/core/lib/event_engine/ares_resolver.h:28,
                 from external/grpc+/src/core/lib/event_engine/posix_engine/posix_engine.h:30,
                 from external/grpc+/src/core/lib/event_engine/posix_engine/posix_engine.cc:14:
external/c-ares+/include/ares.h:571:38: note: declared here
  571 |   ares_set_socket_functions_ex) void ares_set_socket_functions(ares_channel_t
      |                                      ^~~~~~~~~~~~~~~~~~~~~~~~~
[2,725 / 2,801] Compiling src/core/lib/resource_quota/api.cc; 4s processwrapper-sandbox ... (4 actions, 3 running)
[2,727 / 2,801] Compiling src/core/lib/resource_quota/api.cc; 5s processwrapper-sandbox ... (4 actions, 3 running)
[2,729 / 2,801] Compiling src/core/call/client_call.cc; 5s processwrapper-sandbox ... (4 actions running)
[2,734 / 2,801] Compiling src/core/call/client_call.cc; 6s processwrapper-sandbox ... (4 actions running)
[2,735 / 2,801] Compiling src/core/call/client_call.cc; 8s processwrapper-sandbox ... (4 actions running)
[2,736 / 2,801] Compiling src/core/call/client_call.cc; 9s processwrapper-sandbox ... (4 actions, 3 running)
INFO: From Compiling src/core/call/client_call.cc:
In file included from external/grpc+/src/core/call/call_filters.h:26,
                 from external/grpc+/src/core/call/call_spine.h:24,
                 from external/grpc+/src/core/call/call_destination.h:20,
                 from external/grpc+/src/core/lib/transport/transport.h:36,
                 from external/grpc+/src/core/lib/channel/channel_stack.h:63,
                 from external/grpc+/src/core/lib/surface/call.h:32,
                 from external/grpc+/src/core/call/client_call.h:43,
                 from external/grpc+/src/core/call/client_call.cc:15:
external/grpc+/src/core/call/call_state.h: In static member function 'static const char* grpc_core::CallState::ServerToClientPullStateString(ServerToClientPullState)':
external/grpc+/src/core/call/call_state.h:244:3: warning: control reaches end of non-void function [-Wreturn-type]
  244 |   }
      |   ^
external/grpc+/src/core/call/call_state.h: In static member function 'static const char* grpc_core::CallState::ServerToClientPushStateString(ServerToClientPushState)':
external/grpc+/src/core/call/call_state.h:284:3: warning: control reaches end of non-void function [-Wreturn-type]
  284 |   }
      |   ^
external/grpc+/src/core/call/call_state.h: In static member function 'static const char* grpc_core::CallState::ClientToServerPushStateString(ClientToServerPushState)':
external/grpc+/src/core/call/call_state.h:191:3: warning: control reaches end of non-void function [-Wreturn-type]
  191 |   }
      |   ^
external/grpc+/src/core/call/call_state.h: In static member function 'static const char* grpc_core::CallState::ServerTrailingMetadataStateString(ServerTrailingMetadataState)':
external/grpc+/src/core/call/call_state.h:314:3: warning: control reaches end of non-void function [-Wreturn-type]
  314 |   }
      |   ^
[2,738 / 2,801] Compiling src/core/lib/iomgr/tcp_server_posix.cc; 4s processwrapper-sandbox ... (4 actions running)
[2,739 / 2,801] Compiling src/core/lib/iomgr/tcp_server_posix.cc; 5s processwrapper-sandbox ... (4 actions, 3 running)
[2,741 / 2,801] Compiling src/core/lib/iomgr/tcp_posix.cc; 3s processwrapper-sandbox ... (4 actions, 3 running)
[2,743 / 2,801] Compiling src/core/call/server_call.cc; 4s processwrapper-sandbox ... (4 actions running)
[2,744 / 2,801] Compiling src/core/call/server_call.cc; 6s processwrapper-sandbox ... (4 actions, 3 running)
[2,746 / 2,801] Compiling src/core/call/server_call.cc; 7s processwrapper-sandbox ... (4 actions running)
[2,747 / 2,801] Compiling src/core/call/server_call.cc; 9s processwrapper-sandbox ... (4 actions running)
INFO: From Compiling src/core/call/server_call.cc:
In file included from external/grpc+/src/core/call/call_filters.h:26,
                 from external/grpc+/src/core/call/call_spine.h:24,
                 from external/grpc+/src/core/call/call_destination.h:20,
                 from external/grpc+/src/core/lib/transport/transport.h:36,
                 from external/grpc+/src/core/lib/channel/channel_stack.h:63,
                 from external/grpc+/src/core/lib/surface/call.h:32,
                 from external/grpc+/src/core/call/server_call.h:46,
                 from external/grpc+/src/core/call/server_call.cc:15:
external/grpc+/src/core/call/call_state.h: In static member function 'static const char* grpc_core::CallState::ClientToServerPullStateString(ClientToServerPullState)':
external/grpc+/src/core/call/call_state.h:161:3: warning: control reaches end of non-void function [-Wreturn-type]
  161 |   }
      |   ^
external/grpc+/src/core/call/call_state.h: In static member function 'static const char* grpc_core::CallState::ClientToServerPushStateString(ClientToServerPushState)':
external/grpc+/src/core/call/call_state.h:191:3: warning: control reaches end of non-void function [-Wreturn-type]
  191 |   }
      |   ^
external/grpc+/src/core/call/call_state.h: In static member function 'static const char* grpc_core::CallState::ServerTrailingMetadataStateString(ServerTrailingMetadataState)':
external/grpc+/src/core/call/call_state.h:314:3: warning: control reaches end of non-void function [-Wreturn-type]
  314 |   }
      |   ^
external/grpc+/src/core/call/call_state.h: In static member function 'static const char* grpc_core::CallState::ServerToClientPushStateString(ServerToClientPushState)':
external/grpc+/src/core/call/call_state.h:284:3: warning: control reaches end of non-void function [-Wreturn-type]
  284 |   }
      |   ^
[2,752 / 2,801] Compiling src/core/lib/iomgr/socket_factory_posix.cc; 1s processwrapper-sandbox ... (4 actions, 3 running)
[2,756 / 2,801] Compiling src/core/lib/iomgr/resolve_address_posix.cc; 2s processwrapper-sandbox ... (4 actions running)
[2,758 / 2,801] Compiling src/core/lib/channel/channel_stack.cc; 2s processwrapper-sandbox ... (4 actions running)
[2,762 / 2,801] Compiling src/core/lib/channel/channel_stack.cc; 4s processwrapper-sandbox ... (4 actions, 3 running)
[2,765 / 2,801] Compiling src/core/lib/channel/channel_stack.cc; 5s processwrapper-sandbox ... (4 actions running)
[2,766 / 2,801] Compiling src/core/lib/channel/channel_stack.cc; 6s processwrapper-sandbox ... (4 actions running)
[2,769 / 2,801] Compiling src/core/lib/iomgr/event_engine_shims/tcp_client.cc; 1s processwrapper-sandbox ... (4 actions running)
[2,770 / 2,801] Compiling src/core/lib/iomgr/event_engine_shims/tcp_client.cc; 2s processwrapper-sandbox ... (4 actions, 3 running)
[2,771 / 2,801] Compiling src/core/lib/iomgr/event_engine_shims/tcp_client.cc; 4s processwrapper-sandbox ... (4 actions running)
[2,772 / 2,801] Compiling src/core/lib/iomgr/event_engine_shims/tcp_client.cc; 5s processwrapper-sandbox ... (4 actions, 3 running)
[2,779 / 2,801] Compiling src/core/lib/iomgr/ev_epoll1_linux.cc; 1s processwrapper-sandbox ... (4 actions running)
[2,780 / 2,801] Compiling src/core/lib/iomgr/endpoint_pair_posix.cc; 2s processwrapper-sandbox ... (4 actions, 3 running)
[2,782 / 2,801] Compiling src/core/lib/iomgr/endpoint_pair_posix.cc; 4s processwrapper-sandbox ... (4 actions running)
[2,783 / 2,801] Compiling src/core/lib/iomgr/endpoint_pair_posix.cc; 6s processwrapper-sandbox ... (4 actions, 3 running)
INFO: From Compiling src/core/lib/channel/connected_channel.cc:
In file included from external/grpc+/src/core/lib/channel/connected_channel.cc:53:
external/grpc+/src/core/lib/promise/loop.h:215:31: warning: attribute ignored in declaration of 'union grpc_core::Loop<F, kYield>::<unnamed>' [-Wattributes]
  215 |   GPR_NO_UNIQUE_ADDRESS union {
      |                               ^
external/grpc+/src/core/lib/promise/loop.h:215:31: note: attribute for 'union grpc_core::Loop<F, kYield>::<unnamed>' must follow the 'union' keyword
[2,787 / 2,801] Compiling src/core/lib/transport/transport_op_string.cc; 4s processwrapper-sandbox ... (4 actions, 3 running)
[2,788 / 2,801] Compiling src/core/lib/transport/transport.cc; 2s processwrapper-sandbox ... (4 actions running)
[2,789 / 2,801] Compiling src/core/lib/transport/transport.cc; 4s processwrapper-sandbox ... (4 actions running)
[2,790 / 2,801] Compiling src/core/lib/channel/promise_based_filter.cc; 6s processwrapper-sandbox ... (4 actions, 3 running)
[2,791 / 2,801] Compiling src/core/lib/channel/promise_based_filter.cc; 7s processwrapper-sandbox ... (4 actions running)
[2,792 / 2,801] Compiling src/core/lib/channel/promise_based_filter.cc; 9s processwrapper-sandbox ... (4 actions, 3 running)
[2,793 / 2,801] Compiling src/core/lib/channel/promise_based_filter.cc; 10s processwrapper-sandbox ... (4 actions running)
[2,795 / 2,801] Compiling src/core/lib/surface/completion_queue.cc; 2s processwrapper-sandbox ... (4 actions running)
[2,797 / 2,801] Compiling src/core/lib/surface/call_utils.cc; 3s processwrapper-sandbox ... (4 actions, 3 running)
[2,797 / 2,801] Compiling src/core/lib/surface/call_utils.cc; 4s processwrapper-sandbox ... (4 actions running)
[2,800 / 2,801] Compiling src/core/lib/surface/call.cc; 3s processwrapper-sandbox
INFO: Found 6 targets...
INFO: Elapsed time: 1015.994s, Critical Path: 77.75s
INFO: 2801 processes: 999 internal, 1802 processwrapper-sandbox.
INFO: Build completed successfully, 2801 total actions
