2026/08/17 01:16:44 Downloading https://releases.bazel.build/8.7.0/release/bazel-8.7.0-linux-x86_64...
Extracting Bazel installation...
Starting local Bazel server (8.7.0) and connecting to it...
Computing main repo mapping: 
Computing main repo mapping: 
Computing main repo mapping: 
Computing main repo mapping: 
Computing main repo mapping: 
Loading: 
Loading: 0 packages loaded
Loading: 0 packages loaded
Loading: 0 packages loaded
    currently loading: proto
Loading: 0 packages loaded
    currently loading: proto
Loading: 0 packages loaded
    currently loading: proto
Analyzing: 6 targets (1 packages loaded, 0 targets configured)
Analyzing: 6 targets (1 packages loaded, 0 targets configured)

Analyzing: 6 targets (32 packages loaded, 25 targets configured)

Analyzing: 6 targets (74 packages loaded, 25 targets configured)

Analyzing: 6 targets (82 packages loaded, 39 targets configured)

Analyzing: 6 targets (82 packages loaded, 39 targets configured)

Analyzing: 6 targets (86 packages loaded, 4523 targets configured)

Analyzing: 6 targets (120 packages loaded, 8023 targets configured)

Analyzing: 6 targets (137 packages loaded, 8317 targets configured)

Analyzing: 6 targets (158 packages loaded, 8640 targets configured)

Analyzing: 6 targets (175 packages loaded, 11032 targets configured)

Analyzing: 6 targets (175 packages loaded, 17129 targets configured)

Analyzing: 6 targets (185 packages loaded, 20731 targets configured)

Analyzing: 6 targets (199 packages loaded, 21440 targets configured)
[4 / 278] Compiling absl/time/internal/cctz/src/civil_time_detail.cc [for tool]; 0s processwrapper-sandbox
Analyzing: 6 targets (203 packages loaded, 21753 targets configured)
[120 / 322] Compiling absl/time/internal/cctz/src/civil_time_detail.cc [for tool]; 1s processwrapper-sandbox ... (4 actions, 3 running)
Analyzing: 6 targets (205 packages loaded, 27399 targets configured)
[124 / 322] Compiling absl/time/internal/cctz/src/civil_time_detail.cc [for tool]; 2s processwrapper-sandbox ... (4 actions, 3 running)
Analyzing: 6 targets (205 packages loaded, 27414 targets configured)
[127 / 322] Compiling absl/time/internal/cctz/src/time_zone_lookup.cc [for tool]; 1s processwrapper-sandbox ... (4 actions running)
Analyzing: 6 targets (205 packages loaded, 27414 targets configured)
[131 / 322] Compiling absl/time/internal/cctz/src/time_zone_info.cc [for tool]; 1s processwrapper-sandbox ... (3 actions running)
Analyzing: 6 targets (205 packages loaded, 27414 targets configured)
[135 / 322] Compiling absl/time/internal/cctz/src/time_zone_info.cc [for tool]; 2s processwrapper-sandbox ... (4 actions running)
Analyzing: 6 targets (205 packages loaded, 27414 targets configured)
[138 / 322] Compiling absl/time/internal/cctz/src/time_zone_info.cc [for tool]; 3s processwrapper-sandbox ... (4 actions running)
Analyzing: 6 targets (205 packages loaded, 27414 targets configured)
[169 / 492] Compiling deflate.c [for tool]; 1s processwrapper-sandbox ... (4 actions, 3 running)
Analyzing: 6 targets (205 packages loaded, 27414 targets configured)
[503 / 1,931] Compiling src/google/protobuf/compiler/parser.cc; 0s processwrapper-sandbox ... (4 actions, 3 running)
Analyzing: 6 targets (205 packages loaded, 27414 targets configured)
[506 / 1,931] Compiling src/google/protobuf/compiler/parser.cc; 2s processwrapper-sandbox ... (4 actions running)
Analyzing: 6 targets (205 packages loaded, 27414 targets configured)
[508 / 1,931] Compiling src/google/protobuf/compiler/parser.cc; 3s processwrapper-sandbox ... (4 actions running)
Analyzing: 6 targets (205 packages loaded, 27414 targets configured)
[512 / 1,931] Compiling src/google/protobuf/compiler/parser.cc; 4s processwrapper-sandbox ... (4 actions running)
Analyzing: 6 targets (205 packages loaded, 27414 targets configured)
[514 / 1,931] Compiling src/google/protobuf/compiler/parser.cc; 5s processwrapper-sandbox ... (4 actions, 3 running)
Analyzing: 6 targets (205 packages loaded, 27414 targets configured)
[520 / 1,931] Compiling src/google/protobuf/compiler/parser.cc; 6s processwrapper-sandbox ... (4 actions, 3 running)
Analyzing: 6 targets (205 packages loaded, 27414 targets configured)
[526 / 1,931] Compiling src/google/protobuf/compiler/parser.cc; 8s processwrapper-sandbox ... (4 actions, 3 running)
Analyzing: 6 targets (205 packages loaded, 27414 targets configured)
[529 / 1,931] Compiling src/google/protobuf/compiler/parser.cc; 9s processwrapper-sandbox ... (4 actions running)
Analyzing: 6 targets (205 packages loaded, 27414 targets configured)
[532 / 1,931] Compiling src/google/protobuf/compiler/parser.cc; 10s processwrapper-sandbox ... (4 actions running)
Analyzing: 6 targets (205 packages loaded, 27414 targets configured)
[536 / 1,931] Compiling src/google/protobuf/compiler/parser.cc; 11s processwrapper-sandbox ... (4 actions running)
Analyzing: 6 targets (205 packages loaded, 27414 targets configured)
[537 / 1,931] Compiling src/google/protobuf/compiler/parser.cc; 12s processwrapper-sandbox ... (4 actions running)
Analyzing: 6 targets (205 packages loaded, 27414 targets configured)
[540 / 1,931] Compiling absl/debugging/internal/demangle.cc; 1s processwrapper-sandbox ... (4 actions, 3 running)
Analyzing: 6 targets (205 packages loaded, 27414 targets configured)
[544 / 1,931] Compiling src/google/protobuf/compiler/importer.cc; 2s processwrapper-sandbox ... (4 actions running)
Analyzing: 6 targets (205 packages loaded, 27414 targets configured)
[548 / 1,931] Compiling src/google/protobuf/compiler/importer.cc; 3s processwrapper-sandbox ... (4 actions, 3 running)
Analyzing: 6 targets (205 packages loaded, 27414 targets configured)
[550 / 1,931] Compiling src/google/protobuf/compiler/importer.cc; 5s processwrapper-sandbox ... (4 actions, 3 running)
Analyzing: 6 targets (205 packages loaded, 27414 targets configured)
[552 / 1,931] Compiling src/google/protobuf/compiler/importer.cc; 6s processwrapper-sandbox ... (4 actions running)
Analyzing: 6 targets (205 packages loaded, 27414 targets configured)
[554 / 1,931] Compiling src/google/protobuf/compiler/importer.cc; 7s processwrapper-sandbox ... (4 actions running)
Analyzing: 6 targets (205 packages loaded, 27414 targets configured)
[558 / 1,931] Compiling src/google/protobuf/compiler/importer.cc; 8s processwrapper-sandbox ... (4 actions, 3 running)
Analyzing: 6 targets (205 packages loaded, 27414 targets configured)
[561 / 1,931] Compiling src/google/protobuf/compiler/importer.cc; 9s processwrapper-sandbox ... (4 actions, 3 running)
Analyzing: 6 targets (205 packages loaded, 27414 targets configured)
[567 / 1,931] Compiling absl/debugging/internal/demangle.cc [for tool]; 1s processwrapper-sandbox ... (4 actions, 3 running)
Analyzing: 6 targets (205 packages loaded, 27414 targets configured)
[579 / 1,931] Compiling absl/strings/substitute.cc; 0s processwrapper-sandbox ... (4 actions, 3 running)
Analyzing: 6 targets (205 packages loaded, 27414 targets configured)
[587 / 1,931] Compiling absl/numeric/int128.cc [for tool]; 1s processwrapper-sandbox ... (4 actions running)
Analyzing: 6 targets (205 packages loaded, 27414 targets configured)
[590 / 1,931] Compiling src/google/protobuf/io/gzip_stream.cc; 1s processwrapper-sandbox ... (4 actions running)
Analyzing: 6 targets (205 packages loaded, 27414 targets configured)
[592 / 1,931] Compiling absl/strings/cord.cc; 2s processwrapper-sandbox ... (4 actions running)
Analyzing: 6 targets (205 packages loaded, 27414 targets configured)
[593 / 1,931] Compiling absl/strings/cord.cc; 3s processwrapper-sandbox ... (4 actions running)
Analyzing: 6 targets (205 packages loaded, 27414 targets configured)
[596 / 1,931] Compiling src/google/protobuf/wire_format_lite.cc; 2s processwrapper-sandbox ... (4 actions running)
Analyzing: 6 targets (208 packages loaded, 27432 targets configured)
[598 / 1,931] Compiling absl/strings/escaping.cc [for tool]; 1s processwrapper-sandbox ... (4 actions, 3 running)
Analyzing: 6 targets (325 packages loaded, 27845 targets configured)
[599 / 1,931] Compiling absl/strings/escaping.cc [for tool]; 2s processwrapper-sandbox ... (4 actions running)
Analyzing: 6 targets (333 packages loaded, 27954 targets configured)
[601 / 1,931] Compiling absl/strings/internal/cord_rep_btree_navigator.cc; 2s processwrapper-sandbox ... (4 actions running)
Analyzing: 6 targets (335 packages loaded, 28242 targets configured)
[603 / 1,931] Compiling src/google/protobuf/repeated_ptr_field.cc; 3s processwrapper-sandbox ... (4 actions running)
INFO: Analyzed 6 targets (340 packages loaded, 28301 targets configured).
[608 / 1,931] Compiling absl/hash/internal/hash.cc; 0s processwrapper-sandbox ... (4 actions, 3 running)
[612 / 1,931] Compiling src/google/protobuf/repeated_field.cc; 1s processwrapper-sandbox ... (4 actions running)
[617 / 1,931] Compiling absl/crc/internal/crc_memcpy_fallback.cc; 0s processwrapper-sandbox ... (4 actions running)
[622 / 1,931] Compiling src/google/protobuf/parse_context.cc; 1s processwrapper-sandbox ... (4 actions, 3 running)
[627 / 1,931] Compiling absl/strings/internal/str_format/arg.cc; 0s processwrapper-sandbox ... (4 actions, 3 running)
[632 / 1,931] Compiling src/google/protobuf/message_lite.cc; 1s processwrapper-sandbox ... (4 actions, 3 running)
[636 / 1,931] Compiling src/google/protobuf/message_lite.cc; 2s processwrapper-sandbox ... (4 actions running)
[642 / 1,931] Compiling absl/strings/internal/str_format/arg.cc [for tool]; 0s processwrapper-sandbox ... (4 actions, 3 running)
[647 / 1,931] Compiling src/google/protobuf/map.cc; 2s processwrapper-sandbox ... (4 actions, 3 running)
[654 / 1,931] Compiling src/google/protobuf/inlined_string_field.cc; 0s processwrapper-sandbox ... (4 actions, 3 running)
[658 / 1,931] Compiling src/google/protobuf/inlined_string_field.cc; 1s processwrapper-sandbox ... (4 actions, 3 running)
[663 / 1,931] Compiling absl/time/civil_time.cc; 0s processwrapper-sandbox ... (4 actions running)
[667 / 1,931] Compiling src/google/protobuf/implicit_weak_message.cc; 1s processwrapper-sandbox ... (4 actions running)
[673 / 1,931] Compiling src/google/protobuf/generated_message_util.cc; 0s processwrapper-sandbox ... (4 actions running)
[676 / 1,931] Compiling src/google/protobuf/generated_message_util.cc; 1s processwrapper-sandbox ... (4 actions running)
[681 / 1,931] Compiling absl/crc/internal/crc_non_temporal_memcpy.cc [for tool]; 0s processwrapper-sandbox ... (4 actions running)
[686 / 1,931] Compiling src/google/protobuf/generated_message_tctable_lite.cc; 2s processwrapper-sandbox ... (4 actions running)
[690 / 1,931] Compiling src/google/protobuf/generated_message_tctable_lite.cc; 4s processwrapper-sandbox ... (4 actions, 3 running)
[694 / 1,931] Compiling src/google/protobuf/generated_message_tctable_lite.cc; 5s processwrapper-sandbox ... (4 actions, 3 running)
[698 / 1,931] Compiling absl/strings/internal/cord_rep_btree.cc [for tool]; 1s processwrapper-sandbox ... (4 actions running)
[700 / 1,931] Compiling absl/strings/internal/cord_rep_btree.cc [for tool]; 2s processwrapper-sandbox ... (4 actions running)
[705 / 1,931] Compiling src/google/protobuf/extension_set.cc; 1s processwrapper-sandbox ... (4 actions, 3 running)
[709 / 1,931] Compiling src/google/protobuf/extension_set.cc; 2s processwrapper-sandbox ... (4 actions, 3 running)
[714 / 1,931] Compiling src/google/protobuf/extension_set.cc; 3s processwrapper-sandbox ... (4 actions, 3 running)
[717 / 1,931] Compiling src/google/protobuf/extension_set.cc; 4s processwrapper-sandbox ... (4 actions running)
[722 / 1,931] Compiling absl/status/statusor.cc; 1s processwrapper-sandbox ... (4 actions running)
[726 / 1,931] Compiling src/google/protobuf/arenastring.cc; 2s processwrapper-sandbox ... (4 actions, 3 running)
[729 / 1,931] Compiling src/google/protobuf/io/printer.cc; 2s processwrapper-sandbox ... (4 actions, 3 running)
[731 / 1,931] Compiling src/google/protobuf/io/printer.cc; 3s processwrapper-sandbox ... (4 actions running)
[735 / 1,931] Compiling src/google/protobuf/micro_string.cc; 1s processwrapper-sandbox ... (4 actions, 3 running)
[739 / 1,931] Compiling src/google/protobuf/wire_format.cc; 1s processwrapper-sandbox ... (4 actions, 3 running)
[742 / 1,931] Compiling src/google/protobuf/wire_format.cc; 2s processwrapper-sandbox ... (4 actions, 3 running)
[744 / 1,931] Compiling src/google/protobuf/wire_format.cc; 3s processwrapper-sandbox ... (4 actions, 3 running)
[746 / 1,931] Compiling src/google/protobuf/wire_format.cc; 4s processwrapper-sandbox ... (4 actions, 3 running)
[749 / 1,931] Compiling src/google/protobuf/descriptor.cc; 2s processwrapper-sandbox ... (4 actions running)
[751 / 1,931] Compiling src/google/protobuf/descriptor.cc; 3s processwrapper-sandbox ... (4 actions running)
[753 / 1,931] Compiling src/google/protobuf/descriptor.cc; 4s processwrapper-sandbox ... (4 actions running)
[755 / 1,931] Compiling src/google/protobuf/descriptor.cc; 5s processwrapper-sandbox ... (4 actions, 3 running)
[756 / 1,931] Compiling src/google/protobuf/descriptor.cc; 7s processwrapper-sandbox ... (4 actions running)
[758 / 1,931] Compiling src/google/protobuf/descriptor.cc; 9s processwrapper-sandbox ... (4 actions running)
INFO: From Compiling src/google/protobuf/text_format.cc:
external/protobuf+/src/google/protobuf/text_format.cc: In member function 'google::protobuf::TextFormat::ParseLocation google::protobuf::TextFormat::ParseInfoTree::GetLocation(const google::protobuf::FieldDescriptor*, int) const':
external/protobuf+/src/google/protobuf/text_format.cc:260:26: warning: 'google::protobuf::TextFormat::ParseLocationRange google::protobuf::TextFormat::ParseInfoTree::GetLocationRange(const google::protobuf::FieldDescriptor*, int) const' is deprecated: Please use GetFieldLocation() [-Wdeprecated-declarations]
  260 |   return GetLocationRange(field, index).start;
      |          ~~~~~~~~~~~~~~~~^~~~~~~~~~~~~~
external/protobuf+/src/google/protobuf/text_format.cc:242:32: note: declared here
  242 | TextFormat::ParseLocationRange TextFormat::ParseInfoTree::GetLocationRange(
      |                                ^~~~~~~~~~
external/protobuf+/src/google/protobuf/text_format.cc: In member function 'bool google::protobuf::TextFormat::Parser::ParserImpl::ConsumeField(google::protobuf::Message*)':
external/protobuf+/src/google/protobuf/text_format.cc:795:54: warning: 'bool google::protobuf::FieldOptions::weak() const' is deprecated [-Wdeprecated-declarations]
  795 |       if (consumed_semicolon && field->options().weak() &&
      |                                 ~~~~~~~~~~~~~~~~~~~~~^~
In file included from external/protobuf+/src/google/protobuf/text_format.cc:50:
bazel-out/k8-fastbuild/bin/external/protobuf+/src/google/protobuf/_virtual_includes/protobuf/google/protobuf/descriptor.pb.h:19782:13: note: declared here
19782 | inline bool FieldOptions::weak() const {
      |             ^~~~~~~~~~~~
[759 / 1,931] Compiling src/google/protobuf/descriptor.cc; 10s processwrapper-sandbox ... (4 actions, 3 running)
[760 / 1,931] Compiling src/google/protobuf/descriptor.cc; 12s processwrapper-sandbox ... (4 actions running)
[761 / 1,931] Compiling src/google/protobuf/descriptor.cc; 13s processwrapper-sandbox ... (4 actions, 3 running)
[763 / 1,931] Compiling src/google/protobuf/descriptor.cc; 14s processwrapper-sandbox ... (4 actions, 3 running)
[765 / 1,931] Compiling src/google/protobuf/descriptor.cc; 15s processwrapper-sandbox ... (4 actions, 3 running)
INFO: From Compiling src/google/protobuf/descriptor.cc:
external/protobuf+/src/google/protobuf/descriptor.cc: In member function 'void google::protobuf::DescriptorBuilder::CrossLinkField(google::protobuf::FieldDescriptor*, const google::protobuf::FieldDescriptorProto&)':
external/protobuf+/src/google/protobuf/descriptor.cc:8005:65: warning: 'bool google::protobuf::FieldOptions::weak() const' is deprecated [-Wdeprecated-declarations]
 8005 |     bool is_weak = !pool_->enforce_weak_ && proto.options().weak();
      |                                             ~~~~~~~~~~~~~~~~~~~~^~
In file included from bazel-out/k8-fastbuild/bin/external/protobuf+/src/google/protobuf/_virtual_includes/protobuf/google/protobuf/cpp_features.pb.h:34,
                 from external/protobuf+/src/google/protobuf/descriptor.cc:72:
bazel-out/k8-fastbuild/bin/external/protobuf+/src/google/protobuf/_virtual_includes/protobuf/google/protobuf/descriptor.pb.h:19782:13: note: declared here
19782 | inline bool FieldOptions::weak() const {
      |             ^~~~~~~~~~~~
external/protobuf+/src/google/protobuf/descriptor.cc: In function 'google::protobuf::internal::cpp::HasbitMode google::protobuf::internal::cpp::GetFieldHasbitModeWithoutProfile(const google::protobuf::FieldDescriptor*)':
external/protobuf+/src/google/protobuf/descriptor.cc:10707:62: warning: 'bool google::protobuf::FieldOptions::weak() const' is deprecated [-Wdeprecated-declarations]
10707 |   if (field->real_containing_oneof() || field->options().weak() ||
      |                                         ~~~~~~~~~~~~~~~~~~~~~^~
bazel-out/k8-fastbuild/bin/external/protobuf+/src/google/protobuf/_virtual_includes/protobuf/google/protobuf/descriptor.pb.h:19782:13: note: declared here
19782 | inline bool FieldOptions::weak() const {
      |             ^~~~~~~~~~~~
[766 / 1,931] Compiling src/google/protobuf/dynamic_message.cc; 3s processwrapper-sandbox ... (4 actions, 3 running)
[767 / 1,931] Compiling src/google/protobuf/dynamic_message.cc; 4s processwrapper-sandbox ... (4 actions running)
INFO: From Compiling src/google/protobuf/dynamic_message.cc:
external/protobuf+/src/google/protobuf/dynamic_message.cc: In member function 'void google::protobuf::DynamicMessage::CrossLinkPrototypes()':
external/protobuf+/src/google/protobuf/dynamic_message.cc:845:31: warning: 'bool google::protobuf::FieldOptions::weak() const' is deprecated [-Wdeprecated-declarations]
  845 |         !field->options().weak() && !InRealOneof(field) &&
      |          ~~~~~~~~~~~~~~~~~~~~~^~
In file included from external/protobuf+/src/google/protobuf/dynamic_message.cc:57:
bazel-out/k8-fastbuild/bin/external/protobuf+/src/google/protobuf/_virtual_includes/protobuf/google/protobuf/descriptor.pb.h:19782:13: note: declared here
19782 | inline bool FieldOptions::weak() const {
      |             ^~~~~~~~~~~~
[770 / 1,931] Compiling src/google/protobuf/extension_set_heavy.cc; 2s processwrapper-sandbox ... (4 actions running)
[772 / 1,931] Compiling src/google/protobuf/extension_set_heavy.cc; 3s processwrapper-sandbox ... (4 actions, 3 running)
[773 / 1,931] Compiling src/google/protobuf/feature_resolver.cc; 3s processwrapper-sandbox ... (4 actions running)
[775 / 1,931] Compiling src/google/protobuf/message.cc; 4s processwrapper-sandbox ... (4 actions running)
[779 / 1,931] Compiling src/google/protobuf/message.cc; 5s processwrapper-sandbox ... (4 actions, 3 running)
INFO: From Compiling src/google/protobuf/message.cc:
In file included from external/abseil-cpp+/absl/log/internal/check_impl.h:20,
                 from external/abseil-cpp+/absl/log/absl_check.h:38,
                 from bazel-out/k8-fastbuild/bin/external/protobuf+/src/google/protobuf/_virtual_includes/protobuf/google/protobuf/message.h:107,
                 from external/protobuf+/src/google/protobuf/message.cc:12:
bazel-out/k8-fastbuild/bin/external/protobuf+/src/google/protobuf/_virtual_includes/protobuf/google/protobuf/reflection_visit_fields.h: In instantiation of 'static void google::protobuf::internal::ReflectionVisit::VisitFields(MessageT&, CallbackFn&&, google::protobuf::internal::FieldMask) [with MessageT = const google::protobuf::Message; CallbackFn = google::protobuf::internal::ReflectionVisit::VisitMessageFields<google::protobuf::Message::AbslUnparseFlagImpl() const::<lambda(const auto:60&)> >(const google::protobuf::Message&, google::protobuf::Message::AbslUnparseFlagImpl() const::<lambda(const auto:60&)>&&)::<lambda(auto:54)>]':
bazel-out/k8-fastbuild/bin/external/protobuf+/src/google/protobuf/_virtual_includes/protobuf/google/protobuf/reflection_visit_fields.h:417:31:   required from 'static void google::protobuf::internal::ReflectionVisit::VisitMessageFields(const google::protobuf::Message&, CallbackFn&&) [with CallbackFn = google::protobuf::Message::AbslUnparseFlagImpl() const::<lambda(const auto:60&)>]'
bazel-out/k8-fastbuild/bin/external/protobuf+/src/google/protobuf/_virtual_includes/protobuf/google/protobuf/reflection_visit_fields.h:494:38:   required from 'void google::protobuf::internal::VisitMessageFields(const google::protobuf::Message&, CallbackFn&&) [with CallbackFn = google::protobuf::Message::AbslUnparseFlagImpl() const::<lambda(const auto:60&)>]'
external/protobuf+/src/google/protobuf/message.cc:314:31:   required from here
bazel-out/k8-fastbuild/bin/external/protobuf+/src/google/protobuf/_virtual_includes/protobuf/google/protobuf/reflection_visit_fields.h:109:39: warning: 'bool google::protobuf::FieldOptions::weak() const' is deprecated [-Wdeprecated-declarations]
  109 |     ABSL_DCHECK(!field->options().weak()) << "weak fields are not supported";
      |                  ~~~~~~~~~~~~~~~~~~~~~^~
external/abseil-cpp+/absl/log/internal/conditions.h:68:7: note: in definition of macro 'ABSL_LOG_INTERNAL_STATELESS_CONDITION'
   68 |     !(condition) ? (void)0 : ::absl::log_internal::Voidify() &&
      |       ^~~~~~~~~
external/abseil-cpp+/absl/log/internal/check_impl.h:26:3: note: in expansion of macro 'ABSL_LOG_INTERNAL_CONDITION_FATAL'
   26 |   ABSL_LOG_INTERNAL_CONDITION_FATAL(STATELESS,                        \
      |   ^~~~~~~~~~~~~~~~~~~~~~~~~~~~~~~~~
external/abseil-cpp+/absl/log/internal/check_impl.h:27:37: note: in expansion of macro 'ABSL_PREDICT_FALSE'
   27 |                                     ABSL_PREDICT_FALSE(!(condition))) \
      |                                     ^~~~~~~~~~~~~~~~~~
external/abseil-cpp+/absl/log/internal/check_impl.h:40:3: note: in expansion of macro 'ABSL_LOG_INTERNAL_CHECK_IMPL'
   40 |   ABSL_LOG_INTERNAL_CHECK_IMPL(condition, condition_text)
      |   ^~~~~~~~~~~~~~~~~~~~~~~~~~~~
external/abseil-cpp+/absl/log/absl_check.h:47:3: note: in expansion of macro 'ABSL_LOG_INTERNAL_DCHECK_IMPL'
   47 |   ABSL_LOG_INTERNAL_DCHECK_IMPL((condition), #condition)
      |   ^~~~~~~~~~~~~~~~~~~~~~~~~~~~~
bazel-out/k8-fastbuild/bin/external/protobuf+/src/google/protobuf/_virtual_includes/protobuf/google/protobuf/reflection_visit_fields.h:109:5: note: in expansion of macro 'ABSL_DCHECK'
  109 |     ABSL_DCHECK(!field->options().weak()) << "weak fields are not supported";
      |     ^~~~~~~~~~~
In file included from external/protobuf+/src/google/protobuf/message.cc:44:
bazel-out/k8-fastbuild/bin/external/protobuf+/src/google/protobuf/_virtual_includes/protobuf/google/protobuf/descriptor.pb.h:19782:13: note: declared here
19782 | inline bool FieldOptions::weak() const {
      |             ^~~~~~~~~~~~
bazel-out/k8-fastbuild/bin/external/protobuf+/src/google/protobuf/_virtual_includes/protobuf/google/protobuf/reflection_visit_fields.h:109:39: warning: 'bool google::protobuf::FieldOptions::weak() const' is deprecated [-Wdeprecated-declarations]
  109 |     ABSL_DCHECK(!field->options().weak()) << "weak fields are not supported";
      |                  ~~~~~~~~~~~~~~~~~~~~~^~
external/abseil-cpp+/absl/log/internal/conditions.h:68:7: note: in definition of macro 'ABSL_LOG_INTERNAL_STATELESS_CONDITION'
   68 |     !(condition) ? (void)0 : ::absl::log_internal::Voidify() &&
      |       ^~~~~~~~~
external/abseil-cpp+/absl/log/internal/check_impl.h:26:3: note: in expansion of macro 'ABSL_LOG_INTERNAL_CONDITION_FATAL'
   26 |   ABSL_LOG_INTERNAL_CONDITION_FATAL(STATELESS,                        \
      |   ^~~~~~~~~~~~~~~~~~~~~~~~~~~~~~~~~
external/abseil-cpp+/absl/log/internal/check_impl.h:27:37: note: in expansion of macro 'ABSL_PREDICT_FALSE'
   27 |                                     ABSL_PREDICT_FALSE(!(condition))) \
      |                                     ^~~~~~~~~~~~~~~~~~
external/abseil-cpp+/absl/log/internal/check_impl.h:40:3: note: in expansion of macro 'ABSL_LOG_INTERNAL_CHECK_IMPL'
   40 |   ABSL_LOG_INTERNAL_CHECK_IMPL(condition, condition_text)
      |   ^~~~~~~~~~~~~~~~~~~~~~~~~~~~
external/abseil-cpp+/absl/log/absl_check.h:47:3: note: in expansion of macro 'ABSL_LOG_INTERNAL_DCHECK_IMPL'
   47 |   ABSL_LOG_INTERNAL_DCHECK_IMPL((condition), #condition)
      |   ^~~~~~~~~~~~~~~~~~~~~~~~~~~~~
bazel-out/k8-fastbuild/bin/external/protobuf+/src/google/protobuf/_virtual_includes/protobuf/google/protobuf/reflection_visit_fields.h:109:5: note: in expansion of macro 'ABSL_DCHECK'
  109 |     ABSL_DCHECK(!field->options().weak()) << "weak fields are not supported";
      |     ^~~~~~~~~~~
bazel-out/k8-fastbuild/bin/external/protobuf+/src/google/protobuf/_virtual_includes/protobuf/google/protobuf/descriptor.pb.h:19782:13: note: declared here
19782 | inline bool FieldOptions::weak() const {
      |             ^~~~~~~~~~~~
[782 / 1,931] Compiling src/google/protobuf/generated_message_reflection.cc; 3s processwrapper-sandbox ... (4 actions running)
[784 / 1,931] Compiling src/google/protobuf/generated_message_reflection.cc; 4s processwrapper-sandbox ... (4 actions running)
[785 / 1,931] Compiling src/google/protobuf/generated_message_reflection.cc; 5s processwrapper-sandbox ... (4 actions running)
[787 / 1,931] Compiling src/google/protobuf/generated_message_reflection.cc; 6s processwrapper-sandbox ... (4 actions running)
[788 / 1,931] Compiling src/google/protobuf/generated_message_reflection.cc; 7s processwrapper-sandbox ... (4 actions, 3 running)
INFO: From Compiling src/google/protobuf/generated_message_tctable_gen.cc:
external/protobuf+/src/google/protobuf/generated_message_tctable_gen.cc: In function 'bool google::protobuf::internal::{anonymous}::HasWeakFields(const google::protobuf::Descriptor*)':
external/protobuf+/src/google/protobuf/generated_message_tctable_gen.cc:668:45: warning: 'bool google::protobuf::FieldOptions::weak() const' is deprecated [-Wdeprecated-declarations]
  668 |     if (descriptor->field(i)->options().weak()) {
      |         ~~~~~~~~~~~~~~~~~~~~~~~~~~~~~~~~~~~~^~
In file included from bazel-out/k8-fastbuild/bin/external/protobuf+/src/google/protobuf/_virtual_includes/protobuf/google/protobuf/generated_message_tctable_gen.h:21,
                 from external/protobuf+/src/google/protobuf/generated_message_tctable_gen.cc:8:
bazel-out/k8-fastbuild/bin/external/protobuf+/src/google/protobuf/_virtual_includes/protobuf/google/protobuf/descriptor.pb.h:19782:13: note: declared here
19782 | inline bool FieldOptions::weak() const {
      |             ^~~~~~~~~~~~
external/protobuf+/src/google/protobuf/generated_message_tctable_gen.cc: In function 'bool google::protobuf::internal::IsFieldTypeEligibleForFastParsing(const google::protobuf::FieldDescriptor*)':
external/protobuf+/src/google/protobuf/generated_message_tctable_gen.cc:707:28: warning: 'bool google::protobuf::FieldOptions::weak() const' is deprecated [-Wdeprecated-declarations]
  707 |       field->options().weak()) {
      |       ~~~~~~~~~~~~~~~~~~~~~^~
bazel-out/k8-fastbuild/bin/external/protobuf+/src/google/protobuf/_virtual_includes/protobuf/google/protobuf/descriptor.pb.h:19782:13: note: declared here
19782 | inline bool FieldOptions::weak() const {
      |             ^~~~~~~~~~~~
external/protobuf+/src/google/protobuf/generated_message_tctable_gen.cc: In lambda function:
external/protobuf+/src/google/protobuf/generated_message_tctable_gen.cc:742:54: warning: 'bool google::protobuf::FieldOptions::weak() const' is deprecated [-Wdeprecated-declarations]
  742 |            !field->is_map() && !field->options().weak() &&
      |                                 ~~~~~~~~~~~~~~~~~~~~~^~
bazel-out/k8-fastbuild/bin/external/protobuf+/src/google/protobuf/_virtual_includes/protobuf/google/protobuf/descriptor.pb.h:19782:13: note: declared here
19782 | inline bool FieldOptions::weak() const {
      |             ^~~~~~~~~~~~
external/protobuf+/src/google/protobuf/generated_message_tctable_gen.cc: In static member function 'static std::vector<google::protobuf::internal::TailCallTableInfo::FieldEntryInfo> google::protobuf::internal::TailCallTableInfo::BuildFieldEntries(const google::protobuf::Descriptor*, const MessageOptions&, absl::lts_20250814::Span<const FieldOptions>, std::vector<AuxEntry>&)':
external/protobuf+/src/google/protobuf/generated_message_tctable_gen.cc:782:39: warning: 'bool google::protobuf::FieldOptions::weak() const' is deprecated [-Wdeprecated-declarations]
  782 |       } else if (field->options().weak()) {
      |                  ~~~~~~~~~~~~~~~~~~~~~^~
bazel-out/k8-fastbuild/bin/external/protobuf+/src/google/protobuf/_virtual_includes/protobuf/google/protobuf/descriptor.pb.h:19782:13: note: declared here
19782 | inline bool FieldOptions::weak() const {
      |             ^~~~~~~~~~~~
INFO: From Compiling src/google/protobuf/generated_message_reflection.cc:
external/protobuf+/src/google/protobuf/generated_message_reflection.cc: In member function 'const google::protobuf::Message* google::protobuf::Reflection::GetDefaultMessageInstance(const google::protobuf::FieldDescriptor*) const':
external/protobuf+/src/google/protobuf/generated_message_reflection.cc:2518:29: warning: 'bool google::protobuf::FieldOptions::weak() const' is deprecated [-Wdeprecated-declarations]
 2518 |       !field->options().weak() && !IsLazyField(field) &&
      |        ~~~~~~~~~~~~~~~~~~~~~^~
In file included from bazel-out/k8-fastbuild/bin/external/protobuf+/src/google/protobuf/_virtual_includes/protobuf/google/protobuf/cpp_features.pb.h:34,
                 from external/protobuf+/src/google/protobuf/generated_message_reflection.cc:44:
bazel-out/k8-fastbuild/bin/external/protobuf+/src/google/protobuf/_virtual_includes/protobuf/google/protobuf/descriptor.pb.h:19782:13: note: declared here
19782 | inline bool FieldOptions::weak() const {
      |             ^~~~~~~~~~~~
In file included from external/abseil-cpp+/absl/log/internal/check_impl.h:20,
                 from external/abseil-cpp+/absl/log/absl_check.h:38,
                 from bazel-out/k8-fastbuild/bin/external/protobuf+/src/google/protobuf/_virtual_includes/protobuf/google/protobuf/generated_message_reflection.h:25,
                 from external/protobuf+/src/google/protobuf/generated_message_reflection.cc:12:
external/protobuf+/src/google/protobuf/generated_message_reflection.cc: In member function 'bool google::protobuf::Reflection::HasFieldWithHasbits(const google::protobuf::Message&, const google::protobuf::FieldDescriptor*) const':
external/protobuf+/src/google/protobuf/generated_message_reflection.cc:3228:37: warning: 'bool google::protobuf::FieldOptions::weak() const' is deprecated [-Wdeprecated-declarations]
 3228 |   ABSL_DCHECK(!field->options().weak());
      |                ~~~~~~~~~~~~~~~~~~~~~^~
external/abseil-cpp+/absl/log/internal/conditions.h:68:7: note: in definition of macro 'ABSL_LOG_INTERNAL_STATELESS_CONDITION'
   68 |     !(condition) ? (void)0 : ::absl::log_internal::Voidify() &&
      |       ^~~~~~~~~
external/abseil-cpp+/absl/log/internal/check_impl.h:26:3: note: in expansion of macro 'ABSL_LOG_INTERNAL_CONDITION_FATAL'
   26 |   ABSL_LOG_INTERNAL_CONDITION_FATAL(STATELESS,                        \
      |   ^~~~~~~~~~~~~~~~~~~~~~~~~~~~~~~~~
external/abseil-cpp+/absl/log/internal/check_impl.h:27:37: note: in expansion of macro 'ABSL_PREDICT_FALSE'
   27 |                                     ABSL_PREDICT_FALSE(!(condition))) \
      |                                     ^~~~~~~~~~~~~~~~~~
external/abseil-cpp+/absl/log/internal/check_impl.h:40:3: note: in expansion of macro 'ABSL_LOG_INTERNAL_CHECK_IMPL'
   40 |   ABSL_LOG_INTERNAL_CHECK_IMPL(condition, condition_text)
      |   ^~~~~~~~~~~~~~~~~~~~~~~~~~~~
external/abseil-cpp+/absl/log/absl_check.h:47:3: note: in expansion of macro 'ABSL_LOG_INTERNAL_DCHECK_IMPL'
   47 |   ABSL_LOG_INTERNAL_DCHECK_IMPL((condition), #condition)
      |   ^~~~~~~~~~~~~~~~~~~~~~~~~~~~~
external/protobuf+/src/google/protobuf/generated_message_reflection.cc:3228:3: note: in expansion of macro 'ABSL_DCHECK'
 3228 |   ABSL_DCHECK(!field->options().weak());
      |   ^~~~~~~~~~~
bazel-out/k8-fastbuild/bin/external/protobuf+/src/google/protobuf/_virtual_includes/protobuf/google/protobuf/descriptor.pb.h:19782:13: note: declared here
19782 | inline bool FieldOptions::weak() const {
      |             ^~~~~~~~~~~~
external/protobuf+/src/google/protobuf/generated_message_reflection.cc: In member function 'void google::protobuf::Reflection::SetHasBit(google::protobuf::Message*, const google::protobuf::FieldDescriptor*) const':
external/protobuf+/src/google/protobuf/generated_message_reflection.cc:3261:37: warning: 'bool google::protobuf::FieldOptions::weak() const' is deprecated [-Wdeprecated-declarations]
 3261 |   ABSL_DCHECK(!field->options().weak());
      |                ~~~~~~~~~~~~~~~~~~~~~^~
external/abseil-cpp+/absl/log/internal/conditions.h:68:7: note: in definition of macro 'ABSL_LOG_INTERNAL_STATELESS_CONDITION'
   68 |     !(condition) ? (void)0 : ::absl::log_internal::Voidify() &&
      |       ^~~~~~~~~
external/abseil-cpp+/absl/log/internal/check_impl.h:26:3: note: in expansion of macro 'ABSL_LOG_INTERNAL_CONDITION_FATAL'
   26 |   ABSL_LOG_INTERNAL_CONDITION_FATAL(STATELESS,                        \
      |   ^~~~~~~~~~~~~~~~~~~~~~~~~~~~~~~~~
external/abseil-cpp+/absl/log/internal/check_impl.h:27:37: note: in expansion of macro 'ABSL_PREDICT_FALSE'
   27 |                                     ABSL_PREDICT_FALSE(!(condition))) \
      |                                     ^~~~~~~~~~~~~~~~~~
external/abseil-cpp+/absl/log/internal/check_impl.h:40:3: note: in expansion of macro 'ABSL_LOG_INTERNAL_CHECK_IMPL'
   40 |   ABSL_LOG_INTERNAL_CHECK_IMPL(condition, condition_text)
      |   ^~~~~~~~~~~~~~~~~~~~~~~~~~~~
external/abseil-cpp+/absl/log/absl_check.h:47:3: note: in expansion of macro 'ABSL_LOG_INTERNAL_DCHECK_IMPL'
   47 |   ABSL_LOG_INTERNAL_DCHECK_IMPL((condition), #condition)
      |   ^~~~~~~~~~~~~~~~~~~~~~~~~~~~~
external/protobuf+/src/google/protobuf/generated_message_reflection.cc:3261:3: note: in expansion of macro 'ABSL_DCHECK'
 3261 |   ABSL_DCHECK(!field->options().weak());
      |   ^~~~~~~~~~~
bazel-out/k8-fastbuild/bin/external/protobuf+/src/google/protobuf/_virtual_includes/protobuf/google/protobuf/descriptor.pb.h:19782:13: note: declared here
19782 | inline bool FieldOptions::weak() const {
      |             ^~~~~~~~~~~~
external/protobuf+/src/google/protobuf/generated_message_reflection.cc: In member function 'void google::protobuf::Reflection::ClearHasBit(google::protobuf::Message*, const google::protobuf::FieldDescriptor*) const':
external/protobuf+/src/google/protobuf/generated_message_reflection.cc:3270:37: warning: 'bool google::protobuf::FieldOptions::weak() const' is deprecated [-Wdeprecated-declarations]
 3270 |   ABSL_DCHECK(!field->options().weak());
      |                ~~~~~~~~~~~~~~~~~~~~~^~
external/abseil-cpp+/absl/log/internal/conditions.h:68:7: note: in definition of macro 'ABSL_LOG_INTERNAL_STATELESS_CONDITION'
   68 |     !(condition) ? (void)0 : ::absl::log_internal::Voidify() &&
      |       ^~~~~~~~~
external/abseil-cpp+/absl/log/internal/check_impl.h:26:3: note: in expansion of macro 'ABSL_LOG_INTERNAL_CONDITION_FATAL'
   26 |   ABSL_LOG_INTERNAL_CONDITION_FATAL(STATELESS,                        \
      |   ^~~~~~~~~~~~~~~~~~~~~~~~~~~~~~~~~
external/abseil-cpp+/absl/log/internal/check_impl.h:27:37: note: in expansion of macro 'ABSL_PREDICT_FALSE'
   27 |                                     ABSL_PREDICT_FALSE(!(condition))) \
      |                                     ^~~~~~~~~~~~~~~~~~
external/abseil-cpp+/absl/log/internal/check_impl.h:40:3: note: in expansion of macro 'ABSL_LOG_INTERNAL_CHECK_IMPL'
   40 |   ABSL_LOG_INTERNAL_CHECK_IMPL(condition, condition_text)
      |   ^~~~~~~~~~~~~~~~~~~~~~~~~~~~
external/abseil-cpp+/absl/log/absl_check.h:47:3: note: in expansion of macro 'ABSL_LOG_INTERNAL_DCHECK_IMPL'
   47 |   ABSL_LOG_INTERNAL_DCHECK_IMPL((condition), #condition)
      |   ^~~~~~~~~~~~~~~~~~~~~~~~~~~~~
external/protobuf+/src/google/protobuf/generated_message_reflection.cc:3270:3: note: in expansion of macro 'ABSL_DCHECK'
 3270 |   ABSL_DCHECK(!field->options().weak());
      |   ^~~~~~~~~~~
bazel-out/k8-fastbuild/bin/external/protobuf+/src/google/protobuf/_virtual_includes/protobuf/google/protobuf/descriptor.pb.h:19782:13: note: declared here
19782 | inline bool FieldOptions::weak() const {
      |             ^~~~~~~~~~~~
external/protobuf+/src/google/protobuf/generated_message_reflection.cc: In member function 'void google::protobuf::Reflection::NaiveSwapHasBit(google::protobuf::Message*, google::protobuf::Message*, const google::protobuf::FieldDescriptor*) const':
external/protobuf+/src/google/protobuf/generated_message_reflection.cc:3279:37: warning: 'bool google::protobuf::FieldOptions::weak() const' is deprecated [-Wdeprecated-declarations]
 3279 |   ABSL_DCHECK(!field->options().weak());
      |                ~~~~~~~~~~~~~~~~~~~~~^~
external/abseil-cpp+/absl/log/internal/conditions.h:68:7: note: in definition of macro 'ABSL_LOG_INTERNAL_STATELESS_CONDITION'
   68 |     !(condition) ? (void)0 : ::absl::log_internal::Voidify() &&
      |       ^~~~~~~~~
external/abseil-cpp+/absl/log/internal/check_impl.h:26:3: note: in expansion of macro 'ABSL_LOG_INTERNAL_CONDITION_FATAL'
   26 |   ABSL_LOG_INTERNAL_CONDITION_FATAL(STATELESS,                        \
      |   ^~~~~~~~~~~~~~~~~~~~~~~~~~~~~~~~~
external/abseil-cpp+/absl/log/internal/check_impl.h:27:37: note: in expansion of macro 'ABSL_PREDICT_FALSE'
   27 |                                     ABSL_PREDICT_FALSE(!(condition))) \
      |                                     ^~~~~~~~~~~~~~~~~~
external/abseil-cpp+/absl/log/internal/check_impl.h:40:3: note: in expansion of macro 'ABSL_LOG_INTERNAL_CHECK_IMPL'
   40 |   ABSL_LOG_INTERNAL_CHECK_IMPL(condition, condition_text)
      |   ^~~~~~~~~~~~~~~~~~~~~~~~~~~~
external/abseil-cpp+/absl/log/absl_check.h:47:3: note: in expansion of macro 'ABSL_LOG_INTERNAL_DCHECK_IMPL'
   47 |   ABSL_LOG_INTERNAL_DCHECK_IMPL((condition), #condition)
      |   ^~~~~~~~~~~~~~~~~~~~~~~~~~~~~
external/protobuf+/src/google/protobuf/generated_message_reflection.cc:3279:3: note: in expansion of macro 'ABSL_DCHECK'
 3279 |   ABSL_DCHECK(!field->options().weak());
      |   ^~~~~~~~~~~
bazel-out/k8-fastbuild/bin/external/protobuf+/src/google/protobuf/_virtual_includes/protobuf/google/protobuf/descriptor.pb.h:19782:13: note: declared here
19782 | inline bool FieldOptions::weak() const {
      |             ^~~~~~~~~~~~
bazel-out/k8-fastbuild/bin/external/protobuf+/src/google/protobuf/_virtual_includes/protobuf/google/protobuf/reflection_visit_fields.h: In instantiation of 'static void google::protobuf::internal::ReflectionVisit::VisitFields(MessageT&, CallbackFn&&, google::protobuf::internal::FieldMask) [with MessageT = google::protobuf::Message; CallbackFn = google::protobuf::internal::ReflectionVisit::VisitMessageFields<google::protobuf::Reflection::MaybePoisonAfterClear(google::protobuf::Message&) const::<lambda(google::protobuf::Message&)> >(google::protobuf::Message&, google::protobuf::Reflection::MaybePoisonAfterClear(google::protobuf::Message&) const::<lambda(google::protobuf::Message&)>&&)::<lambda(auto:57)>]':
bazel-out/k8-fastbuild/bin/external/protobuf+/src/google/protobuf/_virtual_includes/protobuf/google/protobuf/reflection_visit_fields.h:447:31:   required from 'static void google::protobuf::internal::ReflectionVisit::VisitMessageFields(google::protobuf::Message&, CallbackFn&&) [with CallbackFn = google::protobuf::Reflection::MaybePoisonAfterClear(google::protobuf::Message&) const::<lambda(google::protobuf::Message&)>]'
bazel-out/k8-fastbuild/bin/external/protobuf+/src/google/protobuf/_virtual_includes/protobuf/google/protobuf/reflection_visit_fields.h:502:38:   required from 'void google::protobuf::internal::VisitMutableMessageFields(google::protobuf::Message&, CallbackFn&&) [with CallbackFn = google::protobuf::Reflection::MaybePoisonAfterClear(google::protobuf::Message&) const::<lambda(google::protobuf::Message&)>]'
external/protobuf+/src/google/protobuf/generated_message_reflection.cc:1399:40:   required from here
bazel-out/k8-fastbuild/bin/external/protobuf+/src/google/protobuf/_virtual_includes/protobuf/google/protobuf/reflection_visit_fields.h:109:39: warning: 'bool google::protobuf::FieldOptions::weak() const' is deprecated [-Wdeprecated-declarations]
  109 |     ABSL_DCHECK(!field->options().weak()) << "weak fields are not supported";
      |                  ~~~~~~~~~~~~~~~~~~~~~^~
external/abseil-cpp+/absl/log/internal/conditions.h:68:7: note: in definition of macro 'ABSL_LOG_INTERNAL_STATELESS_CONDITION'
   68 |     !(condition) ? (void)0 : ::absl::log_internal::Voidify() &&
      |       ^~~~~~~~~
external/abseil-cpp+/absl/log/internal/check_impl.h:26:3: note: in expansion of macro 'ABSL_LOG_INTERNAL_CONDITION_FATAL'
   26 |   ABSL_LOG_INTERNAL_CONDITION_FATAL(STATELESS,                        \
      |   ^~~~~~~~~~~~~~~~~~~~~~~~~~~~~~~~~
external/abseil-cpp+/absl/log/internal/check_impl.h:27:37: note: in expansion of macro 'ABSL_PREDICT_FALSE'
   27 |                                     ABSL_PREDICT_FALSE(!(condition))) \
      |                                     ^~~~~~~~~~~~~~~~~~
external/abseil-cpp+/absl/log/internal/check_impl.h:40:3: note: in expansion of macro 'ABSL_LOG_INTERNAL_CHECK_IMPL'
   40 |   ABSL_LOG_INTERNAL_CHECK_IMPL(condition, condition_text)
      |   ^~~~~~~~~~~~~~~~~~~~~~~~~~~~
external/abseil-cpp+/absl/log/absl_check.h:47:3: note: in expansion of macro 'ABSL_LOG_INTERNAL_DCHECK_IMPL'
   47 |   ABSL_LOG_INTERNAL_DCHECK_IMPL((condition), #condition)
      |   ^~~~~~~~~~~~~~~~~~~~~~~~~~~~~
bazel-out/k8-fastbuild/bin/external/protobuf+/src/google/protobuf/_virtual_includes/protobuf/google/protobuf/reflection_visit_fields.h:109:5: note: in expansion of macro 'ABSL_DCHECK'
  109 |     ABSL_DCHECK(!field->options().weak()) << "weak fields are not supported";
      |     ^~~~~~~~~~~
bazel-out/k8-fastbuild/bin/external/protobuf+/src/google/protobuf/_virtual_includes/protobuf/google/protobuf/descriptor.pb.h:19782:13: note: declared here
19782 | inline bool FieldOptions::weak() const {
      |             ^~~~~~~~~~~~
bazel-out/k8-fastbuild/bin/external/protobuf+/src/google/protobuf/_virtual_includes/protobuf/google/protobuf/reflection_visit_fields.h:109:39: warning: 'bool google::protobuf::FieldOptions::weak() const' is deprecated [-Wdeprecated-declarations]
  109 |     ABSL_DCHECK(!field->options().weak()) << "weak fields are not supported";
      |                  ~~~~~~~~~~~~~~~~~~~~~^~
external/abseil-cpp+/absl/log/internal/conditions.h:68:7: note: in definition of macro 'ABSL_LOG_INTERNAL_STATELESS_CONDITION'
   68 |     !(condition) ? (void)0 : ::absl::log_internal::Voidify() &&
      |       ^~~~~~~~~
external/abseil-cpp+/absl/log/internal/check_impl.h:26:3: note: in expansion of macro 'ABSL_LOG_INTERNAL_CONDITION_FATAL'
   26 |   ABSL_LOG_INTERNAL_CONDITION_FATAL(STATELESS,                        \
      |   ^~~~~~~~~~~~~~~~~~~~~~~~~~~~~~~~~
external/abseil-cpp+/absl/log/internal/check_impl.h:27:37: note: in expansion of macro 'ABSL_PREDICT_FALSE'
   27 |                                     ABSL_PREDICT_FALSE(!(condition))) \
      |                                     ^~~~~~~~~~~~~~~~~~
external/abseil-cpp+/absl/log/internal/check_impl.h:40:3: note: in expansion of macro 'ABSL_LOG_INTERNAL_CHECK_IMPL'
   40 |   ABSL_LOG_INTERNAL_CHECK_IMPL(condition, condition_text)
      |   ^~~~~~~~~~~~~~~~~~~~~~~~~~~~
external/abseil-cpp+/absl/log/absl_check.h:47:3: note: in expansion of macro 'ABSL_LOG_INTERNAL_DCHECK_IMPL'
   47 |   ABSL_LOG_INTERNAL_DCHECK_IMPL((condition), #condition)
      |   ^~~~~~~~~~~~~~~~~~~~~~~~~~~~~
bazel-out/k8-fastbuild/bin/external/protobuf+/src/google/protobuf/_virtual_includes/protobuf/google/protobuf/reflection_visit_fields.h:109:5: note: in expansion of macro 'ABSL_DCHECK'
  109 |     ABSL_DCHECK(!field->options().weak()) << "weak fields are not supported";
      |     ^~~~~~~~~~~
bazel-out/k8-fastbuild/bin/external/protobuf+/src/google/protobuf/_virtual_includes/protobuf/google/protobuf/descriptor.pb.h:19782:13: note: declared here
19782 | inline bool FieldOptions::weak() const {
      |             ^~~~~~~~~~~~
[817 / 1,934] Compiling src/google/protobuf/internal_feature_helper.cc; 2s processwrapper-sandbox ... (4 actions, 3 running)
[904 / 2,061] Compiling src/google/protobuf/util/message_differencer.cc; 1s processwrapper-sandbox ... (4 actions, 3 running)
[1,096 / 2,785] Compiling src/google/protobuf/util/message_differencer.cc; 2s processwrapper-sandbox ... (4 actions, 3 running)
[1,115 / 2,801] Compiling src/google/protobuf/util/message_differencer.cc; 4s processwrapper-sandbox ... (4 actions, 3 running)
[1,115 / 2,801] Compiling src/google/protobuf/util/message_differencer.cc; 5s processwrapper-sandbox ... (4 actions running)
[1,120 / 2,801] Compiling src/google/protobuf/util/message_differencer.cc; 6s processwrapper-sandbox ... (4 actions, 3 running)
[1,123 / 2,801] Compiling src/google/protobuf/util/message_differencer.cc; 7s processwrapper-sandbox ... (4 actions, 3 running)
[1,127 / 2,801] Compiling src/google/protobuf/compiler/command_line_interface.cc [for tool]; 5s processwrapper-sandbox ... (4 actions, 3 running)
[1,130 / 2,801] Compiling src/google/protobuf/compiler/command_line_interface.cc [for tool]; 7s processwrapper-sandbox ... (4 actions, 3 running)
[1,134 / 2,801] Compiling src/google/protobuf/compiler/command_line_interface.cc [for tool]; 8s processwrapper-sandbox ... (4 actions, 3 running)
[1,156 / 2,801] Compiling src/google/protobuf/compiler/command_line_interface.cc [for tool]; 9s processwrapper-sandbox ... (4 actions, 3 running)
[1,164 / 2,801] Compiling src/google/protobuf/compiler/command_line_interface.cc [for tool]; 10s processwrapper-sandbox ... (4 actions running)
[1,174 / 2,801] Compiling src/google/protobuf/compiler/command_line_interface.cc [for tool]; 11s processwrapper-sandbox ... (4 actions, 3 running)
[1,208 / 2,801] Compiling src/google/protobuf/io/coded_stream.cc [for tool]; 1s processwrapper-sandbox ... (4 actions, 3 running)
[1,292 / 2,801] Compiling src/google/protobuf/compiler/subprocess.cc [for tool]; 1s processwrapper-sandbox ... (4 actions, 3 running)
[1,297 / 2,801] Compiling src/google/protobuf/compiler/subprocess.cc [for tool]; 2s processwrapper-sandbox ... (4 actions, 3 running)
[1,302 / 2,801] Compiling src/google/protobuf/io/zero_copy_stream_impl.cc [for tool]; 1s processwrapper-sandbox ... (4 actions, 3 running)
[1,307 / 2,801] Compiling src/google/protobuf/compiler/zip_writer.cc [for tool]; 1s processwrapper-sandbox ... (4 actions running)
INFO: From Compiling src/lib/util/ares_iface_ips.c:
external/c-ares+/src/lib/util/ares_iface_ips.c:140:3: warning: 'ares_iface_ips_add' defined but not used [-Wunused-function]
  140 |   ares_iface_ips_add(ares_iface_ips_t *ips, ares_iface_ip_flags_t flags,
      |   ^~~~~~~~~~~~~~~~~~
[1,323 / 2,801] Compiling src/google/protobuf/io/zero_copy_stream_impl_lite.cc [for tool]; 1s processwrapper-sandbox ... (4 actions, 3 running)
[1,334 / 2,801] Compiling src/google/protobuf/compiler/importer.cc [for tool]; 2s processwrapper-sandbox ... (4 actions, 3 running)
[1,337 / 2,801] Compiling src/google/protobuf/compiler/importer.cc [for tool]; 3s processwrapper-sandbox ... (4 actions, 3 running)
[1,340 / 2,801] Compiling src/google/protobuf/compiler/importer.cc [for tool]; 4s processwrapper-sandbox ... (4 actions, 3 running)
[1,347 / 2,801] Compiling src/google/protobuf/compiler/parser.cc [for tool]; 1s processwrapper-sandbox ... (4 actions, 3 running)
[1,349 / 2,801] Compiling src/google/protobuf/compiler/parser.cc [for tool]; 2s processwrapper-sandbox ... (4 actions running)
[1,352 / 2,801] Compiling src/google/protobuf/compiler/parser.cc [for tool]; 3s processwrapper-sandbox ... (4 actions, 3 running)
[1,354 / 2,801] Compiling src/google/protobuf/compiler/parser.cc [for tool]; 5s processwrapper-sandbox ... (4 actions, 3 running)
[1,357 / 2,801] Compiling src/google/protobuf/compiler/parser.cc [for tool]; 6s processwrapper-sandbox ... (4 actions running)
[1,362 / 2,801] Compiling src/google/protobuf/compiler/parser.cc [for tool]; 7s processwrapper-sandbox ... (4 actions, 3 running)
[1,370 / 2,801] Compiling src/google/protobuf/generated_enum_util.cc [for tool]; 1s processwrapper-sandbox ... (4 actions running)
[1,373 / 2,801] Compiling src/google/protobuf/compiler/cpp/enum.cc [for tool]; 3s processwrapper-sandbox ... (4 actions, 3 running)
[1,374 / 2,801] Compiling src/google/protobuf/compiler/cpp/enum.cc [for tool]; 4s processwrapper-sandbox ... (4 actions running)
[1,376 / 2,801] Compiling src/google/protobuf/compiler/cpp/enum.cc [for tool]; 5s processwrapper-sandbox ... (4 actions, 3 running)
INFO: From Compiling src/google/protobuf/compiler/cpp/extension.cc [for tool]:
In file included from bazel-out/k8-opt-exec-ST-020102668b12/bin/external/protobuf+/src/google/protobuf/compiler/cpp/_virtual_includes/cpp/google/protobuf/compiler/cpp/extension.h:19,
                 from external/protobuf+/src/google/protobuf/compiler/cpp/extension.cc:12:
bazel-out/k8-opt-exec-ST-020102668b12/bin/external/protobuf+/src/google/protobuf/compiler/cpp/_virtual_includes/names_internal/google/protobuf/compiler/cpp/helpers.h: In function 'bool google::protobuf::compiler::cpp::IsWeak(const google::protobuf::FieldDescriptor*, const Options&)':
bazel-out/k8-opt-exec-ST-020102668b12/bin/external/protobuf+/src/google/protobuf/compiler/cpp/_virtual_includes/names_internal/google/protobuf/compiler/cpp/helpers.h:359:28: warning: 'bool google::protobuf::FieldOptions::weak() const' is deprecated [-Wdeprecated-declarations]
  359 |   if (field->options().weak()) {
      |       ~~~~~~~~~~~~~~~~~~~~~^~
In file included from bazel-out/k8-opt-exec-ST-020102668b12/bin/external/protobuf+/src/google/protobuf/compiler/_virtual_includes/code_generator_lite/google/protobuf/compiler/code_generator_lite.h:18,
                 from bazel-out/k8-opt-exec-ST-020102668b12/bin/external/protobuf+/src/google/protobuf/compiler/_virtual_includes/code_generator/google/protobuf/compiler/code_generator.h:25,
                 from bazel-out/k8-opt-exec-ST-020102668b12/bin/external/protobuf+/src/google/protobuf/compiler/cpp/_virtual_includes/names_internal/google/protobuf/compiler/cpp/helpers.h:30:
bazel-out/k8-opt-exec-ST-020102668b12/bin/external/protobuf+/src/google/protobuf/_virtual_includes/protobuf/google/protobuf/descriptor.pb.h:19782:13: note: declared here
19782 | inline bool FieldOptions::weak() const {
      |             ^~~~~~~~~~~~
[1,378 / 2,801] Compiling src/google/protobuf/compiler/cpp/enum.cc [for tool]; 7s processwrapper-sandbox ... (4 actions, 3 running)
INFO: From Compiling src/google/protobuf/compiler/cpp/enum.cc [for tool]:
In file included from external/protobuf+/src/google/protobuf/compiler/cpp/enum.cc:29:
bazel-out/k8-opt-exec-ST-020102668b12/bin/external/protobuf+/src/google/protobuf/compiler/cpp/_virtual_includes/names_internal/google/protobuf/compiler/cpp/helpers.h: In function 'bool google::protobuf::compiler::cpp::IsWeak(const google::protobuf::FieldDescriptor*, const Options&)':
bazel-out/k8-opt-exec-ST-020102668b12/bin/external/protobuf+/src/google/protobuf/compiler/cpp/_virtual_includes/names_internal/google/protobuf/compiler/cpp/helpers.h:359:28: warning: 'bool google::protobuf::FieldOptions::weak() const' is deprecated [-Wdeprecated-declarations]
  359 |   if (field->options().weak()) {
      |       ~~~~~~~~~~~~~~~~~~~~~^~
In file included from bazel-out/k8-opt-exec-ST-020102668b12/bin/external/protobuf+/src/google/protobuf/compiler/_virtual_includes/code_generator_lite/google/protobuf/compiler/code_generator_lite.h:18,
                 from bazel-out/k8-opt-exec-ST-020102668b12/bin/external/protobuf+/src/google/protobuf/compiler/_virtual_includes/code_generator/google/protobuf/compiler/code_generator.h:25,
                 from bazel-out/k8-opt-exec-ST-020102668b12/bin/external/protobuf+/src/google/protobuf/compiler/cpp/_virtual_includes/cpp/google/protobuf/compiler/cpp/generator.h:24,
                 from external/protobuf+/src/google/protobuf/compiler/cpp/enum.cc:28:
bazel-out/k8-opt-exec-ST-020102668b12/bin/external/protobuf+/src/google/protobuf/_virtual_includes/protobuf/google/protobuf/descriptor.pb.h:19782:13: note: declared here
19782 | inline bool FieldOptions::weak() const {
      |             ^~~~~~~~~~~~
[1,380 / 2,801] Compiling src/google/protobuf/generated_message_tctable_lite.cc [for tool]; 6s processwrapper-sandbox ... (4 actions running)
[1,382 / 2,801] Compiling src/google/protobuf/generated_message_tctable_lite.cc [for tool]; 7s processwrapper-sandbox ... (4 actions, 3 running)
[1,383 / 2,801] Compiling src/google/protobuf/generated_message_tctable_lite.cc [for tool]; 8s processwrapper-sandbox ... (4 actions, 3 running)
INFO: From Compiling src/google/protobuf/compiler/cpp/field_chunk.cc [for tool]:
In file included from bazel-out/k8-opt-exec-ST-020102668b12/bin/external/protobuf+/src/google/protobuf/compiler/cpp/_virtual_includes/cpp/google/protobuf/compiler/cpp/field_chunk.h:10,
                 from external/protobuf+/src/google/protobuf/compiler/cpp/field_chunk.cc:1:
bazel-out/k8-opt-exec-ST-020102668b12/bin/external/protobuf+/src/google/protobuf/compiler/cpp/_virtual_includes/names_internal/google/protobuf/compiler/cpp/helpers.h: In function 'bool google::protobuf::compiler::cpp::IsWeak(const google::protobuf::FieldDescriptor*, const Options&)':
bazel-out/k8-opt-exec-ST-020102668b12/bin/external/protobuf+/src/google/protobuf/compiler/cpp/_virtual_includes/names_internal/google/protobuf/compiler/cpp/helpers.h:359:28: warning: 'bool google::protobuf::FieldOptions::weak() const' is deprecated [-Wdeprecated-declarations]
  359 |   if (field->options().weak()) {
      |       ~~~~~~~~~~~~~~~~~~~~~^~
In file included from bazel-out/k8-opt-exec-ST-020102668b12/bin/external/protobuf+/src/google/protobuf/compiler/_virtual_includes/code_generator_lite/google/protobuf/compiler/code_generator_lite.h:18,
                 from bazel-out/k8-opt-exec-ST-020102668b12/bin/external/protobuf+/src/google/protobuf/compiler/_virtual_includes/code_generator/google/protobuf/compiler/code_generator.h:25,
                 from bazel-out/k8-opt-exec-ST-020102668b12/bin/external/protobuf+/src/google/protobuf/compiler/cpp/_virtual_includes/names_internal/google/protobuf/compiler/cpp/helpers.h:30:
bazel-out/k8-opt-exec-ST-020102668b12/bin/external/protobuf+/src/google/protobuf/_virtual_includes/protobuf/google/protobuf/descriptor.pb.h:19782:13: note: declared here
19782 | inline bool FieldOptions::weak() const {
      |             ^~~~~~~~~~~~
[1,387 / 2,801] Compiling src/google/protobuf/compiler/cpp/field.cc [for tool]; 4s processwrapper-sandbox ... (4 actions, 3 running)
[1,389 / 2,801] Compiling src/google/protobuf/compiler/cpp/field.cc [for tool]; 6s processwrapper-sandbox ... (4 actions running)
INFO: From Compiling src/google/protobuf/compiler/cpp/field.cc [for tool]:
In file included from bazel-out/k8-opt-exec-ST-020102668b12/bin/external/protobuf+/src/google/protobuf/compiler/cpp/_virtual_includes/cpp/google/protobuf/compiler/cpp/field.h:26,
                 from external/protobuf+/src/google/protobuf/compiler/cpp/field.cc:12:
bazel-out/k8-opt-exec-ST-020102668b12/bin/external/protobuf+/src/google/protobuf/compiler/cpp/_virtual_includes/names_internal/google/protobuf/compiler/cpp/helpers.h: In function 'bool google::protobuf::compiler::cpp::IsWeak(const google::protobuf::FieldDescriptor*, const Options&)':
bazel-out/k8-opt-exec-ST-020102668b12/bin/external/protobuf+/src/google/protobuf/compiler/cpp/_virtual_includes/names_internal/google/protobuf/compiler/cpp/helpers.h:359:28: warning: 'bool google::protobuf::FieldOptions::weak() const' is deprecated [-Wdeprecated-declarations]
  359 |   if (field->options().weak()) {
      |       ~~~~~~~~~~~~~~~~~~~~~^~
In file included from bazel-out/k8-opt-exec-ST-020102668b12/bin/external/protobuf+/src/google/protobuf/compiler/_virtual_includes/code_generator_lite/google/protobuf/compiler/code_generator_lite.h:18,
                 from bazel-out/k8-opt-exec-ST-020102668b12/bin/external/protobuf+/src/google/protobuf/compiler/_virtual_includes/code_generator/google/protobuf/compiler/code_generator.h:25,
                 from bazel-out/k8-opt-exec-ST-020102668b12/bin/external/protobuf+/src/google/protobuf/compiler/cpp/_virtual_includes/names_internal/google/protobuf/compiler/cpp/helpers.h:30:
bazel-out/k8-opt-exec-ST-020102668b12/bin/external/protobuf+/src/google/protobuf/_virtual_includes/protobuf/google/protobuf/descriptor.pb.h:19782:13: note: declared here
19782 | inline bool FieldOptions::weak() const {
      |             ^~~~~~~~~~~~
[1,393 / 2,801] Compiling src/google/protobuf/compiler/cpp/field_generators/cord_field.cc [for tool]; 2s processwrapper-sandbox ... (4 actions, 3 running)
[1,396 / 2,801] Compiling src/google/protobuf/compiler/cpp/field_generators/cord_field.cc [for tool]; 3s processwrapper-sandbox ... (4 actions, 3 running)
[1,398 / 2,801] Compiling src/google/protobuf/compiler/cpp/field_generators/cord_field.cc [for tool]; 5s processwrapper-sandbox ... (4 actions, 3 running)
[1,401 / 2,801] Compiling src/google/protobuf/compiler/cpp/field_generators/cord_field.cc [for tool]; 6s processwrapper-sandbox ... (4 actions running)
INFO: From Compiling src/google/protobuf/compiler/cpp/field_generators/cord_field.cc [for tool]:
In file included from bazel-out/k8-opt-exec-ST-020102668b12/bin/external/protobuf+/src/google/protobuf/compiler/cpp/_virtual_includes/cpp/google/protobuf/compiler/cpp/field.h:26,
                 from external/protobuf+/src/google/protobuf/compiler/cpp/field_generators/cord_field.cc:23:
bazel-out/k8-opt-exec-ST-020102668b12/bin/external/protobuf+/src/google/protobuf/compiler/cpp/_virtual_includes/names_internal/google/protobuf/compiler/cpp/helpers.h: In function 'bool google::protobuf::compiler::cpp::IsWeak(const google::protobuf::FieldDescriptor*, const Options&)':
bazel-out/k8-opt-exec-ST-020102668b12/bin/external/protobuf+/src/google/protobuf/compiler/cpp/_virtual_includes/names_internal/google/protobuf/compiler/cpp/helpers.h:359:28: warning: 'bool google::protobuf::FieldOptions::weak() const' is deprecated [-Wdeprecated-declarations]
  359 |   if (field->options().weak()) {
      |       ~~~~~~~~~~~~~~~~~~~~~^~
In file included from bazel-out/k8-opt-exec-ST-020102668b12/bin/external/protobuf+/src/google/protobuf/compiler/_virtual_includes/code_generator_lite/google/protobuf/compiler/code_generator_lite.h:18,
                 from bazel-out/k8-opt-exec-ST-020102668b12/bin/external/protobuf+/src/google/protobuf/compiler/_virtual_includes/code_generator/google/protobuf/compiler/code_generator.h:25,
                 from bazel-out/k8-opt-exec-ST-020102668b12/bin/external/protobuf+/src/google/protobuf/compiler/cpp/_virtual_includes/names_internal/google/protobuf/compiler/cpp/helpers.h:30:
bazel-out/k8-opt-exec-ST-020102668b12/bin/external/protobuf+/src/google/protobuf/_virtual_includes/protobuf/google/protobuf/descriptor.pb.h:19782:13: note: declared here
19782 | inline bool FieldOptions::weak() const {
      |             ^~~~~~~~~~~~
[1,404 / 2,801] Compiling src/google/protobuf/compiler/cpp/field_generators/enum_field.cc [for tool]; 5s processwrapper-sandbox ... (4 actions, 3 running)
INFO: From Compiling src/google/protobuf/compiler/cpp/field_generators/enum_field.cc [for tool]:
In file included from bazel-out/k8-opt-exec-ST-020102668b12/bin/external/protobuf+/src/google/protobuf/compiler/cpp/_virtual_includes/cpp/google/protobuf/compiler/cpp/field.h:26,
                 from external/protobuf+/src/google/protobuf/compiler/cpp/field_generators/enum_field.cc:20:
bazel-out/k8-opt-exec-ST-020102668b12/bin/external/protobuf+/src/google/protobuf/compiler/cpp/_virtual_includes/names_internal/google/protobuf/compiler/cpp/helpers.h: In function 'bool google::protobuf::compiler::cpp::IsWeak(const google::protobuf::FieldDescriptor*, const Options&)':
bazel-out/k8-opt-exec-ST-020102668b12/bin/external/protobuf+/src/google/protobuf/compiler/cpp/_virtual_includes/names_internal/google/protobuf/compiler/cpp/helpers.h:359:28: warning: 'bool google::protobuf::FieldOptions::weak() const' is deprecated [-Wdeprecated-declarations]
  359 |   if (field->options().weak()) {
      |       ~~~~~~~~~~~~~~~~~~~~~^~
In file included from bazel-out/k8-opt-exec-ST-020102668b12/bin/external/protobuf+/src/google/protobuf/compiler/_virtual_includes/code_generator_lite/google/protobuf/compiler/code_generator_lite.h:18,
                 from bazel-out/k8-opt-exec-ST-020102668b12/bin/external/protobuf+/src/google/protobuf/compiler/_virtual_includes/code_generator/google/protobuf/compiler/code_generator.h:25,
                 from bazel-out/k8-opt-exec-ST-020102668b12/bin/external/protobuf+/src/google/protobuf/compiler/cpp/_virtual_includes/names_internal/google/protobuf/compiler/cpp/helpers.h:30:
bazel-out/k8-opt-exec-ST-020102668b12/bin/external/protobuf+/src/google/protobuf/_virtual_includes/protobuf/google/protobuf/descriptor.pb.h:19782:13: note: declared here
19782 | inline bool FieldOptions::weak() const {
      |             ^~~~~~~~~~~~
[1,406 / 2,801] Compiling src/google/protobuf/compiler/cpp/field_generators/map_field.cc [for tool]; 2s processwrapper-sandbox ... (4 actions, 3 running)
[1,409 / 2,801] Compiling src/google/protobuf/compiler/cpp/field_generators/map_field.cc [for tool]; 3s processwrapper-sandbox ... (4 actions running)
[1,411 / 2,801] Compiling src/google/protobuf/compiler/cpp/field_generators/map_field.cc [for tool]; 4s processwrapper-sandbox ... (4 actions, 3 running)
[1,414 / 2,801] Compiling src/google/protobuf/compiler/cpp/field_generators/map_field.cc [for tool]; 6s processwrapper-sandbox ... (4 actions, 3 running)
INFO: From Compiling src/google/protobuf/compiler/cpp/field_generators/map_field.cc [for tool]:
In file included from bazel-out/k8-opt-exec-ST-020102668b12/bin/external/protobuf+/src/google/protobuf/compiler/cpp/_virtual_includes/cpp/google/protobuf/compiler/cpp/field.h:26,
                 from external/protobuf+/src/google/protobuf/compiler/cpp/field_generators/map_field.cc:19:
bazel-out/k8-opt-exec-ST-020102668b12/bin/external/protobuf+/src/google/protobuf/compiler/cpp/_virtual_includes/names_internal/google/protobuf/compiler/cpp/helpers.h: In function 'bool google::protobuf::compiler::cpp::IsWeak(const google::protobuf::FieldDescriptor*, const Options&)':
bazel-out/k8-opt-exec-ST-020102668b12/bin/external/protobuf+/src/google/protobuf/compiler/cpp/_virtual_includes/names_internal/google/protobuf/compiler/cpp/helpers.h:359:28: warning: 'bool google::protobuf::FieldOptions::weak() const' is deprecated [-Wdeprecated-declarations]
  359 |   if (field->options().weak()) {
      |       ~~~~~~~~~~~~~~~~~~~~~^~
In file included from bazel-out/k8-opt-exec-ST-020102668b12/bin/external/protobuf+/src/google/protobuf/compiler/_virtual_includes/code_generator_lite/google/protobuf/compiler/code_generator_lite.h:18,
                 from bazel-out/k8-opt-exec-ST-020102668b12/bin/external/protobuf+/src/google/protobuf/compiler/_virtual_includes/code_generator/google/protobuf/compiler/code_generator.h:25,
                 from bazel-out/k8-opt-exec-ST-020102668b12/bin/external/protobuf+/src/google/protobuf/compiler/cpp/_virtual_includes/names_internal/google/protobuf/compiler/cpp/helpers.h:30:
bazel-out/k8-opt-exec-ST-020102668b12/bin/external/protobuf+/src/google/protobuf/_virtual_includes/protobuf/google/protobuf/descriptor.pb.h:19782:13: note: declared here
19782 | inline bool FieldOptions::weak() const {
      |             ^~~~~~~~~~~~
[1,417 / 2,801] Compiling src/google/protobuf/compiler/cpp/field_generators/message_field.cc [for tool]; 5s processwrapper-sandbox ... (4 actions, 3 running)
[1,419 / 2,801] Compiling src/google/protobuf/compiler/cpp/field_generators/message_field.cc [for tool]; 6s processwrapper-sandbox ... (4 actions, 3 running)
INFO: From Compiling src/google/protobuf/compiler/cpp/field_generators/message_field.cc [for tool]:
In file included from bazel-out/k8-opt-exec-ST-020102668b12/bin/external/protobuf+/src/google/protobuf/compiler/cpp/_virtual_includes/cpp/google/protobuf/compiler/cpp/field.h:26,
                 from external/protobuf+/src/google/protobuf/compiler/cpp/field_generators/message_field.cc:21:
bazel-out/k8-opt-exec-ST-020102668b12/bin/external/protobuf+/src/google/protobuf/compiler/cpp/_virtual_includes/names_internal/google/protobuf/compiler/cpp/helpers.h: In function 'bool google::protobuf::compiler::cpp::IsWeak(const google::protobuf::FieldDescriptor*, const Options&)':
bazel-out/k8-opt-exec-ST-020102668b12/bin/external/protobuf+/src/google/protobuf/compiler/cpp/_virtual_includes/names_internal/google/protobuf/compiler/cpp/helpers.h:359:28: warning: 'bool google::protobuf::FieldOptions::weak() const' is deprecated [-Wdeprecated-declarations]
  359 |   if (field->options().weak()) {
      |       ~~~~~~~~~~~~~~~~~~~~~^~
In file included from bazel-out/k8-opt-exec-ST-020102668b12/bin/external/protobuf+/src/google/protobuf/compiler/_virtual_includes/code_generator_lite/google/protobuf/compiler/code_generator_lite.h:18,
                 from bazel-out/k8-opt-exec-ST-020102668b12/bin/external/protobuf+/src/google/protobuf/compiler/_virtual_includes/code_generator/google/protobuf/compiler/code_generator.h:25,
                 from bazel-out/k8-opt-exec-ST-020102668b12/bin/external/protobuf+/src/google/protobuf/compiler/cpp/_virtual_includes/names_internal/google/protobuf/compiler/cpp/helpers.h:30:
bazel-out/k8-opt-exec-ST-020102668b12/bin/external/protobuf+/src/google/protobuf/_virtual_includes/protobuf/google/protobuf/descriptor.pb.h:19782:13: note: declared here
19782 | inline bool FieldOptions::weak() const {
      |             ^~~~~~~~~~~~
[1,423 / 2,801] Compiling src/google/protobuf/compiler/cpp/field_generators/primitive_field.cc [for tool]; 2s processwrapper-sandbox ... (4 actions running)
[1,425 / 2,801] Compiling src/google/protobuf/compiler/cpp/field_generators/primitive_field.cc [for tool]; 3s processwrapper-sandbox ... (4 actions, 3 running)
[1,427 / 2,801] Compiling src/google/protobuf/compiler/cpp/field_generators/primitive_field.cc [for tool]; 5s processwrapper-sandbox ... (4 actions, 3 running)
INFO: From Compiling src/google/protobuf/compiler/cpp/field_generators/primitive_field.cc [for tool]:
In file included from bazel-out/k8-opt-exec-ST-020102668b12/bin/external/protobuf+/src/google/protobuf/compiler/cpp/_virtual_includes/cpp/google/protobuf/compiler/cpp/field.h:26,
                 from external/protobuf+/src/google/protobuf/compiler/cpp/field_generators/primitive_field.cc:22:
bazel-out/k8-opt-exec-ST-020102668b12/bin/external/protobuf+/src/google/protobuf/compiler/cpp/_virtual_includes/names_internal/google/protobuf/compiler/cpp/helpers.h: In function 'bool google::protobuf::compiler::cpp::IsWeak(const google::protobuf::FieldDescriptor*, const Options&)':
bazel-out/k8-opt-exec-ST-020102668b12/bin/external/protobuf+/src/google/protobuf/compiler/cpp/_virtual_includes/names_internal/google/protobuf/compiler/cpp/helpers.h:359:28: warning: 'bool google::protobuf::FieldOptions::weak() const' is deprecated [-Wdeprecated-declarations]
  359 |   if (field->options().weak()) {
      |       ~~~~~~~~~~~~~~~~~~~~~^~
In file included from bazel-out/k8-opt-exec-ST-020102668b12/bin/external/protobuf+/src/google/protobuf/compiler/_virtual_includes/code_generator_lite/google/protobuf/compiler/code_generator_lite.h:18,
                 from bazel-out/k8-opt-exec-ST-020102668b12/bin/external/protobuf+/src/google/protobuf/compiler/_virtual_includes/code_generator/google/protobuf/compiler/code_generator.h:25,
                 from bazel-out/k8-opt-exec-ST-020102668b12/bin/external/protobuf+/src/google/protobuf/compiler/cpp/_virtual_includes/names_internal/google/protobuf/compiler/cpp/helpers.h:30:
bazel-out/k8-opt-exec-ST-020102668b12/bin/external/protobuf+/src/google/protobuf/_virtual_includes/protobuf/google/protobuf/descriptor.pb.h:19782:13: note: declared here
19782 | inline bool FieldOptions::weak() const {
      |             ^~~~~~~~~~~~
[1,430 / 2,801] Compiling src/google/protobuf/compiler/cpp/field_generators/string_field.cc [for tool]; 4s processwrapper-sandbox ... (4 actions running)
[1,432 / 2,801] Compiling src/google/protobuf/compiler/cpp/field_generators/string_field.cc [for tool]; 5s processwrapper-sandbox ... (4 actions, 3 running)
INFO: From Compiling src/google/protobuf/compiler/cpp/field_generators/string_field.cc [for tool]:
In file included from bazel-out/k8-opt-exec-ST-020102668b12/bin/external/protobuf+/src/google/protobuf/compiler/cpp/_virtual_includes/cpp/google/protobuf/compiler/cpp/field.h:26,
                 from external/protobuf+/src/google/protobuf/compiler/cpp/field_generators/string_field.cc:20:
bazel-out/k8-opt-exec-ST-020102668b12/bin/external/protobuf+/src/google/protobuf/compiler/cpp/_virtual_includes/names_internal/google/protobuf/compiler/cpp/helpers.h: In function 'bool google::protobuf::compiler::cpp::IsWeak(const google::protobuf::FieldDescriptor*, const Options&)':
bazel-out/k8-opt-exec-ST-020102668b12/bin/external/protobuf+/src/google/protobuf/compiler/cpp/_virtual_includes/names_internal/google/protobuf/compiler/cpp/helpers.h:359:28: warning: 'bool google::protobuf::FieldOptions::weak() const' is deprecated [-Wdeprecated-declarations]
  359 |   if (field->options().weak()) {
      |       ~~~~~~~~~~~~~~~~~~~~~^~
In file included from bazel-out/k8-opt-exec-ST-020102668b12/bin/external/protobuf+/src/google/protobuf/compiler/_virtual_includes/code_generator_lite/google/protobuf/compiler/code_generator_lite.h:18,
                 from bazel-out/k8-opt-exec-ST-020102668b12/bin/external/protobuf+/src/google/protobuf/compiler/_virtual_includes/code_generator/google/protobuf/compiler/code_generator.h:25,
                 from bazel-out/k8-opt-exec-ST-020102668b12/bin/external/protobuf+/src/google/protobuf/compiler/cpp/_virtual_includes/names_internal/google/protobuf/compiler/cpp/helpers.h:30:
bazel-out/k8-opt-exec-ST-020102668b12/bin/external/protobuf+/src/google/protobuf/_virtual_includes/protobuf/google/protobuf/descriptor.pb.h:19782:13: note: declared here
19782 | inline bool FieldOptions::weak() const {
      |             ^~~~~~~~~~~~
[1,435 / 2,801] Compiling src/google/protobuf/compiler/cpp/field_generators/string_view_field.cc [for tool]; 3s processwrapper-sandbox ... (4 actions, 3 running)
[1,437 / 2,801] Compiling src/google/protobuf/compiler/cpp/field_generators/string_view_field.cc [for tool]; 4s processwrapper-sandbox ... (4 actions running)
[1,439 / 2,801] Compiling src/google/protobuf/compiler/cpp/field_generators/string_view_field.cc [for tool]; 5s processwrapper-sandbox ... (4 actions running)
INFO: From Compiling src/google/protobuf/compiler/cpp/field_generators/string_view_field.cc [for tool]:
In file included from bazel-out/k8-opt-exec-ST-020102668b12/bin/external/protobuf+/src/google/protobuf/compiler/cpp/_virtual_includes/cpp/google/protobuf/compiler/cpp/field.h:26,
                 from external/protobuf+/src/google/protobuf/compiler/cpp/field_generators/string_view_field.cc:19:
bazel-out/k8-opt-exec-ST-020102668b12/bin/external/protobuf+/src/google/protobuf/compiler/cpp/_virtual_includes/names_internal/google/protobuf/compiler/cpp/helpers.h: In function 'bool google::protobuf::compiler::cpp::IsWeak(const google::protobuf::FieldDescriptor*, const Options&)':
bazel-out/k8-opt-exec-ST-020102668b12/bin/external/protobuf+/src/google/protobuf/compiler/cpp/_virtual_includes/names_internal/google/protobuf/compiler/cpp/helpers.h:359:28: warning: 'bool google::protobuf::FieldOptions::weak() const' is deprecated [-Wdeprecated-declarations]
  359 |   if (field->options().weak()) {
      |       ~~~~~~~~~~~~~~~~~~~~~^~
In file included from bazel-out/k8-opt-exec-ST-020102668b12/bin/external/protobuf+/src/google/protobuf/compiler/_virtual_includes/code_generator_lite/google/protobuf/compiler/code_generator_lite.h:18,
                 from bazel-out/k8-opt-exec-ST-020102668b12/bin/external/protobuf+/src/google/protobuf/compiler/_virtual_includes/code_generator/google/protobuf/compiler/code_generator.h:25,
                 from bazel-out/k8-opt-exec-ST-020102668b12/bin/external/protobuf+/src/google/protobuf/compiler/cpp/_virtual_includes/names_internal/google/protobuf/compiler/cpp/helpers.h:30:
bazel-out/k8-opt-exec-ST-020102668b12/bin/external/protobuf+/src/google/protobuf/_virtual_includes/protobuf/google/protobuf/descriptor.pb.h:19782:13: note: declared here
19782 | inline bool FieldOptions::weak() const {
      |             ^~~~~~~~~~~~
[1,443 / 2,801] Compiling src/google/protobuf/compiler/cpp/file.cc [for tool]; 4s processwrapper-sandbox ... (4 actions, 3 running)
[1,446 / 2,801] Compiling src/google/protobuf/compiler/cpp/file.cc [for tool]; 5s processwrapper-sandbox ... (4 actions, 3 running)
[1,448 / 2,801] Compiling src/google/protobuf/compiler/cpp/file.cc [for tool]; 6s processwrapper-sandbox ... (4 actions, 3 running)
[1,449 / 2,801] Compiling src/google/protobuf/compiler/cpp/file.cc [for tool]; 8s processwrapper-sandbox ... (4 actions running)
[1,452 / 2,801] Compiling src/google/protobuf/compiler/cpp/file.cc [for tool]; 9s processwrapper-sandbox ... (4 actions, 3 running)
INFO: From Compiling src/google/protobuf/compiler/cpp/generator.cc [for tool]:
In file included from bazel-out/k8-opt-exec-ST-020102668b12/bin/external/protobuf+/src/google/protobuf/compiler/cpp/_virtual_includes/cpp/google/protobuf/compiler/cpp/extension.h:19,
                 from bazel-out/k8-opt-exec-ST-020102668b12/bin/external/protobuf+/src/google/protobuf/compiler/cpp/_virtual_includes/cpp/google/protobuf/compiler/cpp/file.h:26,
                 from external/protobuf+/src/google/protobuf/compiler/cpp/generator.cc:31:
bazel-out/k8-opt-exec-ST-020102668b12/bin/external/protobuf+/src/google/protobuf/compiler/cpp/_virtual_includes/names_internal/google/protobuf/compiler/cpp/helpers.h: In function 'bool google::protobuf::compiler::cpp::IsWeak(const google::protobuf::FieldDescriptor*, const Options&)':
bazel-out/k8-opt-exec-ST-020102668b12/bin/external/protobuf+/src/google/protobuf/compiler/cpp/_virtual_includes/names_internal/google/protobuf/compiler/cpp/helpers.h:359:28: warning: 'bool google::protobuf::FieldOptions::weak() const' is deprecated [-Wdeprecated-declarations]
  359 |   if (field->options().weak()) {
      |       ~~~~~~~~~~~~~~~~~~~~~^~
In file included from bazel-out/k8-opt-exec-ST-020102668b12/bin/external/protobuf+/src/google/protobuf/compiler/_virtual_includes/code_generator_lite/google/protobuf/compiler/code_generator_lite.h:18,
                 from bazel-out/k8-opt-exec-ST-020102668b12/bin/external/protobuf+/src/google/protobuf/compiler/_virtual_includes/code_generator/google/protobuf/compiler/code_generator.h:25,
                 from bazel-out/k8-opt-exec-ST-020102668b12/bin/external/protobuf+/src/google/protobuf/compiler/cpp/_virtual_includes/cpp/google/protobuf/compiler/cpp/generator.h:24,
                 from external/protobuf+/src/google/protobuf/compiler/cpp/generator.cc:12:
bazel-out/k8-opt-exec-ST-020102668b12/bin/external/protobuf+/src/google/protobuf/_virtual_includes/protobuf/google/protobuf/descriptor.pb.h:19782:13: note: declared here
19782 | inline bool FieldOptions::weak() const {
      |             ^~~~~~~~~~~~
[1,455 / 2,801] Compiling src/google/protobuf/compiler/cpp/file.cc [for tool]; 11s processwrapper-sandbox ... (4 actions, 3 running)
[1,457 / 2,801] Compiling src/google/protobuf/compiler/cpp/file.cc [for tool]; 12s processwrapper-sandbox ... (4 actions running)
[1,460 / 2,801] Compiling src/google/protobuf/compiler/cpp/file.cc [for tool]; 13s processwrapper-sandbox ... (4 actions, 3 running)
INFO: From Compiling src/google/protobuf/compiler/cpp/file.cc [for tool]:
In file included from bazel-out/k8-opt-exec-ST-020102668b12/bin/external/protobuf+/src/google/protobuf/compiler/cpp/_virtual_includes/cpp/google/protobuf/compiler/cpp/extension.h:19,
                 from bazel-out/k8-opt-exec-ST-020102668b12/bin/external/protobuf+/src/google/protobuf/compiler/cpp/_virtual_includes/cpp/google/protobuf/compiler/cpp/file.h:26,
                 from external/protobuf+/src/google/protobuf/compiler/cpp/file.cc:12:
bazel-out/k8-opt-exec-ST-020102668b12/bin/external/protobuf+/src/google/protobuf/compiler/cpp/_virtual_includes/names_internal/google/protobuf/compiler/cpp/helpers.h: In function 'bool google::protobuf::compiler::cpp::IsWeak(const google::protobuf::FieldDescriptor*, const Options&)':
bazel-out/k8-opt-exec-ST-020102668b12/bin/external/protobuf+/src/google/protobuf/compiler/cpp/_virtual_includes/names_internal/google/protobuf/compiler/cpp/helpers.h:359:28: warning: 'bool google::protobuf::FieldOptions::weak() const' is deprecated [-Wdeprecated-declarations]
  359 |   if (field->options().weak()) {
      |       ~~~~~~~~~~~~~~~~~~~~~^~
In file included from bazel-out/k8-opt-exec-ST-020102668b12/bin/external/protobuf+/src/google/protobuf/compiler/_virtual_includes/code_generator_lite/google/protobuf/compiler/code_generator_lite.h:18,
                 from bazel-out/k8-opt-exec-ST-020102668b12/bin/external/protobuf+/src/google/protobuf/compiler/_virtual_includes/code_generator/google/protobuf/compiler/code_generator.h:25,
                 from bazel-out/k8-opt-exec-ST-020102668b12/bin/external/protobuf+/src/google/protobuf/compiler/cpp/_virtual_includes/names_internal/google/protobuf/compiler/cpp/helpers.h:30:
bazel-out/k8-opt-exec-ST-020102668b12/bin/external/protobuf+/src/google/protobuf/_virtual_includes/protobuf/google/protobuf/descriptor.pb.h:19782:13: note: declared here
19782 | inline bool FieldOptions::weak() const {
      |             ^~~~~~~~~~~~
[1,463 / 2,801] Compiling src/google/protobuf/compiler/cpp/message.cc [for tool]; 2s processwrapper-sandbox ... (4 actions running)
[1,464 / 2,801] Compiling src/google/protobuf/compiler/cpp/message.cc [for tool]; 3s processwrapper-sandbox ... (4 actions running)
[1,465 / 2,801] Compiling src/google/protobuf/compiler/cpp/message.cc [for tool]; 4s processwrapper-sandbox ... (4 actions running)
[1,467 / 2,801] Compiling src/google/protobuf/compiler/cpp/message.cc [for tool]; 5s processwrapper-sandbox ... (4 actions running)
[1,468 / 2,801] Compiling src/google/protobuf/compiler/cpp/message.cc [for tool]; 6s processwrapper-sandbox ... (4 actions running)
INFO: From Compiling src/google/protobuf/compiler/cpp/message_layout_helper.cc [for tool]:
In file included from bazel-out/k8-opt-exec-ST-020102668b12/bin/external/protobuf+/src/google/protobuf/compiler/cpp/_virtual_includes/cpp/google/protobuf/compiler/cpp/message_layout_helper.h:20,
                 from external/protobuf+/src/google/protobuf/compiler/cpp/message_layout_helper.cc:1:
bazel-out/k8-opt-exec-ST-020102668b12/bin/external/protobuf+/src/google/protobuf/compiler/cpp/_virtual_includes/names_internal/google/protobuf/compiler/cpp/helpers.h: In function 'bool google::protobuf::compiler::cpp::IsWeak(const google::protobuf::FieldDescriptor*, const Options&)':
bazel-out/k8-opt-exec-ST-020102668b12/bin/external/protobuf+/src/google/protobuf/compiler/cpp/_virtual_includes/names_internal/google/protobuf/compiler/cpp/helpers.h:359:28: warning: 'bool google::protobuf::FieldOptions::weak() const' is deprecated [-Wdeprecated-declarations]
  359 |   if (field->options().weak()) {
      |       ~~~~~~~~~~~~~~~~~~~~~^~
In file included from bazel-out/k8-opt-exec-ST-020102668b12/bin/external/protobuf+/src/google/protobuf/compiler/_virtual_includes/code_generator_lite/google/protobuf/compiler/code_generator_lite.h:18,
                 from bazel-out/k8-opt-exec-ST-020102668b12/bin/external/protobuf+/src/google/protobuf/compiler/_virtual_includes/code_generator/google/protobuf/compiler/code_generator.h:25,
                 from bazel-out/k8-opt-exec-ST-020102668b12/bin/external/protobuf+/src/google/protobuf/compiler/cpp/_virtual_includes/names_internal/google/protobuf/compiler/cpp/helpers.h:30:
bazel-out/k8-opt-exec-ST-020102668b12/bin/external/protobuf+/src/google/protobuf/_virtual_includes/protobuf/google/protobuf/descriptor.pb.h:19782:13: note: declared here
19782 | inline bool FieldOptions::weak() const {
      |             ^~~~~~~~~~~~
[1,471 / 2,801] Compiling src/google/protobuf/compiler/cpp/message.cc [for tool]; 7s processwrapper-sandbox ... (4 actions, 3 running)
[1,473 / 2,801] Compiling src/google/protobuf/compiler/cpp/message.cc [for tool]; 8s processwrapper-sandbox ... (4 actions, 3 running)
[1,473 / 2,801] Compiling src/google/protobuf/compiler/cpp/message.cc [for tool]; 10s processwrapper-sandbox ... (4 actions running)
[1,474 / 2,801] Compiling src/google/protobuf/compiler/cpp/message.cc [for tool]; 11s processwrapper-sandbox ... (4 actions running)
[1,476 / 2,801] Compiling src/google/protobuf/compiler/cpp/message.cc [for tool]; 13s processwrapper-sandbox ... (4 actions running)
[1,477 / 2,801] Compiling src/google/protobuf/compiler/cpp/message.cc [for tool]; 14s processwrapper-sandbox ... (4 actions running)
INFO: From Compiling src/google/protobuf/compiler/cpp/parse_function_generator.cc [for tool]:
In file included from bazel-out/k8-opt-exec-ST-020102668b12/bin/external/protobuf+/src/google/protobuf/compiler/cpp/_virtual_includes/cpp/google/protobuf/compiler/cpp/parse_function_generator.h:18,
                 from external/protobuf+/src/google/protobuf/compiler/cpp/parse_function_generator.cc:8:
bazel-out/k8-opt-exec-ST-020102668b12/bin/external/protobuf+/src/google/protobuf/compiler/cpp/_virtual_includes/names_internal/google/protobuf/compiler/cpp/helpers.h: In function 'bool google::protobuf::compiler::cpp::IsWeak(const google::protobuf::FieldDescriptor*, const Options&)':
bazel-out/k8-opt-exec-ST-020102668b12/bin/external/protobuf+/src/google/protobuf/compiler/cpp/_virtual_includes/names_internal/google/protobuf/compiler/cpp/helpers.h:359:28: warning: 'bool google::protobuf::FieldOptions::weak() const' is deprecated [-Wdeprecated-declarations]
  359 |   if (field->options().weak()) {
      |       ~~~~~~~~~~~~~~~~~~~~~^~
In file included from bazel-out/k8-opt-exec-ST-020102668b12/bin/external/protobuf+/src/google/protobuf/compiler/_virtual_includes/code_generator_lite/google/protobuf/compiler/code_generator_lite.h:18,
                 from bazel-out/k8-opt-exec-ST-020102668b12/bin/external/protobuf+/src/google/protobuf/compiler/_virtual_includes/code_generator/google/protobuf/compiler/code_generator.h:25,
                 from bazel-out/k8-opt-exec-ST-020102668b12/bin/external/protobuf+/src/google/protobuf/compiler/cpp/_virtual_includes/names_internal/google/protobuf/compiler/cpp/helpers.h:30:
bazel-out/k8-opt-exec-ST-020102668b12/bin/external/protobuf+/src/google/protobuf/_virtual_includes/protobuf/google/protobuf/descriptor.pb.h:19782:13: note: declared here
19782 | inline bool FieldOptions::weak() const {
      |             ^~~~~~~~~~~~
[1,478 / 2,801] Compiling src/google/protobuf/compiler/cpp/message.cc [for tool]; 15s processwrapper-sandbox ... (4 actions running)
[1,479 / 2,801] Compiling src/google/protobuf/compiler/cpp/message.cc [for tool]; 16s processwrapper-sandbox ... (4 actions running)
[1,480 / 2,801] Compiling src/google/protobuf/compiler/cpp/message.cc [for tool]; 18s processwrapper-sandbox ... (4 actions running)
[1,481 / 2,801] Compiling src/google/protobuf/compiler/cpp/message.cc [for tool]; 19s processwrapper-sandbox ... (4 actions running)
[1,482 / 2,801] Compiling src/google/protobuf/compiler/cpp/message.cc [for tool]; 20s processwrapper-sandbox ... (4 actions, 3 running)
INFO: From Compiling src/google/protobuf/compiler/cpp/tracker.cc [for tool]:
In file included from external/protobuf+/src/google/protobuf/compiler/cpp/tracker.cc:20:
bazel-out/k8-opt-exec-ST-020102668b12/bin/external/protobuf+/src/google/protobuf/compiler/cpp/_virtual_includes/names_internal/google/protobuf/compiler/cpp/helpers.h: In function 'bool google::protobuf::compiler::cpp::IsWeak(const google::protobuf::FieldDescriptor*, const Options&)':
bazel-out/k8-opt-exec-ST-020102668b12/bin/external/protobuf+/src/google/protobuf/compiler/cpp/_virtual_includes/names_internal/google/protobuf/compiler/cpp/helpers.h:359:28: warning: 'bool google::protobuf::FieldOptions::weak() const' is deprecated [-Wdeprecated-declarations]
  359 |   if (field->options().weak()) {
      |       ~~~~~~~~~~~~~~~~~~~~~^~
In file included from bazel-out/k8-opt-exec-ST-020102668b12/bin/external/protobuf+/src/google/protobuf/compiler/_virtual_includes/code_generator_lite/google/protobuf/compiler/code_generator_lite.h:18,
                 from bazel-out/k8-opt-exec-ST-020102668b12/bin/external/protobuf+/src/google/protobuf/compiler/_virtual_includes/code_generator/google/protobuf/compiler/code_generator.h:25,
                 from bazel-out/k8-opt-exec-ST-020102668b12/bin/external/protobuf+/src/google/protobuf/compiler/cpp/_virtual_includes/names_internal/google/protobuf/compiler/cpp/helpers.h:30:
bazel-out/k8-opt-exec-ST-020102668b12/bin/external/protobuf+/src/google/protobuf/_virtual_includes/protobuf/google/protobuf/descriptor.pb.h:19782:13: note: declared here
19782 | inline bool FieldOptions::weak() const {
      |             ^~~~~~~~~~~~
INFO: From Compiling src/google/protobuf/compiler/cpp/message.cc [for tool]:
In file included from bazel-out/k8-opt-exec-ST-020102668b12/bin/external/protobuf+/src/google/protobuf/compiler/cpp/_virtual_includes/cpp/google/protobuf/compiler/cpp/extension.h:19,
                 from bazel-out/k8-opt-exec-ST-020102668b12/bin/external/protobuf+/src/google/protobuf/compiler/cpp/_virtual_includes/cpp/google/protobuf/compiler/cpp/message.h:25,
                 from external/protobuf+/src/google/protobuf/compiler/cpp/message.cc:12:
bazel-out/k8-opt-exec-ST-020102668b12/bin/external/protobuf+/src/google/protobuf/compiler/cpp/_virtual_includes/names_internal/google/protobuf/compiler/cpp/helpers.h: In function 'bool google::protobuf::compiler::cpp::IsWeak(const google::protobuf::FieldDescriptor*, const Options&)':
bazel-out/k8-opt-exec-ST-020102668b12/bin/external/protobuf+/src/google/protobuf/compiler/cpp/_virtual_includes/names_internal/google/protobuf/compiler/cpp/helpers.h:359:28: warning: 'bool google::protobuf::FieldOptions::weak() const' is deprecated [-Wdeprecated-declarations]
  359 |   if (field->options().weak()) {
      |       ~~~~~~~~~~~~~~~~~~~~~^~
In file included from bazel-out/k8-opt-exec-ST-020102668b12/bin/external/protobuf+/src/google/protobuf/compiler/_virtual_includes/code_generator_lite/google/protobuf/compiler/code_generator_lite.h:18,
                 from bazel-out/k8-opt-exec-ST-020102668b12/bin/external/protobuf+/src/google/protobuf/compiler/_virtual_includes/code_generator/google/protobuf/compiler/code_generator.h:25,
                 from bazel-out/k8-opt-exec-ST-020102668b12/bin/external/protobuf+/src/google/protobuf/compiler/cpp/_virtual_includes/names_internal/google/protobuf/compiler/cpp/helpers.h:30:
bazel-out/k8-opt-exec-ST-020102668b12/bin/external/protobuf+/src/google/protobuf/_virtual_includes/protobuf/google/protobuf/descriptor.pb.h:19782:13: note: declared here
19782 | inline bool FieldOptions::weak() const {
      |             ^~~~~~~~~~~~
external/protobuf+/src/google/protobuf/compiler/cpp/message.cc: In function 'void google::protobuf::compiler::cpp::{anonymous}::PrintPresenceCheck(const google::protobuf::FieldDescriptor*, const std::vector<int>&, google::protobuf::io::Printer*, int*, const google::protobuf::compiler::cpp::Options&)':
external/protobuf+/src/google/protobuf/compiler/cpp/message.cc:172:29: warning: 'bool google::protobuf::FieldOptions::weak() const' is deprecated [-Wdeprecated-declarations]
  172 |   if (!field->options().weak()) {
      |        ~~~~~~~~~~~~~~~~~~~~~^~
bazel-out/k8-opt-exec-ST-020102668b12/bin/external/protobuf+/src/google/protobuf/_virtual_includes/protobuf/google/protobuf/descriptor.pb.h:19782:13: note: declared here
19782 | inline bool FieldOptions::weak() const {
      |             ^~~~~~~~~~~~
external/protobuf+/src/google/protobuf/compiler/cpp/message.cc: In member function 'void google::protobuf::compiler::cpp::MessageGenerator::GenerateFieldAccessorDeclarations(google::protobuf::io::Printer*)':
external/protobuf+/src/google/protobuf/compiler/cpp/message.cc:757:66: warning: 'bool google::protobuf::FieldOptions::weak() const' is deprecated [-Wdeprecated-declarations]
  757 |     if (!field->real_containing_oneof() && !field->options().weak()) {
      |                                             ~~~~~~~~~~~~~~~~~~~~~^~
bazel-out/k8-opt-exec-ST-020102668b12/bin/external/protobuf+/src/google/protobuf/_virtual_includes/protobuf/google/protobuf/descriptor.pb.h:19782:13: note: declared here
19782 | inline bool FieldOptions::weak() const {
      |             ^~~~~~~~~~~~
external/protobuf+/src/google/protobuf/compiler/cpp/message.cc: In member function 'void google::protobuf::compiler::cpp::MessageGenerator::GenerateSingularFieldHasBits(const google::protobuf::FieldDescriptor*, google::protobuf::io::Printer*)':
external/protobuf+/src/google/protobuf/compiler/cpp/message.cc:1129:28: warning: 'bool google::protobuf::FieldOptions::weak() const' is deprecated [-Wdeprecated-declarations]
 1129 |   if (field->options().weak()) {
      |       ~~~~~~~~~~~~~~~~~~~~~^~
bazel-out/k8-opt-exec-ST-020102668b12/bin/external/protobuf+/src/google/protobuf/_virtual_includes/protobuf/google/protobuf/descriptor.pb.h:19782:13: note: declared here
19782 | inline bool FieldOptions::weak() const {
      |             ^~~~~~~~~~~~
external/protobuf+/src/google/protobuf/compiler/cpp/message.cc: In member function 'void google::protobuf::compiler::cpp::MessageGenerator::EmitCheckAndUpdateByteSizeForField(const google::protobuf::FieldDescriptor*, google::protobuf::io::Printer*) const':
external/protobuf+/src/google/protobuf/compiler/cpp/message.cc:1344:28: warning: 'bool google::protobuf::FieldOptions::weak() const' is deprecated [-Wdeprecated-declarations]
 1344 |   if (field->options().weak()) {
      |       ~~~~~~~~~~~~~~~~~~~~~^~
bazel-out/k8-opt-exec-ST-020102668b12/bin/external/protobuf+/src/google/protobuf/_virtual_includes/protobuf/google/protobuf/descriptor.pb.h:19782:13: note: declared here
19782 | inline bool FieldOptions::weak() const {
      |             ^~~~~~~~~~~~
external/protobuf+/src/google/protobuf/compiler/cpp/message.cc: In member function 'void google::protobuf::compiler::cpp::MessageGenerator::MaybeEmitUpdateCachedHasbits(const google::protobuf::FieldDescriptor*, google::protobuf::io::Printer*, int&) const':
external/protobuf+/src/google/protobuf/compiler/cpp/message.cc:1377:59: warning: 'bool google::protobuf::FieldOptions::weak() const' is deprecated [-Wdeprecated-declarations]
 1377 |   if (!HasHasbit(field, options_) || field->options().weak()) return;
      |                                      ~~~~~~~~~~~~~~~~~~~~~^~
bazel-out/k8-opt-exec-ST-020102668b12/bin/external/protobuf+/src/google/protobuf/_virtual_includes/protobuf/google/protobuf/descriptor.pb.h:19782:13: note: declared here
19782 | inline bool FieldOptions::weak() const {
      |             ^~~~~~~~~~~~
external/protobuf+/src/google/protobuf/compiler/cpp/message.cc: In lambda function:
external/protobuf+/src/google/protobuf/compiler/cpp/message.cc:2114:64: warning: 'bool google::protobuf::FieldOptions::weak() const' is deprecated [-Wdeprecated-declarations]
 2114 |             if (!field->is_repeated() && !field->options().weak() &&
      |                                           ~~~~~~~~~~~~~~~~~~~~~^~
bazel-out/k8-opt-exec-ST-020102668b12/bin/external/protobuf+/src/google/protobuf/_virtual_includes/protobuf/google/protobuf/descriptor.pb.h:19782:13: note: declared here
19782 | inline bool FieldOptions::weak() const {
      |             ^~~~~~~~~~~~
external/protobuf+/src/google/protobuf/compiler/cpp/message.cc: In member function 'size_t google::protobuf::compiler::cpp::MessageGenerator::GenerateOffsets(google::protobuf::io::Printer*)':
external/protobuf+/src/google/protobuf/compiler/cpp/message.cc:2595:30: warning: 'bool google::protobuf::FieldOptions::weak() const' is deprecated [-Wdeprecated-declarations]
 2595 |     if (field->options().weak()) {
      |         ~~~~~~~~~~~~~~~~~~~~~^~
bazel-out/k8-opt-exec-ST-020102668b12/bin/external/protobuf+/src/google/protobuf/_virtual_includes/protobuf/google/protobuf/descriptor.pb.h:19782:13: note: declared here
19782 | inline bool FieldOptions::weak() const {
      |             ^~~~~~~~~~~~
external/protobuf+/src/google/protobuf/compiler/cpp/message.cc: In lambda function:
external/protobuf+/src/google/protobuf/compiler/cpp/message.cc:4188:39: warning: 'bool google::protobuf::FieldOptions::weak() const' is deprecated [-Wdeprecated-declarations]
 4188 |       } else if (field->options().weak() ||
      |                  ~~~~~~~~~~~~~~~~~~~~~^~
bazel-out/k8-opt-exec-ST-020102668b12/bin/external/protobuf+/src/google/protobuf/_virtual_includes/protobuf/google/protobuf/descriptor.pb.h:19782:13: note: declared here
19782 | inline bool FieldOptions::weak() const {
      |             ^~~~~~~~~~~~
external/protobuf+/src/google/protobuf/compiler/cpp/message.cc: In member function 'void google::protobuf::compiler::cpp::MessageGenerator::GenerateSerializeOneField(google::protobuf::io::Printer*, const google::protobuf::FieldDescriptor*, int)':
external/protobuf+/src/google/protobuf/compiler/cpp/message.cc:4528:28: warning: 'bool google::protobuf::FieldOptions::weak() const' is deprecated [-Wdeprecated-declarations]
 4528 |   if (field->options().weak()) {
      |       ~~~~~~~~~~~~~~~~~~~~~^~
bazel-out/k8-opt-exec-ST-020102668b12/bin/external/protobuf+/src/google/protobuf/_virtual_includes/protobuf/google/protobuf/descriptor.pb.h:19782:13: note: declared here
19782 | inline bool FieldOptions::weak() const {
      |             ^~~~~~~~~~~~
external/protobuf+/src/google/protobuf/compiler/cpp/message.cc: In lambda function:
external/protobuf+/src/google/protobuf/compiler/cpp/message.cc:4834:43: warning: 'bool google::protobuf::FieldOptions::weak() const' is deprecated [-Wdeprecated-declarations]
 4834 |                  if (field->options().weak()) {
      |                      ~~~~~~~~~~~~~~~~~~~~~^~
bazel-out/k8-opt-exec-ST-020102668b12/bin/external/protobuf+/src/google/protobuf/_virtual_includes/protobuf/google/protobuf/descriptor.pb.h:19782:13: note: declared here
19782 | inline bool FieldOptions::weak() const {
      |             ^~~~~~~~~~~~
[1,485 / 2,801] Compiling absl/strings/cord.cc [for tool]; 3s processwrapper-sandbox ... (4 actions, 3 running)
[1,487 / 2,801] Compiling src/google/protobuf/compiler/csharp/names.cc [for tool]; 1s processwrapper-sandbox ... (4 actions, 3 running)
[1,487 / 2,801] Compiling src/google/protobuf/compiler/csharp/names.cc [for tool]; 3s processwrapper-sandbox ... (4 actions running)
[1,491 / 2,801] Compiling src/google/protobuf/cpp_features.pb.cc [for tool]; 2s processwrapper-sandbox ... (4 actions running)
[1,492 / 2,801] Compiling src/google/protobuf/cpp_features.pb.cc [for tool]; 3s processwrapper-sandbox ... (4 actions running)
[1,494 / 2,801] Compiling src/google/protobuf/compiler/objectivec/enum.cc [for tool]; 2s processwrapper-sandbox ... (4 actions running)
[1,495 / 2,801] Compiling src/google/protobuf/compiler/objectivec/enum.cc [for tool]; 4s processwrapper-sandbox ... (4 actions, 3 running)
[1,495 / 2,801] Compiling src/google/protobuf/compiler/objectivec/enum.cc [for tool]; 5s processwrapper-sandbox ... (4 actions running)
[1,497 / 2,801] Compiling src/google/protobuf/compiler/objectivec/enum_field.cc [for tool]; 6s processwrapper-sandbox ... (4 actions running)
[1,499 / 2,801] Compiling src/google/protobuf/descriptor.cc [for tool]; 6s processwrapper-sandbox ... (4 actions, 3 running)
[1,500 / 2,801] Compiling src/google/protobuf/descriptor.cc [for tool]; 7s processwrapper-sandbox ... (4 actions, 3 running)
[1,501 / 2,801] Compiling src/google/protobuf/descriptor.cc [for tool]; 8s processwrapper-sandbox ... (4 actions running)
[1,502 / 2,801] Compiling src/google/protobuf/descriptor.cc [for tool]; 9s processwrapper-sandbox ... (4 actions running)
[1,503 / 2,801] Compiling src/google/protobuf/descriptor.cc [for tool]; 10s processwrapper-sandbox ... (4 actions, 3 running)
[1,505 / 2,801] Compiling src/google/protobuf/descriptor.cc [for tool]; 12s processwrapper-sandbox ... (4 actions, 3 running)
[1,506 / 2,801] Compiling src/google/protobuf/descriptor.cc [for tool]; 13s processwrapper-sandbox ... (4 actions running)
[1,507 / 2,801] Compiling src/google/protobuf/descriptor.cc [for tool]; 14s processwrapper-sandbox ... (4 actions running)
[1,508 / 2,801] Compiling src/google/protobuf/descriptor.cc [for tool]; 16s processwrapper-sandbox ... (4 actions, 3 running)
[1,509 / 2,801] Compiling src/google/protobuf/descriptor.cc [for tool]; 17s processwrapper-sandbox ... (4 actions running)
[1,511 / 2,801] Compiling src/google/protobuf/descriptor.cc [for tool]; 18s processwrapper-sandbox ... (4 actions running)
[1,512 / 2,801] Compiling src/google/protobuf/descriptor.cc [for tool]; 20s processwrapper-sandbox ... (4 actions, 3 running)
[1,513 / 2,801] Compiling src/google/protobuf/descriptor.cc [for tool]; 22s processwrapper-sandbox ... (4 actions, 3 running)
[1,516 / 2,801] Compiling src/google/protobuf/descriptor.cc [for tool]; 23s processwrapper-sandbox ... (4 actions, 3 running)
[1,516 / 2,801] Compiling src/google/protobuf/descriptor.cc [for tool]; 24s processwrapper-sandbox ... (4 actions running)
INFO: From Compiling src/google/protobuf/descriptor.cc [for tool]:
external/protobuf+/src/google/protobuf/descriptor.cc: In member function 'void google::protobuf::DescriptorBuilder::CrossLinkField(google::protobuf::FieldDescriptor*, const google::protobuf::FieldDescriptorProto&)':
external/protobuf+/src/google/protobuf/descriptor.cc:8005:65: warning: 'bool google::protobuf::FieldOptions::weak() const' is deprecated [-Wdeprecated-declarations]
 8005 |     bool is_weak = !pool_->enforce_weak_ && proto.options().weak();
      |                                             ~~~~~~~~~~~~~~~~~~~~^~
In file included from bazel-out/k8-opt-exec-ST-d57f47055a04/bin/external/protobuf+/src/google/protobuf/_virtual_includes/protobuf/google/protobuf/cpp_features.pb.h:34,
                 from external/protobuf+/src/google/protobuf/descriptor.cc:72:
bazel-out/k8-opt-exec-ST-d57f47055a04/bin/external/protobuf+/src/google/protobuf/_virtual_includes/protobuf/google/protobuf/descriptor.pb.h:19782:13: note: declared here
19782 | inline bool FieldOptions::weak() const {
      |             ^~~~~~~~~~~~
external/protobuf+/src/google/protobuf/descriptor.cc: In function 'google::protobuf::internal::cpp::HasbitMode google::protobuf::internal::cpp::GetFieldHasbitModeWithoutProfile(const google::protobuf::FieldDescriptor*)':
external/protobuf+/src/google/protobuf/descriptor.cc:10707:62: warning: 'bool google::protobuf::FieldOptions::weak() const' is deprecated [-Wdeprecated-declarations]
10707 |   if (field->real_containing_oneof() || field->options().weak() ||
      |                                         ~~~~~~~~~~~~~~~~~~~~~^~
bazel-out/k8-opt-exec-ST-d57f47055a04/bin/external/protobuf+/src/google/protobuf/_virtual_includes/protobuf/google/protobuf/descriptor.pb.h:19782:13: note: declared here
19782 | inline bool FieldOptions::weak() const {
      |             ^~~~~~~~~~~~
[1,517 / 2,801] Compiling src/google/protobuf/compiler/objectivec/map_field.cc [for tool]; 4s processwrapper-sandbox ... (4 actions, 3 running)
[1,518 / 2,801] Compiling src/google/protobuf/compiler/objectivec/message.cc [for tool]; 5s processwrapper-sandbox ... (4 actions, 3 running)
[1,518 / 2,801] Compiling src/google/protobuf/compiler/objectivec/message.cc [for tool]; 6s processwrapper-sandbox ... (4 actions running)
[1,524 / 2,801] Compiling src/google/protobuf/descriptor.pb.cc [for tool]; 3s processwrapper-sandbox ... (4 actions, 3 running)
[1,529 / 2,801] Compiling src/google/protobuf/descriptor.pb.cc [for tool]; 4s processwrapper-sandbox ... (4 actions, 3 running)
[1,533 / 2,801] Compiling src/google/protobuf/descriptor.pb.cc [for tool]; 5s processwrapper-sandbox ... (4 actions, 3 running)
[1,537 / 2,801] Compiling src/google/protobuf/descriptor.pb.cc [for tool]; 7s processwrapper-sandbox ... (4 actions, 3 running)
[1,537 / 2,801] Compiling src/google/protobuf/descriptor.pb.cc [for tool]; 8s processwrapper-sandbox ... (4 actions running)
[1,539 / 2,801] Compiling src/google/protobuf/compiler/objectivec/oneof.cc [for tool]; 5s processwrapper-sandbox ... (4 actions running)
[1,541 / 2,801] Compiling src/google/protobuf/descriptor_database.cc [for tool]; 2s processwrapper-sandbox ... (4 actions, 3 running)
[1,543 / 2,801] Compiling src/google/protobuf/descriptor_database.cc [for tool]; 3s processwrapper-sandbox ... (4 actions running)
[1,544 / 2,801] Compiling src/google/protobuf/descriptor_database.cc [for tool]; 4s processwrapper-sandbox ... (4 actions running)
[1,545 / 2,801] Compiling src/google/protobuf/descriptor_database.cc [for tool]; 5s processwrapper-sandbox ... (4 actions running)
[1,547 / 2,801] Compiling src/google/protobuf/descriptor_database.cc [for tool]; 7s processwrapper-sandbox ... (4 actions running)
[1,548 / 2,801] Compiling src/google/protobuf/descriptor_database.cc [for tool]; 8s processwrapper-sandbox ... (4 actions, 3 running)
[1,550 / 2,801] Compiling src/google/protobuf/compiler/php/php_generator.cc [for tool]; 5s processwrapper-sandbox ... (4 actions, 3 running)
[1,550 / 2,801] Compiling src/google/protobuf/compiler/php/php_generator.cc [for tool]; 7s processwrapper-sandbox ... (4 actions running)
[1,551 / 2,801] Compiling src/google/protobuf/compiler/php/php_generator.cc [for tool]; 8s processwrapper-sandbox ... (4 actions running)
INFO: From Compiling src/google/protobuf/dynamic_message.cc [for tool]:
external/protobuf+/src/google/protobuf/dynamic_message.cc: In member function 'void google::protobuf::DynamicMessage::CrossLinkPrototypes()':
external/protobuf+/src/google/protobuf/dynamic_message.cc:845:31: warning: 'bool google::protobuf::FieldOptions::weak() const' is deprecated [-Wdeprecated-declarations]
  845 |         !field->options().weak() && !InRealOneof(field) &&
      |          ~~~~~~~~~~~~~~~~~~~~~^~
In file included from external/protobuf+/src/google/protobuf/dynamic_message.cc:57:
bazel-out/k8-opt-exec-ST-d57f47055a04/bin/external/protobuf+/src/google/protobuf/_virtual_includes/protobuf/google/protobuf/descriptor.pb.h:19782:13: note: declared here
19782 | inline bool FieldOptions::weak() const {
      |             ^~~~~~~~~~~~
[1,554 / 2,801] Compiling src/google/protobuf/compiler/python/generator.cc [for tool]; 2s processwrapper-sandbox ... (4 actions running)
[1,555 / 2,801] Compiling src/google/protobuf/compiler/python/generator.cc [for tool]; 4s processwrapper-sandbox ... (4 actions, 3 running)
[1,557 / 2,801] Compiling src/google/protobuf/compiler/python/generator.cc [for tool]; 5s processwrapper-sandbox ... (4 actions, 3 running)
[1,558 / 2,801] Compiling src/google/protobuf/compiler/python/generator.cc [for tool]; 6s processwrapper-sandbox ... (4 actions running)
[1,559 / 2,801] Compiling src/google/protobuf/compiler/python/generator.cc [for tool]; 7s processwrapper-sandbox ... (4 actions, 3 running)
[1,560 / 2,801] Compiling src/google/protobuf/compiler/python/pyi_generator.cc [for tool]; 5s processwrapper-sandbox ... (4 actions, 3 running)
[1,563 / 2,801] Compiling src/google/protobuf/compiler/ruby/rbs_generator.cc [for tool]; 1s processwrapper-sandbox ... (4 actions running)
[1,564 / 2,801] Compiling src/google/protobuf/compiler/ruby/rbs_generator.cc [for tool]; 3s processwrapper-sandbox ... (4 actions, 3 running)
[1,564 / 2,801] Compiling src/google/protobuf/compiler/ruby/rbs_generator.cc [for tool]; 5s processwrapper-sandbox ... (4 actions running)
[1,566 / 2,801] Compiling src/google/protobuf/compiler/ruby/rbs_generator.cc [for tool]; 6s processwrapper-sandbox ... (4 actions running)
[1,568 / 2,801] Compiling src/google/protobuf/generated_message_tctable_lite.cc [for tool]; 6s processwrapper-sandbox ... (4 actions, 3 running)
[1,568 / 2,801] Compiling src/google/protobuf/generated_message_tctable_lite.cc [for tool]; 8s processwrapper-sandbox ... (4 actions running)
[1,570 / 2,801] Compiling src/google/protobuf/generated_message_reflection.cc [for tool]; 7s processwrapper-sandbox ... (4 actions, 3 running)
[1,571 / 2,801] Compiling src/google/protobuf/generated_message_reflection.cc [for tool]; 8s processwrapper-sandbox ... (4 actions running)
[1,573 / 2,801] Compiling src/google/protobuf/generated_message_reflection.cc [for tool]; 10s processwrapper-sandbox ... (4 actions, 3 running)
INFO: From Compiling src/google/protobuf/compiler/rust/naming.cc [for tool]:
In file included from external/protobuf+/src/google/protobuf/compiler/rust/naming.cc:26:
bazel-out/k8-opt-exec-ST-020102668b12/bin/external/protobuf+/src/google/protobuf/compiler/cpp/_virtual_includes/names_internal/google/protobuf/compiler/cpp/helpers.h: In function 'bool google::protobuf::compiler::cpp::IsWeak(const google::protobuf::FieldDescriptor*, const Options&)':
bazel-out/k8-opt-exec-ST-020102668b12/bin/external/protobuf+/src/google/protobuf/compiler/cpp/_virtual_includes/names_internal/google/protobuf/compiler/cpp/helpers.h:359:28: warning: 'bool google::protobuf::FieldOptions::weak() const' is deprecated [-Wdeprecated-declarations]
  359 |   if (field->options().weak()) {
      |       ~~~~~~~~~~~~~~~~~~~~~^~
In file included from bazel-out/k8-opt-exec-ST-020102668b12/bin/external/protobuf+/src/google/protobuf/compiler/rust/_virtual_includes/naming/google/protobuf/compiler/rust/naming.h:17,
                 from external/protobuf+/src/google/protobuf/compiler/rust/naming.cc:8:
bazel-out/k8-opt-exec-ST-020102668b12/bin/external/protobuf+/src/google/protobuf/_virtual_includes/protobuf/google/protobuf/descriptor.pb.h:19782:13: note: declared here
19782 | inline bool FieldOptions::weak() const {
      |             ^~~~~~~~~~~~
[1,574 / 2,801] Compiling src/google/protobuf/generated_message_reflection.cc [for tool]; 11s processwrapper-sandbox ... (4 actions, 3 running)
INFO: From Compiling src/google/protobuf/generated_message_reflection.cc [for tool]:
external/protobuf+/src/google/protobuf/generated_message_reflection.cc: In member function 'const google::protobuf::Message* google::protobuf::Reflection::GetDefaultMessageInstance(const google::protobuf::FieldDescriptor*) const':
external/protobuf+/src/google/protobuf/generated_message_reflection.cc:2518:29: warning: 'bool google::protobuf::FieldOptions::weak() const' is deprecated [-Wdeprecated-declarations]
 2518 |       !field->options().weak() && !IsLazyField(field) &&
      |        ~~~~~~~~~~~~~~~~~~~~~^~
In file included from bazel-out/k8-opt-exec-ST-d57f47055a04/bin/external/protobuf+/src/google/protobuf/_virtual_includes/protobuf/google/protobuf/cpp_features.pb.h:34,
                 from external/protobuf+/src/google/protobuf/generated_message_reflection.cc:44:
bazel-out/k8-opt-exec-ST-d57f47055a04/bin/external/protobuf+/src/google/protobuf/_virtual_includes/protobuf/google/protobuf/descriptor.pb.h:19782:13: note: declared here
19782 | inline bool FieldOptions::weak() const {
      |             ^~~~~~~~~~~~
In file included from external/abseil-cpp+/absl/log/internal/check_impl.h:20,
                 from external/abseil-cpp+/absl/log/absl_check.h:38,
                 from bazel-out/k8-opt-exec-ST-d57f47055a04/bin/external/protobuf+/src/google/protobuf/_virtual_includes/protobuf/google/protobuf/generated_message_reflection.h:25,
                 from external/protobuf+/src/google/protobuf/generated_message_reflection.cc:12:
external/protobuf+/src/google/protobuf/generated_message_reflection.cc: In member function 'bool google::protobuf::Reflection::HasFieldWithHasbits(const google::protobuf::Message&, const google::protobuf::FieldDescriptor*) const':
external/protobuf+/src/google/protobuf/generated_message_reflection.cc:3228:37: warning: 'bool google::protobuf::FieldOptions::weak() const' is deprecated [-Wdeprecated-declarations]
 3228 |   ABSL_DCHECK(!field->options().weak());
      |                ~~~~~~~~~~~~~~~~~~~~~^~
external/abseil-cpp+/absl/log/internal/conditions.h:68:7: note: in definition of macro 'ABSL_LOG_INTERNAL_STATELESS_CONDITION'
   68 |     !(condition) ? (void)0 : ::absl::log_internal::Voidify() &&
      |       ^~~~~~~~~
external/abseil-cpp+/absl/log/internal/check_impl.h:26:3: note: in expansion of macro 'ABSL_LOG_INTERNAL_CONDITION_FATAL'
   26 |   ABSL_LOG_INTERNAL_CONDITION_FATAL(STATELESS,                        \
      |   ^~~~~~~~~~~~~~~~~~~~~~~~~~~~~~~~~
external/abseil-cpp+/absl/log/internal/check_impl.h:27:37: note: in expansion of macro 'ABSL_PREDICT_FALSE'
   27 |                                     ABSL_PREDICT_FALSE(!(condition))) \
      |                                     ^~~~~~~~~~~~~~~~~~
external/abseil-cpp+/absl/log/internal/check_impl.h:43:3: note: in expansion of macro 'ABSL_LOG_INTERNAL_CHECK_IMPL'
   43 |   ABSL_LOG_INTERNAL_CHECK_IMPL(true || (condition), "true")
      |   ^~~~~~~~~~~~~~~~~~~~~~~~~~~~
external/abseil-cpp+/absl/log/absl_check.h:47:3: note: in expansion of macro 'ABSL_LOG_INTERNAL_DCHECK_IMPL'
   47 |   ABSL_LOG_INTERNAL_DCHECK_IMPL((condition), #condition)
      |   ^~~~~~~~~~~~~~~~~~~~~~~~~~~~~
external/protobuf+/src/google/protobuf/generated_message_reflection.cc:3228:3: note: in expansion of macro 'ABSL_DCHECK'
 3228 |   ABSL_DCHECK(!field->options().weak());
      |   ^~~~~~~~~~~
bazel-out/k8-opt-exec-ST-d57f47055a04/bin/external/protobuf+/src/google/protobuf/_virtual_includes/protobuf/google/protobuf/descriptor.pb.h:19782:13: note: declared here
19782 | inline bool FieldOptions::weak() const {
      |             ^~~~~~~~~~~~
external/protobuf+/src/google/protobuf/generated_message_reflection.cc: In member function 'void google::protobuf::Reflection::SetHasBit(google::protobuf::Message*, const google::protobuf::FieldDescriptor*) const':
external/protobuf+/src/google/protobuf/generated_message_reflection.cc:3261:37: warning: 'bool google::protobuf::FieldOptions::weak() const' is deprecated [-Wdeprecated-declarations]
 3261 |   ABSL_DCHECK(!field->options().weak());
      |                ~~~~~~~~~~~~~~~~~~~~~^~
external/abseil-cpp+/absl/log/internal/conditions.h:68:7: note: in definition of macro 'ABSL_LOG_INTERNAL_STATELESS_CONDITION'
   68 |     !(condition) ? (void)0 : ::absl::log_internal::Voidify() &&
      |       ^~~~~~~~~
external/abseil-cpp+/absl/log/internal/check_impl.h:26:3: note: in expansion of macro 'ABSL_LOG_INTERNAL_CONDITION_FATAL'
   26 |   ABSL_LOG_INTERNAL_CONDITION_FATAL(STATELESS,                        \
      |   ^~~~~~~~~~~~~~~~~~~~~~~~~~~~~~~~~
external/abseil-cpp+/absl/log/internal/check_impl.h:27:37: note: in expansion of macro 'ABSL_PREDICT_FALSE'
   27 |                                     ABSL_PREDICT_FALSE(!(condition))) \
      |                                     ^~~~~~~~~~~~~~~~~~
external/abseil-cpp+/absl/log/internal/check_impl.h:43:3: note: in expansion of macro 'ABSL_LOG_INTERNAL_CHECK_IMPL'
   43 |   ABSL_LOG_INTERNAL_CHECK_IMPL(true || (condition), "true")
      |   ^~~~~~~~~~~~~~~~~~~~~~~~~~~~
external/abseil-cpp+/absl/log/absl_check.h:47:3: note: in expansion of macro 'ABSL_LOG_INTERNAL_DCHECK_IMPL'
   47 |   ABSL_LOG_INTERNAL_DCHECK_IMPL((condition), #condition)
      |   ^~~~~~~~~~~~~~~~~~~~~~~~~~~~~
external/protobuf+/src/google/protobuf/generated_message_reflection.cc:3261:3: note: in expansion of macro 'ABSL_DCHECK'
 3261 |   ABSL_DCHECK(!field->options().weak());
      |   ^~~~~~~~~~~
bazel-out/k8-opt-exec-ST-d57f47055a04/bin/external/protobuf+/src/google/protobuf/_virtual_includes/protobuf/google/protobuf/descriptor.pb.h:19782:13: note: declared here
19782 | inline bool FieldOptions::weak() const {
      |             ^~~~~~~~~~~~
external/protobuf+/src/google/protobuf/generated_message_reflection.cc: In member function 'void google::protobuf::Reflection::ClearHasBit(google::protobuf::Message*, const google::protobuf::FieldDescriptor*) const':
external/protobuf+/src/google/protobuf/generated_message_reflection.cc:3270:37: warning: 'bool google::protobuf::FieldOptions::weak() const' is deprecated [-Wdeprecated-declarations]
 3270 |   ABSL_DCHECK(!field->options().weak());
      |                ~~~~~~~~~~~~~~~~~~~~~^~
external/abseil-cpp+/absl/log/internal/conditions.h:68:7: note: in definition of macro 'ABSL_LOG_INTERNAL_STATELESS_CONDITION'
   68 |     !(condition) ? (void)0 : ::absl::log_internal::Voidify() &&
      |       ^~~~~~~~~
external/abseil-cpp+/absl/log/internal/check_impl.h:26:3: note: in expansion of macro 'ABSL_LOG_INTERNAL_CONDITION_FATAL'
   26 |   ABSL_LOG_INTERNAL_CONDITION_FATAL(STATELESS,                        \
      |   ^~~~~~~~~~~~~~~~~~~~~~~~~~~~~~~~~
external/abseil-cpp+/absl/log/internal/check_impl.h:27:37: note: in expansion of macro 'ABSL_PREDICT_FALSE'
   27 |                                     ABSL_PREDICT_FALSE(!(condition))) \
      |                                     ^~~~~~~~~~~~~~~~~~
external/abseil-cpp+/absl/log/internal/check_impl.h:43:3: note: in expansion of macro 'ABSL_LOG_INTERNAL_CHECK_IMPL'
   43 |   ABSL_LOG_INTERNAL_CHECK_IMPL(true || (condition), "true")
      |   ^~~~~~~~~~~~~~~~~~~~~~~~~~~~
external/abseil-cpp+/absl/log/absl_check.h:47:3: note: in expansion of macro 'ABSL_LOG_INTERNAL_DCHECK_IMPL'
   47 |   ABSL_LOG_INTERNAL_DCHECK_IMPL((condition), #condition)
      |   ^~~~~~~~~~~~~~~~~~~~~~~~~~~~~
external/protobuf+/src/google/protobuf/generated_message_reflection.cc:3270:3: note: in expansion of macro 'ABSL_DCHECK'
 3270 |   ABSL_DCHECK(!field->options().weak());
      |   ^~~~~~~~~~~
bazel-out/k8-opt-exec-ST-d57f47055a04/bin/external/protobuf+/src/google/protobuf/_virtual_includes/protobuf/google/protobuf/descriptor.pb.h:19782:13: note: declared here
19782 | inline bool FieldOptions::weak() const {
      |             ^~~~~~~~~~~~
external/protobuf+/src/google/protobuf/generated_message_reflection.cc: In member function 'void google::protobuf::Reflection::NaiveSwapHasBit(google::protobuf::Message*, google::protobuf::Message*, const google::protobuf::FieldDescriptor*) const':
external/protobuf+/src/google/protobuf/generated_message_reflection.cc:3279:37: warning: 'bool google::protobuf::FieldOptions::weak() const' is deprecated [-Wdeprecated-declarations]
 3279 |   ABSL_DCHECK(!field->options().weak());
      |                ~~~~~~~~~~~~~~~~~~~~~^~
external/abseil-cpp+/absl/log/internal/conditions.h:68:7: note: in definition of macro 'ABSL_LOG_INTERNAL_STATELESS_CONDITION'
   68 |     !(condition) ? (void)0 : ::absl::log_internal::Voidify() &&
      |       ^~~~~~~~~
external/abseil-cpp+/absl/log/internal/check_impl.h:26:3: note: in expansion of macro 'ABSL_LOG_INTERNAL_CONDITION_FATAL'
   26 |   ABSL_LOG_INTERNAL_CONDITION_FATAL(STATELESS,                        \
      |   ^~~~~~~~~~~~~~~~~~~~~~~~~~~~~~~~~
external/abseil-cpp+/absl/log/internal/check_impl.h:27:37: note: in expansion of macro 'ABSL_PREDICT_FALSE'
   27 |                                     ABSL_PREDICT_FALSE(!(condition))) \
      |                                     ^~~~~~~~~~~~~~~~~~
external/abseil-cpp+/absl/log/internal/check_impl.h:43:3: note: in expansion of macro 'ABSL_LOG_INTERNAL_CHECK_IMPL'
   43 |   ABSL_LOG_INTERNAL_CHECK_IMPL(true || (condition), "true")
      |   ^~~~~~~~~~~~~~~~~~~~~~~~~~~~
external/abseil-cpp+/absl/log/absl_check.h:47:3: note: in expansion of macro 'ABSL_LOG_INTERNAL_DCHECK_IMPL'
   47 |   ABSL_LOG_INTERNAL_DCHECK_IMPL((condition), #condition)
      |   ^~~~~~~~~~~~~~~~~~~~~~~~~~~~~
external/protobuf+/src/google/protobuf/generated_message_reflection.cc:3279:3: note: in expansion of macro 'ABSL_DCHECK'
 3279 |   ABSL_DCHECK(!field->options().weak());
      |   ^~~~~~~~~~~
bazel-out/k8-opt-exec-ST-d57f47055a04/bin/external/protobuf+/src/google/protobuf/_virtual_includes/protobuf/google/protobuf/descriptor.pb.h:19782:13: note: declared here
19782 | inline bool FieldOptions::weak() const {
      |             ^~~~~~~~~~~~
bazel-out/k8-opt-exec-ST-d57f47055a04/bin/external/protobuf+/src/google/protobuf/_virtual_includes/protobuf/google/protobuf/reflection_visit_fields.h: In instantiation of 'static void google::protobuf::internal::ReflectionVisit::VisitFields(MessageT&, CallbackFn&&, google::protobuf::internal::FieldMask) [with MessageT = google::protobuf::Message; CallbackFn = google::protobuf::internal::ReflectionVisit::VisitMessageFields<google::protobuf::Reflection::MaybePoisonAfterClear(google::protobuf::Message&) const::<lambda(google::protobuf::Message&)> >(google::protobuf::Message&, google::protobuf::Reflection::MaybePoisonAfterClear(google::protobuf::Message&) const::<lambda(google::protobuf::Message&)>&&)::<lambda(auto:57)>]':
bazel-out/k8-opt-exec-ST-d57f47055a04/bin/external/protobuf+/src/google/protobuf/_virtual_includes/protobuf/google/protobuf/reflection_visit_fields.h:447:31:   required from 'static void google::protobuf::internal::ReflectionVisit::VisitMessageFields(google::protobuf::Message&, CallbackFn&&) [with CallbackFn = google::protobuf::Reflection::MaybePoisonAfterClear(google::protobuf::Message&) const::<lambda(google::protobuf::Message&)>]'
bazel-out/k8-opt-exec-ST-d57f47055a04/bin/external/protobuf+/src/google/protobuf/_virtual_includes/protobuf/google/protobuf/reflection_visit_fields.h:502:38:   required from 'void google::protobuf::internal::VisitMutableMessageFields(google::protobuf::Message&, CallbackFn&&) [with CallbackFn = google::protobuf::Reflection::MaybePoisonAfterClear(google::protobuf::Message&) const::<lambda(google::protobuf::Message&)>]'
external/protobuf+/src/google/protobuf/generated_message_reflection.cc:1399:40:   required from here
bazel-out/k8-opt-exec-ST-d57f47055a04/bin/external/protobuf+/src/google/protobuf/_virtual_includes/protobuf/google/protobuf/reflection_visit_fields.h:109:39: warning: 'bool google::protobuf::FieldOptions::weak() const' is deprecated [-Wdeprecated-declarations]
  109 |     ABSL_DCHECK(!field->options().weak()) << "weak fields are not supported";
      |                  ~~~~~~~~~~~~~~~~~~~~~^~
external/abseil-cpp+/absl/log/internal/conditions.h:68:7: note: in definition of macro 'ABSL_LOG_INTERNAL_STATELESS_CONDITION'
   68 |     !(condition) ? (void)0 : ::absl::log_internal::Voidify() &&
      |       ^~~~~~~~~
external/abseil-cpp+/absl/log/internal/check_impl.h:26:3: note: in expansion of macro 'ABSL_LOG_INTERNAL_CONDITION_FATAL'
   26 |   ABSL_LOG_INTERNAL_CONDITION_FATAL(STATELESS,                        \
      |   ^~~~~~~~~~~~~~~~~~~~~~~~~~~~~~~~~
external/abseil-cpp+/absl/log/internal/check_impl.h:27:37: note: in expansion of macro 'ABSL_PREDICT_FALSE'
   27 |                                     ABSL_PREDICT_FALSE(!(condition))) \
      |                                     ^~~~~~~~~~~~~~~~~~
external/abseil-cpp+/absl/log/internal/check_impl.h:43:3: note: in expansion of macro 'ABSL_LOG_INTERNAL_CHECK_IMPL'
   43 |   ABSL_LOG_INTERNAL_CHECK_IMPL(true || (condition), "true")
      |   ^~~~~~~~~~~~~~~~~~~~~~~~~~~~
external/abseil-cpp+/absl/log/absl_check.h:47:3: note: in expansion of macro 'ABSL_LOG_INTERNAL_DCHECK_IMPL'
   47 |   ABSL_LOG_INTERNAL_DCHECK_IMPL((condition), #condition)
      |   ^~~~~~~~~~~~~~~~~~~~~~~~~~~~~
bazel-out/k8-opt-exec-ST-d57f47055a04/bin/external/protobuf+/src/google/protobuf/_virtual_includes/protobuf/google/protobuf/reflection_visit_fields.h:109:5: note: in expansion of macro 'ABSL_DCHECK'
  109 |     ABSL_DCHECK(!field->options().weak()) << "weak fields are not supported";
      |     ^~~~~~~~~~~
bazel-out/k8-opt-exec-ST-d57f47055a04/bin/external/protobuf+/src/google/protobuf/_virtual_includes/protobuf/google/protobuf/descriptor.pb.h:19782:13: note: declared here
19782 | inline bool FieldOptions::weak() const {
      |             ^~~~~~~~~~~~
bazel-out/k8-opt-exec-ST-d57f47055a04/bin/external/protobuf+/src/google/protobuf/_virtual_includes/protobuf/google/protobuf/reflection_visit_fields.h:109:39: warning: 'bool google::protobuf::FieldOptions::weak() const' is deprecated [-Wdeprecated-declarations]
  109 |     ABSL_DCHECK(!field->options().weak()) << "weak fields are not supported";
      |                  ~~~~~~~~~~~~~~~~~~~~~^~
external/abseil-cpp+/absl/log/internal/conditions.h:68:7: note: in definition of macro 'ABSL_LOG_INTERNAL_STATELESS_CONDITION'
   68 |     !(condition) ? (void)0 : ::absl::log_internal::Voidify() &&
      |       ^~~~~~~~~
external/abseil-cpp+/absl/log/internal/check_impl.h:26:3: note: in expansion of macro 'ABSL_LOG_INTERNAL_CONDITION_FATAL'
   26 |   ABSL_LOG_INTERNAL_CONDITION_FATAL(STATELESS,                        \
      |   ^~~~~~~~~~~~~~~~~~~~~~~~~~~~~~~~~
external/abseil-cpp+/absl/log/internal/check_impl.h:27:37: note: in expansion of macro 'ABSL_PREDICT_FALSE'
   27 |                                     ABSL_PREDICT_FALSE(!(condition))) \
      |                                     ^~~~~~~~~~~~~~~~~~
external/abseil-cpp+/absl/log/internal/check_impl.h:43:3: note: in expansion of macro 'ABSL_LOG_INTERNAL_CHECK_IMPL'
   43 |   ABSL_LOG_INTERNAL_CHECK_IMPL(true || (condition), "true")
      |   ^~~~~~~~~~~~~~~~~~~~~~~~~~~~
external/abseil-cpp+/absl/log/absl_check.h:47:3: note: in expansion of macro 'ABSL_LOG_INTERNAL_DCHECK_IMPL'
   47 |   ABSL_LOG_INTERNAL_DCHECK_IMPL((condition), #condition)
      |   ^~~~~~~~~~~~~~~~~~~~~~~~~~~~~
bazel-out/k8-opt-exec-ST-d57f47055a04/bin/external/protobuf+/src/google/protobuf/_virtual_includes/protobuf/google/protobuf/reflection_visit_fields.h:109:5: note: in expansion of macro 'ABSL_DCHECK'
  109 |     ABSL_DCHECK(!field->options().weak()) << "weak fields are not supported";
      |     ^~~~~~~~~~~
bazel-out/k8-opt-exec-ST-d57f47055a04/bin/external/protobuf+/src/google/protobuf/_virtual_includes/protobuf/google/protobuf/descriptor.pb.h:19782:13: note: declared here
19782 | inline bool FieldOptions::weak() const {
      |             ^~~~~~~~~~~~
[1,575 / 2,801] Compiling src/google/protobuf/extension_set.cc [for tool]; 3s processwrapper-sandbox ... (4 actions running)
[1,576 / 2,801] Compiling src/google/protobuf/extension_set.cc [for tool]; 4s processwrapper-sandbox ... (4 actions, 3 running)
[1,579 / 2,801] Compiling src/google/protobuf/compiler/cpp/helpers.cc [for tool]; 1s processwrapper-sandbox ... (4 actions, 3 running)
[1,580 / 2,801] Compiling src/google/protobuf/compiler/cpp/helpers.cc [for tool]; 2s processwrapper-sandbox ... (4 actions running)
[1,581 / 2,801] Compiling src/google/protobuf/compiler/cpp/helpers.cc [for tool]; 3s processwrapper-sandbox ... (4 actions running)
INFO: From Compiling src/google/protobuf/generated_message_tctable_gen.cc [for tool]:
external/protobuf+/src/google/protobuf/generated_message_tctable_gen.cc: In function 'bool google::protobuf::internal::{anonymous}::HasWeakFields(const google::protobuf::Descriptor*)':
external/protobuf+/src/google/protobuf/generated_message_tctable_gen.cc:668:45: warning: 'bool google::protobuf::FieldOptions::weak() const' is deprecated [-Wdeprecated-declarations]
  668 |     if (descriptor->field(i)->options().weak()) {
      |         ~~~~~~~~~~~~~~~~~~~~~~~~~~~~~~~~~~~~^~
In file included from bazel-out/k8-opt-exec-ST-d57f47055a04/bin/external/protobuf+/src/google/protobuf/_virtual_includes/protobuf/google/protobuf/generated_message_tctable_gen.h:21,
                 from external/protobuf+/src/google/protobuf/generated_message_tctable_gen.cc:8:
bazel-out/k8-opt-exec-ST-d57f47055a04/bin/external/protobuf+/src/google/protobuf/_virtual_includes/protobuf/google/protobuf/descriptor.pb.h:19782:13: note: declared here
19782 | inline bool FieldOptions::weak() const {
      |             ^~~~~~~~~~~~
external/protobuf+/src/google/protobuf/generated_message_tctable_gen.cc: In function 'bool google::protobuf::internal::IsFieldTypeEligibleForFastParsing(const google::protobuf::FieldDescriptor*)':
external/protobuf+/src/google/protobuf/generated_message_tctable_gen.cc:707:28: warning: 'bool google::protobuf::FieldOptions::weak() const' is deprecated [-Wdeprecated-declarations]
  707 |       field->options().weak()) {
      |       ~~~~~~~~~~~~~~~~~~~~~^~
bazel-out/k8-opt-exec-ST-d57f47055a04/bin/external/protobuf+/src/google/protobuf/_virtual_includes/protobuf/google/protobuf/descriptor.pb.h:19782:13: note: declared here
19782 | inline bool FieldOptions::weak() const {
      |             ^~~~~~~~~~~~
external/protobuf+/src/google/protobuf/generated_message_tctable_gen.cc: In lambda function:
external/protobuf+/src/google/protobuf/generated_message_tctable_gen.cc:742:54: warning: 'bool google::protobuf::FieldOptions::weak() const' is deprecated [-Wdeprecated-declarations]
  742 |            !field->is_map() && !field->options().weak() &&
      |                                 ~~~~~~~~~~~~~~~~~~~~~^~
bazel-out/k8-opt-exec-ST-d57f47055a04/bin/external/protobuf+/src/google/protobuf/_virtual_includes/protobuf/google/protobuf/descriptor.pb.h:19782:13: note: declared here
19782 | inline bool FieldOptions::weak() const {
      |             ^~~~~~~~~~~~
external/protobuf+/src/google/protobuf/generated_message_tctable_gen.cc: In static member function 'static std::vector<google::protobuf::internal::TailCallTableInfo::FieldEntryInfo> google::protobuf::internal::TailCallTableInfo::BuildFieldEntries(const google::protobuf::Descriptor*, const MessageOptions&, absl::lts_20250814::Span<const FieldOptions>, std::vector<AuxEntry>&)':
external/protobuf+/src/google/protobuf/generated_message_tctable_gen.cc:782:39: warning: 'bool google::protobuf::FieldOptions::weak() const' is deprecated [-Wdeprecated-declarations]
  782 |       } else if (field->options().weak()) {
      |                  ~~~~~~~~~~~~~~~~~~~~~^~
bazel-out/k8-opt-exec-ST-d57f47055a04/bin/external/protobuf+/src/google/protobuf/_virtual_includes/protobuf/google/protobuf/descriptor.pb.h:19782:13: note: declared here
19782 | inline bool FieldOptions::weak() const {
      |             ^~~~~~~~~~~~
[1,583 / 2,801] Compiling src/google/protobuf/compiler/cpp/helpers.cc [for tool]; 4s processwrapper-sandbox ... (4 actions, 3 running)
[1,584 / 2,801] Compiling src/google/protobuf/compiler/cpp/helpers.cc [for tool]; 6s processwrapper-sandbox ... (4 actions, 3 running)
[1,585 / 2,801] Compiling src/google/protobuf/compiler/cpp/helpers.cc [for tool]; 7s processwrapper-sandbox ... (4 actions, 3 running)
[1,586 / 2,801] Compiling src/google/protobuf/compiler/cpp/helpers.cc [for tool]; 8s processwrapper-sandbox ... (4 actions running)
INFO: From Compiling src/google/protobuf/compiler/cpp/helpers.cc [for tool]:
In file included from external/protobuf+/src/google/protobuf/compiler/cpp/helpers.cc:12:
bazel-out/k8-opt-exec-ST-020102668b12/bin/external/protobuf+/src/google/protobuf/compiler/cpp/_virtual_includes/names_internal/google/protobuf/compiler/cpp/helpers.h: In function 'bool google::protobuf::compiler::cpp::IsWeak(const google::protobuf::FieldDescriptor*, const Options&)':
bazel-out/k8-opt-exec-ST-020102668b12/bin/external/protobuf+/src/google/protobuf/compiler/cpp/_virtual_includes/names_internal/google/protobuf/compiler/cpp/helpers.h:359:28: warning: 'bool google::protobuf::FieldOptions::weak() const' is deprecated [-Wdeprecated-declarations]
  359 |   if (field->options().weak()) {
      |       ~~~~~~~~~~~~~~~~~~~~~^~
In file included from bazel-out/k8-opt-exec-ST-020102668b12/bin/external/protobuf+/src/google/protobuf/compiler/_virtual_includes/code_generator_lite/google/protobuf/compiler/code_generator_lite.h:18,
                 from bazel-out/k8-opt-exec-ST-020102668b12/bin/external/protobuf+/src/google/protobuf/compiler/_virtual_includes/code_generator/google/protobuf/compiler/code_generator.h:25,
                 from bazel-out/k8-opt-exec-ST-020102668b12/bin/external/protobuf+/src/google/protobuf/compiler/cpp/_virtual_includes/names_internal/google/protobuf/compiler/cpp/helpers.h:30:
bazel-out/k8-opt-exec-ST-020102668b12/bin/external/protobuf+/src/google/protobuf/_virtual_includes/protobuf/google/protobuf/descriptor.pb.h:19782:13: note: declared here
19782 | inline bool FieldOptions::weak() const {
      |             ^~~~~~~~~~~~
external/protobuf+/src/google/protobuf/compiler/cpp/helpers.cc: In member function 'google::protobuf::compiler::cpp::MessageAnalysis google::protobuf::compiler::cpp::MessageSCCAnalyzer::GetSCCAnalysis(const google::protobuf::compiler::SCC*)':
external/protobuf+/src/google/protobuf/compiler/cpp/helpers.cc:1736:32: warning: 'bool google::protobuf::FieldOptions::weak() const' is deprecated [-Wdeprecated-declarations]
 1736 |       if (field->options().weak()) {
      |           ~~~~~~~~~~~~~~~~~~~~~^~
bazel-out/k8-opt-exec-ST-020102668b12/bin/external/protobuf+/src/google/protobuf/_virtual_includes/protobuf/google/protobuf/descriptor.pb.h:19782:13: note: declared here
19782 | inline bool FieldOptions::weak() const {
      |             ^~~~~~~~~~~~
[1,587 / 2,801] Compiling src/google/protobuf/wire_format.cc [for tool]; 4s processwrapper-sandbox ... (4 actions, 3 running)
[1,589 / 2,801] Compiling src/google/protobuf/wire_format.cc [for tool]; 6s processwrapper-sandbox ... (4 actions, 3 running)
[1,590 / 2,801] Compiling src/google/protobuf/compiler/retention.cc [for tool]; 2s processwrapper-sandbox ... (4 actions running)
[1,591 / 2,801] Compiling src/google/protobuf/compiler/retention.cc [for tool]; 3s processwrapper-sandbox ... (4 actions running)
[1,593 / 2,801] Compiling src/google/protobuf/message.cc [for tool]; 3s processwrapper-sandbox ... (4 actions running)
[1,594 / 2,801] Compiling src/google/protobuf/message.cc [for tool]; 4s processwrapper-sandbox ... (4 actions, 3 running)
[1,595 / 2,801] Compiling src/google/protobuf/message.cc [for tool]; 6s processwrapper-sandbox ... (4 actions, 3 running)
INFO: From Compiling src/google/protobuf/message.cc [for tool]:
In file included from external/abseil-cpp+/absl/log/internal/check_impl.h:20,
                 from external/abseil-cpp+/absl/log/absl_check.h:38,
                 from bazel-out/k8-opt-exec-ST-d57f47055a04/bin/external/protobuf+/src/google/protobuf/_virtual_includes/protobuf/google/protobuf/message.h:107,
                 from external/protobuf+/src/google/protobuf/message.cc:12:
bazel-out/k8-opt-exec-ST-d57f47055a04/bin/external/protobuf+/src/google/protobuf/_virtual_includes/protobuf/google/protobuf/reflection_visit_fields.h: In instantiation of 'static void google::protobuf::internal::ReflectionVisit::VisitFields(MessageT&, CallbackFn&&, google::protobuf::internal::FieldMask) [with MessageT = const google::protobuf::Message; CallbackFn = google::protobuf::internal::ReflectionVisit::VisitMessageFields<google::protobuf::Message::AbslUnparseFlagImpl() const::<lambda(const auto:60&)> >(const google::protobuf::Message&, google::protobuf::Message::AbslUnparseFlagImpl() const::<lambda(const auto:60&)>&&)::<lambda(auto:54)>]':
bazel-out/k8-opt-exec-ST-d57f47055a04/bin/external/protobuf+/src/google/protobuf/_virtual_includes/protobuf/google/protobuf/reflection_visit_fields.h:417:31:   required from 'static void google::protobuf::internal::ReflectionVisit::VisitMessageFields(const google::protobuf::Message&, CallbackFn&&) [with CallbackFn = google::protobuf::Message::AbslUnparseFlagImpl() const::<lambda(const auto:60&)>]'
bazel-out/k8-opt-exec-ST-d57f47055a04/bin/external/protobuf+/src/google/protobuf/_virtual_includes/protobuf/google/protobuf/reflection_visit_fields.h:494:38:   required from 'void google::protobuf::internal::VisitMessageFields(const google::protobuf::Message&, CallbackFn&&) [with CallbackFn = google::protobuf::Message::AbslUnparseFlagImpl() const::<lambda(const auto:60&)>]'
external/protobuf+/src/google/protobuf/message.cc:314:31:   required from here
bazel-out/k8-opt-exec-ST-d57f47055a04/bin/external/protobuf+/src/google/protobuf/_virtual_includes/protobuf/google/protobuf/reflection_visit_fields.h:109:39: warning: 'bool google::protobuf::FieldOptions::weak() const' is deprecated [-Wdeprecated-declarations]
  109 |     ABSL_DCHECK(!field->options().weak()) << "weak fields are not supported";
      |                  ~~~~~~~~~~~~~~~~~~~~~^~
external/abseil-cpp+/absl/log/internal/conditions.h:68:7: note: in definition of macro 'ABSL_LOG_INTERNAL_STATELESS_CONDITION'
   68 |     !(condition) ? (void)0 : ::absl::log_internal::Voidify() &&
      |       ^~~~~~~~~
external/abseil-cpp+/absl/log/internal/check_impl.h:26:3: note: in expansion of macro 'ABSL_LOG_INTERNAL_CONDITION_FATAL'
   26 |   ABSL_LOG_INTERNAL_CONDITION_FATAL(STATELESS,                        \
      |   ^~~~~~~~~~~~~~~~~~~~~~~~~~~~~~~~~
external/abseil-cpp+/absl/log/internal/check_impl.h:27:37: note: in expansion of macro 'ABSL_PREDICT_FALSE'
   27 |                                     ABSL_PREDICT_FALSE(!(condition))) \
      |                                     ^~~~~~~~~~~~~~~~~~
external/abseil-cpp+/absl/log/internal/check_impl.h:43:3: note: in expansion of macro 'ABSL_LOG_INTERNAL_CHECK_IMPL'
   43 |   ABSL_LOG_INTERNAL_CHECK_IMPL(true || (condition), "true")
      |   ^~~~~~~~~~~~~~~~~~~~~~~~~~~~
external/abseil-cpp+/absl/log/absl_check.h:47:3: note: in expansion of macro 'ABSL_LOG_INTERNAL_DCHECK_IMPL'
   47 |   ABSL_LOG_INTERNAL_DCHECK_IMPL((condition), #condition)
      |   ^~~~~~~~~~~~~~~~~~~~~~~~~~~~~
bazel-out/k8-opt-exec-ST-d57f47055a04/bin/external/protobuf+/src/google/protobuf/_virtual_includes/protobuf/google/protobuf/reflection_visit_fields.h:109:5: note: in expansion of macro 'ABSL_DCHECK'
  109 |     ABSL_DCHECK(!field->options().weak()) << "weak fields are not supported";
      |     ^~~~~~~~~~~
In file included from external/protobuf+/src/google/protobuf/message.cc:44:
bazel-out/k8-opt-exec-ST-d57f47055a04/bin/external/protobuf+/src/google/protobuf/_virtual_includes/protobuf/google/protobuf/descriptor.pb.h:19782:13: note: declared here
19782 | inline bool FieldOptions::weak() const {
      |             ^~~~~~~~~~~~
bazel-out/k8-opt-exec-ST-d57f47055a04/bin/external/protobuf+/src/google/protobuf/_virtual_includes/protobuf/google/protobuf/reflection_visit_fields.h:109:39: warning: 'bool google::protobuf::FieldOptions::weak() const' is deprecated [-Wdeprecated-declarations]
  109 |     ABSL_DCHECK(!field->options().weak()) << "weak fields are not supported";
      |                  ~~~~~~~~~~~~~~~~~~~~~^~
external/abseil-cpp+/absl/log/internal/conditions.h:68:7: note: in definition of macro 'ABSL_LOG_INTERNAL_STATELESS_CONDITION'
   68 |     !(condition) ? (void)0 : ::absl::log_internal::Voidify() &&
      |       ^~~~~~~~~
external/abseil-cpp+/absl/log/internal/check_impl.h:26:3: note: in expansion of macro 'ABSL_LOG_INTERNAL_CONDITION_FATAL'
   26 |   ABSL_LOG_INTERNAL_CONDITION_FATAL(STATELESS,                        \
      |   ^~~~~~~~~~~~~~~~~~~~~~~~~~~~~~~~~
external/abseil-cpp+/absl/log/internal/check_impl.h:27:37: note: in expansion of macro 'ABSL_PREDICT_FALSE'
   27 |                                     ABSL_PREDICT_FALSE(!(condition))) \
      |                                     ^~~~~~~~~~~~~~~~~~
external/abseil-cpp+/absl/log/internal/check_impl.h:43:3: note: in expansion of macro 'ABSL_LOG_INTERNAL_CHECK_IMPL'
   43 |   ABSL_LOG_INTERNAL_CHECK_IMPL(true || (condition), "true")
      |   ^~~~~~~~~~~~~~~~~~~~~~~~~~~~
external/abseil-cpp+/absl/log/absl_check.h:47:3: note: in expansion of macro 'ABSL_LOG_INTERNAL_DCHECK_IMPL'
   47 |   ABSL_LOG_INTERNAL_DCHECK_IMPL((condition), #condition)
      |   ^~~~~~~~~~~~~~~~~~~~~~~~~~~~~
bazel-out/k8-opt-exec-ST-d57f47055a04/bin/external/protobuf+/src/google/protobuf/_virtual_includes/protobuf/google/protobuf/reflection_visit_fields.h:109:5: note: in expansion of macro 'ABSL_DCHECK'
  109 |     ABSL_DCHECK(!field->options().weak()) << "weak fields are not supported";
      |     ^~~~~~~~~~~
bazel-out/k8-opt-exec-ST-d57f47055a04/bin/external/protobuf+/src/google/protobuf/_virtual_includes/protobuf/google/protobuf/descriptor.pb.h:19782:13: note: declared here
19782 | inline bool FieldOptions::weak() const {
      |             ^~~~~~~~~~~~
[1,597 / 2,801] Compiling src/google/protobuf/text_format.cc [for tool]; 4s processwrapper-sandbox ... (4 actions, 3 running)
[1,597 / 2,801] Compiling src/google/protobuf/text_format.cc [for tool]; 5s processwrapper-sandbox ... (4 actions running)
[1,598 / 2,801] Compiling src/google/protobuf/text_format.cc [for tool]; 8s processwrapper-sandbox ... (4 actions, 3 running)
INFO: From Compiling src/google/protobuf/text_format.cc [for tool]:
external/protobuf+/src/google/protobuf/text_format.cc: In member function 'google::protobuf::TextFormat::ParseLocation google::protobuf::TextFormat::ParseInfoTree::GetLocation(const google::protobuf::FieldDescriptor*, int) const':
external/protobuf+/src/google/protobuf/text_format.cc:260:26: warning: 'google::protobuf::TextFormat::ParseLocationRange google::protobuf::TextFormat::ParseInfoTree::GetLocationRange(const google::protobuf::FieldDescriptor*, int) const' is deprecated: Please use GetFieldLocation() [-Wdeprecated-declarations]
  260 |   return GetLocationRange(field, index).start;
      |          ~~~~~~~~~~~~~~~~^~~~~~~~~~~~~~
external/protobuf+/src/google/protobuf/text_format.cc:242:32: note: declared here
  242 | TextFormat::ParseLocationRange TextFormat::ParseInfoTree::GetLocationRange(
      |                                ^~~~~~~~~~
external/protobuf+/src/google/protobuf/text_format.cc: In member function 'bool google::protobuf::TextFormat::Parser::ParserImpl::ConsumeField(google::protobuf::Message*)':
external/protobuf+/src/google/protobuf/text_format.cc:795:54: warning: 'bool google::protobuf::FieldOptions::weak() const' is deprecated [-Wdeprecated-declarations]
  795 |       if (consumed_semicolon && field->options().weak() &&
      |                                 ~~~~~~~~~~~~~~~~~~~~~^~
In file included from external/protobuf+/src/google/protobuf/text_format.cc:50:
bazel-out/k8-opt-exec-ST-020102668b12/bin/external/protobuf+/src/google/protobuf/_virtual_includes/protobuf/google/protobuf/descriptor.pb.h:19782:13: note: declared here
19782 | inline bool FieldOptions::weak() const {
      |             ^~~~~~~~~~~~
[1,600 / 2,801] Compiling src/google/protobuf/descriptor.cc [for tool]; 7s processwrapper-sandbox ... (4 actions, 3 running)
[1,600 / 2,801] Compiling src/google/protobuf/descriptor.cc [for tool]; 8s processwrapper-sandbox ... (4 actions running)
[1,601 / 2,801] Compiling src/google/protobuf/descriptor.cc [for tool]; 10s processwrapper-sandbox ... (4 actions, 3 running)
[1,603 / 2,801] Compiling src/google/protobuf/descriptor.cc [for tool]; 11s processwrapper-sandbox ... (4 actions running)
[1,604 / 2,801] Compiling src/google/protobuf/descriptor.cc [for tool]; 12s processwrapper-sandbox ... (4 actions running)
[1,605 / 2,801] Compiling src/google/protobuf/descriptor.cc [for tool]; 15s processwrapper-sandbox ... (4 actions, 3 running)
[1,606 / 2,801] Compiling src/google/protobuf/descriptor.cc [for tool]; 16s processwrapper-sandbox ... (4 actions running)
INFO: From Compiling src/google/protobuf/text_format.cc [for tool]:
external/protobuf+/src/google/protobuf/text_format.cc: In member function 'google::protobuf::TextFormat::ParseLocation google::protobuf::TextFormat::ParseInfoTree::GetLocation(const google::protobuf::FieldDescriptor*, int) const':
external/protobuf+/src/google/protobuf/text_format.cc:260:26: warning: 'google::protobuf::TextFormat::ParseLocationRange google::protobuf::TextFormat::ParseInfoTree::GetLocationRange(const google::protobuf::FieldDescriptor*, int) const' is deprecated: Please use GetFieldLocation() [-Wdeprecated-declarations]
  260 |   return GetLocationRange(field, index).start;
      |          ~~~~~~~~~~~~~~~~^~~~~~~~~~~~~~
external/protobuf+/src/google/protobuf/text_format.cc:242:32: note: declared here
  242 | TextFormat::ParseLocationRange TextFormat::ParseInfoTree::GetLocationRange(
      |                                ^~~~~~~~~~
external/protobuf+/src/google/protobuf/text_format.cc: In member function 'bool google::protobuf::TextFormat::Parser::ParserImpl::ConsumeField(google::protobuf::Message*)':
external/protobuf+/src/google/protobuf/text_format.cc:795:54: warning: 'bool google::protobuf::FieldOptions::weak() const' is deprecated [-Wdeprecated-declarations]
  795 |       if (consumed_semicolon && field->options().weak() &&
      |                                 ~~~~~~~~~~~~~~~~~~~~~^~
In file included from external/protobuf+/src/google/protobuf/text_format.cc:50:
bazel-out/k8-opt-exec-ST-d57f47055a04/bin/external/protobuf+/src/google/protobuf/_virtual_includes/protobuf/google/protobuf/descriptor.pb.h:19782:13: note: declared here
19782 | inline bool FieldOptions::weak() const {
      |             ^~~~~~~~~~~~
[1,607 / 2,801] Compiling src/google/protobuf/descriptor.cc [for tool]; 19s processwrapper-sandbox ... (4 actions, 3 running)
[1,608 / 2,801] Compiling src/google/protobuf/descriptor.cc [for tool]; 20s processwrapper-sandbox ... (4 actions running)
[1,609 / 2,801] Compiling src/google/protobuf/descriptor.cc [for tool]; 22s processwrapper-sandbox ... (4 actions, 3 running)
INFO: From Compiling src/google/protobuf/message.cc [for tool]:
In file included from external/abseil-cpp+/absl/log/internal/check_impl.h:20,
                 from external/abseil-cpp+/absl/log/absl_check.h:38,
                 from bazel-out/k8-opt-exec-ST-020102668b12/bin/external/protobuf+/src/google/protobuf/_virtual_includes/protobuf/google/protobuf/message.h:107,
                 from external/protobuf+/src/google/protobuf/message.cc:12:
bazel-out/k8-opt-exec-ST-020102668b12/bin/external/protobuf+/src/google/protobuf/_virtual_includes/protobuf/google/protobuf/reflection_visit_fields.h: In instantiation of 'static void google::protobuf::internal::ReflectionVisit::VisitFields(MessageT&, CallbackFn&&, google::protobuf::internal::FieldMask) [with MessageT = const google::protobuf::Message; CallbackFn = google::protobuf::internal::ReflectionVisit::VisitMessageFields<google::protobuf::Message::AbslUnparseFlagImpl() const::<lambda(const auto:60&)> >(const google::protobuf::Message&, google::protobuf::Message::AbslUnparseFlagImpl() const::<lambda(const auto:60&)>&&)::<lambda(auto:54)>]':
bazel-out/k8-opt-exec-ST-020102668b12/bin/external/protobuf+/src/google/protobuf/_virtual_includes/protobuf/google/protobuf/reflection_visit_fields.h:417:31:   required from 'static void google::protobuf::internal::ReflectionVisit::VisitMessageFields(const google::protobuf::Message&, CallbackFn&&) [with CallbackFn = google::protobuf::Message::AbslUnparseFlagImpl() const::<lambda(const auto:60&)>]'
bazel-out/k8-opt-exec-ST-020102668b12/bin/external/protobuf+/src/google/protobuf/_virtual_includes/protobuf/google/protobuf/reflection_visit_fields.h:494:38:   required from 'void google::protobuf::internal::VisitMessageFields(const google::protobuf::Message&, CallbackFn&&) [with CallbackFn = google::protobuf::Message::AbslUnparseFlagImpl() const::<lambda(const auto:60&)>]'
external/protobuf+/src/google/protobuf/message.cc:314:31:   required from here
bazel-out/k8-opt-exec-ST-020102668b12/bin/external/protobuf+/src/google/protobuf/_virtual_includes/protobuf/google/protobuf/reflection_visit_fields.h:109:39: warning: 'bool google::protobuf::FieldOptions::weak() const' is deprecated [-Wdeprecated-declarations]
  109 |     ABSL_DCHECK(!field->options().weak()) << "weak fields are not supported";
      |                  ~~~~~~~~~~~~~~~~~~~~~^~
external/abseil-cpp+/absl/log/internal/conditions.h:68:7: note: in definition of macro 'ABSL_LOG_INTERNAL_STATELESS_CONDITION'
   68 |     !(condition) ? (void)0 : ::absl::log_internal::Voidify() &&
      |       ^~~~~~~~~
external/abseil-cpp+/absl/log/internal/check_impl.h:26:3: note: in expansion of macro 'ABSL_LOG_INTERNAL_CONDITION_FATAL'
   26 |   ABSL_LOG_INTERNAL_CONDITION_FATAL(STATELESS,                        \
      |   ^~~~~~~~~~~~~~~~~~~~~~~~~~~~~~~~~
external/abseil-cpp+/absl/log/internal/check_impl.h:27:37: note: in expansion of macro 'ABSL_PREDICT_FALSE'
   27 |                                     ABSL_PREDICT_FALSE(!(condition))) \
      |                                     ^~~~~~~~~~~~~~~~~~
external/abseil-cpp+/absl/log/internal/check_impl.h:43:3: note: in expansion of macro 'ABSL_LOG_INTERNAL_CHECK_IMPL'
   43 |   ABSL_LOG_INTERNAL_CHECK_IMPL(true || (condition), "true")
      |   ^~~~~~~~~~~~~~~~~~~~~~~~~~~~
external/abseil-cpp+/absl/log/absl_check.h:47:3: note: in expansion of macro 'ABSL_LOG_INTERNAL_DCHECK_IMPL'
   47 |   ABSL_LOG_INTERNAL_DCHECK_IMPL((condition), #condition)
      |   ^~~~~~~~~~~~~~~~~~~~~~~~~~~~~
bazel-out/k8-opt-exec-ST-020102668b12/bin/external/protobuf+/src/google/protobuf/_virtual_includes/protobuf/google/protobuf/reflection_visit_fields.h:109:5: note: in expansion of macro 'ABSL_DCHECK'
  109 |     ABSL_DCHECK(!field->options().weak()) << "weak fields are not supported";
      |     ^~~~~~~~~~~
In file included from external/protobuf+/src/google/protobuf/message.cc:44:
bazel-out/k8-opt-exec-ST-020102668b12/bin/external/protobuf+/src/google/protobuf/_virtual_includes/protobuf/google/protobuf/descriptor.pb.h:19782:13: note: declared here
19782 | inline bool FieldOptions::weak() const {
      |             ^~~~~~~~~~~~
bazel-out/k8-opt-exec-ST-020102668b12/bin/external/protobuf+/src/google/protobuf/_virtual_includes/protobuf/google/protobuf/reflection_visit_fields.h:109:39: warning: 'bool google::protobuf::FieldOptions::weak() const' is deprecated [-Wdeprecated-declarations]
  109 |     ABSL_DCHECK(!field->options().weak()) << "weak fields are not supported";
      |                  ~~~~~~~~~~~~~~~~~~~~~^~
external/abseil-cpp+/absl/log/internal/conditions.h:68:7: note: in definition of macro 'ABSL_LOG_INTERNAL_STATELESS_CONDITION'
   68 |     !(condition) ? (void)0 : ::absl::log_internal::Voidify() &&
      |       ^~~~~~~~~
external/abseil-cpp+/absl/log/internal/check_impl.h:26:3: note: in expansion of macro 'ABSL_LOG_INTERNAL_CONDITION_FATAL'
   26 |   ABSL_LOG_INTERNAL_CONDITION_FATAL(STATELESS,                        \
      |   ^~~~~~~~~~~~~~~~~~~~~~~~~~~~~~~~~
external/abseil-cpp+/absl/log/internal/check_impl.h:27:37: note: in expansion of macro 'ABSL_PREDICT_FALSE'
   27 |                                     ABSL_PREDICT_FALSE(!(condition))) \
      |                                     ^~~~~~~~~~~~~~~~~~
external/abseil-cpp+/absl/log/internal/check_impl.h:43:3: note: in expansion of macro 'ABSL_LOG_INTERNAL_CHECK_IMPL'
   43 |   ABSL_LOG_INTERNAL_CHECK_IMPL(true || (condition), "true")
      |   ^~~~~~~~~~~~~~~~~~~~~~~~~~~~
external/abseil-cpp+/absl/log/absl_check.h:47:3: note: in expansion of macro 'ABSL_LOG_INTERNAL_DCHECK_IMPL'
   47 |   ABSL_LOG_INTERNAL_DCHECK_IMPL((condition), #condition)
      |   ^~~~~~~~~~~~~~~~~~~~~~~~~~~~~
bazel-out/k8-opt-exec-ST-020102668b12/bin/external/protobuf+/src/google/protobuf/_virtual_includes/protobuf/google/protobuf/reflection_visit_fields.h:109:5: note: in expansion of macro 'ABSL_DCHECK'
  109 |     ABSL_DCHECK(!field->options().weak()) << "weak fields are not supported";
      |     ^~~~~~~~~~~
bazel-out/k8-opt-exec-ST-020102668b12/bin/external/protobuf+/src/google/protobuf/_virtual_includes/protobuf/google/protobuf/descriptor.pb.h:19782:13: note: declared here
19782 | inline bool FieldOptions::weak() const {
      |             ^~~~~~~~~~~~
INFO: From Compiling src/google/protobuf/dynamic_message.cc [for tool]:
external/protobuf+/src/google/protobuf/dynamic_message.cc: In member function 'void google::protobuf::DynamicMessage::CrossLinkPrototypes()':
external/protobuf+/src/google/protobuf/dynamic_message.cc:845:31: warning: 'bool google::protobuf::FieldOptions::weak() const' is deprecated [-Wdeprecated-declarations]
  845 |         !field->options().weak() && !InRealOneof(field) &&
      |          ~~~~~~~~~~~~~~~~~~~~~^~
In file included from external/protobuf+/src/google/protobuf/dynamic_message.cc:57:
bazel-out/k8-opt-exec-ST-020102668b12/bin/external/protobuf+/src/google/protobuf/_virtual_includes/protobuf/google/protobuf/descriptor.pb.h:19782:13: note: declared here
19782 | inline bool FieldOptions::weak() const {
      |             ^~~~~~~~~~~~
[1,611 / 2,801] Compiling src/google/protobuf/descriptor.cc [for tool]; 23s processwrapper-sandbox ... (4 actions, 3 running)
[1,611 / 2,801] Compiling src/google/protobuf/descriptor.cc [for tool]; 24s processwrapper-sandbox ... (4 actions running)
INFO: From Compiling src/google/protobuf/descriptor.cc [for tool]:
external/protobuf+/src/google/protobuf/descriptor.cc: In member function 'void google::protobuf::DescriptorBuilder::CrossLinkField(google::protobuf::FieldDescriptor*, const google::protobuf::FieldDescriptorProto&)':
external/protobuf+/src/google/protobuf/descriptor.cc:8005:65: warning: 'bool google::protobuf::FieldOptions::weak() const' is deprecated [-Wdeprecated-declarations]
 8005 |     bool is_weak = !pool_->enforce_weak_ && proto.options().weak();
      |                                             ~~~~~~~~~~~~~~~~~~~~^~
In file included from bazel-out/k8-opt-exec-ST-020102668b12/bin/external/protobuf+/src/google/protobuf/_virtual_includes/protobuf/google/protobuf/cpp_features.pb.h:34,
                 from external/protobuf+/src/google/protobuf/descriptor.cc:72:
bazel-out/k8-opt-exec-ST-020102668b12/bin/external/protobuf+/src/google/protobuf/_virtual_includes/protobuf/google/protobuf/descriptor.pb.h:19782:13: note: declared here
19782 | inline bool FieldOptions::weak() const {
      |             ^~~~~~~~~~~~
external/protobuf+/src/google/protobuf/descriptor.cc: In function 'google::protobuf::internal::cpp::HasbitMode google::protobuf::internal::cpp::GetFieldHasbitModeWithoutProfile(const google::protobuf::FieldDescriptor*)':
external/protobuf+/src/google/protobuf/descriptor.cc:10707:62: warning: 'bool google::protobuf::FieldOptions::weak() const' is deprecated [-Wdeprecated-declarations]
10707 |   if (field->real_containing_oneof() || field->options().weak() ||
      |                                         ~~~~~~~~~~~~~~~~~~~~~^~
bazel-out/k8-opt-exec-ST-020102668b12/bin/external/protobuf+/src/google/protobuf/_virtual_includes/protobuf/google/protobuf/descriptor.pb.h:19782:13: note: declared here
19782 | inline bool FieldOptions::weak() const {
      |             ^~~~~~~~~~~~
[1,612 / 2,801] Compiling src/google/protobuf/wire_format.cc [for tool]; 3s processwrapper-sandbox ... (4 actions running)
[1,613 / 2,801] Compiling src/google/protobuf/wire_format.cc [for tool]; 4s processwrapper-sandbox ... (4 actions, 3 running)
[1,614 / 2,801] Compiling src/google/protobuf/wire_format.cc [for tool]; 5s processwrapper-sandbox ... (4 actions, 3 running)
[1,615 / 2,801] Compiling src/google/protobuf/feature_resolver.cc [for tool]; 4s processwrapper-sandbox ... (4 actions running)
[1,618 / 2,801] Compiling src/google/protobuf/compiler/code_generator_lite.cc [for tool]; 2s processwrapper-sandbox ... (4 actions running)
[1,619 / 2,801] Compiling src/google/protobuf/generated_message_tctable_gen.cc [for tool]; 2s processwrapper-sandbox ... (4 actions, 3 running)
[1,620 / 2,801] Compiling src/google/protobuf/generated_message_tctable_gen.cc [for tool]; 3s processwrapper-sandbox ... (4 actions running)
INFO: From Compiling src/google/protobuf/generated_message_tctable_gen.cc [for tool]:
external/protobuf+/src/google/protobuf/generated_message_tctable_gen.cc: In function 'bool google::protobuf::internal::{anonymous}::HasWeakFields(const google::protobuf::Descriptor*)':
external/protobuf+/src/google/protobuf/generated_message_tctable_gen.cc:668:45: warning: 'bool google::protobuf::FieldOptions::weak() const' is deprecated [-Wdeprecated-declarations]
  668 |     if (descriptor->field(i)->options().weak()) {
      |         ~~~~~~~~~~~~~~~~~~~~~~~~~~~~~~~~~~~~^~
In file included from bazel-out/k8-opt-exec-ST-020102668b12/bin/external/protobuf+/src/google/protobuf/_virtual_includes/protobuf/google/protobuf/generated_message_tctable_gen.h:21,
                 from external/protobuf+/src/google/protobuf/generated_message_tctable_gen.cc:8:
bazel-out/k8-opt-exec-ST-020102668b12/bin/external/protobuf+/src/google/protobuf/_virtual_includes/protobuf/google/protobuf/descriptor.pb.h:19782:13: note: declared here
19782 | inline bool FieldOptions::weak() const {
      |             ^~~~~~~~~~~~
external/protobuf+/src/google/protobuf/generated_message_tctable_gen.cc: In function 'bool google::protobuf::internal::IsFieldTypeEligibleForFastParsing(const google::protobuf::FieldDescriptor*)':
external/protobuf+/src/google/protobuf/generated_message_tctable_gen.cc:707:28: warning: 'bool google::protobuf::FieldOptions::weak() const' is deprecated [-Wdeprecated-declarations]
  707 |       field->options().weak()) {
      |       ~~~~~~~~~~~~~~~~~~~~~^~
bazel-out/k8-opt-exec-ST-020102668b12/bin/external/protobuf+/src/google/protobuf/_virtual_includes/protobuf/google/protobuf/descriptor.pb.h:19782:13: note: declared here
19782 | inline bool FieldOptions::weak() const {
      |             ^~~~~~~~~~~~
external/protobuf+/src/google/protobuf/generated_message_tctable_gen.cc: In lambda function:
external/protobuf+/src/google/protobuf/generated_message_tctable_gen.cc:742:54: warning: 'bool google::protobuf::FieldOptions::weak() const' is deprecated [-Wdeprecated-declarations]
  742 |            !field->is_map() && !field->options().weak() &&
      |                                 ~~~~~~~~~~~~~~~~~~~~~^~
bazel-out/k8-opt-exec-ST-020102668b12/bin/external/protobuf+/src/google/protobuf/_virtual_includes/protobuf/google/protobuf/descriptor.pb.h:19782:13: note: declared here
19782 | inline bool FieldOptions::weak() const {
      |             ^~~~~~~~~~~~
external/protobuf+/src/google/protobuf/generated_message_tctable_gen.cc: In static member function 'static std::vector<google::protobuf::internal::TailCallTableInfo::FieldEntryInfo> google::protobuf::internal::TailCallTableInfo::BuildFieldEntries(const google::protobuf::Descriptor*, const MessageOptions&, absl::lts_20250814::Span<const FieldOptions>, std::vector<AuxEntry>&)':
external/protobuf+/src/google/protobuf/generated_message_tctable_gen.cc:782:39: warning: 'bool google::protobuf::FieldOptions::weak() const' is deprecated [-Wdeprecated-declarations]
  782 |       } else if (field->options().weak()) {
      |                  ~~~~~~~~~~~~~~~~~~~~~^~
bazel-out/k8-opt-exec-ST-020102668b12/bin/external/protobuf+/src/google/protobuf/_virtual_includes/protobuf/google/protobuf/descriptor.pb.h:19782:13: note: declared here
19782 | inline bool FieldOptions::weak() const {
      |             ^~~~~~~~~~~~
[1,621 / 2,801] Compiling src/google/protobuf/generated_message_reflection.cc [for tool]; 5s processwrapper-sandbox ... (4 actions running)
[1,622 / 2,801] Compiling src/google/protobuf/generated_message_reflection.cc [for tool]; 6s processwrapper-sandbox ... (4 actions, 3 running)
INFO: From Compiling src/google/protobuf/compiler/cpp/service.cc [for tool]:
In file included from external/protobuf+/src/google/protobuf/compiler/cpp/service.cc:17:
bazel-out/k8-opt-exec-ST-020102668b12/bin/external/protobuf+/src/google/protobuf/compiler/cpp/_virtual_includes/names_internal/google/protobuf/compiler/cpp/helpers.h: In function 'bool google::protobuf::compiler::cpp::IsWeak(const google::protobuf::FieldDescriptor*, const Options&)':
bazel-out/k8-opt-exec-ST-020102668b12/bin/external/protobuf+/src/google/protobuf/compiler/cpp/_virtual_includes/names_internal/google/protobuf/compiler/cpp/helpers.h:359:28: warning: 'bool google::protobuf::FieldOptions::weak() const' is deprecated [-Wdeprecated-declarations]
  359 |   if (field->options().weak()) {
      |       ~~~~~~~~~~~~~~~~~~~~~^~
In file included from bazel-out/k8-opt-exec-ST-020102668b12/bin/external/protobuf+/src/google/protobuf/compiler/_virtual_includes/code_generator_lite/google/protobuf/compiler/code_generator_lite.h:18,
                 from bazel-out/k8-opt-exec-ST-020102668b12/bin/external/protobuf+/src/google/protobuf/compiler/_virtual_includes/code_generator/google/protobuf/compiler/code_generator.h:25,
                 from bazel-out/k8-opt-exec-ST-020102668b12/bin/external/protobuf+/src/google/protobuf/compiler/cpp/_virtual_includes/names_internal/google/protobuf/compiler/cpp/helpers.h:30:
bazel-out/k8-opt-exec-ST-020102668b12/bin/external/protobuf+/src/google/protobuf/_virtual_includes/protobuf/google/protobuf/descriptor.pb.h:19782:13: note: declared here
19782 | inline bool FieldOptions::weak() const {
      |             ^~~~~~~~~~~~
[1,649 / 2,801] Compiling src/google/protobuf/generated_message_reflection.cc [for tool]; 8s processwrapper-sandbox ... (4 actions, 3 running)
[1,654 / 2,801] Compiling src/google/protobuf/generated_message_reflection.cc [for tool]; 9s processwrapper-sandbox ... (4 actions running)
[1,659 / 2,801] Compiling src/google/protobuf/generated_message_reflection.cc [for tool]; 11s processwrapper-sandbox ... (4 actions running)
INFO: From Compiling src/google/protobuf/generated_message_reflection.cc [for tool]:
external/protobuf+/src/google/protobuf/generated_message_reflection.cc: In member function 'const google::protobuf::Message* google::protobuf::Reflection::GetDefaultMessageInstance(const google::protobuf::FieldDescriptor*) const':
external/protobuf+/src/google/protobuf/generated_message_reflection.cc:2518:29: warning: 'bool google::protobuf::FieldOptions::weak() const' is deprecated [-Wdeprecated-declarations]
 2518 |       !field->options().weak() && !IsLazyField(field) &&
      |        ~~~~~~~~~~~~~~~~~~~~~^~
In file included from bazel-out/k8-opt-exec-ST-020102668b12/bin/external/protobuf+/src/google/protobuf/_virtual_includes/protobuf/google/protobuf/cpp_features.pb.h:34,
                 from external/protobuf+/src/google/protobuf/generated_message_reflection.cc:44:
bazel-out/k8-opt-exec-ST-020102668b12/bin/external/protobuf+/src/google/protobuf/_virtual_includes/protobuf/google/protobuf/descriptor.pb.h:19782:13: note: declared here
19782 | inline bool FieldOptions::weak() const {
      |             ^~~~~~~~~~~~
In file included from external/abseil-cpp+/absl/log/internal/check_impl.h:20,
                 from external/abseil-cpp+/absl/log/absl_check.h:38,
                 from bazel-out/k8-opt-exec-ST-020102668b12/bin/external/protobuf+/src/google/protobuf/_virtual_includes/protobuf/google/protobuf/generated_message_reflection.h:25,
                 from external/protobuf+/src/google/protobuf/generated_message_reflection.cc:12:
external/protobuf+/src/google/protobuf/generated_message_reflection.cc: In member function 'bool google::protobuf::Reflection::HasFieldWithHasbits(const google::protobuf::Message&, const google::protobuf::FieldDescriptor*) const':
external/protobuf+/src/google/protobuf/generated_message_reflection.cc:3228:37: warning: 'bool google::protobuf::FieldOptions::weak() const' is deprecated [-Wdeprecated-declarations]
 3228 |   ABSL_DCHECK(!field->options().weak());
      |                ~~~~~~~~~~~~~~~~~~~~~^~
external/abseil-cpp+/absl/log/internal/conditions.h:68:7: note: in definition of macro 'ABSL_LOG_INTERNAL_STATELESS_CONDITION'
   68 |     !(condition) ? (void)0 : ::absl::log_internal::Voidify() &&
      |       ^~~~~~~~~
external/abseil-cpp+/absl/log/internal/check_impl.h:26:3: note: in expansion of macro 'ABSL_LOG_INTERNAL_CONDITION_FATAL'
   26 |   ABSL_LOG_INTERNAL_CONDITION_FATAL(STATELESS,                        \
      |   ^~~~~~~~~~~~~~~~~~~~~~~~~~~~~~~~~
external/abseil-cpp+/absl/log/internal/check_impl.h:27:37: note: in expansion of macro 'ABSL_PREDICT_FALSE'
   27 |                                     ABSL_PREDICT_FALSE(!(condition))) \
      |                                     ^~~~~~~~~~~~~~~~~~
external/abseil-cpp+/absl/log/internal/check_impl.h:43:3: note: in expansion of macro 'ABSL_LOG_INTERNAL_CHECK_IMPL'
   43 |   ABSL_LOG_INTERNAL_CHECK_IMPL(true || (condition), "true")
      |   ^~~~~~~~~~~~~~~~~~~~~~~~~~~~
external/abseil-cpp+/absl/log/absl_check.h:47:3: note: in expansion of macro 'ABSL_LOG_INTERNAL_DCHECK_IMPL'
   47 |   ABSL_LOG_INTERNAL_DCHECK_IMPL((condition), #condition)
      |   ^~~~~~~~~~~~~~~~~~~~~~~~~~~~~
external/protobuf+/src/google/protobuf/generated_message_reflection.cc:3228:3: note: in expansion of macro 'ABSL_DCHECK'
 3228 |   ABSL_DCHECK(!field->options().weak());
      |   ^~~~~~~~~~~
bazel-out/k8-opt-exec-ST-020102668b12/bin/external/protobuf+/src/google/protobuf/_virtual_includes/protobuf/google/protobuf/descriptor.pb.h:19782:13: note: declared here
19782 | inline bool FieldOptions::weak() const {
      |             ^~~~~~~~~~~~
external/protobuf+/src/google/protobuf/generated_message_reflection.cc: In member function 'void google::protobuf::Reflection::SetHasBit(google::protobuf::Message*, const google::protobuf::FieldDescriptor*) const':
external/protobuf+/src/google/protobuf/generated_message_reflection.cc:3261:37: warning: 'bool google::protobuf::FieldOptions::weak() const' is deprecated [-Wdeprecated-declarations]
 3261 |   ABSL_DCHECK(!field->options().weak());
      |                ~~~~~~~~~~~~~~~~~~~~~^~
external/abseil-cpp+/absl/log/internal/conditions.h:68:7: note: in definition of macro 'ABSL_LOG_INTERNAL_STATELESS_CONDITION'
   68 |     !(condition) ? (void)0 : ::absl::log_internal::Voidify() &&
      |       ^~~~~~~~~
external/abseil-cpp+/absl/log/internal/check_impl.h:26:3: note: in expansion of macro 'ABSL_LOG_INTERNAL_CONDITION_FATAL'
   26 |   ABSL_LOG_INTERNAL_CONDITION_FATAL(STATELESS,                        \
      |   ^~~~~~~~~~~~~~~~~~~~~~~~~~~~~~~~~
external/abseil-cpp+/absl/log/internal/check_impl.h:27:37: note: in expansion of macro 'ABSL_PREDICT_FALSE'
   27 |                                     ABSL_PREDICT_FALSE(!(condition))) \
      |                                     ^~~~~~~~~~~~~~~~~~
external/abseil-cpp+/absl/log/internal/check_impl.h:43:3: note: in expansion of macro 'ABSL_LOG_INTERNAL_CHECK_IMPL'
   43 |   ABSL_LOG_INTERNAL_CHECK_IMPL(true || (condition), "true")
      |   ^~~~~~~~~~~~~~~~~~~~~~~~~~~~
external/abseil-cpp+/absl/log/absl_check.h:47:3: note: in expansion of macro 'ABSL_LOG_INTERNAL_DCHECK_IMPL'
   47 |   ABSL_LOG_INTERNAL_DCHECK_IMPL((condition), #condition)
      |   ^~~~~~~~~~~~~~~~~~~~~~~~~~~~~
external/protobuf+/src/google/protobuf/generated_message_reflection.cc:3261:3: note: in expansion of macro 'ABSL_DCHECK'
 3261 |   ABSL_DCHECK(!field->options().weak());
      |   ^~~~~~~~~~~
bazel-out/k8-opt-exec-ST-020102668b12/bin/external/protobuf+/src/google/protobuf/_virtual_includes/protobuf/google/protobuf/descriptor.pb.h:19782:13: note: declared here
19782 | inline bool FieldOptions::weak() const {
      |             ^~~~~~~~~~~~
external/protobuf+/src/google/protobuf/generated_message_reflection.cc: In member function 'void google::protobuf::Reflection::ClearHasBit(google::protobuf::Message*, const google::protobuf::FieldDescriptor*) const':
external/protobuf+/src/google/protobuf/generated_message_reflection.cc:3270:37: warning: 'bool google::protobuf::FieldOptions::weak() const' is deprecated [-Wdeprecated-declarations]
 3270 |   ABSL_DCHECK(!field->options().weak());
      |                ~~~~~~~~~~~~~~~~~~~~~^~
external/abseil-cpp+/absl/log/internal/conditions.h:68:7: note: in definition of macro 'ABSL_LOG_INTERNAL_STATELESS_CONDITION'
   68 |     !(condition) ? (void)0 : ::absl::log_internal::Voidify() &&
      |       ^~~~~~~~~
external/abseil-cpp+/absl/log/internal/check_impl.h:26:3: note: in expansion of macro 'ABSL_LOG_INTERNAL_CONDITION_FATAL'
   26 |   ABSL_LOG_INTERNAL_CONDITION_FATAL(STATELESS,                        \
      |   ^~~~~~~~~~~~~~~~~~~~~~~~~~~~~~~~~
external/abseil-cpp+/absl/log/internal/check_impl.h:27:37: note: in expansion of macro 'ABSL_PREDICT_FALSE'
   27 |                                     ABSL_PREDICT_FALSE(!(condition))) \
      |                                     ^~~~~~~~~~~~~~~~~~
external/abseil-cpp+/absl/log/internal/check_impl.h:43:3: note: in expansion of macro 'ABSL_LOG_INTERNAL_CHECK_IMPL'
   43 |   ABSL_LOG_INTERNAL_CHECK_IMPL(true || (condition), "true")
      |   ^~~~~~~~~~~~~~~~~~~~~~~~~~~~
external/abseil-cpp+/absl/log/absl_check.h:47:3: note: in expansion of macro 'ABSL_LOG_INTERNAL_DCHECK_IMPL'
   47 |   ABSL_LOG_INTERNAL_DCHECK_IMPL((condition), #condition)
      |   ^~~~~~~~~~~~~~~~~~~~~~~~~~~~~
external/protobuf+/src/google/protobuf/generated_message_reflection.cc:3270:3: note: in expansion of macro 'ABSL_DCHECK'
 3270 |   ABSL_DCHECK(!field->options().weak());
      |   ^~~~~~~~~~~
bazel-out/k8-opt-exec-ST-020102668b12/bin/external/protobuf+/src/google/protobuf/_virtual_includes/protobuf/google/protobuf/descriptor.pb.h:19782:13: note: declared here
19782 | inline bool FieldOptions::weak() const {
      |             ^~~~~~~~~~~~
external/protobuf+/src/google/protobuf/generated_message_reflection.cc: In member function 'void google::protobuf::Reflection::NaiveSwapHasBit(google::protobuf::Message*, google::protobuf::Message*, const google::protobuf::FieldDescriptor*) const':
external/protobuf+/src/google/protobuf/generated_message_reflection.cc:3279:37: warning: 'bool google::protobuf::FieldOptions::weak() const' is deprecated [-Wdeprecated-declarations]
 3279 |   ABSL_DCHECK(!field->options().weak());
      |                ~~~~~~~~~~~~~~~~~~~~~^~
external/abseil-cpp+/absl/log/internal/conditions.h:68:7: note: in definition of macro 'ABSL_LOG_INTERNAL_STATELESS_CONDITION'
   68 |     !(condition) ? (void)0 : ::absl::log_internal::Voidify() &&
      |       ^~~~~~~~~
external/abseil-cpp+/absl/log/internal/check_impl.h:26:3: note: in expansion of macro 'ABSL_LOG_INTERNAL_CONDITION_FATAL'
   26 |   ABSL_LOG_INTERNAL_CONDITION_FATAL(STATELESS,                        \
      |   ^~~~~~~~~~~~~~~~~~~~~~~~~~~~~~~~~
external/abseil-cpp+/absl/log/internal/check_impl.h:27:37: note: in expansion of macro 'ABSL_PREDICT_FALSE'
   27 |                                     ABSL_PREDICT_FALSE(!(condition))) \
      |                                     ^~~~~~~~~~~~~~~~~~
external/abseil-cpp+/absl/log/internal/check_impl.h:43:3: note: in expansion of macro 'ABSL_LOG_INTERNAL_CHECK_IMPL'
   43 |   ABSL_LOG_INTERNAL_CHECK_IMPL(true || (condition), "true")
      |   ^~~~~~~~~~~~~~~~~~~~~~~~~~~~
external/abseil-cpp+/absl/log/absl_check.h:47:3: note: in expansion of macro 'ABSL_LOG_INTERNAL_DCHECK_IMPL'
   47 |   ABSL_LOG_INTERNAL_DCHECK_IMPL((condition), #condition)
      |   ^~~~~~~~~~~~~~~~~~~~~~~~~~~~~
external/protobuf+/src/google/protobuf/generated_message_reflection.cc:3279:3: note: in expansion of macro 'ABSL_DCHECK'
 3279 |   ABSL_DCHECK(!field->options().weak());
      |   ^~~~~~~~~~~
bazel-out/k8-opt-exec-ST-020102668b12/bin/external/protobuf+/src/google/protobuf/_virtual_includes/protobuf/google/protobuf/descriptor.pb.h:19782:13: note: declared here
19782 | inline bool FieldOptions::weak() const {
      |             ^~~~~~~~~~~~
bazel-out/k8-opt-exec-ST-020102668b12/bin/external/protobuf+/src/google/protobuf/_virtual_includes/protobuf/google/protobuf/reflection_visit_fields.h: In instantiation of 'static void google::protobuf::internal::ReflectionVisit::VisitFields(MessageT&, CallbackFn&&, google::protobuf::internal::FieldMask) [with MessageT = google::protobuf::Message; CallbackFn = google::protobuf::internal::ReflectionVisit::VisitMessageFields<google::protobuf::Reflection::MaybePoisonAfterClear(google::protobuf::Message&) const::<lambda(google::protobuf::Message&)> >(google::protobuf::Message&, google::protobuf::Reflection::MaybePoisonAfterClear(google::protobuf::Message&) const::<lambda(google::protobuf::Message&)>&&)::<lambda(auto:57)>]':
bazel-out/k8-opt-exec-ST-020102668b12/bin/external/protobuf+/src/google/protobuf/_virtual_includes/protobuf/google/protobuf/reflection_visit_fields.h:447:31:   required from 'static void google::protobuf::internal::ReflectionVisit::VisitMessageFields(google::protobuf::Message&, CallbackFn&&) [with CallbackFn = google::protobuf::Reflection::MaybePoisonAfterClear(google::protobuf::Message&) const::<lambda(google::protobuf::Message&)>]'
bazel-out/k8-opt-exec-ST-020102668b12/bin/external/protobuf+/src/google/protobuf/_virtual_includes/protobuf/google/protobuf/reflection_visit_fields.h:502:38:   required from 'void google::protobuf::internal::VisitMutableMessageFields(google::protobuf::Message&, CallbackFn&&) [with CallbackFn = google::protobuf::Reflection::MaybePoisonAfterClear(google::protobuf::Message&) const::<lambda(google::protobuf::Message&)>]'
external/protobuf+/src/google/protobuf/generated_message_reflection.cc:1399:40:   required from here
bazel-out/k8-opt-exec-ST-020102668b12/bin/external/protobuf+/src/google/protobuf/_virtual_includes/protobuf/google/protobuf/reflection_visit_fields.h:109:39: warning: 'bool google::protobuf::FieldOptions::weak() const' is deprecated [-Wdeprecated-declarations]
  109 |     ABSL_DCHECK(!field->options().weak()) << "weak fields are not supported";
      |                  ~~~~~~~~~~~~~~~~~~~~~^~
external/abseil-cpp+/absl/log/internal/conditions.h:68:7: note: in definition of macro 'ABSL_LOG_INTERNAL_STATELESS_CONDITION'
   68 |     !(condition) ? (void)0 : ::absl::log_internal::Voidify() &&
      |       ^~~~~~~~~
external/abseil-cpp+/absl/log/internal/check_impl.h:26:3: note: in expansion of macro 'ABSL_LOG_INTERNAL_CONDITION_FATAL'
   26 |   ABSL_LOG_INTERNAL_CONDITION_FATAL(STATELESS,                        \
      |   ^~~~~~~~~~~~~~~~~~~~~~~~~~~~~~~~~
external/abseil-cpp+/absl/log/internal/check_impl.h:27:37: note: in expansion of macro 'ABSL_PREDICT_FALSE'
   27 |                                     ABSL_PREDICT_FALSE(!(condition))) \
      |                                     ^~~~~~~~~~~~~~~~~~
external/abseil-cpp+/absl/log/internal/check_impl.h:43:3: note: in expansion of macro 'ABSL_LOG_INTERNAL_CHECK_IMPL'
   43 |   ABSL_LOG_INTERNAL_CHECK_IMPL(true || (condition), "true")
      |   ^~~~~~~~~~~~~~~~~~~~~~~~~~~~
external/abseil-cpp+/absl/log/absl_check.h:47:3: note: in expansion of macro 'ABSL_LOG_INTERNAL_DCHECK_IMPL'
   47 |   ABSL_LOG_INTERNAL_DCHECK_IMPL((condition), #condition)
      |   ^~~~~~~~~~~~~~~~~~~~~~~~~~~~~
bazel-out/k8-opt-exec-ST-020102668b12/bin/external/protobuf+/src/google/protobuf/_virtual_includes/protobuf/google/protobuf/reflection_visit_fields.h:109:5: note: in expansion of macro 'ABSL_DCHECK'
  109 |     ABSL_DCHECK(!field->options().weak()) << "weak fields are not supported";
      |     ^~~~~~~~~~~
bazel-out/k8-opt-exec-ST-020102668b12/bin/external/protobuf+/src/google/protobuf/_virtual_includes/protobuf/google/protobuf/descriptor.pb.h:19782:13: note: declared here
19782 | inline bool FieldOptions::weak() const {
      |             ^~~~~~~~~~~~
bazel-out/k8-opt-exec-ST-020102668b12/bin/external/protobuf+/src/google/protobuf/_virtual_includes/protobuf/google/protobuf/reflection_visit_fields.h:109:39: warning: 'bool google::protobuf::FieldOptions::weak() const' is deprecated [-Wdeprecated-declarations]
  109 |     ABSL_DCHECK(!field->options().weak()) << "weak fields are not supported";
      |                  ~~~~~~~~~~~~~~~~~~~~~^~
external/abseil-cpp+/absl/log/internal/conditions.h:68:7: note: in definition of macro 'ABSL_LOG_INTERNAL_STATELESS_CONDITION'
   68 |     !(condition) ? (void)0 : ::absl::log_internal::Voidify() &&
      |       ^~~~~~~~~
external/abseil-cpp+/absl/log/internal/check_impl.h:26:3: note: in expansion of macro 'ABSL_LOG_INTERNAL_CONDITION_FATAL'
   26 |   ABSL_LOG_INTERNAL_CONDITION_FATAL(STATELESS,                        \
      |   ^~~~~~~~~~~~~~~~~~~~~~~~~~~~~~~~~
external/abseil-cpp+/absl/log/internal/check_impl.h:27:37: note: in expansion of macro 'ABSL_PREDICT_FALSE'
   27 |                                     ABSL_PREDICT_FALSE(!(condition))) \
      |                                     ^~~~~~~~~~~~~~~~~~
external/abseil-cpp+/absl/log/internal/check_impl.h:43:3: note: in expansion of macro 'ABSL_LOG_INTERNAL_CHECK_IMPL'
   43 |   ABSL_LOG_INTERNAL_CHECK_IMPL(true || (condition), "true")
      |   ^~~~~~~~~~~~~~~~~~~~~~~~~~~~
external/abseil-cpp+/absl/log/absl_check.h:47:3: note: in expansion of macro 'ABSL_LOG_INTERNAL_DCHECK_IMPL'
   47 |   ABSL_LOG_INTERNAL_DCHECK_IMPL((condition), #condition)
      |   ^~~~~~~~~~~~~~~~~~~~~~~~~~~~~
bazel-out/k8-opt-exec-ST-020102668b12/bin/external/protobuf+/src/google/protobuf/_virtual_includes/protobuf/google/protobuf/reflection_visit_fields.h:109:5: note: in expansion of macro 'ABSL_DCHECK'
  109 |     ABSL_DCHECK(!field->options().weak()) << "weak fields are not supported";
      |     ^~~~~~~~~~~
bazel-out/k8-opt-exec-ST-020102668b12/bin/external/protobuf+/src/google/protobuf/_virtual_includes/protobuf/google/protobuf/descriptor.pb.h:19782:13: note: declared here
19782 | inline bool FieldOptions::weak() const {
      |             ^~~~~~~~~~~~
[1,664 / 2,801] Compiling src/google/protobuf/compiler/importer.cc [for tool]; 2s processwrapper-sandbox ... (4 actions running)
[1,667 / 2,801] Compiling src/google/protobuf/json/internal/lexer.cc; 2s processwrapper-sandbox ... (4 actions, 3 running)
[1,686 / 2,801] Compiling src/google/protobuf/compiler/retention.cc [for tool]; 0s processwrapper-sandbox ... (4 actions, 3 running)
[1,699 / 2,801] Compiling src/google/protobuf/compiler/retention.cc [for tool]; 2s processwrapper-sandbox ... (4 actions, 3 running)
[1,714 / 2,801] Compiling src/google/protobuf/compiler/retention.cc [for tool]; 3s processwrapper-sandbox ... (4 actions, 3 running)
[1,730 / 2,801] Compiling src/google/protobuf/compiler/retention.cc [for tool]; 4s processwrapper-sandbox ... (4 actions, 3 running)
INFO: From Compiling upb/wire/decode.c [for tool]:
In function 'upb_Decoder_DecodeMessageSetItem',
    inlined from '_upb_Decoder_DecodeFieldData' at external/protobuf+/upb/wire/decode.c:1088:16,
    inlined from '_upb_Decoder_DecodeFieldNoFast' at external/protobuf+/upb/wire/decode.c:1115:9,
    inlined from '_upb_Decoder_DecodeField' at external/protobuf+/upb/wire/decode.c:1170:10,
    inlined from '_upb_Decoder_DecodeMessage' at external/protobuf+/upb/wire/decode.c:1181:11:
external/protobuf+/upb/wire/decode.c:742:11: warning: '*(const char **)((char *)&sv + offsetof(upb_StringView, data))' may be used uninitialized [-Wmaybe-uninitialized]
  742 |           upb_Decoder_AddMessageSetItem(d, msg, layout, type_id, sv.data,
      |           ^~~~~~~~~~~~~~~~~~~~~~~~~~~~~~~~~~~~~~~~~~~~~~~~~~~~~~~~~~~~~~~
  743 |                                         sv.size);
      |                                         ~~~~~~~~
external/protobuf+/upb/wire/decode.c: In function '_upb_Decoder_DecodeMessage':
external/protobuf+/upb/wire/decode.c:732:24: note: '*(const char **)((char *)&sv + offsetof(upb_StringView, data))' was declared here
  732 |         upb_StringView sv;
      |                        ^~
In function 'upb_Decoder_DecodeMessageSetItem',
    inlined from '_upb_Decoder_DecodeFieldData' at external/protobuf+/upb/wire/decode.c:1088:16,
    inlined from '_upb_Decoder_DecodeFieldNoFast' at external/protobuf+/upb/wire/decode.c:1115:9,
    inlined from '_upb_Decoder_DecodeField' at external/protobuf+/upb/wire/decode.c:1170:10,
    inlined from '_upb_Decoder_DecodeMessage' at external/protobuf+/upb/wire/decode.c:1181:11:
external/protobuf+/upb/wire/decode.c:742:11: warning: '*(size_t *)((char *)&sv + offsetof(upb_StringView, size))' may be used uninitialized [-Wmaybe-uninitialized]
  742 |           upb_Decoder_AddMessageSetItem(d, msg, layout, type_id, sv.data,
      |           ^~~~~~~~~~~~~~~~~~~~~~~~~~~~~~~~~~~~~~~~~~~~~~~~~~~~~~~~~~~~~~~
  743 |                                         sv.size);
      |                                         ~~~~~~~~
external/protobuf+/upb/wire/decode.c: In function '_upb_Decoder_DecodeMessage':
external/protobuf+/upb/wire/decode.c:732:24: note: '*(size_t *)((char *)&sv + offsetof(upb_StringView, size))' was declared here
  732 |         upb_StringView sv;
      |                        ^~
In file included from /usr/include/string.h:548,
                 from external/protobuf+/upb/mem/internal/arena.h:13,
                 from external/protobuf+/upb/mem/arena.h:28,
                 from external/protobuf+/upb/wire/decode.h:16,
                 from external/protobuf+/upb/wire/decode.c:8:
In function 'memcpy',
    inlined from '_upb_Decoder_DecodeFixedPacked' at external/protobuf+/upb/wire/decode.c:296:5,
    inlined from '_upb_Decoder_DecodeToArray' at external/protobuf+/upb/wire/decode.c:442:14,
    inlined from '_upb_Decoder_DecodeKnownField' at external/protobuf+/upb/wire/decode.c:1006:14,
    inlined from '_upb_Decoder_DecodeFieldData' at external/protobuf+/upb/wire/decode.c:1081:12,
    inlined from '_upb_Decoder_DecodeFieldNoFast' at external/protobuf+/upb/wire/decode.c:1115:9,
    inlined from '_upb_Decoder_DecodeField' at external/protobuf+/upb/wire/decode.c:1170:10,
    inlined from '_upb_Decoder_DecodeMessage' at external/protobuf+/upb/wire/decode.c:1181:11:
/usr/include/x86_64-linux-gnu/bits/string_fortified.h:29:10: warning: '*(const char **)((char *)&sv + offsetof(upb_StringView, data))' may be used uninitialized [-Wmaybe-uninitialized]
   29 |   return __builtin___memcpy_chk (__dest, __src, __len,
      |          ^~~~~~~~~~~~~~~~~~~~~~~~~~~~~~~~~~~~~~~~~~~~~
   30 |                                  __glibc_objsize0 (__dest));
      |                                  ~~~~~~~~~~~~~~~~~~~~~~~~~~
external/protobuf+/upb/wire/decode.c: In function '_upb_Decoder_DecodeMessage':
external/protobuf+/upb/wire/decode.c:281:18: note: '*(const char **)((char *)&sv + offsetof(upb_StringView, data))' was declared here
  281 |   upb_StringView sv;
      |                  ^~
In function 'memcpy',
    inlined from '_upb_Decoder_DecodeFixedPacked' at external/protobuf+/upb/wire/decode.c:296:5,
    inlined from '_upb_Decoder_DecodeToArray' at external/protobuf+/upb/wire/decode.c:442:14,
    inlined from '_upb_Decoder_DecodeKnownField' at external/protobuf+/upb/wire/decode.c:1006:14,
    inlined from '_upb_Decoder_DecodeFieldData' at external/protobuf+/upb/wire/decode.c:1081:12,
    inlined from '_upb_Decoder_DecodeFieldNoFast' at external/protobuf+/upb/wire/decode.c:1115:9,
    inlined from '_upb_Decoder_DecodeField' at external/protobuf+/upb/wire/decode.c:1170:10,
    inlined from '_upb_Decoder_DecodeMessage' at external/protobuf+/upb/wire/decode.c:1181:11:
/usr/include/x86_64-linux-gnu/bits/string_fortified.h:29:10: warning: '*(size_t *)((char *)&sv + offsetof(upb_StringView, size))' may be used uninitialized [-Wmaybe-uninitialized]
   29 |   return __builtin___memcpy_chk (__dest, __src, __len,
      |          ^~~~~~~~~~~~~~~~~~~~~~~~~~~~~~~~~~~~~~~~~~~~~
   30 |                                  __glibc_objsize0 (__dest));
      |                                  ~~~~~~~~~~~~~~~~~~~~~~~~~~
external/protobuf+/upb/wire/decode.c: In function '_upb_Decoder_DecodeMessage':
external/protobuf+/upb/wire/decode.c:281:18: note: '*(size_t *)((char *)&sv + offsetof(upb_StringView, size))' was declared here
  281 |   upb_StringView sv;
      |                  ^~
In function '_upb_Decoder_DecodeUnknownField',
    inlined from '_upb_Decoder_DecodeFieldData' at external/protobuf+/upb/wire/decode.c:1085:16,
    inlined from '_upb_Decoder_DecodeFieldNoFast' at external/protobuf+/upb/wire/decode.c:1115:9,
    inlined from '_upb_Decoder_DecodeField' at external/protobuf+/upb/wire/decode.c:1170:10,
    inlined from '_upb_Decoder_DecodeMessage' at external/protobuf+/upb/wire/decode.c:1181:11:
external/protobuf+/upb/wire/decode.c:1040:8: warning: 'sv.data' may be used uninitialized [-Wmaybe-uninitialized]
 1040 |     if (sv.data != d->input.buffer_start) {
      |        ^
external/protobuf+/upb/wire/decode.c: In function '_upb_Decoder_DecodeMessage':
external/protobuf+/upb/wire/decode.c:1035:18: note: 'sv.data' was declared here
 1035 |   upb_StringView sv;
      |                  ^~
In file included from external/protobuf+/upb/message/internal/message.h:31,
                 from external/protobuf+/upb/message/message.h:22,
                 from external/protobuf+/upb/wire/decode.h:17:
In function '_upb_Message_AddUnknown_dont_copy_me__upb_internal_use_only',
    inlined from '_upb_Decoder_DecodeUnknownField' at external/protobuf+/upb/wire/decode.c:1049:8,
    inlined from '_upb_Decoder_DecodeFieldData' at external/protobuf+/upb/wire/decode.c:1085:16,
    inlined from '_upb_Decoder_DecodeFieldNoFast' at external/protobuf+/upb/wire/decode.c:1115:9,
    inlined from '_upb_Decoder_DecodeField' at external/protobuf+/upb/wire/decode.c:1170:10,
    inlined from '_upb_Decoder_DecodeMessage' at external/protobuf+/upb/wire/decode.c:1181:11:
external/protobuf+/upb/message/internal/message.h:217:22: warning: 'sv.size' may be used uninitialized [-Wmaybe-uninitialized]
  217 |   return UPB_PRIVATE(_upb_Message_AddUnknownSlowPath)(
      |                      ^
external/protobuf+/upb/port/def.inc:406:24: note: in definition of macro 'UPB_PRIVATE'
  406 | #define UPB_PRIVATE(x) x##_dont_copy_me__upb_internal_use_only
      |                        ^
external/protobuf+/upb/wire/decode.c: In function '_upb_Decoder_DecodeMessage':
external/protobuf+/upb/wire/decode.c:1035:18: note: 'sv.size' was declared here
 1035 |   upb_StringView sv;
      |                  ^~
INFO: From Compiling upb/wire/decode.c [for tool]:
In function 'upb_Decoder_DecodeMessageSetItem',
    inlined from '_upb_Decoder_DecodeFieldData' at external/protobuf+/upb/wire/decode.c:1088:16,
    inlined from '_upb_Decoder_DecodeFieldNoFast' at external/protobuf+/upb/wire/decode.c:1115:9,
    inlined from '_upb_Decoder_DecodeField' at external/protobuf+/upb/wire/decode.c:1170:10,
    inlined from '_upb_Decoder_DecodeMessage' at external/protobuf+/upb/wire/decode.c:1181:11:
external/protobuf+/upb/wire/decode.c:742:11: warning: '*(const char **)((char *)&sv + offsetof(upb_StringView, data))' may be used uninitialized [-Wmaybe-uninitialized]
  742 |           upb_Decoder_AddMessageSetItem(d, msg, layout, type_id, sv.data,
      |           ^~~~~~~~~~~~~~~~~~~~~~~~~~~~~~~~~~~~~~~~~~~~~~~~~~~~~~~~~~~~~~~
  743 |                                         sv.size);
      |                                         ~~~~~~~~
external/protobuf+/upb/wire/decode.c: In function '_upb_Decoder_DecodeMessage':
external/protobuf+/upb/wire/decode.c:732:24: note: '*(const char **)((char *)&sv + offsetof(upb_StringView, data))' was declared here
  732 |         upb_StringView sv;
      |                        ^~
In function 'upb_Decoder_DecodeMessageSetItem',
    inlined from '_upb_Decoder_DecodeFieldData' at external/protobuf+/upb/wire/decode.c:1088:16,
    inlined from '_upb_Decoder_DecodeFieldNoFast' at external/protobuf+/upb/wire/decode.c:1115:9,
    inlined from '_upb_Decoder_DecodeField' at external/protobuf+/upb/wire/decode.c:1170:10,
    inlined from '_upb_Decoder_DecodeMessage' at external/protobuf+/upb/wire/decode.c:1181:11:
external/protobuf+/upb/wire/decode.c:742:11: warning: '*(size_t *)((char *)&sv + offsetof(upb_StringView, size))' may be used uninitialized [-Wmaybe-uninitialized]
  742 |           upb_Decoder_AddMessageSetItem(d, msg, layout, type_id, sv.data,
      |           ^~~~~~~~~~~~~~~~~~~~~~~~~~~~~~~~~~~~~~~~~~~~~~~~~~~~~~~~~~~~~~~
  743 |                                         sv.size);
      |                                         ~~~~~~~~
external/protobuf+/upb/wire/decode.c: In function '_upb_Decoder_DecodeMessage':
external/protobuf+/upb/wire/decode.c:732:24: note: '*(size_t *)((char *)&sv + offsetof(upb_StringView, size))' was declared here
  732 |         upb_StringView sv;
      |                        ^~
In file included from /usr/include/string.h:548,
                 from external/protobuf+/upb/mem/internal/arena.h:13,
                 from external/protobuf+/upb/mem/arena.h:28,
                 from external/protobuf+/upb/wire/decode.h:16,
                 from external/protobuf+/upb/wire/decode.c:8:
In function 'memcpy',
    inlined from '_upb_Decoder_DecodeFixedPacked' at external/protobuf+/upb/wire/decode.c:296:5,
    inlined from '_upb_Decoder_DecodeToArray' at external/protobuf+/upb/wire/decode.c:442:14,
    inlined from '_upb_Decoder_DecodeKnownField' at external/protobuf+/upb/wire/decode.c:1006:14,
    inlined from '_upb_Decoder_DecodeFieldData' at external/protobuf+/upb/wire/decode.c:1081:12,
    inlined from '_upb_Decoder_DecodeFieldNoFast' at external/protobuf+/upb/wire/decode.c:1115:9,
    inlined from '_upb_Decoder_DecodeField' at external/protobuf+/upb/wire/decode.c:1170:10,
    inlined from '_upb_Decoder_DecodeMessage' at external/protobuf+/upb/wire/decode.c:1181:11:
/usr/include/x86_64-linux-gnu/bits/string_fortified.h:29:10: warning: '*(const char **)((char *)&sv + offsetof(upb_StringView, data))' may be used uninitialized [-Wmaybe-uninitialized]
   29 |   return __builtin___memcpy_chk (__dest, __src, __len,
      |          ^~~~~~~~~~~~~~~~~~~~~~~~~~~~~~~~~~~~~~~~~~~~~
   30 |                                  __glibc_objsize0 (__dest));
      |                                  ~~~~~~~~~~~~~~~~~~~~~~~~~~
external/protobuf+/upb/wire/decode.c: In function '_upb_Decoder_DecodeMessage':
external/protobuf+/upb/wire/decode.c:281:18: note: '*(const char **)((char *)&sv + offsetof(upb_StringView, data))' was declared here
  281 |   upb_StringView sv;
      |                  ^~
In function 'memcpy',
    inlined from '_upb_Decoder_DecodeFixedPacked' at external/protobuf+/upb/wire/decode.c:296:5,
    inlined from '_upb_Decoder_DecodeToArray' at external/protobuf+/upb/wire/decode.c:442:14,
    inlined from '_upb_Decoder_DecodeKnownField' at external/protobuf+/upb/wire/decode.c:1006:14,
    inlined from '_upb_Decoder_DecodeFieldData' at external/protobuf+/upb/wire/decode.c:1081:12,
    inlined from '_upb_Decoder_DecodeFieldNoFast' at external/protobuf+/upb/wire/decode.c:1115:9,
    inlined from '_upb_Decoder_DecodeField' at external/protobuf+/upb/wire/decode.c:1170:10,
    inlined from '_upb_Decoder_DecodeMessage' at external/protobuf+/upb/wire/decode.c:1181:11:
/usr/include/x86_64-linux-gnu/bits/string_fortified.h:29:10: warning: '*(size_t *)((char *)&sv + offsetof(upb_StringView, size))' may be used uninitialized [-Wmaybe-uninitialized]
   29 |   return __builtin___memcpy_chk (__dest, __src, __len,
      |          ^~~~~~~~~~~~~~~~~~~~~~~~~~~~~~~~~~~~~~~~~~~~~
   30 |                                  __glibc_objsize0 (__dest));
      |                                  ~~~~~~~~~~~~~~~~~~~~~~~~~~
external/protobuf+/upb/wire/decode.c: In function '_upb_Decoder_DecodeMessage':
external/protobuf+/upb/wire/decode.c:281:18: note: '*(size_t *)((char *)&sv + offsetof(upb_StringView, size))' was declared here
  281 |   upb_StringView sv;
      |                  ^~
In function '_upb_Decoder_DecodeUnknownField',
    inlined from '_upb_Decoder_DecodeFieldData' at external/protobuf+/upb/wire/decode.c:1085:16,
    inlined from '_upb_Decoder_DecodeFieldNoFast' at external/protobuf+/upb/wire/decode.c:1115:9,
    inlined from '_upb_Decoder_DecodeField' at external/protobuf+/upb/wire/decode.c:1170:10,
    inlined from '_upb_Decoder_DecodeMessage' at external/protobuf+/upb/wire/decode.c:1181:11:
external/protobuf+/upb/wire/decode.c:1040:8: warning: 'sv.data' may be used uninitialized [-Wmaybe-uninitialized]
 1040 |     if (sv.data != d->input.buffer_start) {
      |        ^
external/protobuf+/upb/wire/decode.c: In function '_upb_Decoder_DecodeMessage':
external/protobuf+/upb/wire/decode.c:1035:18: note: 'sv.data' was declared here
 1035 |   upb_StringView sv;
      |                  ^~
In file included from external/protobuf+/upb/message/internal/message.h:31,
                 from external/protobuf+/upb/message/message.h:22,
                 from external/protobuf+/upb/wire/decode.h:17:
In function '_upb_Message_AddUnknown_dont_copy_me__upb_internal_use_only',
    inlined from '_upb_Decoder_DecodeUnknownField' at external/protobuf+/upb/wire/decode.c:1049:8,
    inlined from '_upb_Decoder_DecodeFieldData' at external/protobuf+/upb/wire/decode.c:1085:16,
    inlined from '_upb_Decoder_DecodeFieldNoFast' at external/protobuf+/upb/wire/decode.c:1115:9,
    inlined from '_upb_Decoder_DecodeField' at external/protobuf+/upb/wire/decode.c:1170:10,
    inlined from '_upb_Decoder_DecodeMessage' at external/protobuf+/upb/wire/decode.c:1181:11:
external/protobuf+/upb/message/internal/message.h:217:22: warning: 'sv.size' may be used uninitialized [-Wmaybe-uninitialized]
  217 |   return UPB_PRIVATE(_upb_Message_AddUnknownSlowPath)(
      |                      ^
external/protobuf+/upb/port/def.inc:406:24: note: in definition of macro 'UPB_PRIVATE'
  406 | #define UPB_PRIVATE(x) x##_dont_copy_me__upb_internal_use_only
      |                        ^
external/protobuf+/upb/wire/decode.c: In function '_upb_Decoder_DecodeMessage':
external/protobuf+/upb/wire/decode.c:1035:18: note: 'sv.size' was declared here
 1035 |   upb_StringView sv;
      |                  ^~
[1,746 / 2,801] Compiling src/google/protobuf/compiler/ruby/rbs_generator.cc [for tool]; 0s processwrapper-sandbox ... (3 actions, 2 running)
[1,754 / 2,801] Compiling src/google/protobuf/compiler/ruby/rbs_generator.cc [for tool]; 1s processwrapper-sandbox ... (4 actions, 3 running)
[1,759 / 2,801] Compiling src/google/protobuf/compiler/ruby/rbs_generator.cc [for tool]; 2s processwrapper-sandbox ... (4 actions running)
[1,767 / 2,801] Compiling src/google/protobuf/compiler/ruby/rbs_generator.cc [for tool]; 3s processwrapper-sandbox ... (4 actions, 3 running)
[1,771 / 2,801] Compiling src/google/protobuf/compiler/ruby/rbs_generator.cc [for tool]; 5s processwrapper-sandbox ... (4 actions, 3 running)
[1,777 / 2,801] Compiling upb/reflection/field_def.c [for tool]; 0s processwrapper-sandbox ... (4 actions, 3 running)
[1,787 / 2,801] Compiling src/google/protobuf/compiler/ruby/ruby_generator.cc [for tool]; 1s processwrapper-sandbox ... (4 actions, 3 running)
[1,791 / 2,801] Compiling src/google/protobuf/compiler/ruby/ruby_generator.cc [for tool]; 2s processwrapper-sandbox ... (4 actions, 3 running)
[1,795 / 2,801] Compiling src/google/protobuf/compiler/ruby/ruby_generator.cc [for tool]; 3s processwrapper-sandbox ... (4 actions, 3 running)
[1,798 / 2,801] Compiling upb_generator/plugin.cc [for tool]; 2s processwrapper-sandbox ... (4 actions running)
[1,799 / 2,801] Compiling upb_generator/plugin.cc [for tool]; 3s processwrapper-sandbox ... (4 actions, 3 running)
[1,805 / 2,801] Compiling src/google/protobuf/compiler/rust/crate_mapping.cc [for tool]; 3s processwrapper-sandbox ... (4 actions, 3 running)
[1,807 / 2,801] Compiling upb_generator/plugin.cc [for tool]; 2s processwrapper-sandbox ... (4 actions running)
[1,808 / 2,801] Compiling src/google/protobuf/compiler/rust/upb_helpers.cc [for tool]; 3s processwrapper-sandbox ... (4 actions, 3 running)
[1,821 / 2,801] Compiling src/google/protobuf/compiler/rust/context.cc [for tool]; 3s processwrapper-sandbox ... (4 actions, 3 running)
[1,823 / 2,801] Compiling src/google/protobuf/compiler/rust/accessors/with_presence.cc [for tool]; 1s processwrapper-sandbox ... (4 actions running)
[1,824 / 2,801] Compiling src/google/protobuf/compiler/rust/accessors/with_presence.cc [for tool]; 4s processwrapper-sandbox ... (4 actions, 3 running)
INFO: From Compiling src/google/protobuf/compiler/rust/accessors/with_presence.cc [for tool]:
In file included from external/protobuf+/src/google/protobuf/compiler/rust/accessors/with_presence.cc:13:
bazel-out/k8-opt-exec-ST-020102668b12/bin/external/protobuf+/src/google/protobuf/compiler/cpp/_virtual_includes/names_internal/google/protobuf/compiler/cpp/helpers.h: In function 'bool google::protobuf::compiler::cpp::IsWeak(const google::protobuf::FieldDescriptor*, const Options&)':
bazel-out/k8-opt-exec-ST-020102668b12/bin/external/protobuf+/src/google/protobuf/compiler/cpp/_virtual_includes/names_internal/google/protobuf/compiler/cpp/helpers.h:359:28: warning: 'bool google::protobuf::FieldOptions::weak() const' is deprecated [-Wdeprecated-declarations]
  359 |   if (field->options().weak()) {
      |       ~~~~~~~~~~~~~~~~~~~~~^~
In file included from bazel-out/k8-opt-exec-ST-020102668b12/bin/external/protobuf+/src/google/protobuf/compiler/_virtual_includes/code_generator_lite/google/protobuf/compiler/code_generator_lite.h:18,
                 from bazel-out/k8-opt-exec-ST-020102668b12/bin/external/protobuf+/src/google/protobuf/compiler/_virtual_includes/code_generator/google/protobuf/compiler/code_generator.h:25,
                 from bazel-out/k8-opt-exec-ST-020102668b12/bin/external/protobuf+/src/google/protobuf/compiler/cpp/_virtual_includes/names_internal/google/protobuf/compiler/cpp/helpers.h:30:
bazel-out/k8-opt-exec-ST-020102668b12/bin/external/protobuf+/src/google/protobuf/_virtual_includes/protobuf/google/protobuf/descriptor.pb.h:19782:13: note: declared here
19782 | inline bool FieldOptions::weak() const {
      |             ^~~~~~~~~~~~
[1,825 / 2,801] Compiling upb_generator/minitable/generator.cc [for tool]; 4s processwrapper-sandbox ... (4 actions running)
[1,827 / 2,801] Compiling src/google/protobuf/compiler/java/helpers.cc [for tool]; 2s processwrapper-sandbox ... (4 actions, 3 running)
[1,828 / 2,801] Compiling src/google/protobuf/compiler/java/helpers.cc [for tool]; 4s processwrapper-sandbox ... (4 actions, 3 running)
[1,828 / 2,801] Compiling src/google/protobuf/compiler/java/helpers.cc [for tool]; 5s processwrapper-sandbox ... (4 actions running)
[1,830 / 2,801] Compiling src/google/protobuf/compiler/objectivec/enum_field.cc [for tool]; 3s processwrapper-sandbox ... (4 actions, 3 running)
[1,830 / 2,801] Compiling src/google/protobuf/compiler/objectivec/enum_field.cc [for tool]; 5s processwrapper-sandbox ... (4 actions running)
INFO: From Compiling src/google/protobuf/compiler/rust/accessors/singular_string.cc [for tool]:
In file included from external/protobuf+/src/google/protobuf/compiler/rust/accessors/singular_string.cc:13:
bazel-out/k8-opt-exec-ST-020102668b12/bin/external/protobuf+/src/google/protobuf/compiler/cpp/_virtual_includes/names_internal/google/protobuf/compiler/cpp/helpers.h: In function 'bool google::protobuf::compiler::cpp::IsWeak(const google::protobuf::FieldDescriptor*, const Options&)':
bazel-out/k8-opt-exec-ST-020102668b12/bin/external/protobuf+/src/google/protobuf/compiler/cpp/_virtual_includes/names_internal/google/protobuf/compiler/cpp/helpers.h:359:28: warning: 'bool google::protobuf::FieldOptions::weak() const' is deprecated [-Wdeprecated-declarations]
  359 |   if (field->options().weak()) {
      |       ~~~~~~~~~~~~~~~~~~~~~^~
In file included from bazel-out/k8-opt-exec-ST-020102668b12/bin/external/protobuf+/src/google/protobuf/compiler/_virtual_includes/code_generator_lite/google/protobuf/compiler/code_generator_lite.h:18,
                 from bazel-out/k8-opt-exec-ST-020102668b12/bin/external/protobuf+/src/google/protobuf/compiler/_virtual_includes/code_generator/google/protobuf/compiler/code_generator.h:25,
                 from bazel-out/k8-opt-exec-ST-020102668b12/bin/external/protobuf+/src/google/protobuf/compiler/cpp/_virtual_includes/names_internal/google/protobuf/compiler/cpp/helpers.h:30:
bazel-out/k8-opt-exec-ST-020102668b12/bin/external/protobuf+/src/google/protobuf/_virtual_includes/protobuf/google/protobuf/descriptor.pb.h:19782:13: note: declared here
19782 | inline bool FieldOptions::weak() const {
      |             ^~~~~~~~~~~~
[1,833 / 2,801] Compiling src/google/protobuf/compiler/java/doc_comment.cc [for tool]; 3s processwrapper-sandbox ... (4 actions, 3 running)
[1,834 / 2,801] Compiling src/google/protobuf/compiler/objectivec/extension.cc [for tool]; 2s processwrapper-sandbox ... (4 actions, 3 running)
[1,834 / 2,801] Compiling src/google/protobuf/compiler/objectivec/extension.cc [for tool]; 3s processwrapper-sandbox ... (4 actions running)
[1,835 / 2,801] Compiling src/google/protobuf/compiler/rust/accessors/singular_scalar.cc [for tool]; 4s processwrapper-sandbox ... (4 actions, 3 running)
INFO: From Compiling src/google/protobuf/compiler/rust/accessors/singular_scalar.cc [for tool]:
In file included from external/protobuf+/src/google/protobuf/compiler/rust/accessors/singular_scalar.cc:13:
bazel-out/k8-opt-exec-ST-020102668b12/bin/external/protobuf+/src/google/protobuf/compiler/cpp/_virtual_includes/names_internal/google/protobuf/compiler/cpp/helpers.h: In function 'bool google::protobuf::compiler::cpp::IsWeak(const google::protobuf::FieldDescriptor*, const Options&)':
bazel-out/k8-opt-exec-ST-020102668b12/bin/external/protobuf+/src/google/protobuf/compiler/cpp/_virtual_includes/names_internal/google/protobuf/compiler/cpp/helpers.h:359:28: warning: 'bool google::protobuf::FieldOptions::weak() const' is deprecated [-Wdeprecated-declarations]
  359 |   if (field->options().weak()) {
      |       ~~~~~~~~~~~~~~~~~~~~~^~
In file included from bazel-out/k8-opt-exec-ST-020102668b12/bin/external/protobuf+/src/google/protobuf/compiler/_virtual_includes/code_generator_lite/google/protobuf/compiler/code_generator_lite.h:18,
                 from bazel-out/k8-opt-exec-ST-020102668b12/bin/external/protobuf+/src/google/protobuf/compiler/_virtual_includes/code_generator/google/protobuf/compiler/code_generator.h:25,
                 from bazel-out/k8-opt-exec-ST-020102668b12/bin/external/protobuf+/src/google/protobuf/compiler/cpp/_virtual_includes/names_internal/google/protobuf/compiler/cpp/helpers.h:30:
bazel-out/k8-opt-exec-ST-020102668b12/bin/external/protobuf+/src/google/protobuf/_virtual_includes/protobuf/google/protobuf/descriptor.pb.h:19782:13: note: declared here
19782 | inline bool FieldOptions::weak() const {
      |             ^~~~~~~~~~~~
[1,836 / 2,801] Compiling src/google/protobuf/compiler/java/full/service.cc [for tool]; 5s processwrapper-sandbox ... (4 actions running)
[1,837 / 2,801] Compiling src/google/protobuf/compiler/java/field_common.cc [for tool]; 6s processwrapper-sandbox ... (4 actions running)
INFO: From Compiling src/google/protobuf/compiler/rust/accessors/singular_message.cc [for tool]:
In file included from external/protobuf+/src/google/protobuf/compiler/rust/accessors/singular_message.cc:12:
bazel-out/k8-opt-exec-ST-020102668b12/bin/external/protobuf+/src/google/protobuf/compiler/cpp/_virtual_includes/names_internal/google/protobuf/compiler/cpp/helpers.h: In function 'bool google::protobuf::compiler::cpp::IsWeak(const google::protobuf::FieldDescriptor*, const Options&)':
bazel-out/k8-opt-exec-ST-020102668b12/bin/external/protobuf+/src/google/protobuf/compiler/cpp/_virtual_includes/names_internal/google/protobuf/compiler/cpp/helpers.h:359:28: warning: 'bool google::protobuf::FieldOptions::weak() const' is deprecated [-Wdeprecated-declarations]
  359 |   if (field->options().weak()) {
      |       ~~~~~~~~~~~~~~~~~~~~~^~
In file included from bazel-out/k8-opt-exec-ST-020102668b12/bin/external/protobuf+/src/google/protobuf/compiler/_virtual_includes/code_generator_lite/google/protobuf/compiler/code_generator_lite.h:18,
                 from bazel-out/k8-opt-exec-ST-020102668b12/bin/external/protobuf+/src/google/protobuf/compiler/_virtual_includes/code_generator/google/protobuf/compiler/code_generator.h:25,
                 from bazel-out/k8-opt-exec-ST-020102668b12/bin/external/protobuf+/src/google/protobuf/compiler/cpp/_virtual_includes/names_internal/google/protobuf/compiler/cpp/helpers.h:30:
bazel-out/k8-opt-exec-ST-020102668b12/bin/external/protobuf+/src/google/protobuf/_virtual_includes/protobuf/google/protobuf/descriptor.pb.h:19782:13: note: declared here
19782 | inline bool FieldOptions::weak() const {
      |             ^~~~~~~~~~~~
[1,850 / 2,801] Compiling src/google/protobuf/compiler/objectivec/field.cc [for tool]; 4s processwrapper-sandbox ... (4 actions, 3 running)
[1,850 / 2,801] Compiling src/google/protobuf/compiler/objectivec/field.cc [for tool]; 6s processwrapper-sandbox ... (4 actions running)
[1,853 / 2,801] Compiling src/google/protobuf/compiler/rust/accessors/singular_cord.cc [for tool]; 3s processwrapper-sandbox ... (4 actions, 3 running)
[1,853 / 2,801] Compiling src/google/protobuf/compiler/rust/accessors/singular_cord.cc [for tool]; 4s processwrapper-sandbox ... (4 actions running)
INFO: From Compiling src/google/protobuf/compiler/rust/accessors/singular_cord.cc [for tool]:
In file included from external/protobuf+/src/google/protobuf/compiler/rust/accessors/singular_cord.cc:12:
bazel-out/k8-opt-exec-ST-020102668b12/bin/external/protobuf+/src/google/protobuf/compiler/cpp/_virtual_includes/names_internal/google/protobuf/compiler/cpp/helpers.h: In function 'bool google::protobuf::compiler::cpp::IsWeak(const google::protobuf::FieldDescriptor*, const Options&)':
bazel-out/k8-opt-exec-ST-020102668b12/bin/external/protobuf+/src/google/protobuf/compiler/cpp/_virtual_includes/names_internal/google/protobuf/compiler/cpp/helpers.h:359:28: warning: 'bool google::protobuf::FieldOptions::weak() const' is deprecated [-Wdeprecated-declarations]
  359 |   if (field->options().weak()) {
      |       ~~~~~~~~~~~~~~~~~~~~~^~
In file included from bazel-out/k8-opt-exec-ST-020102668b12/bin/external/protobuf+/src/google/protobuf/compiler/_virtual_includes/code_generator_lite/google/protobuf/compiler/code_generator_lite.h:18,
                 from bazel-out/k8-opt-exec-ST-020102668b12/bin/external/protobuf+/src/google/protobuf/compiler/_virtual_includes/code_generator/google/protobuf/compiler/code_generator.h:25,
                 from bazel-out/k8-opt-exec-ST-020102668b12/bin/external/protobuf+/src/google/protobuf/compiler/cpp/_virtual_includes/names_internal/google/protobuf/compiler/cpp/helpers.h:30:
bazel-out/k8-opt-exec-ST-020102668b12/bin/external/protobuf+/src/google/protobuf/_virtual_includes/protobuf/google/protobuf/descriptor.pb.h:19782:13: note: declared here
19782 | inline bool FieldOptions::weak() const {
      |             ^~~~~~~~~~~~
[1,854 / 2,801] Compiling src/google/protobuf/compiler/objectivec/file.cc [for tool]; 3s processwrapper-sandbox ... (4 actions running)
[1,855 / 2,801] Compiling src/google/protobuf/compiler/objectivec/file.cc [for tool]; 4s processwrapper-sandbox ... (4 actions, 3 running)
[1,855 / 2,801] Compiling src/google/protobuf/compiler/objectivec/file.cc [for tool]; 6s processwrapper-sandbox ... (4 actions running)
[1,856 / 2,801] Compiling src/google/protobuf/compiler/objectivec/file.cc [for tool]; 7s processwrapper-sandbox ... (4 actions running)
INFO: From Compiling src/google/protobuf/compiler/rust/accessors/repeated_field.cc [for tool]:
In file included from external/protobuf+/src/google/protobuf/compiler/rust/accessors/repeated_field.cc:12:
bazel-out/k8-opt-exec-ST-020102668b12/bin/external/protobuf+/src/google/protobuf/compiler/cpp/_virtual_includes/names_internal/google/protobuf/compiler/cpp/helpers.h: In function 'bool google::protobuf::compiler::cpp::IsWeak(const google::protobuf::FieldDescriptor*, const Options&)':
bazel-out/k8-opt-exec-ST-020102668b12/bin/external/protobuf+/src/google/protobuf/compiler/cpp/_virtual_includes/names_internal/google/protobuf/compiler/cpp/helpers.h:359:28: warning: 'bool google::protobuf::FieldOptions::weak() const' is deprecated [-Wdeprecated-declarations]
  359 |   if (field->options().weak()) {
      |       ~~~~~~~~~~~~~~~~~~~~~^~
In file included from bazel-out/k8-opt-exec-ST-020102668b12/bin/external/protobuf+/src/google/protobuf/compiler/_virtual_includes/code_generator_lite/google/protobuf/compiler/code_generator_lite.h:18,
                 from bazel-out/k8-opt-exec-ST-020102668b12/bin/external/protobuf+/src/google/protobuf/compiler/_virtual_includes/code_generator/google/protobuf/compiler/code_generator.h:25,
                 from bazel-out/k8-opt-exec-ST-020102668b12/bin/external/protobuf+/src/google/protobuf/compiler/cpp/_virtual_includes/names_internal/google/protobuf/compiler/cpp/helpers.h:30:
bazel-out/k8-opt-exec-ST-020102668b12/bin/external/protobuf+/src/google/protobuf/_virtual_includes/protobuf/google/protobuf/descriptor.pb.h:19782:13: note: declared here
19782 | inline bool FieldOptions::weak() const {
      |             ^~~~~~~~~~~~
[1,858 / 2,801] Compiling src/google/protobuf/compiler/csharp/csharp_reflection_class.cc [for tool]; 3s processwrapper-sandbox ... (4 actions running)
[1,859 / 2,801] Compiling src/google/protobuf/compiler/java/full/string_field.cc [for tool]; 3s processwrapper-sandbox ... (4 actions running)
INFO: From Compiling src/google/protobuf/compiler/rust/accessors/map.cc [for tool]:
In file included from external/protobuf+/src/google/protobuf/compiler/rust/accessors/map.cc:11:
bazel-out/k8-opt-exec-ST-020102668b12/bin/external/protobuf+/src/google/protobuf/compiler/cpp/_virtual_includes/names_internal/google/protobuf/compiler/cpp/helpers.h: In function 'bool google::protobuf::compiler::cpp::IsWeak(const google::protobuf::FieldDescriptor*, const Options&)':
bazel-out/k8-opt-exec-ST-020102668b12/bin/external/protobuf+/src/google/protobuf/compiler/cpp/_virtual_includes/names_internal/google/protobuf/compiler/cpp/helpers.h:359:28: warning: 'bool google::protobuf::FieldOptions::weak() const' is deprecated [-Wdeprecated-declarations]
  359 |   if (field->options().weak()) {
      |       ~~~~~~~~~~~~~~~~~~~~~^~
In file included from bazel-out/k8-opt-exec-ST-020102668b12/bin/external/protobuf+/src/google/protobuf/compiler/_virtual_includes/code_generator_lite/google/protobuf/compiler/code_generator_lite.h:18,
                 from bazel-out/k8-opt-exec-ST-020102668b12/bin/external/protobuf+/src/google/protobuf/compiler/_virtual_includes/code_generator/google/protobuf/compiler/code_generator.h:25,
                 from bazel-out/k8-opt-exec-ST-020102668b12/bin/external/protobuf+/src/google/protobuf/compiler/cpp/_virtual_includes/names_internal/google/protobuf/compiler/cpp/helpers.h:30:
bazel-out/k8-opt-exec-ST-020102668b12/bin/external/protobuf+/src/google/protobuf/_virtual_includes/protobuf/google/protobuf/descriptor.pb.h:19782:13: note: declared here
19782 | inline bool FieldOptions::weak() const {
      |             ^~~~~~~~~~~~
[1,860 / 2,801] Compiling src/google/protobuf/compiler/java/full/string_field.cc [for tool]; 5s processwrapper-sandbox ... (4 actions, 3 running)
[1,861 / 2,801] Compiling src/google/protobuf/compiler/java/full/string_field.cc [for tool]; 6s processwrapper-sandbox ... (4 actions, 3 running)
[1,863 / 2,801] Compiling src/google/protobuf/compiler/rust/accessors/default_value.cc [for tool]; 2s processwrapper-sandbox ... (4 actions running)
[1,864 / 2,801] Compiling src/google/protobuf/compiler/objectivec/helpers.cc [for tool]; 2s processwrapper-sandbox ... (4 actions, 3 running)
[1,864 / 2,801] Compiling src/google/protobuf/compiler/objectivec/helpers.cc [for tool]; 4s processwrapper-sandbox ... (4 actions running)
[1,866 / 2,801] Compiling src/google/protobuf/compiler/java/full/primitive_field.cc [for tool]; 6s processwrapper-sandbox ... (4 actions running)
[1,869 / 2,801] Compiling src/google/protobuf/compiler/objectivec/import_writer.cc [for tool]; 2s processwrapper-sandbox ... (4 actions running)
[1,870 / 2,801] Compiling src/google/protobuf/compiler/csharp/csharp_message.cc [for tool]; 3s processwrapper-sandbox ... (4 actions, 3 running)
[1,870 / 2,801] Compiling src/google/protobuf/compiler/csharp/csharp_message.cc [for tool]; 5s processwrapper-sandbox ... (4 actions running)
INFO: From Compiling src/google/protobuf/compiler/rust/oneof.cc [for tool]:
In file included from external/protobuf+/src/google/protobuf/compiler/rust/oneof.cc:16:
bazel-out/k8-opt-exec-ST-020102668b12/bin/external/protobuf+/src/google/protobuf/compiler/cpp/_virtual_includes/names_internal/google/protobuf/compiler/cpp/helpers.h: In function 'bool google::protobuf::compiler::cpp::IsWeak(const google::protobuf::FieldDescriptor*, const Options&)':
bazel-out/k8-opt-exec-ST-020102668b12/bin/external/protobuf+/src/google/protobuf/compiler/cpp/_virtual_includes/names_internal/google/protobuf/compiler/cpp/helpers.h:359:28: warning: 'bool google::protobuf::FieldOptions::weak() const' is deprecated [-Wdeprecated-declarations]
  359 |   if (field->options().weak()) {
      |       ~~~~~~~~~~~~~~~~~~~~~^~
In file included from bazel-out/k8-opt-exec-ST-020102668b12/bin/external/protobuf+/src/google/protobuf/compiler/_virtual_includes/code_generator_lite/google/protobuf/compiler/code_generator_lite.h:18,
                 from bazel-out/k8-opt-exec-ST-020102668b12/bin/external/protobuf+/src/google/protobuf/compiler/_virtual_includes/code_generator/google/protobuf/compiler/code_generator.h:25,
                 from bazel-out/k8-opt-exec-ST-020102668b12/bin/external/protobuf+/src/google/protobuf/compiler/cpp/_virtual_includes/names_internal/google/protobuf/compiler/cpp/helpers.h:30:
bazel-out/k8-opt-exec-ST-020102668b12/bin/external/protobuf+/src/google/protobuf/_virtual_includes/protobuf/google/protobuf/descriptor.pb.h:19782:13: note: declared here
19782 | inline bool FieldOptions::weak() const {
      |             ^~~~~~~~~~~~
[1,872 / 2,801] Compiling src/google/protobuf/compiler/java/full/message_field.cc [for tool]; 5s processwrapper-sandbox ... (4 actions, 3 running)
[1,873 / 2,801] Compiling src/google/protobuf/compiler/objectivec/map_field.cc [for tool]; 4s processwrapper-sandbox ... (4 actions running)
[1,875 / 2,801] Compiling upb_generator/c/generator.cc [for tool]; 3s processwrapper-sandbox ... (4 actions, 3 running)
[1,875 / 2,801] Compiling upb_generator/c/generator.cc [for tool]; 4s processwrapper-sandbox ... (4 actions running)
[1,876 / 2,801] Compiling src/google/protobuf/compiler/java/full/map_field.cc [for tool]; 6s processwrapper-sandbox ... (4 actions, 3 running)
[1,881 / 2,801] Compiling src/google/protobuf/compiler/objectivec/message.cc [for tool]; 6s processwrapper-sandbox ... (4 actions running)
[1,882 / 2,801] Compiling src/google/protobuf/compiler/csharp/csharp_generator.cc [for tool]; 3s processwrapper-sandbox ... (4 actions running)
[1,884 / 2,801] Compiling src/google/protobuf/compiler/java/full/enum_field.cc [for tool]; 3s processwrapper-sandbox ... (4 actions running)
[1,885 / 2,801] Compiling src/google/protobuf/compiler/java/full/enum_field.cc [for tool]; 6s processwrapper-sandbox ... (4 actions, 3 running)
[1,886 / 2,801] Compiling src/google/protobuf/compiler/csharp/csharp_field_base.cc [for tool]; 5s processwrapper-sandbox ... (4 actions running)
[1,893 / 2,801] Compiling src/google/protobuf/compiler/csharp/csharp_field_base.cc [for tool]; 6s processwrapper-sandbox ... (4 actions running)
[1,897 / 2,801] Compiling src/google/protobuf/compiler/objectivec/oneof.cc [for tool]; 3s processwrapper-sandbox ... (4 actions, 3 running)
[1,901 / 2,801] Compiling src/google/protobuf/compiler/objectivec/oneof.cc [for tool]; 5s processwrapper-sandbox ... (4 actions, 3 running)
[1,904 / 2,801] Compiling src/google/protobuf/compiler/csharp/csharp_enum_field.cc [for tool]; 3s processwrapper-sandbox ... (4 actions, 3 running)
[1,907 / 2,801] Compiling src/google/protobuf/compiler/java/full/message_builder.cc [for tool]; 3s processwrapper-sandbox ... (4 actions running)
[1,909 / 2,801] Compiling src/google/protobuf/compiler/java/full/message_builder.cc [for tool]; 4s processwrapper-sandbox ... (4 actions running)
[1,912 / 2,801] Compiling src/google/protobuf/compiler/java/full/message_builder.cc [for tool]; 5s processwrapper-sandbox ... (4 actions, 3 running)
[1,915 / 2,801] Compiling src/google/protobuf/compiler/rust/enum.cc [for tool]; 1s processwrapper-sandbox ... (4 actions, 3 running)
[1,916 / 2,801] Compiling src/google/protobuf/compiler/rust/enum.cc [for tool]; 2s processwrapper-sandbox ... (4 actions running)
[1,917 / 2,801] Compiling src/google/protobuf/compiler/rust/enum.cc [for tool]; 5s processwrapper-sandbox ... (4 actions, 3 running)
[1,919 / 2,801] Compiling src/google/protobuf/compiler/java/full/message.cc [for tool]; 6s processwrapper-sandbox ... (4 actions running)
[1,920 / 2,801] Compiling src/google/protobuf/compiler/objectivec/names.cc [for tool]; 5s processwrapper-sandbox ... (4 actions running)
[1,922 / 2,801] Compiling src/google/protobuf/compiler/rust/extension.cc [for tool]; 3s processwrapper-sandbox ... (4 actions, 3 running)
[1,924 / 2,801] Compiling src/google/protobuf/compiler/java/full/generator_factory.cc [for tool]; 3s processwrapper-sandbox ... (4 actions running)
[1,925 / 2,801] Compiling src/google/protobuf/compiler/csharp/csharp_enum.cc [for tool]; 3s processwrapper-sandbox ... (4 actions running)
[1,926 / 2,801] Compiling src/google/protobuf/compiler/rust/message.cc [for tool]; 3s processwrapper-sandbox ... (4 actions, 3 running)
[1,926 / 2,801] Compiling src/google/protobuf/compiler/rust/message.cc [for tool]; 5s processwrapper-sandbox ... (4 actions running)
[1,927 / 2,801] Compiling src/google/protobuf/compiler/rust/message.cc [for tool]; 6s processwrapper-sandbox ... (4 actions, 3 running)
INFO: From Compiling src/google/protobuf/compiler/rust/message.cc [for tool]:
In file included from external/protobuf+/src/google/protobuf/compiler/rust/message.cc:20:
bazel-out/k8-opt-exec-ST-020102668b12/bin/external/protobuf+/src/google/protobuf/compiler/cpp/_virtual_includes/names_internal/google/protobuf/compiler/cpp/helpers.h: In function 'bool google::protobuf::compiler::cpp::IsWeak(const google::protobuf::FieldDescriptor*, const Options&)':
bazel-out/k8-opt-exec-ST-020102668b12/bin/external/protobuf+/src/google/protobuf/compiler/cpp/_virtual_includes/names_internal/google/protobuf/compiler/cpp/helpers.h:359:28: warning: 'bool google::protobuf::FieldOptions::weak() const' is deprecated [-Wdeprecated-declarations]
  359 |   if (field->options().weak()) {
      |       ~~~~~~~~~~~~~~~~~~~~~^~
In file included from bazel-out/k8-opt-exec-ST-020102668b12/bin/external/protobuf+/src/google/protobuf/compiler/_virtual_includes/code_generator_lite/google/protobuf/compiler/code_generator_lite.h:18,
                 from bazel-out/k8-opt-exec-ST-020102668b12/bin/external/protobuf+/src/google/protobuf/compiler/_virtual_includes/code_generator/google/protobuf/compiler/code_generator.h:25,
                 from bazel-out/k8-opt-exec-ST-020102668b12/bin/external/protobuf+/src/google/protobuf/compiler/cpp/_virtual_includes/names_internal/google/protobuf/compiler/cpp/helpers.h:30:
bazel-out/k8-opt-exec-ST-020102668b12/bin/external/protobuf+/src/google/protobuf/_virtual_includes/protobuf/google/protobuf/descriptor.pb.h:19782:13: note: declared here
19782 | inline bool FieldOptions::weak() const {
      |             ^~~~~~~~~~~~
[1,930 / 2,801] Compiling src/google/protobuf/compiler/java/lite/string_field.cc [for tool]; 1s processwrapper-sandbox ... (4 actions, 3 running)
[1,931 / 2,801] Compiling src/google/protobuf/compiler/java/lite/string_field.cc [for tool]; 2s processwrapper-sandbox ... (4 actions running)
[1,932 / 2,801] Compiling src/google/protobuf/compiler/java/lite/string_field.cc [for tool]; 3s processwrapper-sandbox ... (4 actions, 3 running)
[1,933 / 2,801] Compiling src/google/protobuf/compiler/java/lite/string_field.cc [for tool]; 5s processwrapper-sandbox ... (4 actions running)
[1,934 / 2,801] Compiling src/google/protobuf/compiler/csharp/csharp_field_base.cc [for tool]; 5s processwrapper-sandbox ... (4 actions running)
[1,936 / 2,801] Compiling upb_generator/c/generator.cc [for tool]; 2s processwrapper-sandbox ... (4 actions, 3 running)
[1,936 / 2,801] Compiling upb_generator/c/generator.cc [for tool]; 4s processwrapper-sandbox ... (4 actions running)
[1,937 / 2,801] Compiling upb_generator/c/generator.cc [for tool]; 6s processwrapper-sandbox ... (4 actions, 3 running)
[1,938 / 2,801] Compiling src/google/protobuf/compiler/java/lite/primitive_field.cc [for tool]; 6s processwrapper-sandbox ... (4 actions running)
[1,939 / 2,801] Compiling src/google/protobuf/compiler/rust/generator.cc [for tool]; 6s processwrapper-sandbox ... (4 actions running)
[1,943 / 2,801] Compiling src/google/protobuf/compiler/java/lite/message_field.cc [for tool]; 2s processwrapper-sandbox ... (4 actions, 3 running)
[1,943 / 2,801] Compiling src/google/protobuf/compiler/java/lite/message_field.cc [for tool]; 4s processwrapper-sandbox ... (4 actions running)
[1,944 / 2,801] Compiling src/google/protobuf/compiler/csharp/csharp_wrapper_field.cc [for tool]; 3s processwrapper-sandbox ... (4 actions, 3 running)
[1,946 / 2,801] Compiling src/google/protobuf/compiler/rust/oneof.cc [for tool]; 4s processwrapper-sandbox ... (4 actions running)
INFO: From Compiling src/google/protobuf/compiler/rust/oneof.cc [for tool]:
In file included from external/protobuf+/src/google/protobuf/compiler/rust/oneof.cc:16:
bazel-out/k8-opt-exec-ST-d57f47055a04/bin/external/protobuf+/src/google/protobuf/compiler/cpp/_virtual_includes/names_internal/google/protobuf/compiler/cpp/helpers.h: In function 'bool google::protobuf::compiler::cpp::IsWeak(const google::protobuf::FieldDescriptor*, const Options&)':
bazel-out/k8-opt-exec-ST-d57f47055a04/bin/external/protobuf+/src/google/protobuf/compiler/cpp/_virtual_includes/names_internal/google/protobuf/compiler/cpp/helpers.h:359:28: warning: 'bool google::protobuf::FieldOptions::weak() const' is deprecated [-Wdeprecated-declarations]
  359 |   if (field->options().weak()) {
      |       ~~~~~~~~~~~~~~~~~~~~~^~
In file included from bazel-out/k8-opt-exec-ST-d57f47055a04/bin/external/protobuf+/src/google/protobuf/compiler/_virtual_includes/code_generator_lite/google/protobuf/compiler/code_generator_lite.h:18,
                 from bazel-out/k8-opt-exec-ST-d57f47055a04/bin/external/protobuf+/src/google/protobuf/compiler/_virtual_includes/code_generator/google/protobuf/compiler/code_generator.h:25,
                 from bazel-out/k8-opt-exec-ST-d57f47055a04/bin/external/protobuf+/src/google/protobuf/compiler/cpp/_virtual_includes/names_internal/google/protobuf/compiler/cpp/helpers.h:30:
bazel-out/k8-opt-exec-ST-d57f47055a04/bin/external/protobuf+/src/google/protobuf/_virtual_includes/protobuf/google/protobuf/descriptor.pb.h:19782:13: note: declared here
19782 | inline bool FieldOptions::weak() const {
      |             ^~~~~~~~~~~~
[1,948 / 2,801] Compiling src/google/protobuf/compiler/java/lite/map_field.cc [for tool]; 3s processwrapper-sandbox ... (4 actions running)
[1,949 / 2,801] Compiling src/google/protobuf/compiler/java/lite/map_field.cc [for tool]; 5s processwrapper-sandbox ... (4 actions, 3 running)
[1,951 / 2,801] Compiling src/google/protobuf/compiler/csharp/csharp_message.cc [for tool]; 5s processwrapper-sandbox ... (4 actions, 3 running)
[1,952 / 2,801] Compiling src/google/protobuf/compiler/csharp/csharp_repeated_primitive_field.cc [for tool]; 2s processwrapper-sandbox ... (4 actions running)
[1,953 / 2,801] Compiling src/google/protobuf/compiler/java/lite/make_field_gens.cc [for tool]; 2s processwrapper-sandbox ... (4 actions, 3 running)
[1,954 / 2,801] Compiling src/google/protobuf/compiler/rust/accessors/default_value.cc [for tool]; 3s processwrapper-sandbox ... (4 actions, 3 running)
[1,956 / 2,801] Compiling src/google/protobuf/compiler/csharp/csharp_repeated_primitive_field.cc [for tool]; 2s processwrapper-sandbox ... (4 actions, 3 running)
[1,956 / 2,801] Compiling src/google/protobuf/compiler/csharp/csharp_repeated_primitive_field.cc [for tool]; 3s processwrapper-sandbox ... (4 actions running)
[1,958 / 2,801] Compiling src/google/protobuf/compiler/rust/accessors/map.cc [for tool]; 4s processwrapper-sandbox ... (4 actions, 3 running)
INFO: From Compiling src/google/protobuf/compiler/rust/accessors/map.cc [for tool]:
In file included from external/protobuf+/src/google/protobuf/compiler/rust/accessors/map.cc:11:
bazel-out/k8-opt-exec-ST-d57f47055a04/bin/external/protobuf+/src/google/protobuf/compiler/cpp/_virtual_includes/names_internal/google/protobuf/compiler/cpp/helpers.h: In function 'bool google::protobuf::compiler::cpp::IsWeak(const google::protobuf::FieldDescriptor*, const Options&)':
bazel-out/k8-opt-exec-ST-d57f47055a04/bin/external/protobuf+/src/google/protobuf/compiler/cpp/_virtual_includes/names_internal/google/protobuf/compiler/cpp/helpers.h:359:28: warning: 'bool google::protobuf::FieldOptions::weak() const' is deprecated [-Wdeprecated-declarations]
  359 |   if (field->options().weak()) {
      |       ~~~~~~~~~~~~~~~~~~~~~^~
In file included from bazel-out/k8-opt-exec-ST-d57f47055a04/bin/external/protobuf+/src/google/protobuf/compiler/_virtual_includes/code_generator_lite/google/protobuf/compiler/code_generator_lite.h:18,
                 from bazel-out/k8-opt-exec-ST-d57f47055a04/bin/external/protobuf+/src/google/protobuf/compiler/_virtual_includes/code_generator/google/protobuf/compiler/code_generator.h:25,
                 from bazel-out/k8-opt-exec-ST-d57f47055a04/bin/external/protobuf+/src/google/protobuf/compiler/cpp/_virtual_includes/names_internal/google/protobuf/compiler/cpp/helpers.h:30:
bazel-out/k8-opt-exec-ST-d57f47055a04/bin/external/protobuf+/src/google/protobuf/_virtual_includes/protobuf/google/protobuf/descriptor.pb.h:19782:13: note: declared here
19782 | inline bool FieldOptions::weak() const {
      |             ^~~~~~~~~~~~
[1,959 / 2,801] Compiling src/google/protobuf/compiler/csharp/csharp_primitive_field.cc [for tool]; 4s processwrapper-sandbox ... (4 actions running)
[1,960 / 2,801] Compiling src/google/protobuf/compiler/csharp/csharp_repeated_enum_field.cc [for tool]; 3s processwrapper-sandbox ... (4 actions running)
[1,961 / 2,801] Compiling src/google/protobuf/compiler/java/lite/enum_field.cc [for tool]; 3s processwrapper-sandbox ... (4 actions running)
INFO: From Compiling src/google/protobuf/compiler/rust/accessors/repeated_field.cc [for tool]:
In file included from external/protobuf+/src/google/protobuf/compiler/rust/accessors/repeated_field.cc:12:
bazel-out/k8-opt-exec-ST-d57f47055a04/bin/external/protobuf+/src/google/protobuf/compiler/cpp/_virtual_includes/names_internal/google/protobuf/compiler/cpp/helpers.h: In function 'bool google::protobuf::compiler::cpp::IsWeak(const google::protobuf::FieldDescriptor*, const Options&)':
bazel-out/k8-opt-exec-ST-d57f47055a04/bin/external/protobuf+/src/google/protobuf/compiler/cpp/_virtual_includes/names_internal/google/protobuf/compiler/cpp/helpers.h:359:28: warning: 'bool google::protobuf::FieldOptions::weak() const' is deprecated [-Wdeprecated-declarations]
  359 |   if (field->options().weak()) {
      |       ~~~~~~~~~~~~~~~~~~~~~^~
In file included from bazel-out/k8-opt-exec-ST-d57f47055a04/bin/external/protobuf+/src/google/protobuf/compiler/_virtual_includes/code_generator_lite/google/protobuf/compiler/code_generator_lite.h:18,
                 from bazel-out/k8-opt-exec-ST-d57f47055a04/bin/external/protobuf+/src/google/protobuf/compiler/_virtual_includes/code_generator/google/protobuf/compiler/code_generator.h:25,
                 from bazel-out/k8-opt-exec-ST-d57f47055a04/bin/external/protobuf+/src/google/protobuf/compiler/cpp/_virtual_includes/names_internal/google/protobuf/compiler/cpp/helpers.h:30:
bazel-out/k8-opt-exec-ST-d57f47055a04/bin/external/protobuf+/src/google/protobuf/_virtual_includes/protobuf/google/protobuf/descriptor.pb.h:19782:13: note: declared here
19782 | inline bool FieldOptions::weak() const {
      |             ^~~~~~~~~~~~
[1,962 / 2,801] Compiling src/google/protobuf/compiler/java/lite/enum_field.cc [for tool]; 5s processwrapper-sandbox ... (4 actions, 3 running)
[1,964 / 2,801] Compiling src/google/protobuf/compiler/csharp/csharp_repeated_enum_field.cc [for tool]; 3s processwrapper-sandbox ... (4 actions, 3 running)
[1,966 / 2,801] Compiling src/google/protobuf/compiler/rust/accessors/singular_cord.cc [for tool]; 2s processwrapper-sandbox ... (4 actions, 3 running)
[1,967 / 2,801] Compiling src/google/protobuf/compiler/rust/accessors/singular_cord.cc [for tool]; 3s processwrapper-sandbox ... (4 actions, 3 running)
INFO: From Compiling src/google/protobuf/compiler/rust/accessors/singular_cord.cc [for tool]:
In file included from external/protobuf+/src/google/protobuf/compiler/rust/accessors/singular_cord.cc:12:
bazel-out/k8-opt-exec-ST-d57f47055a04/bin/external/protobuf+/src/google/protobuf/compiler/cpp/_virtual_includes/names_internal/google/protobuf/compiler/cpp/helpers.h: In function 'bool google::protobuf::compiler::cpp::IsWeak(const google::protobuf::FieldDescriptor*, const Options&)':
bazel-out/k8-opt-exec-ST-d57f47055a04/bin/external/protobuf+/src/google/protobuf/compiler/cpp/_virtual_includes/names_internal/google/protobuf/compiler/cpp/helpers.h:359:28: warning: 'bool google::protobuf::FieldOptions::weak() const' is deprecated [-Wdeprecated-declarations]
  359 |   if (field->options().weak()) {
      |       ~~~~~~~~~~~~~~~~~~~~~^~
In file included from bazel-out/k8-opt-exec-ST-d57f47055a04/bin/external/protobuf+/src/google/protobuf/compiler/_virtual_includes/code_generator_lite/google/protobuf/compiler/code_generator_lite.h:18,
                 from bazel-out/k8-opt-exec-ST-d57f47055a04/bin/external/protobuf+/src/google/protobuf/compiler/_virtual_includes/code_generator/google/protobuf/compiler/code_generator.h:25,
                 from bazel-out/k8-opt-exec-ST-d57f47055a04/bin/external/protobuf+/src/google/protobuf/compiler/cpp/_virtual_includes/names_internal/google/protobuf/compiler/cpp/helpers.h:30:
bazel-out/k8-opt-exec-ST-d57f47055a04/bin/external/protobuf+/src/google/protobuf/_virtual_includes/protobuf/google/protobuf/descriptor.pb.h:19782:13: note: declared here
19782 | inline bool FieldOptions::weak() const {
      |             ^~~~~~~~~~~~
[1,969 / 2,801] Compiling src/google/protobuf/compiler/csharp/csharp_repeated_message_field.cc [for tool]; 3s processwrapper-sandbox ... (4 actions, 3 running)
[1,972 / 2,801] Compiling src/google/protobuf/compiler/java/lite/message_builder.cc [for tool]; 4s processwrapper-sandbox ... (4 actions running)
[1,976 / 2,801] Compiling src/google/protobuf/compiler/rust/accessors/singular_message.cc [for tool]; 2s processwrapper-sandbox ... (4 actions, 3 running)
[1,978 / 2,801] Compiling src/google/protobuf/compiler/rust/accessors/singular_message.cc [for tool]; 4s processwrapper-sandbox ... (4 actions running)
INFO: From Compiling src/google/protobuf/compiler/rust/accessors/singular_message.cc [for tool]:
In file included from external/protobuf+/src/google/protobuf/compiler/rust/accessors/singular_message.cc:12:
bazel-out/k8-opt-exec-ST-d57f47055a04/bin/external/protobuf+/src/google/protobuf/compiler/cpp/_virtual_includes/names_internal/google/protobuf/compiler/cpp/helpers.h: In function 'bool google::protobuf::compiler::cpp::IsWeak(const google::protobuf::FieldDescriptor*, const Options&)':
bazel-out/k8-opt-exec-ST-d57f47055a04/bin/external/protobuf+/src/google/protobuf/compiler/cpp/_virtual_includes/names_internal/google/protobuf/compiler/cpp/helpers.h:359:28: warning: 'bool google::protobuf::FieldOptions::weak() const' is deprecated [-Wdeprecated-declarations]
  359 |   if (field->options().weak()) {
      |       ~~~~~~~~~~~~~~~~~~~~~^~
In file included from bazel-out/k8-opt-exec-ST-d57f47055a04/bin/external/protobuf+/src/google/protobuf/compiler/_virtual_includes/code_generator_lite/google/protobuf/compiler/code_generator_lite.h:18,
                 from bazel-out/k8-opt-exec-ST-d57f47055a04/bin/external/protobuf+/src/google/protobuf/compiler/_virtual_includes/code_generator/google/protobuf/compiler/code_generator.h:25,
                 from bazel-out/k8-opt-exec-ST-d57f47055a04/bin/external/protobuf+/src/google/protobuf/compiler/cpp/_virtual_includes/names_internal/google/protobuf/compiler/cpp/helpers.h:30:
bazel-out/k8-opt-exec-ST-d57f47055a04/bin/external/protobuf+/src/google/protobuf/_virtual_includes/protobuf/google/protobuf/descriptor.pb.h:19782:13: note: declared here
19782 | inline bool FieldOptions::weak() const {
      |             ^~~~~~~~~~~~
[1,982 / 2,801] Compiling src/google/protobuf/compiler/java/lite/message.cc [for tool]; 3s processwrapper-sandbox ... (4 actions running)
[1,986 / 2,801] Compiling src/google/protobuf/compiler/java/lite/message.cc [for tool]; 5s processwrapper-sandbox ... (4 actions, 3 running)
[1,988 / 2,801] Compiling src/google/protobuf/compiler/java/lite/message.cc [for tool]; 6s processwrapper-sandbox ... (4 actions, 3 running)
[1,992 / 2,801] Compiling src/google/protobuf/compiler/rust/accessors/singular_scalar.cc [for tool]; 4s processwrapper-sandbox ... (4 actions, 3 running)
INFO: From Compiling src/google/protobuf/compiler/rust/accessors/singular_scalar.cc [for tool]:
In file included from external/protobuf+/src/google/protobuf/compiler/rust/accessors/singular_scalar.cc:13:
bazel-out/k8-opt-exec-ST-d57f47055a04/bin/external/protobuf+/src/google/protobuf/compiler/cpp/_virtual_includes/names_internal/google/protobuf/compiler/cpp/helpers.h: In function 'bool google::protobuf::compiler::cpp::IsWeak(const google::protobuf::FieldDescriptor*, const Options&)':
bazel-out/k8-opt-exec-ST-d57f47055a04/bin/external/protobuf+/src/google/protobuf/compiler/cpp/_virtual_includes/names_internal/google/protobuf/compiler/cpp/helpers.h:359:28: warning: 'bool google::protobuf::FieldOptions::weak() const' is deprecated [-Wdeprecated-declarations]
  359 |   if (field->options().weak()) {
      |       ~~~~~~~~~~~~~~~~~~~~~^~
In file included from bazel-out/k8-opt-exec-ST-d57f47055a04/bin/external/protobuf+/src/google/protobuf/compiler/_virtual_includes/code_generator_lite/google/protobuf/compiler/code_generator_lite.h:18,
                 from bazel-out/k8-opt-exec-ST-d57f47055a04/bin/external/protobuf+/src/google/protobuf/compiler/_virtual_includes/code_generator/google/protobuf/compiler/code_generator.h:25,
                 from bazel-out/k8-opt-exec-ST-d57f47055a04/bin/external/protobuf+/src/google/protobuf/compiler/cpp/_virtual_includes/names_internal/google/protobuf/compiler/cpp/helpers.h:30:
bazel-out/k8-opt-exec-ST-d57f47055a04/bin/external/protobuf+/src/google/protobuf/_virtual_includes/protobuf/google/protobuf/descriptor.pb.h:19782:13: note: declared here
19782 | inline bool FieldOptions::weak() const {
      |             ^~~~~~~~~~~~
[1,996 / 2,801] Compiling src/google/protobuf/compiler/java/lite/generator_factory.cc [for tool]; 1s processwrapper-sandbox ... (4 actions, 3 running)
[1,998 / 2,801] Compiling src/google/protobuf/compiler/java/lite/generator_factory.cc [for tool]; 3s processwrapper-sandbox ... (4 actions, 3 running)
[2,016 / 2,801] Compiling src/google/protobuf/compiler/rust/accessors/singular_string.cc [for tool]; 2s processwrapper-sandbox ... (4 actions, 3 running)
[2,037 / 2,801] Compiling src/google/protobuf/compiler/rust/accessors/singular_string.cc [for tool]; 3s processwrapper-sandbox ... (4 actions running)
[2,053 / 2,801] Compiling src/google/protobuf/compiler/rust/accessors/singular_string.cc [for tool]; 4s processwrapper-sandbox ... (4 actions running)
INFO: From Compiling src/google/protobuf/compiler/rust/accessors/singular_string.cc [for tool]:
In file included from external/protobuf+/src/google/protobuf/compiler/rust/accessors/singular_string.cc:13:
bazel-out/k8-opt-exec-ST-d57f47055a04/bin/external/protobuf+/src/google/protobuf/compiler/cpp/_virtual_includes/names_internal/google/protobuf/compiler/cpp/helpers.h: In function 'bool google::protobuf::compiler::cpp::IsWeak(const google::protobuf::FieldDescriptor*, const Options&)':
bazel-out/k8-opt-exec-ST-d57f47055a04/bin/external/protobuf+/src/google/protobuf/compiler/cpp/_virtual_includes/names_internal/google/protobuf/compiler/cpp/helpers.h:359:28: warning: 'bool google::protobuf::FieldOptions::weak() const' is deprecated [-Wdeprecated-declarations]
  359 |   if (field->options().weak()) {
      |       ~~~~~~~~~~~~~~~~~~~~~^~
In file included from bazel-out/k8-opt-exec-ST-d57f47055a04/bin/external/protobuf+/src/google/protobuf/compiler/_virtual_includes/code_generator_lite/google/protobuf/compiler/code_generator_lite.h:18,
                 from bazel-out/k8-opt-exec-ST-d57f47055a04/bin/external/protobuf+/src/google/protobuf/compiler/_virtual_includes/code_generator/google/protobuf/compiler/code_generator.h:25,
                 from bazel-out/k8-opt-exec-ST-d57f47055a04/bin/external/protobuf+/src/google/protobuf/compiler/cpp/_virtual_includes/names_internal/google/protobuf/compiler/cpp/helpers.h:30:
bazel-out/k8-opt-exec-ST-d57f47055a04/bin/external/protobuf+/src/google/protobuf/_virtual_includes/protobuf/google/protobuf/descriptor.pb.h:19782:13: note: declared here
19782 | inline bool FieldOptions::weak() const {
      |             ^~~~~~~~~~~~
[2,070 / 2,801] Compiling src/google/protobuf/compiler/java/lite/extension.cc [for tool]; 3s processwrapper-sandbox ... (4 actions, 3 running)
[2,087 / 2,801] Compiling src/google/protobuf/compiler/rust/accessors/unsupported_field.cc [for tool]; 1s processwrapper-sandbox ... (4 actions, 3 running)
[2,089 / 2,801] Compiling src/google/protobuf/compiler/rust/accessors/unsupported_field.cc [for tool]; 2s processwrapper-sandbox ... (4 actions, 3 running)
[2,095 / 2,801] Compiling src/google/protobuf/compiler/rust/accessors/unsupported_field.cc [for tool]; 3s processwrapper-sandbox ... (4 actions, 3 running)
[2,101 / 2,801] Compiling src/google/protobuf/compiler/java/lite/enum.cc [for tool]; 3s processwrapper-sandbox ... (4 actions, 3 running)
[2,104 / 2,801] Compiling src/google/protobuf/compiler/java/lite/enum.cc [for tool]; 4s processwrapper-sandbox ... (4 actions, 3 running)
[2,107 / 2,802] Compiling src/google/protobuf/compiler/rust/accessors/with_presence.cc [for tool]; 3s processwrapper-sandbox ... (4 actions, 3 running)
[2,108 / 2,802] Compiling src/google/protobuf/compiler/rust/accessors/with_presence.cc [for tool]; 4s processwrapper-sandbox ... (4 actions running)
INFO: From Compiling src/google/protobuf/compiler/rust/accessors/with_presence.cc [for tool]:
In file included from external/protobuf+/src/google/protobuf/compiler/rust/accessors/with_presence.cc:13:
bazel-out/k8-opt-exec-ST-d57f47055a04/bin/external/protobuf+/src/google/protobuf/compiler/cpp/_virtual_includes/names_internal/google/protobuf/compiler/cpp/helpers.h: In function 'bool google::protobuf::compiler::cpp::IsWeak(const google::protobuf::FieldDescriptor*, const Options&)':
bazel-out/k8-opt-exec-ST-d57f47055a04/bin/external/protobuf+/src/google/protobuf/compiler/cpp/_virtual_includes/names_internal/google/protobuf/compiler/cpp/helpers.h:359:28: warning: 'bool google::protobuf::FieldOptions::weak() const' is deprecated [-Wdeprecated-declarations]
  359 |   if (field->options().weak()) {
      |       ~~~~~~~~~~~~~~~~~~~~~^~
In file included from bazel-out/k8-opt-exec-ST-d57f47055a04/bin/external/protobuf+/src/google/protobuf/compiler/_virtual_includes/code_generator_lite/google/protobuf/compiler/code_generator_lite.h:18,
                 from bazel-out/k8-opt-exec-ST-d57f47055a04/bin/external/protobuf+/src/google/protobuf/compiler/_virtual_includes/code_generator/google/protobuf/compiler/code_generator.h:25,
                 from bazel-out/k8-opt-exec-ST-d57f47055a04/bin/external/protobuf+/src/google/protobuf/compiler/cpp/_virtual_includes/names_internal/google/protobuf/compiler/cpp/helpers.h:30:
bazel-out/k8-opt-exec-ST-d57f47055a04/bin/external/protobuf+/src/google/protobuf/_virtual_includes/protobuf/google/protobuf/descriptor.pb.h:19782:13: note: declared here
19782 | inline bool FieldOptions::weak() const {
      |             ^~~~~~~~~~~~
[2,112 / 2,802] Compiling src/google/protobuf/compiler/java/shared_code_generator.cc [for tool]; 2s processwrapper-sandbox ... (4 actions, 3 running)
[2,113 / 2,802] Compiling src/google/protobuf/compiler/java/shared_code_generator.cc [for tool]; 4s processwrapper-sandbox ... (4 actions running)
[2,117 / 2,802] Compiling src/core/lib/event_engine/thready_event_engine/thready_event_engine.cc; 0s processwrapper-sandbox ... (4 actions, 3 running)
[2,118 / 2,802] Compiling src/core/lib/event_engine/thready_event_engine/thready_event_engine.cc; 1s processwrapper-sandbox ... (4 actions, 3 running)
[2,120 / 2,802] Compiling src/google/protobuf/compiler/java/generator.cc [for tool]; 3s processwrapper-sandbox ... (4 actions running)
[2,123 / 2,802] Compiling src/google/protobuf/compiler/rust/naming.cc [for tool]; 4s processwrapper-sandbox ... (4 actions, 3 running)
INFO: From Compiling src/google/protobuf/compiler/rust/naming.cc [for tool]:
In file included from external/protobuf+/src/google/protobuf/compiler/rust/naming.cc:26:
bazel-out/k8-opt-exec-ST-d57f47055a04/bin/external/protobuf+/src/google/protobuf/compiler/cpp/_virtual_includes/names_internal/google/protobuf/compiler/cpp/helpers.h: In function 'bool google::protobuf::compiler::cpp::IsWeak(const google::protobuf::FieldDescriptor*, const Options&)':
bazel-out/k8-opt-exec-ST-d57f47055a04/bin/external/protobuf+/src/google/protobuf/compiler/cpp/_virtual_includes/names_internal/google/protobuf/compiler/cpp/helpers.h:359:28: warning: 'bool google::protobuf::FieldOptions::weak() const' is deprecated [-Wdeprecated-declarations]
  359 |   if (field->options().weak()) {
      |       ~~~~~~~~~~~~~~~~~~~~~^~
In file included from bazel-out/k8-opt-exec-ST-d57f47055a04/bin/external/protobuf+/src/google/protobuf/compiler/rust/_virtual_includes/naming/google/protobuf/compiler/rust/naming.h:17,
                 from external/protobuf+/src/google/protobuf/compiler/rust/naming.cc:8:
bazel-out/k8-opt-exec-ST-d57f47055a04/bin/external/protobuf+/src/google/protobuf/_virtual_includes/protobuf/google/protobuf/descriptor.pb.h:19782:13: note: declared here
19782 | inline bool FieldOptions::weak() const {
      |             ^~~~~~~~~~~~
[2,126 / 2,802] Compiling src/google/protobuf/compiler/java/file.cc [for tool]; 1s processwrapper-sandbox ... (4 actions, 3 running)
[2,127 / 2,802] Compiling src/google/protobuf/compiler/java/file.cc [for tool]; 2s processwrapper-sandbox ... (4 actions running)
[2,130 / 2,802] Compiling src/google/protobuf/compiler/java/file.cc [for tool]; 3s processwrapper-sandbox ... (4 actions, 3 running)
[2,131 / 2,802] Compiling src/google/protobuf/compiler/java/file.cc [for tool]; 5s processwrapper-sandbox ... (4 actions, 3 running)
[2,133 / 2,802] Compiling src/google/protobuf/compiler/cpp/helpers.cc [for tool]; 3s processwrapper-sandbox ... (4 actions, 3 running)
[2,135 / 2,802] Compiling src/google/protobuf/compiler/cpp/helpers.cc [for tool]; 4s processwrapper-sandbox ... (4 actions running)
[2,138 / 2,802] Compiling src/google/protobuf/compiler/cpp/helpers.cc [for tool]; 6s processwrapper-sandbox ... (4 actions, 3 running)
[2,138 / 2,802] Compiling src/google/protobuf/compiler/cpp/helpers.cc [for tool]; 7s processwrapper-sandbox ... (4 actions running)
[2,140 / 2,802] Compiling src/google/protobuf/compiler/cpp/helpers.cc [for tool]; 8s processwrapper-sandbox ... (4 actions running)
[2,142 / 2,802] Compiling src/google/protobuf/compiler/cpp/helpers.cc [for tool]; 10s processwrapper-sandbox ... (4 actions running)
INFO: From Compiling src/google/protobuf/compiler/cpp/helpers.cc [for tool]:
In file included from external/protobuf+/src/google/protobuf/compiler/cpp/helpers.cc:12:
bazel-out/k8-opt-exec-ST-d57f47055a04/bin/external/protobuf+/src/google/protobuf/compiler/cpp/_virtual_includes/names_internal/google/protobuf/compiler/cpp/helpers.h: In function 'bool google::protobuf::compiler::cpp::IsWeak(const google::protobuf::FieldDescriptor*, const Options&)':
bazel-out/k8-opt-exec-ST-d57f47055a04/bin/external/protobuf+/src/google/protobuf/compiler/cpp/_virtual_includes/names_internal/google/protobuf/compiler/cpp/helpers.h:359:28: warning: 'bool google::protobuf::FieldOptions::weak() const' is deprecated [-Wdeprecated-declarations]
  359 |   if (field->options().weak()) {
      |       ~~~~~~~~~~~~~~~~~~~~~^~
In file included from bazel-out/k8-opt-exec-ST-d57f47055a04/bin/external/protobuf+/src/google/protobuf/compiler/_virtual_includes/code_generator_lite/google/protobuf/compiler/code_generator_lite.h:18,
                 from bazel-out/k8-opt-exec-ST-d57f47055a04/bin/external/protobuf+/src/google/protobuf/compiler/_virtual_includes/code_generator/google/protobuf/compiler/code_generator.h:25,
                 from bazel-out/k8-opt-exec-ST-d57f47055a04/bin/external/protobuf+/src/google/protobuf/compiler/cpp/_virtual_includes/names_internal/google/protobuf/compiler/cpp/helpers.h:30:
bazel-out/k8-opt-exec-ST-d57f47055a04/bin/external/protobuf+/src/google/protobuf/_virtual_includes/protobuf/google/protobuf/descriptor.pb.h:19782:13: note: declared here
19782 | inline bool FieldOptions::weak() const {
      |             ^~~~~~~~~~~~
external/protobuf+/src/google/protobuf/compiler/cpp/helpers.cc: In member function 'google::protobuf::compiler::cpp::MessageAnalysis google::protobuf::compiler::cpp::MessageSCCAnalyzer::GetSCCAnalysis(const google::protobuf::compiler::SCC*)':
external/protobuf+/src/google/protobuf/compiler/cpp/helpers.cc:1736:32: warning: 'bool google::protobuf::FieldOptions::weak() const' is deprecated [-Wdeprecated-declarations]
 1736 |       if (field->options().weak()) {
      |           ~~~~~~~~~~~~~~~~~~~~~^~
bazel-out/k8-opt-exec-ST-d57f47055a04/bin/external/protobuf+/src/google/protobuf/_virtual_includes/protobuf/google/protobuf/descriptor.pb.h:19782:13: note: declared here
19782 | inline bool FieldOptions::weak() const {
      |             ^~~~~~~~~~~~
[2,145 / 2,802] Compiling src/google/protobuf/compiler/java/internal_helpers.cc [for tool]; 3s processwrapper-sandbox ... (4 actions, 3 running)
[2,146 / 2,802] Compiling src/google/protobuf/compiler/java/internal_helpers.cc [for tool]; 4s processwrapper-sandbox ... (4 actions running)
[2,148 / 2,802] Compiling src/google/protobuf/compiler/java/internal_helpers.cc [for tool]; 5s processwrapper-sandbox ... (4 actions running)
[2,149 / 2,802] Compiling src/google/protobuf/compiler/kotlin/file.cc [for tool]; 3s processwrapper-sandbox ... (4 actions, 3 running)
[2,151 / 2,802] Compiling src/google/protobuf/compiler/plugin.pb.cc [for tool]; 2s processwrapper-sandbox ... (4 actions, 3 running)
[2,152 / 2,802] Compiling src/google/protobuf/compiler/java/full/enum.cc [for tool]; 2s processwrapper-sandbox ... (4 actions, 3 running)
[2,153 / 2,802] Compiling src/google/protobuf/compiler/java/full/enum.cc [for tool]; 3s processwrapper-sandbox ... (4 actions running)
[2,154 / 2,802] Compiling src/google/protobuf/compiler/java/full/enum.cc [for tool]; 5s processwrapper-sandbox ... (4 actions, 3 running)
[2,159 / 2,802] Compiling src/google/protobuf/compiler/kotlin/field.cc [for tool]; 5s processwrapper-sandbox ... (4 actions running)
[2,162 / 2,802] Compiling src/google/protobuf/compiler/java/full/make_field_gens.cc [for tool]; 2s processwrapper-sandbox ... (4 actions, 3 running)
[2,162 / 2,802] Compiling src/google/protobuf/compiler/java/full/make_field_gens.cc [for tool]; 4s processwrapper-sandbox ... (4 actions running)
[2,165 / 2,802] Compiling src/google/protobuf/compiler/kotlin/generator.cc [for tool]; 4s processwrapper-sandbox ... (4 actions, 3 running)
[2,167 / 2,802] Compiling src/google/protobuf/compiler/java/full/enum_field.cc [for tool]; 2s processwrapper-sandbox ... (4 actions, 3 running)
[2,168 / 2,802] Compiling src/google/protobuf/compiler/java/full/enum_field.cc [for tool]; 3s processwrapper-sandbox ... (4 actions running)
[2,169 / 2,802] Compiling src/google/protobuf/compiler/java/full/enum_field.cc [for tool]; 6s processwrapper-sandbox ... (4 actions, 3 running)
[2,170 / 2,802] GoToolchainBinaryBuild external/rules_go++go_sdk+go_default_sdk/builder [for tool]; 6s processwrapper-sandbox ... (4 actions running)
[2,171 / 2,802] GoToolchainBinaryBuild external/rules_go++go_sdk+go_default_sdk/builder [for tool]; 7s processwrapper-sandbox ... (4 actions, 3 running)
[2,171 / 2,802] GoToolchainBinaryBuild external/rules_go++go_sdk+go_default_sdk/builder [for tool]; 9s processwrapper-sandbox ... (4 actions running)
[2,172 / 2,802] GoToolchainBinaryBuild external/rules_go++go_sdk+go_default_sdk/builder [for tool]; 11s processwrapper-sandbox ... (4 actions, 3 running)
[2,173 / 2,802] GoToolchainBinaryBuild external/rules_go++go_sdk+go_default_sdk/builder [for tool]; 12s processwrapper-sandbox ... (4 actions running)
[2,174 / 2,802] GoToolchainBinaryBuild external/rules_go++go_sdk+go_default_sdk/builder [for tool]; 14s processwrapper-sandbox ... (4 actions, 3 running)
[2,180 / 2,802] GoToolchainBinaryBuild external/rules_go++go_sdk+go_default_sdk/builder [for tool]; 16s processwrapper-sandbox ... (4 actions running)
[2,181 / 2,802] GoToolchainBinaryBuild external/rules_go++go_sdk+go_default_sdk/builder [for tool]; 18s processwrapper-sandbox ... (4 actions, 3 running)
INFO: From Compiling src/google/protobuf/compiler/cpp/enum.cc [for tool]:
In file included from external/protobuf+/src/google/protobuf/compiler/cpp/enum.cc:29:
bazel-out/k8-opt-exec-ST-d57f47055a04/bin/external/protobuf+/src/google/protobuf/compiler/cpp/_virtual_includes/names_internal/google/protobuf/compiler/cpp/helpers.h: In function 'bool google::protobuf::compiler::cpp::IsWeak(const google::protobuf::FieldDescriptor*, const Options&)':
bazel-out/k8-opt-exec-ST-d57f47055a04/bin/external/protobuf+/src/google/protobuf/compiler/cpp/_virtual_includes/names_internal/google/protobuf/compiler/cpp/helpers.h:359:28: warning: 'bool google::protobuf::FieldOptions::weak() const' is deprecated [-Wdeprecated-declarations]
  359 |   if (field->options().weak()) {
      |       ~~~~~~~~~~~~~~~~~~~~~^~
In file included from bazel-out/k8-opt-exec-ST-d57f47055a04/bin/external/protobuf+/src/google/protobuf/compiler/_virtual_includes/code_generator_lite/google/protobuf/compiler/code_generator_lite.h:18,
                 from bazel-out/k8-opt-exec-ST-d57f47055a04/bin/external/protobuf+/src/google/protobuf/compiler/_virtual_includes/code_generator/google/protobuf/compiler/code_generator.h:25,
                 from bazel-out/k8-opt-exec-ST-d57f47055a04/bin/external/protobuf+/src/google/protobuf/compiler/cpp/_virtual_includes/cpp/google/protobuf/compiler/cpp/generator.h:24,
                 from external/protobuf+/src/google/protobuf/compiler/cpp/enum.cc:28:
bazel-out/k8-opt-exec-ST-d57f47055a04/bin/external/protobuf+/src/google/protobuf/_virtual_includes/protobuf/google/protobuf/descriptor.pb.h:19782:13: note: declared here
19782 | inline bool FieldOptions::weak() const {
      |             ^~~~~~~~~~~~
[2,182 / 2,802] GoToolchainBinaryBuild external/rules_go++go_sdk+go_default_sdk/builder [for tool]; 19s processwrapper-sandbox ... (4 actions, 3 running)
[2,183 / 2,802] GoToolchainBinaryBuild external/rules_go++go_sdk+go_default_sdk/builder [for tool]; 21s processwrapper-sandbox ... (4 actions, 3 running)
[2,183 / 2,802] GoToolchainBinaryBuild external/rules_go++go_sdk+go_default_sdk/builder [for tool]; 22s processwrapper-sandbox ... (4 actions running)
[2,184 / 2,802] Compiling src/google/protobuf/compiler/java/full/primitive_field.cc [for tool]; 5s processwrapper-sandbox ... (4 actions, 3 running)
[2,185 / 2,802] Compiling src/google/protobuf/compiler/java/full/primitive_field.cc [for tool]; 6s processwrapper-sandbox ... (4 actions running)
[2,186 / 2,802] Compiling src/google/protobuf/compiler/cpp/extension.cc [for tool]; 7s processwrapper-sandbox ... (4 actions running)
INFO: From Compiling src/google/protobuf/compiler/cpp/extension.cc [for tool]:
In file included from bazel-out/k8-opt-exec-ST-d57f47055a04/bin/external/protobuf+/src/google/protobuf/compiler/cpp/_virtual_includes/cpp/google/protobuf/compiler/cpp/extension.h:19,
                 from external/protobuf+/src/google/protobuf/compiler/cpp/extension.cc:12:
bazel-out/k8-opt-exec-ST-d57f47055a04/bin/external/protobuf+/src/google/protobuf/compiler/cpp/_virtual_includes/names_internal/google/protobuf/compiler/cpp/helpers.h: In function 'bool google::protobuf::compiler::cpp::IsWeak(const google::protobuf::FieldDescriptor*, const Options&)':
bazel-out/k8-opt-exec-ST-d57f47055a04/bin/external/protobuf+/src/google/protobuf/compiler/cpp/_virtual_includes/names_internal/google/protobuf/compiler/cpp/helpers.h:359:28: warning: 'bool google::protobuf::FieldOptions::weak() const' is deprecated [-Wdeprecated-declarations]
  359 |   if (field->options().weak()) {
      |       ~~~~~~~~~~~~~~~~~~~~~^~
In file included from bazel-out/k8-opt-exec-ST-d57f47055a04/bin/external/protobuf+/src/google/protobuf/compiler/_virtual_includes/code_generator_lite/google/protobuf/compiler/code_generator_lite.h:18,
                 from bazel-out/k8-opt-exec-ST-d57f47055a04/bin/external/protobuf+/src/google/protobuf/compiler/_virtual_includes/code_generator/google/protobuf/compiler/code_generator.h:25,
                 from bazel-out/k8-opt-exec-ST-d57f47055a04/bin/external/protobuf+/src/google/protobuf/compiler/cpp/_virtual_includes/names_internal/google/protobuf/compiler/cpp/helpers.h:30:
bazel-out/k8-opt-exec-ST-d57f47055a04/bin/external/protobuf+/src/google/protobuf/_virtual_includes/protobuf/google/protobuf/descriptor.pb.h:19782:13: note: declared here
19782 | inline bool FieldOptions::weak() const {
      |             ^~~~~~~~~~~~
INFO: From Compiling src/google/protobuf/compiler/rust/message.cc [for tool]:
In file included from external/protobuf+/src/google/protobuf/compiler/rust/message.cc:20:
bazel-out/k8-opt-exec-ST-d57f47055a04/bin/external/protobuf+/src/google/protobuf/compiler/cpp/_virtual_includes/names_internal/google/protobuf/compiler/cpp/helpers.h: In function 'bool google::protobuf::compiler::cpp::IsWeak(const google::protobuf::FieldDescriptor*, const Options&)':
bazel-out/k8-opt-exec-ST-d57f47055a04/bin/external/protobuf+/src/google/protobuf/compiler/cpp/_virtual_includes/names_internal/google/protobuf/compiler/cpp/helpers.h:359:28: warning: 'bool google::protobuf::FieldOptions::weak() const' is deprecated [-Wdeprecated-declarations]
  359 |   if (field->options().weak()) {
      |       ~~~~~~~~~~~~~~~~~~~~~^~
In file included from bazel-out/k8-opt-exec-ST-d57f47055a04/bin/external/protobuf+/src/google/protobuf/compiler/_virtual_includes/code_generator_lite/google/protobuf/compiler/code_generator_lite.h:18,
                 from bazel-out/k8-opt-exec-ST-d57f47055a04/bin/external/protobuf+/src/google/protobuf/compiler/_virtual_includes/code_generator/google/protobuf/compiler/code_generator.h:25,
                 from bazel-out/k8-opt-exec-ST-d57f47055a04/bin/external/protobuf+/src/google/protobuf/compiler/cpp/_virtual_includes/names_internal/google/protobuf/compiler/cpp/helpers.h:30:
bazel-out/k8-opt-exec-ST-d57f47055a04/bin/external/protobuf+/src/google/protobuf/_virtual_includes/protobuf/google/protobuf/descriptor.pb.h:19782:13: note: declared here
19782 | inline bool FieldOptions::weak() const {
      |             ^~~~~~~~~~~~
[2,188 / 2,802] GoStdlib external/rules_go+/stdlib_/pkg; 4s processwrapper-sandbox ... (4 actions, 3 running)
[2,188 / 2,802] GoStdlib external/rules_go+/stdlib_/pkg; 6s processwrapper-sandbox ... (4 actions running)
[2,189 / 2,802] GoStdlib external/rules_go+/stdlib_/pkg; 13s processwrapper-sandbox ... (4 actions, 3 running)
[2,190 / 2,802] GoStdlib external/rules_go+/stdlib_/pkg; 14s processwrapper-sandbox ... (4 actions running)
INFO: From Compiling src/google/protobuf/compiler/cpp/field.cc [for tool]:
In file included from bazel-out/k8-opt-exec-ST-d57f47055a04/bin/external/protobuf+/src/google/protobuf/compiler/cpp/_virtual_includes/cpp/google/protobuf/compiler/cpp/field.h:26,
                 from external/protobuf+/src/google/protobuf/compiler/cpp/field.cc:12:
bazel-out/k8-opt-exec-ST-d57f47055a04/bin/external/protobuf+/src/google/protobuf/compiler/cpp/_virtual_includes/names_internal/google/protobuf/compiler/cpp/helpers.h: In function 'bool google::protobuf::compiler::cpp::IsWeak(const google::protobuf::FieldDescriptor*, const Options&)':
bazel-out/k8-opt-exec-ST-d57f47055a04/bin/external/protobuf+/src/google/protobuf/compiler/cpp/_virtual_includes/names_internal/google/protobuf/compiler/cpp/helpers.h:359:28: warning: 'bool google::protobuf::FieldOptions::weak() const' is deprecated [-Wdeprecated-declarations]
  359 |   if (field->options().weak()) {
      |       ~~~~~~~~~~~~~~~~~~~~~^~
In file included from bazel-out/k8-opt-exec-ST-d57f47055a04/bin/external/protobuf+/src/google/protobuf/compiler/_virtual_includes/code_generator_lite/google/protobuf/compiler/code_generator_lite.h:18,
                 from bazel-out/k8-opt-exec-ST-d57f47055a04/bin/external/protobuf+/src/google/protobuf/compiler/_virtual_includes/code_generator/google/protobuf/compiler/code_generator.h:25,
                 from bazel-out/k8-opt-exec-ST-d57f47055a04/bin/external/protobuf+/src/google/protobuf/compiler/cpp/_virtual_includes/names_internal/google/protobuf/compiler/cpp/helpers.h:30:
bazel-out/k8-opt-exec-ST-d57f47055a04/bin/external/protobuf+/src/google/protobuf/_virtual_includes/protobuf/google/protobuf/descriptor.pb.h:19782:13: note: declared here
19782 | inline bool FieldOptions::weak() const {
      |             ^~~~~~~~~~~~
[2,191 / 2,802] GoStdlib external/rules_go+/stdlib_/pkg; 15s processwrapper-sandbox ... (4 actions running)
[2,192 / 2,802] GoStdlib external/rules_go+/stdlib_/pkg; 24s processwrapper-sandbox ... (4 actions, 3 running)
INFO: From Compiling src/google/protobuf/compiler/cpp/field_chunk.cc [for tool]:
In file included from bazel-out/k8-opt-exec-ST-d57f47055a04/bin/external/protobuf+/src/google/protobuf/compiler/cpp/_virtual_includes/cpp/google/protobuf/compiler/cpp/field_chunk.h:10,
                 from external/protobuf+/src/google/protobuf/compiler/cpp/field_chunk.cc:1:
bazel-out/k8-opt-exec-ST-d57f47055a04/bin/external/protobuf+/src/google/protobuf/compiler/cpp/_virtual_includes/names_internal/google/protobuf/compiler/cpp/helpers.h: In function 'bool google::protobuf::compiler::cpp::IsWeak(const google::protobuf::FieldDescriptor*, const Options&)':
bazel-out/k8-opt-exec-ST-d57f47055a04/bin/external/protobuf+/src/google/protobuf/compiler/cpp/_virtual_includes/names_internal/google/protobuf/compiler/cpp/helpers.h:359:28: warning: 'bool google::protobuf::FieldOptions::weak() const' is deprecated [-Wdeprecated-declarations]
  359 |   if (field->options().weak()) {
      |       ~~~~~~~~~~~~~~~~~~~~~^~
In file included from bazel-out/k8-opt-exec-ST-d57f47055a04/bin/external/protobuf+/src/google/protobuf/compiler/_virtual_includes/code_generator_lite/google/protobuf/compiler/code_generator_lite.h:18,
                 from bazel-out/k8-opt-exec-ST-d57f47055a04/bin/external/protobuf+/src/google/protobuf/compiler/_virtual_includes/code_generator/google/protobuf/compiler/code_generator.h:25,
                 from bazel-out/k8-opt-exec-ST-d57f47055a04/bin/external/protobuf+/src/google/protobuf/compiler/cpp/_virtual_includes/names_internal/google/protobuf/compiler/cpp/helpers.h:30:
bazel-out/k8-opt-exec-ST-d57f47055a04/bin/external/protobuf+/src/google/protobuf/_virtual_includes/protobuf/google/protobuf/descriptor.pb.h:19782:13: note: declared here
19782 | inline bool FieldOptions::weak() const {
      |             ^~~~~~~~~~~~
[2,194 / 2,802] GoStdlib external/rules_go+/stdlib_/pkg; 25s processwrapper-sandbox ... (4 actions running)
[2,195 / 2,802] Compiling src/google/protobuf/compiler/java/lite/enum_field.cc [for tool]; 6s processwrapper-sandbox ... (4 actions, 3 running)
[2,200 / 2,802] Compiling src/google/protobuf/compiler/java/lite/enum_field.cc [for tool]; 7s processwrapper-sandbox ... (4 actions, 3 running)
[2,201 / 2,802] Compiling src/google/protobuf/compiler/cpp/field_generators/cord_field.cc [for tool]; 8s processwrapper-sandbox ... (4 actions, 3 running)
[2,201 / 2,802] Compiling src/google/protobuf/compiler/cpp/field_generators/cord_field.cc [for tool]; 9s processwrapper-sandbox ... (4 actions running)
INFO: From Compiling src/google/protobuf/compiler/cpp/field_generators/cord_field.cc [for tool]:
In file included from bazel-out/k8-opt-exec-ST-d57f47055a04/bin/external/protobuf+/src/google/protobuf/compiler/cpp/_virtual_includes/cpp/google/protobuf/compiler/cpp/field.h:26,
                 from external/protobuf+/src/google/protobuf/compiler/cpp/field_generators/cord_field.cc:23:
bazel-out/k8-opt-exec-ST-d57f47055a04/bin/external/protobuf+/src/google/protobuf/compiler/cpp/_virtual_includes/names_internal/google/protobuf/compiler/cpp/helpers.h: In function 'bool google::protobuf::compiler::cpp::IsWeak(const google::protobuf::FieldDescriptor*, const Options&)':
bazel-out/k8-opt-exec-ST-d57f47055a04/bin/external/protobuf+/src/google/protobuf/compiler/cpp/_virtual_includes/names_internal/google/protobuf/compiler/cpp/helpers.h:359:28: warning: 'bool google::protobuf::FieldOptions::weak() const' is deprecated [-Wdeprecated-declarations]
  359 |   if (field->options().weak()) {
      |       ~~~~~~~~~~~~~~~~~~~~~^~
In file included from bazel-out/k8-opt-exec-ST-d57f47055a04/bin/external/protobuf+/src/google/protobuf/compiler/_virtual_includes/code_generator_lite/google/protobuf/compiler/code_generator_lite.h:18,
                 from bazel-out/k8-opt-exec-ST-d57f47055a04/bin/external/protobuf+/src/google/protobuf/compiler/_virtual_includes/code_generator/google/protobuf/compiler/code_generator.h:25,
                 from bazel-out/k8-opt-exec-ST-d57f47055a04/bin/external/protobuf+/src/google/protobuf/compiler/cpp/_virtual_includes/names_internal/google/protobuf/compiler/cpp/helpers.h:30:
bazel-out/k8-opt-exec-ST-d57f47055a04/bin/external/protobuf+/src/google/protobuf/_virtual_includes/protobuf/google/protobuf/descriptor.pb.h:19782:13: note: declared here
19782 | inline bool FieldOptions::weak() const {
      |             ^~~~~~~~~~~~
[2,202 / 2,802] GoStdlib external/rules_go+/stdlib_/pkg [for tool]; 4s processwrapper-sandbox ... (4 actions running)
[2,203 / 2,802] GoStdlib external/rules_go+/stdlib_/pkg [for tool]; 8s processwrapper-sandbox ... (4 actions, 3 running)
[2,203 / 2,802] GoStdlib external/rules_go+/stdlib_/pkg [for tool]; 9s processwrapper-sandbox ... (4 actions running)
[2,204 / 2,802] GoStdlib external/rules_go+/stdlib_/pkg [for tool]; 12s processwrapper-sandbox ... (4 actions, 3 running)
[2,204 / 2,802] GoStdlib external/rules_go+/stdlib_/pkg [for tool]; 14s processwrapper-sandbox ... (4 actions running)
INFO: From Compiling src/google/protobuf/compiler/cpp/field_generators/enum_field.cc [for tool]:
In file included from bazel-out/k8-opt-exec-ST-d57f47055a04/bin/external/protobuf+/src/google/protobuf/compiler/cpp/_virtual_includes/cpp/google/protobuf/compiler/cpp/field.h:26,
                 from external/protobuf+/src/google/protobuf/compiler/cpp/field_generators/enum_field.cc:20:
bazel-out/k8-opt-exec-ST-d57f47055a04/bin/external/protobuf+/src/google/protobuf/compiler/cpp/_virtual_includes/names_internal/google/protobuf/compiler/cpp/helpers.h: In function 'bool google::protobuf::compiler::cpp::IsWeak(const google::protobuf::FieldDescriptor*, const Options&)':
bazel-out/k8-opt-exec-ST-d57f47055a04/bin/external/protobuf+/src/google/protobuf/compiler/cpp/_virtual_includes/names_internal/google/protobuf/compiler/cpp/helpers.h:359:28: warning: 'bool google::protobuf::FieldOptions::weak() const' is deprecated [-Wdeprecated-declarations]
  359 |   if (field->options().weak()) {
      |       ~~~~~~~~~~~~~~~~~~~~~^~
In file included from bazel-out/k8-opt-exec-ST-d57f47055a04/bin/external/protobuf+/src/google/protobuf/compiler/_virtual_includes/code_generator_lite/google/protobuf/compiler/code_generator_lite.h:18,
                 from bazel-out/k8-opt-exec-ST-d57f47055a04/bin/external/protobuf+/src/google/protobuf/compiler/_virtual_includes/code_generator/google/protobuf/compiler/code_generator.h:25,
                 from bazel-out/k8-opt-exec-ST-d57f47055a04/bin/external/protobuf+/src/google/protobuf/compiler/cpp/_virtual_includes/names_internal/google/protobuf/compiler/cpp/helpers.h:30:
bazel-out/k8-opt-exec-ST-d57f47055a04/bin/external/protobuf+/src/google/protobuf/_virtual_includes/protobuf/google/protobuf/descriptor.pb.h:19782:13: note: declared here
19782 | inline bool FieldOptions::weak() const {
      |             ^~~~~~~~~~~~
[2,205 / 2,802] GoStdlib external/rules_go+/stdlib_/pkg [for tool]; 16s processwrapper-sandbox ... (4 actions running)
[2,206 / 2,802] GoStdlib external/rules_go+/stdlib_/pkg [for tool]; 17s processwrapper-sandbox ... (4 actions, 3 running)
[2,206 / 2,802] GoStdlib external/rules_go+/stdlib_/pkg [for tool]; 19s processwrapper-sandbox ... (4 actions running)
INFO: From Compiling src/google/protobuf/compiler/cpp/field_generators/map_field.cc [for tool]:
In file included from bazel-out/k8-opt-exec-ST-d57f47055a04/bin/external/protobuf+/src/google/protobuf/compiler/cpp/_virtual_includes/cpp/google/protobuf/compiler/cpp/field.h:26,
                 from external/protobuf+/src/google/protobuf/compiler/cpp/field_generators/map_field.cc:19:
bazel-out/k8-opt-exec-ST-d57f47055a04/bin/external/protobuf+/src/google/protobuf/compiler/cpp/_virtual_includes/names_internal/google/protobuf/compiler/cpp/helpers.h: In function 'bool google::protobuf::compiler::cpp::IsWeak(const google::protobuf::FieldDescriptor*, const Options&)':
bazel-out/k8-opt-exec-ST-d57f47055a04/bin/external/protobuf+/src/google/protobuf/compiler/cpp/_virtual_includes/names_internal/google/protobuf/compiler/cpp/helpers.h:359:28: warning: 'bool google::protobuf::FieldOptions::weak() const' is deprecated [-Wdeprecated-declarations]
  359 |   if (field->options().weak()) {
      |       ~~~~~~~~~~~~~~~~~~~~~^~
In file included from bazel-out/k8-opt-exec-ST-d57f47055a04/bin/external/protobuf+/src/google/protobuf/compiler/_virtual_includes/code_generator_lite/google/protobuf/compiler/code_generator_lite.h:18,
                 from bazel-out/k8-opt-exec-ST-d57f47055a04/bin/external/protobuf+/src/google/protobuf/compiler/_virtual_includes/code_generator/google/protobuf/compiler/code_generator.h:25,
                 from bazel-out/k8-opt-exec-ST-d57f47055a04/bin/external/protobuf+/src/google/protobuf/compiler/cpp/_virtual_includes/names_internal/google/protobuf/compiler/cpp/helpers.h:30:
bazel-out/k8-opt-exec-ST-d57f47055a04/bin/external/protobuf+/src/google/protobuf/_virtual_includes/protobuf/google/protobuf/descriptor.pb.h:19782:13: note: declared here
19782 | inline bool FieldOptions::weak() const {
      |             ^~~~~~~~~~~~
[2,207 / 2,802] GoStdlib external/rules_go+/stdlib_/pkg [for tool]; 28s processwrapper-sandbox ... (4 actions, 3 running)
[2,208 / 2,802] GoStdlib external/rules_go+/stdlib_/pkg [for tool]; 29s processwrapper-sandbox ... (4 actions running)
[2,209 / 2,802] Compiling src/google/protobuf/compiler/java/lite/map_field.cc [for tool]; 13s processwrapper-sandbox ... (4 actions, 3 running)
[2,223 / 2,802] Compiling src/google/protobuf/compiler/cpp/field_generators/message_field.cc [for tool]; 3s processwrapper-sandbox ... (4 actions, 3 running)
[2,234 / 2,802] Compiling src/google/protobuf/compiler/cpp/field_generators/message_field.cc [for tool]; 4s processwrapper-sandbox ... (4 actions, 3 running)
[2,238 / 2,802] Compiling src/google/protobuf/compiler/cpp/field_generators/message_field.cc [for tool]; 6s processwrapper-sandbox ... (4 actions running)
[2,239 / 2,802] Compiling src/google/protobuf/compiler/cpp/field_generators/message_field.cc [for tool]; 7s processwrapper-sandbox ... (4 actions, 3 running)
[2,247 / 2,802] Compiling src/google/protobuf/compiler/cpp/field_generators/message_field.cc [for tool]; 8s processwrapper-sandbox ... (4 actions, 3 running)
INFO: From Compiling src/google/protobuf/compiler/cpp/field_generators/message_field.cc [for tool]:
In file included from bazel-out/k8-opt-exec-ST-d57f47055a04/bin/external/protobuf+/src/google/protobuf/compiler/cpp/_virtual_includes/cpp/google/protobuf/compiler/cpp/field.h:26,
                 from external/protobuf+/src/google/protobuf/compiler/cpp/field_generators/message_field.cc:21:
bazel-out/k8-opt-exec-ST-d57f47055a04/bin/external/protobuf+/src/google/protobuf/compiler/cpp/_virtual_includes/names_internal/google/protobuf/compiler/cpp/helpers.h: In function 'bool google::protobuf::compiler::cpp::IsWeak(const google::protobuf::FieldDescriptor*, const Options&)':
bazel-out/k8-opt-exec-ST-d57f47055a04/bin/external/protobuf+/src/google/protobuf/compiler/cpp/_virtual_includes/names_internal/google/protobuf/compiler/cpp/helpers.h:359:28: warning: 'bool google::protobuf::FieldOptions::weak() const' is deprecated [-Wdeprecated-declarations]
  359 |   if (field->options().weak()) {
      |       ~~~~~~~~~~~~~~~~~~~~~^~
In file included from bazel-out/k8-opt-exec-ST-d57f47055a04/bin/external/protobuf+/src/google/protobuf/compiler/_virtual_includes/code_generator_lite/google/protobuf/compiler/code_generator_lite.h:18,
                 from bazel-out/k8-opt-exec-ST-d57f47055a04/bin/external/protobuf+/src/google/protobuf/compiler/_virtual_includes/code_generator/google/protobuf/compiler/code_generator.h:25,
                 from bazel-out/k8-opt-exec-ST-d57f47055a04/bin/external/protobuf+/src/google/protobuf/compiler/cpp/_virtual_includes/names_internal/google/protobuf/compiler/cpp/helpers.h:30:
bazel-out/k8-opt-exec-ST-d57f47055a04/bin/external/protobuf+/src/google/protobuf/_virtual_includes/protobuf/google/protobuf/descriptor.pb.h:19782:13: note: declared here
19782 | inline bool FieldOptions::weak() const {
      |             ^~~~~~~~~~~~
[2,254 / 2,802] Compiling src/google/protobuf/compiler/java/lite/message_field.cc [for tool]; 6s processwrapper-sandbox ... (4 actions, 3 running)
[2,271 / 2,802] Compiling src/google/protobuf/compiler/cpp/field_generators/primitive_field.cc [for tool]; 1s processwrapper-sandbox ... (4 actions, 3 running)
[2,287 / 2,802] Compiling src/google/protobuf/compiler/cpp/field_generators/primitive_field.cc [for tool]; 2s processwrapper-sandbox ... (4 actions, 3 running)
[2,298 / 2,802] Compiling src/google/protobuf/compiler/cpp/field_generators/primitive_field.cc [for tool]; 3s processwrapper-sandbox ... (4 actions running)
[2,305 / 2,802] Compiling src/google/protobuf/compiler/cpp/field_generators/primitive_field.cc [for tool]; 5s processwrapper-sandbox ... (4 actions, 3 running)
[2,307 / 2,802] Compiling src/google/protobuf/compiler/cpp/field_generators/primitive_field.cc [for tool]; 6s processwrapper-sandbox ... (4 actions running)
INFO: From Compiling src/google/protobuf/compiler/cpp/field_generators/primitive_field.cc [for tool]:
In file included from bazel-out/k8-opt-exec-ST-d57f47055a04/bin/external/protobuf+/src/google/protobuf/compiler/cpp/_virtual_includes/cpp/google/protobuf/compiler/cpp/field.h:26,
                 from external/protobuf+/src/google/protobuf/compiler/cpp/field_generators/primitive_field.cc:22:
bazel-out/k8-opt-exec-ST-d57f47055a04/bin/external/protobuf+/src/google/protobuf/compiler/cpp/_virtual_includes/names_internal/google/protobuf/compiler/cpp/helpers.h: In function 'bool google::protobuf::compiler::cpp::IsWeak(const google::protobuf::FieldDescriptor*, const Options&)':
bazel-out/k8-opt-exec-ST-d57f47055a04/bin/external/protobuf+/src/google/protobuf/compiler/cpp/_virtual_includes/names_internal/google/protobuf/compiler/cpp/helpers.h:359:28: warning: 'bool google::protobuf::FieldOptions::weak() const' is deprecated [-Wdeprecated-declarations]
  359 |   if (field->options().weak()) {
      |       ~~~~~~~~~~~~~~~~~~~~~^~
In file included from bazel-out/k8-opt-exec-ST-d57f47055a04/bin/external/protobuf+/src/google/protobuf/compiler/_virtual_includes/code_generator_lite/google/protobuf/compiler/code_generator_lite.h:18,
                 from bazel-out/k8-opt-exec-ST-d57f47055a04/bin/external/protobuf+/src/google/protobuf/compiler/_virtual_includes/code_generator/google/protobuf/compiler/code_generator.h:25,
                 from bazel-out/k8-opt-exec-ST-d57f47055a04/bin/external/protobuf+/src/google/protobuf/compiler/cpp/_virtual_includes/names_internal/google/protobuf/compiler/cpp/helpers.h:30:
bazel-out/k8-opt-exec-ST-d57f47055a04/bin/external/protobuf+/src/google/protobuf/_virtual_includes/protobuf/google/protobuf/descriptor.pb.h:19782:13: note: declared here
19782 | inline bool FieldOptions::weak() const {
      |             ^~~~~~~~~~~~
[2,316 / 2,802] Compiling src/google/protobuf/compiler/java/lite/primitive_field.cc [for tool]; 6s processwrapper-sandbox ... (4 actions, 3 running)
[2,329 / 2,802] Compiling src/google/protobuf/compiler/cpp/field_generators/string_field.cc [for tool]; 1s processwrapper-sandbox ... (4 actions, 3 running)
[2,340 / 2,802] Compiling src/google/protobuf/compiler/cpp/field_generators/string_field.cc [for tool]; 2s processwrapper-sandbox ... (4 actions, 3 running)
[2,351 / 2,802] Compiling src/google/protobuf/compiler/cpp/field_generators/string_field.cc [for tool]; 4s processwrapper-sandbox ... (4 actions running)
[2,364 / 2,802] Compiling src/google/protobuf/compiler/cpp/field_generators/string_field.cc [for tool]; 5s processwrapper-sandbox ... (4 actions, 3 running)
[2,368 / 2,802] Compiling src/google/protobuf/compiler/cpp/field_generators/string_field.cc [for tool]; 6s processwrapper-sandbox ... (4 actions, 3 running)
INFO: From Compiling src/google/protobuf/compiler/cpp/field_generators/string_field.cc [for tool]:
In file included from bazel-out/k8-opt-exec-ST-d57f47055a04/bin/external/protobuf+/src/google/protobuf/compiler/cpp/_virtual_includes/cpp/google/protobuf/compiler/cpp/field.h:26,
                 from external/protobuf+/src/google/protobuf/compiler/cpp/field_generators/string_field.cc:20:
bazel-out/k8-opt-exec-ST-d57f47055a04/bin/external/protobuf+/src/google/protobuf/compiler/cpp/_virtual_includes/names_internal/google/protobuf/compiler/cpp/helpers.h: In function 'bool google::protobuf::compiler::cpp::IsWeak(const google::protobuf::FieldDescriptor*, const Options&)':
bazel-out/k8-opt-exec-ST-d57f47055a04/bin/external/protobuf+/src/google/protobuf/compiler/cpp/_virtual_includes/names_internal/google/protobuf/compiler/cpp/helpers.h:359:28: warning: 'bool google::protobuf::FieldOptions::weak() const' is deprecated [-Wdeprecated-declarations]
  359 |   if (field->options().weak()) {
      |       ~~~~~~~~~~~~~~~~~~~~~^~
In file included from bazel-out/k8-opt-exec-ST-d57f47055a04/bin/external/protobuf+/src/google/protobuf/compiler/_virtual_includes/code_generator_lite/google/protobuf/compiler/code_generator_lite.h:18,
                 from bazel-out/k8-opt-exec-ST-d57f47055a04/bin/external/protobuf+/src/google/protobuf/compiler/_virtual_includes/code_generator/google/protobuf/compiler/code_generator.h:25,
                 from bazel-out/k8-opt-exec-ST-d57f47055a04/bin/external/protobuf+/src/google/protobuf/compiler/cpp/_virtual_includes/names_internal/google/protobuf/compiler/cpp/helpers.h:30:
bazel-out/k8-opt-exec-ST-d57f47055a04/bin/external/protobuf+/src/google/protobuf/_virtual_includes/protobuf/google/protobuf/descriptor.pb.h:19782:13: note: declared here
19782 | inline bool FieldOptions::weak() const {
      |             ^~~~~~~~~~~~
[2,385 / 2,802] Compiling src/google/protobuf/compiler/java/lite/string_field.cc [for tool]; 6s processwrapper-sandbox ... (4 actions, 3 running)
[2,405 / 2,802] Compiling src/google/protobuf/compiler/python/generator.cc [for tool]; 5s processwrapper-sandbox ... (4 actions, 3 running)
[2,408 / 2,802] Compiling src/google/protobuf/compiler/python/generator.cc [for tool]; 6s processwrapper-sandbox ... (4 actions, 3 running)
[2,411 / 2,802] Compiling src/google/protobuf/compiler/python/generator.cc [for tool]; 7s processwrapper-sandbox ... (4 actions, 3 running)
[2,412 / 2,802] Compiling src/google/protobuf/compiler/python/generator.cc [for tool]; 9s processwrapper-sandbox ... (4 actions running)
[2,413 / 2,802] Compiling src/google/protobuf/compiler/cpp/field_generators/string_view_field.cc [for tool]; 6s processwrapper-sandbox ... (4 actions, 3 running)
INFO: From Compiling src/google/protobuf/compiler/cpp/field_generators/string_view_field.cc [for tool]:
In file included from bazel-out/k8-opt-exec-ST-d57f47055a04/bin/external/protobuf+/src/google/protobuf/compiler/cpp/_virtual_includes/cpp/google/protobuf/compiler/cpp/field.h:26,
                 from external/protobuf+/src/google/protobuf/compiler/cpp/field_generators/string_view_field.cc:19:
bazel-out/k8-opt-exec-ST-d57f47055a04/bin/external/protobuf+/src/google/protobuf/compiler/cpp/_virtual_includes/names_internal/google/protobuf/compiler/cpp/helpers.h: In function 'bool google::protobuf::compiler::cpp::IsWeak(const google::protobuf::FieldDescriptor*, const Options&)':
bazel-out/k8-opt-exec-ST-d57f47055a04/bin/external/protobuf+/src/google/protobuf/compiler/cpp/_virtual_includes/names_internal/google/protobuf/compiler/cpp/helpers.h:359:28: warning: 'bool google::protobuf::FieldOptions::weak() const' is deprecated [-Wdeprecated-declarations]
  359 |   if (field->options().weak()) {
      |       ~~~~~~~~~~~~~~~~~~~~~^~
In file included from bazel-out/k8-opt-exec-ST-d57f47055a04/bin/external/protobuf+/src/google/protobuf/compiler/_virtual_includes/code_generator_lite/google/protobuf/compiler/code_generator_lite.h:18,
                 from bazel-out/k8-opt-exec-ST-d57f47055a04/bin/external/protobuf+/src/google/protobuf/compiler/_virtual_includes/code_generator/google/protobuf/compiler/code_generator.h:25,
                 from bazel-out/k8-opt-exec-ST-d57f47055a04/bin/external/protobuf+/src/google/protobuf/compiler/cpp/_virtual_includes/names_internal/google/protobuf/compiler/cpp/helpers.h:30:
bazel-out/k8-opt-exec-ST-d57f47055a04/bin/external/protobuf+/src/google/protobuf/_virtual_includes/protobuf/google/protobuf/descriptor.pb.h:19782:13: note: declared here
19782 | inline bool FieldOptions::weak() const {
      |             ^~~~~~~~~~~~
[2,416 / 2,802] Compiling src/google/protobuf/compiler/python/helpers.cc [for tool]; 1s processwrapper-sandbox ... (4 actions, 3 running)
[2,416 / 2,802] Compiling src/google/protobuf/compiler/python/helpers.cc [for tool]; 2s processwrapper-sandbox ... (4 actions running)
[2,418 / 2,802] Compiling src/google/protobuf/compiler/cpp/file.cc [for tool]; 3s processwrapper-sandbox ... (4 actions, 3 running)
[2,418 / 2,802] Compiling src/google/protobuf/compiler/cpp/file.cc [for tool]; 5s processwrapper-sandbox ... (4 actions running)
[2,419 / 2,802] Compiling src/google/protobuf/compiler/cpp/file.cc [for tool]; 7s processwrapper-sandbox ... (4 actions running)
[2,420 / 2,802] Compiling src/google/protobuf/compiler/cpp/file.cc [for tool]; 9s processwrapper-sandbox ... (4 actions, 3 running)
[2,420 / 2,802] Compiling src/google/protobuf/compiler/cpp/file.cc [for tool]; 10s processwrapper-sandbox ... (4 actions running)
[2,421 / 2,802] Compiling src/google/protobuf/compiler/cpp/file.cc [for tool]; 11s processwrapper-sandbox ... (4 actions running)
[2,422 / 2,802] Compiling src/google/protobuf/compiler/cpp/file.cc [for tool]; 13s processwrapper-sandbox ... (4 actions running)
INFO: From Compiling src/google/protobuf/compiler/cpp/file.cc [for tool]:
In file included from bazel-out/k8-opt-exec-ST-d57f47055a04/bin/external/protobuf+/src/google/protobuf/compiler/cpp/_virtual_includes/cpp/google/protobuf/compiler/cpp/extension.h:19,
                 from bazel-out/k8-opt-exec-ST-d57f47055a04/bin/external/protobuf+/src/google/protobuf/compiler/cpp/_virtual_includes/cpp/google/protobuf/compiler/cpp/file.h:26,
                 from external/protobuf+/src/google/protobuf/compiler/cpp/file.cc:12:
bazel-out/k8-opt-exec-ST-d57f47055a04/bin/external/protobuf+/src/google/protobuf/compiler/cpp/_virtual_includes/names_internal/google/protobuf/compiler/cpp/helpers.h: In function 'bool google::protobuf::compiler::cpp::IsWeak(const google::protobuf::FieldDescriptor*, const Options&)':
bazel-out/k8-opt-exec-ST-d57f47055a04/bin/external/protobuf+/src/google/protobuf/compiler/cpp/_virtual_includes/names_internal/google/protobuf/compiler/cpp/helpers.h:359:28: warning: 'bool google::protobuf::FieldOptions::weak() const' is deprecated [-Wdeprecated-declarations]
  359 |   if (field->options().weak()) {
      |       ~~~~~~~~~~~~~~~~~~~~~^~
In file included from bazel-out/k8-opt-exec-ST-d57f47055a04/bin/external/protobuf+/src/google/protobuf/compiler/_virtual_includes/code_generator_lite/google/protobuf/compiler/code_generator_lite.h:18,
                 from bazel-out/k8-opt-exec-ST-d57f47055a04/bin/external/protobuf+/src/google/protobuf/compiler/_virtual_includes/code_generator/google/protobuf/compiler/code_generator.h:25,
                 from bazel-out/k8-opt-exec-ST-d57f47055a04/bin/external/protobuf+/src/google/protobuf/compiler/cpp/_virtual_includes/names_internal/google/protobuf/compiler/cpp/helpers.h:30:
bazel-out/k8-opt-exec-ST-d57f47055a04/bin/external/protobuf+/src/google/protobuf/_virtual_includes/protobuf/google/protobuf/descriptor.pb.h:19782:13: note: declared here
19782 | inline bool FieldOptions::weak() const {
      |             ^~~~~~~~~~~~
[2,424 / 2,802] Compiling src/google/protobuf/compiler/java/full/message_builder.cc [for tool]; 4s processwrapper-sandbox ... (4 actions running)
[2,425 / 2,802] Compiling src/google/protobuf/compiler/java/field_common.cc [for tool]; 6s processwrapper-sandbox ... (4 actions, 3 running)
[2,427 / 2,802] Compiling src/google/protobuf/compiler/cpp/generator.cc [for tool]; 5s processwrapper-sandbox ... (4 actions, 3 running)
[2,427 / 2,802] Compiling src/google/protobuf/compiler/cpp/generator.cc [for tool]; 6s processwrapper-sandbox ... (4 actions running)
INFO: From Compiling src/google/protobuf/compiler/cpp/generator.cc [for tool]:
In file included from bazel-out/k8-opt-exec-ST-d57f47055a04/bin/external/protobuf+/src/google/protobuf/compiler/cpp/_virtual_includes/cpp/google/protobuf/compiler/cpp/extension.h:19,
                 from bazel-out/k8-opt-exec-ST-d57f47055a04/bin/external/protobuf+/src/google/protobuf/compiler/cpp/_virtual_includes/cpp/google/protobuf/compiler/cpp/file.h:26,
                 from external/protobuf+/src/google/protobuf/compiler/cpp/generator.cc:31:
bazel-out/k8-opt-exec-ST-d57f47055a04/bin/external/protobuf+/src/google/protobuf/compiler/cpp/_virtual_includes/names_internal/google/protobuf/compiler/cpp/helpers.h: In function 'bool google::protobuf::compiler::cpp::IsWeak(const google::protobuf::FieldDescriptor*, const Options&)':
bazel-out/k8-opt-exec-ST-d57f47055a04/bin/external/protobuf+/src/google/protobuf/compiler/cpp/_virtual_includes/names_internal/google/protobuf/compiler/cpp/helpers.h:359:28: warning: 'bool google::protobuf::FieldOptions::weak() const' is deprecated [-Wdeprecated-declarations]
  359 |   if (field->options().weak()) {
      |       ~~~~~~~~~~~~~~~~~~~~~^~
In file included from bazel-out/k8-opt-exec-ST-d57f47055a04/bin/external/protobuf+/src/google/protobuf/compiler/_virtual_includes/code_generator_lite/google/protobuf/compiler/code_generator_lite.h:18,
                 from bazel-out/k8-opt-exec-ST-d57f47055a04/bin/external/protobuf+/src/google/protobuf/compiler/_virtual_includes/code_generator/google/protobuf/compiler/code_generator.h:25,
                 from bazel-out/k8-opt-exec-ST-d57f47055a04/bin/external/protobuf+/src/google/protobuf/compiler/cpp/_virtual_includes/cpp/google/protobuf/compiler/cpp/generator.h:24,
                 from external/protobuf+/src/google/protobuf/compiler/cpp/generator.cc:12:
bazel-out/k8-opt-exec-ST-d57f47055a04/bin/external/protobuf+/src/google/protobuf/_virtual_includes/protobuf/google/protobuf/descriptor.pb.h:19782:13: note: declared here
19782 | inline bool FieldOptions::weak() const {
      |             ^~~~~~~~~~~~
[2,428 / 2,802] Compiling src/google/protobuf/compiler/main.cc [for tool]; 3s processwrapper-sandbox ... (4 actions running)
[2,430 / 2,802] Compiling src/google/protobuf/compiler/java/lite/message_builder.cc [for tool]; 5s processwrapper-sandbox ... (4 actions, 3 running)
[2,431 / 2,802] Compiling src/google/protobuf/compiler/java/lite/message.cc [for tool]; 5s processwrapper-sandbox ... (4 actions running)
[2,432 / 2,802] Compiling src/google/protobuf/compiler/kotlin/generator.cc [for tool]; 4s processwrapper-sandbox ... (4 actions, 3 running)
[2,434 / 2,802] Compiling src/google/protobuf/compiler/cpp/message.cc [for tool]; 4s processwrapper-sandbox ... (4 actions, 3 running)
[2,434 / 2,802] Compiling src/google/protobuf/compiler/cpp/message.cc [for tool]; 5s processwrapper-sandbox ... (4 actions running)
[2,435 / 2,802] Compiling src/google/protobuf/compiler/cpp/message.cc [for tool]; 7s processwrapper-sandbox ... (4 actions, 3 running)
[2,435 / 2,802] Compiling src/google/protobuf/compiler/cpp/message.cc [for tool]; 8s processwrapper-sandbox ... (4 actions running)
[2,436 / 2,802] Compiling src/google/protobuf/compiler/cpp/message.cc [for tool]; 9s processwrapper-sandbox ... (4 actions, 3 running)
[2,437 / 2,802] Compiling src/google/protobuf/compiler/cpp/message.cc [for tool]; 10s processwrapper-sandbox ... (4 actions, 3 running)
[2,438 / 2,802] Compiling src/google/protobuf/compiler/cpp/message.cc [for tool]; 12s processwrapper-sandbox ... (4 actions, 3 running)
[2,438 / 2,802] Compiling src/google/protobuf/compiler/cpp/message.cc [for tool]; 13s processwrapper-sandbox ... (4 actions running)
[2,439 / 2,802] Compiling src/google/protobuf/compiler/cpp/message.cc [for tool]; 14s processwrapper-sandbox ... (4 actions, 3 running)
[2,440 / 2,802] Compiling src/google/protobuf/compiler/cpp/message.cc [for tool]; 15s processwrapper-sandbox ... (4 actions, 3 running)
[2,440 / 2,802] Compiling src/google/protobuf/compiler/cpp/message.cc [for tool]; 17s processwrapper-sandbox ... (4 actions running)
[2,441 / 2,802] Compiling src/google/protobuf/compiler/cpp/message.cc [for tool]; 18s processwrapper-sandbox ... (4 actions, 3 running)
[2,442 / 2,802] Compiling src/google/protobuf/compiler/cpp/message.cc [for tool]; 20s processwrapper-sandbox ... (4 actions running)
INFO: From Compiling src/google/protobuf/compiler/cpp/message.cc [for tool]:
In file included from bazel-out/k8-opt-exec-ST-d57f47055a04/bin/external/protobuf+/src/google/protobuf/compiler/cpp/_virtual_includes/cpp/google/protobuf/compiler/cpp/extension.h:19,
                 from bazel-out/k8-opt-exec-ST-d57f47055a04/bin/external/protobuf+/src/google/protobuf/compiler/cpp/_virtual_includes/cpp/google/protobuf/compiler/cpp/message.h:25,
                 from external/protobuf+/src/google/protobuf/compiler/cpp/message.cc:12:
bazel-out/k8-opt-exec-ST-d57f47055a04/bin/external/protobuf+/src/google/protobuf/compiler/cpp/_virtual_includes/names_internal/google/protobuf/compiler/cpp/helpers.h: In function 'bool google::protobuf::compiler::cpp::IsWeak(const google::protobuf::FieldDescriptor*, const Options&)':
bazel-out/k8-opt-exec-ST-d57f47055a04/bin/external/protobuf+/src/google/protobuf/compiler/cpp/_virtual_includes/names_internal/google/protobuf/compiler/cpp/helpers.h:359:28: warning: 'bool google::protobuf::FieldOptions::weak() const' is deprecated [-Wdeprecated-declarations]
  359 |   if (field->options().weak()) {
      |       ~~~~~~~~~~~~~~~~~~~~~^~
In file included from bazel-out/k8-opt-exec-ST-d57f47055a04/bin/external/protobuf+/src/google/protobuf/compiler/_virtual_includes/code_generator_lite/google/protobuf/compiler/code_generator_lite.h:18,
                 from bazel-out/k8-opt-exec-ST-d57f47055a04/bin/external/protobuf+/src/google/protobuf/compiler/_virtual_includes/code_generator/google/protobuf/compiler/code_generator.h:25,
                 from bazel-out/k8-opt-exec-ST-d57f47055a04/bin/external/protobuf+/src/google/protobuf/compiler/cpp/_virtual_includes/names_internal/google/protobuf/compiler/cpp/helpers.h:30:
bazel-out/k8-opt-exec-ST-d57f47055a04/bin/external/protobuf+/src/google/protobuf/_virtual_includes/protobuf/google/protobuf/descriptor.pb.h:19782:13: note: declared here
19782 | inline bool FieldOptions::weak() const {
      |             ^~~~~~~~~~~~
external/protobuf+/src/google/protobuf/compiler/cpp/message.cc: In function 'void google::protobuf::compiler::cpp::{anonymous}::PrintPresenceCheck(const google::protobuf::FieldDescriptor*, const std::vector<int>&, google::protobuf::io::Printer*, int*, const google::protobuf::compiler::cpp::Options&)':
external/protobuf+/src/google/protobuf/compiler/cpp/message.cc:172:29: warning: 'bool google::protobuf::FieldOptions::weak() const' is deprecated [-Wdeprecated-declarations]
  172 |   if (!field->options().weak()) {
      |        ~~~~~~~~~~~~~~~~~~~~~^~
bazel-out/k8-opt-exec-ST-d57f47055a04/bin/external/protobuf+/src/google/protobuf/_virtual_includes/protobuf/google/protobuf/descriptor.pb.h:19782:13: note: declared here
19782 | inline bool FieldOptions::weak() const {
      |             ^~~~~~~~~~~~
external/protobuf+/src/google/protobuf/compiler/cpp/message.cc: In member function 'void google::protobuf::compiler::cpp::MessageGenerator::GenerateFieldAccessorDeclarations(google::protobuf::io::Printer*)':
external/protobuf+/src/google/protobuf/compiler/cpp/message.cc:757:66: warning: 'bool google::protobuf::FieldOptions::weak() const' is deprecated [-Wdeprecated-declarations]
  757 |     if (!field->real_containing_oneof() && !field->options().weak()) {
      |                                             ~~~~~~~~~~~~~~~~~~~~~^~
bazel-out/k8-opt-exec-ST-d57f47055a04/bin/external/protobuf+/src/google/protobuf/_virtual_includes/protobuf/google/protobuf/descriptor.pb.h:19782:13: note: declared here
19782 | inline bool FieldOptions::weak() const {
      |             ^~~~~~~~~~~~
external/protobuf+/src/google/protobuf/compiler/cpp/message.cc: In member function 'void google::protobuf::compiler::cpp::MessageGenerator::GenerateSingularFieldHasBits(const google::protobuf::FieldDescriptor*, google::protobuf::io::Printer*)':
external/protobuf+/src/google/protobuf/compiler/cpp/message.cc:1129:28: warning: 'bool google::protobuf::FieldOptions::weak() const' is deprecated [-Wdeprecated-declarations]
 1129 |   if (field->options().weak()) {
      |       ~~~~~~~~~~~~~~~~~~~~~^~
bazel-out/k8-opt-exec-ST-d57f47055a04/bin/external/protobuf+/src/google/protobuf/_virtual_includes/protobuf/google/protobuf/descriptor.pb.h:19782:13: note: declared here
19782 | inline bool FieldOptions::weak() const {
      |             ^~~~~~~~~~~~
external/protobuf+/src/google/protobuf/compiler/cpp/message.cc: In member function 'void google::protobuf::compiler::cpp::MessageGenerator::EmitCheckAndUpdateByteSizeForField(const google::protobuf::FieldDescriptor*, google::protobuf::io::Printer*) const':
external/protobuf+/src/google/protobuf/compiler/cpp/message.cc:1344:28: warning: 'bool google::protobuf::FieldOptions::weak() const' is deprecated [-Wdeprecated-declarations]
 1344 |   if (field->options().weak()) {
      |       ~~~~~~~~~~~~~~~~~~~~~^~
bazel-out/k8-opt-exec-ST-d57f47055a04/bin/external/protobuf+/src/google/protobuf/_virtual_includes/protobuf/google/protobuf/descriptor.pb.h:19782:13: note: declared here
19782 | inline bool FieldOptions::weak() const {
      |             ^~~~~~~~~~~~
external/protobuf+/src/google/protobuf/compiler/cpp/message.cc: In member function 'void google::protobuf::compiler::cpp::MessageGenerator::MaybeEmitUpdateCachedHasbits(const google::protobuf::FieldDescriptor*, google::protobuf::io::Printer*, int&) const':
external/protobuf+/src/google/protobuf/compiler/cpp/message.cc:1377:59: warning: 'bool google::protobuf::FieldOptions::weak() const' is deprecated [-Wdeprecated-declarations]
 1377 |   if (!HasHasbit(field, options_) || field->options().weak()) return;
      |                                      ~~~~~~~~~~~~~~~~~~~~~^~
bazel-out/k8-opt-exec-ST-d57f47055a04/bin/external/protobuf+/src/google/protobuf/_virtual_includes/protobuf/google/protobuf/descriptor.pb.h:19782:13: note: declared here
19782 | inline bool FieldOptions::weak() const {
      |             ^~~~~~~~~~~~
external/protobuf+/src/google/protobuf/compiler/cpp/message.cc: In lambda function:
external/protobuf+/src/google/protobuf/compiler/cpp/message.cc:2114:64: warning: 'bool google::protobuf::FieldOptions::weak() const' is deprecated [-Wdeprecated-declarations]
 2114 |             if (!field->is_repeated() && !field->options().weak() &&
      |                                           ~~~~~~~~~~~~~~~~~~~~~^~
bazel-out/k8-opt-exec-ST-d57f47055a04/bin/external/protobuf+/src/google/protobuf/_virtual_includes/protobuf/google/protobuf/descriptor.pb.h:19782:13: note: declared here
19782 | inline bool FieldOptions::weak() const {
      |             ^~~~~~~~~~~~
external/protobuf+/src/google/protobuf/compiler/cpp/message.cc: In member function 'size_t google::protobuf::compiler::cpp::MessageGenerator::GenerateOffsets(google::protobuf::io::Printer*)':
external/protobuf+/src/google/protobuf/compiler/cpp/message.cc:2595:30: warning: 'bool google::protobuf::FieldOptions::weak() const' is deprecated [-Wdeprecated-declarations]
 2595 |     if (field->options().weak()) {
      |         ~~~~~~~~~~~~~~~~~~~~~^~
bazel-out/k8-opt-exec-ST-d57f47055a04/bin/external/protobuf+/src/google/protobuf/_virtual_includes/protobuf/google/protobuf/descriptor.pb.h:19782:13: note: declared here
19782 | inline bool FieldOptions::weak() const {
      |             ^~~~~~~~~~~~
external/protobuf+/src/google/protobuf/compiler/cpp/message.cc: In lambda function:
external/protobuf+/src/google/protobuf/compiler/cpp/message.cc:4188:39: warning: 'bool google::protobuf::FieldOptions::weak() const' is deprecated [-Wdeprecated-declarations]
 4188 |       } else if (field->options().weak() ||
      |                  ~~~~~~~~~~~~~~~~~~~~~^~
bazel-out/k8-opt-exec-ST-d57f47055a04/bin/external/protobuf+/src/google/protobuf/_virtual_includes/protobuf/google/protobuf/descriptor.pb.h:19782:13: note: declared here
19782 | inline bool FieldOptions::weak() const {
      |             ^~~~~~~~~~~~
external/protobuf+/src/google/protobuf/compiler/cpp/message.cc: In member function 'void google::protobuf::compiler::cpp::MessageGenerator::GenerateSerializeOneField(google::protobuf::io::Printer*, const google::protobuf::FieldDescriptor*, int)':
external/protobuf+/src/google/protobuf/compiler/cpp/message.cc:4528:28: warning: 'bool google::protobuf::FieldOptions::weak() const' is deprecated [-Wdeprecated-declarations]
 4528 |   if (field->options().weak()) {
      |       ~~~~~~~~~~~~~~~~~~~~~^~
bazel-out/k8-opt-exec-ST-d57f47055a04/bin/external/protobuf+/src/google/protobuf/_virtual_includes/protobuf/google/protobuf/descriptor.pb.h:19782:13: note: declared here
19782 | inline bool FieldOptions::weak() const {
      |             ^~~~~~~~~~~~
external/protobuf+/src/google/protobuf/compiler/cpp/message.cc: In lambda function:
external/protobuf+/src/google/protobuf/compiler/cpp/message.cc:4834:43: warning: 'bool google::protobuf::FieldOptions::weak() const' is deprecated [-Wdeprecated-declarations]
 4834 |                  if (field->options().weak()) {
      |                      ~~~~~~~~~~~~~~~~~~~~~^~
bazel-out/k8-opt-exec-ST-d57f47055a04/bin/external/protobuf+/src/google/protobuf/_virtual_includes/protobuf/google/protobuf/descriptor.pb.h:19782:13: note: declared here
19782 | inline bool FieldOptions::weak() const {
      |             ^~~~~~~~~~~~
[2,443 / 2,802] Compiling src/google/protobuf/compiler/kotlin/message.cc [for tool]; 5s processwrapper-sandbox ... (4 actions running)
[2,444 / 2,802] Compiling src/google/protobuf/compiler/cpp/tracker.cc [for tool]; 4s processwrapper-sandbox ... (4 actions, 3 running)
INFO: From Compiling src/google/protobuf/compiler/cpp/tracker.cc [for tool]:
In file included from external/protobuf+/src/google/protobuf/compiler/cpp/tracker.cc:20:
bazel-out/k8-opt-exec-ST-d57f47055a04/bin/external/protobuf+/src/google/protobuf/compiler/cpp/_virtual_includes/names_internal/google/protobuf/compiler/cpp/helpers.h: In function 'bool google::protobuf::compiler::cpp::IsWeak(const google::protobuf::FieldDescriptor*, const Options&)':
bazel-out/k8-opt-exec-ST-d57f47055a04/bin/external/protobuf+/src/google/protobuf/compiler/cpp/_virtual_includes/names_internal/google/protobuf/compiler/cpp/helpers.h:359:28: warning: 'bool google::protobuf::FieldOptions::weak() const' is deprecated [-Wdeprecated-declarations]
  359 |   if (field->options().weak()) {
      |       ~~~~~~~~~~~~~~~~~~~~~^~
In file included from bazel-out/k8-opt-exec-ST-d57f47055a04/bin/external/protobuf+/src/google/protobuf/compiler/_virtual_includes/code_generator_lite/google/protobuf/compiler/code_generator_lite.h:18,
                 from bazel-out/k8-opt-exec-ST-d57f47055a04/bin/external/protobuf+/src/google/protobuf/compiler/_virtual_includes/code_generator/google/protobuf/compiler/code_generator.h:25,
                 from bazel-out/k8-opt-exec-ST-d57f47055a04/bin/external/protobuf+/src/google/protobuf/compiler/cpp/_virtual_includes/names_internal/google/protobuf/compiler/cpp/helpers.h:30:
bazel-out/k8-opt-exec-ST-d57f47055a04/bin/external/protobuf+/src/google/protobuf/_virtual_includes/protobuf/google/protobuf/descriptor.pb.h:19782:13: note: declared here
19782 | inline bool FieldOptions::weak() const {
      |             ^~~~~~~~~~~~
[2,445 / 2,802] Compiling src/google/protobuf/compiler/cpp/service.cc [for tool]; 4s processwrapper-sandbox ... (4 actions, 3 running)
INFO: From Compiling src/google/protobuf/compiler/cpp/service.cc [for tool]:
In file included from external/protobuf+/src/google/protobuf/compiler/cpp/service.cc:17:
bazel-out/k8-opt-exec-ST-d57f47055a04/bin/external/protobuf+/src/google/protobuf/compiler/cpp/_virtual_includes/names_internal/google/protobuf/compiler/cpp/helpers.h: In function 'bool google::protobuf::compiler::cpp::IsWeak(const google::protobuf::FieldDescriptor*, const Options&)':
bazel-out/k8-opt-exec-ST-d57f47055a04/bin/external/protobuf+/src/google/protobuf/compiler/cpp/_virtual_includes/names_internal/google/protobuf/compiler/cpp/helpers.h:359:28: warning: 'bool google::protobuf::FieldOptions::weak() const' is deprecated [-Wdeprecated-declarations]
  359 |   if (field->options().weak()) {
      |       ~~~~~~~~~~~~~~~~~~~~~^~
In file included from bazel-out/k8-opt-exec-ST-d57f47055a04/bin/external/protobuf+/src/google/protobuf/compiler/_virtual_includes/code_generator_lite/google/protobuf/compiler/code_generator_lite.h:18,
                 from bazel-out/k8-opt-exec-ST-d57f47055a04/bin/external/protobuf+/src/google/protobuf/compiler/_virtual_includes/code_generator/google/protobuf/compiler/code_generator.h:25,
                 from bazel-out/k8-opt-exec-ST-d57f47055a04/bin/external/protobuf+/src/google/protobuf/compiler/cpp/_virtual_includes/names_internal/google/protobuf/compiler/cpp/helpers.h:30:
bazel-out/k8-opt-exec-ST-d57f47055a04/bin/external/protobuf+/src/google/protobuf/_virtual_includes/protobuf/google/protobuf/descriptor.pb.h:19782:13: note: declared here
19782 | inline bool FieldOptions::weak() const {
      |             ^~~~~~~~~~~~
[2,446 / 2,802] Compiling src/google/protobuf/compiler/cpp/message_layout_helper.cc [for tool]; 4s processwrapper-sandbox ... (3 actions running)
INFO: From Compiling src/google/protobuf/compiler/cpp/message_layout_helper.cc [for tool]:
In file included from bazel-out/k8-opt-exec-ST-d57f47055a04/bin/external/protobuf+/src/google/protobuf/compiler/cpp/_virtual_includes/cpp/google/protobuf/compiler/cpp/message_layout_helper.h:20,
                 from external/protobuf+/src/google/protobuf/compiler/cpp/message_layout_helper.cc:1:
bazel-out/k8-opt-exec-ST-d57f47055a04/bin/external/protobuf+/src/google/protobuf/compiler/cpp/_virtual_includes/names_internal/google/protobuf/compiler/cpp/helpers.h: In function 'bool google::protobuf::compiler::cpp::IsWeak(const google::protobuf::FieldDescriptor*, const Options&)':
bazel-out/k8-opt-exec-ST-d57f47055a04/bin/external/protobuf+/src/google/protobuf/compiler/cpp/_virtual_includes/names_internal/google/protobuf/compiler/cpp/helpers.h:359:28: warning: 'bool google::protobuf::FieldOptions::weak() const' is deprecated [-Wdeprecated-declarations]
  359 |   if (field->options().weak()) {
      |       ~~~~~~~~~~~~~~~~~~~~~^~
In file included from bazel-out/k8-opt-exec-ST-d57f47055a04/bin/external/protobuf+/src/google/protobuf/compiler/_virtual_includes/code_generator_lite/google/protobuf/compiler/code_generator_lite.h:18,
                 from bazel-out/k8-opt-exec-ST-d57f47055a04/bin/external/protobuf+/src/google/protobuf/compiler/_virtual_includes/code_generator/google/protobuf/compiler/code_generator.h:25,
                 from bazel-out/k8-opt-exec-ST-d57f47055a04/bin/external/protobuf+/src/google/protobuf/compiler/cpp/_virtual_includes/names_internal/google/protobuf/compiler/cpp/helpers.h:30:
bazel-out/k8-opt-exec-ST-d57f47055a04/bin/external/protobuf+/src/google/protobuf/_virtual_includes/protobuf/google/protobuf/descriptor.pb.h:19782:13: note: declared here
19782 | inline bool FieldOptions::weak() const {
      |             ^~~~~~~~~~~~
[2,448 / 2,802] Compiling src/google/protobuf/compiler/cpp/parse_function_generator.cc [for tool]; 3s processwrapper-sandbox
INFO: From Compiling src/google/protobuf/compiler/cpp/parse_function_generator.cc [for tool]:
In file included from bazel-out/k8-opt-exec-ST-d57f47055a04/bin/external/protobuf+/src/google/protobuf/compiler/cpp/_virtual_includes/cpp/google/protobuf/compiler/cpp/parse_function_generator.h:18,
                 from external/protobuf+/src/google/protobuf/compiler/cpp/parse_function_generator.cc:8:
bazel-out/k8-opt-exec-ST-d57f47055a04/bin/external/protobuf+/src/google/protobuf/compiler/cpp/_virtual_includes/names_internal/google/protobuf/compiler/cpp/helpers.h: In function 'bool google::protobuf::compiler::cpp::IsWeak(const google::protobuf::FieldDescriptor*, const Options&)':
bazel-out/k8-opt-exec-ST-d57f47055a04/bin/external/protobuf+/src/google/protobuf/compiler/cpp/_virtual_includes/names_internal/google/protobuf/compiler/cpp/helpers.h:359:28: warning: 'bool google::protobuf::FieldOptions::weak() const' is deprecated [-Wdeprecated-declarations]
  359 |   if (field->options().weak()) {
      |       ~~~~~~~~~~~~~~~~~~~~~^~
In file included from bazel-out/k8-opt-exec-ST-d57f47055a04/bin/external/protobuf+/src/google/protobuf/compiler/_virtual_includes/code_generator_lite/google/protobuf/compiler/code_generator_lite.h:18,
                 from bazel-out/k8-opt-exec-ST-d57f47055a04/bin/external/protobuf+/src/google/protobuf/compiler/_virtual_includes/code_generator/google/protobuf/compiler/code_generator.h:25,
                 from bazel-out/k8-opt-exec-ST-d57f47055a04/bin/external/protobuf+/src/google/protobuf/compiler/cpp/_virtual_includes/names_internal/google/protobuf/compiler/cpp/helpers.h:30:
bazel-out/k8-opt-exec-ST-d57f47055a04/bin/external/protobuf+/src/google/protobuf/_virtual_includes/protobuf/google/protobuf/descriptor.pb.h:19782:13: note: declared here
19782 | inline bool FieldOptions::weak() const {
      |             ^~~~~~~~~~~~
[2,449 / 2,802] [Prepa] Linking external/protobuf+/src/google/protobuf/compiler/cpp/protoc-gen-cpp [for tool]
[2,458 / 2,802] Compiling external/protobuf+/src/google/protobuf/_virtual_imports/any_proto/google/protobuf/any.pb.cc [for tool]; 1s processwrapper-sandbox ... (4 actions running)
[2,459 / 2,802] Compiling external/protobuf+/src/google/protobuf/_virtual_imports/any_proto/google/protobuf/any.pb.cc [for tool]; 2s processwrapper-sandbox ... (4 actions, 3 running)
[2,472 / 2,802] Compiling external/protobuf+/src/google/protobuf/_virtual_imports/timestamp_proto/google/protobuf/timestamp.pb.cc [for tool]; 1s processwrapper-sandbox ... (4 actions running)
[2,479 / 2,802] Compiling src/google/protobuf/json/internal/parser.cc [for tool]; 2s processwrapper-sandbox ... (4 actions running)
[2,481 / 2,802] Compiling src/google/protobuf/json/internal/parser.cc [for tool]; 4s processwrapper-sandbox ... (4 actions running)
[2,482 / 2,802] Compiling src/google/protobuf/json/internal/parser.cc [for tool]; 5s processwrapper-sandbox ... (4 actions running)
[2,486 / 2,802] Compiling src/google/protobuf/json/internal/parser.cc [for tool]; 6s processwrapper-sandbox ... (4 actions, 3 running)
[2,488 / 2,802] Compiling src/google/protobuf/json/internal/parser.cc [for tool]; 7s processwrapper-sandbox ... (4 actions, 3 running)
[2,490 / 2,802] Compiling external/protobuf+/src/google/protobuf/_virtual_imports/field_mask_proto/google/protobuf/field_mask.pb.cc [for tool]; 1s processwrapper-sandbox ... (4 actions, 3 running)
[2,510 / 2,802] Compiling src/google/protobuf/json/json.cc [for tool]; 2s processwrapper-sandbox ... (4 actions running)
[2,511 / 2,802] Compiling external/protobuf+/src/google/protobuf/_virtual_imports/empty_proto/google/protobuf/empty.pb.cc [for tool]; 2s processwrapper-sandbox ... (4 actions running)
[2,525 / 2,802] Compiling src/compiler/cpp_plugin.cc [for tool]; 2s processwrapper-sandbox ... (4 actions running)
[2,526 / 2,802] Compiling src/compiler/cpp_plugin.cc [for tool]; 3s processwrapper-sandbox ... (4 actions, 3 running)
[2,526 / 2,802] Compiling src/compiler/cpp_plugin.cc [for tool]; 5s processwrapper-sandbox ... (4 actions running)
[2,529 / 2,802] Compiling src/google/protobuf/json/internal/unparser.cc [for tool]; 5s processwrapper-sandbox ... (4 actions, 3 running)
[2,530 / 2,802] Compiling src/google/protobuf/json/internal/unparser.cc [for tool]; 6s processwrapper-sandbox ... (4 actions, 3 running)
[2,532 / 2,802] Compiling src/google/protobuf/json/internal/untyped_message.cc; 3s processwrapper-sandbox ... (4 actions, 3 running)
[2,532 / 2,802] Compiling src/google/protobuf/json/internal/untyped_message.cc; 4s processwrapper-sandbox ... (4 actions running)
[2,533 / 2,802] Compiling src/google/protobuf/json/internal/untyped_message.cc; 5s processwrapper-sandbox ... (4 actions running)
[2,546 / 2,802] Compiling src/compiler/cpp_generator.cc [for tool]; 5s processwrapper-sandbox ... (4 actions, 3 running)
[2,549 / 2,802] Compiling src/google/protobuf/json/internal/untyped_message.cc [for tool]; 6s processwrapper-sandbox ... (4 actions running)
[2,550 / 2,802] Compiling src/google/protobuf/json/internal/parser.cc; 3s processwrapper-sandbox ... (4 actions running)
[2,551 / 2,802] Compiling src/google/protobuf/json/internal/parser.cc; 5s processwrapper-sandbox ... (4 actions, 3 running)
[2,553 / 2,802] Compiling src/google/protobuf/util/type_resolver_util.cc [for tool]; 4s processwrapper-sandbox ... (4 actions, 3 running)
[2,554 / 2,802] Compiling upb_generator/reflection/header.cc [for tool]; 2s processwrapper-sandbox ... (4 actions running)
[2,555 / 2,802] Compiling src/google/protobuf/json/internal/unparser.cc; 4s processwrapper-sandbox ... (4 actions, 3 running)
[2,556 / 2,802] Compiling src/google/protobuf/json/internal/unparser.cc; 5s processwrapper-sandbox ... (4 actions, 3 running)
[2,559 / 2,802] Compiling src/compiler/node_generator.cc [for tool]; 5s processwrapper-sandbox ... (4 actions running)
[2,560 / 2,802] Compiling upb_generator/reflection/source.cc [for tool]; 3s processwrapper-sandbox ... (4 actions running)
[2,566 / 2,802] Compiling src/google/protobuf/util/field_mask_util.cc; 3s processwrapper-sandbox ... (4 actions, 3 running)
[2,573 / 2,802] Compiling src/compiler/objective_c_generator.cc [for tool]; 2s processwrapper-sandbox ... (4 actions, 3 running)
[2,577 / 2,802] Compiling src/compiler/objective_c_generator.cc [for tool]; 3s processwrapper-sandbox ... (4 actions, 3 running)
[2,584 / 2,802] Compiling src/compiler/objective_c_generator.cc [for tool]; 5s processwrapper-sandbox ... (4 actions, 3 running)
[2,591 / 2,802] Compiling upb_generator/file_layout.cc [for tool]; 0s processwrapper-sandbox ... (4 actions, 3 running)
[2,595 / 2,802] Compiling upb_generator/file_layout.cc [for tool]; 1s processwrapper-sandbox ... (4 actions, 3 running)
[2,601 / 2,802] Compiling src/compiler/php_generator.cc [for tool]; 3s processwrapper-sandbox ... (4 actions running)
[2,608 / 2,802] Compiling src/compiler/php_generator.cc [for tool]; 4s processwrapper-sandbox ... (4 actions, 3 running)
[2,622 / 2,802] Compiling src/compiler/php_generator.cc [for tool]; 5s processwrapper-sandbox ... (4 actions, 3 running)
[2,624 / 2,802] Compiling external/protobuf+/src/google/protobuf/_virtual_imports/api_proto/google/protobuf/api.pb.cc [for tool]; 2s processwrapper-sandbox ... (4 actions running)
[2,626 / 2,802] Compiling src/compiler/ruby_generator.cc [for tool]; 3s processwrapper-sandbox ... (4 actions, 3 running)
[2,626 / 2,802] Compiling src/compiler/ruby_generator.cc [for tool]; 5s processwrapper-sandbox ... (4 actions running)
[2,628 / 2,802] Compiling src/compiler/python_generator.cc [for tool]; 6s processwrapper-sandbox ... (4 actions running)
[2,630 / 2,802] Compiling src/core/lib/channel/channel_args.cc; 2s processwrapper-sandbox ... (4 actions running)
[2,636 / 2,802] Compiling src/core/lib/iomgr/combiner.cc; 2s processwrapper-sandbox ... (4 actions, 3 running)
[2,638 / 2,802] Compiling src/core/lib/channel/channel_args_preconditioning.cc; 2s processwrapper-sandbox ... (4 actions running)
[2,641 / 2,802] Compiling src/core/lib/iomgr/socket_mutator.cc; 1s processwrapper-sandbox ... (4 actions, 3 running)
[2,644 / 2,802] Compiling src/core/lib/channel/channel_stack_builder.cc; 2s processwrapper-sandbox ... (4 actions running)
[2,646 / 2,802] Compiling src/core/service_config/service_config_parser.cc; 1s processwrapper-sandbox ... (4 actions running)
[2,648 / 2,802] Compiling src/core/handshaker/handshaker_registry.cc; 2s processwrapper-sandbox ... (4 actions running)
[2,649 / 2,802] Compiling src/core/lib/iomgr/call_combiner.cc; 2s processwrapper-sandbox ... (4 actions running)
INFO: From Compiling src/core/lib/event_engine/tcp_socket_utils.cc:
external/grpc+/src/core/lib/event_engine/tcp_socket_utils.cc: In function 'bool grpc_event_engine::experimental::ResolvedAddressToV4Mapped(const EventEngine::ResolvedAddress&, EventEngine::ResolvedAddress*)':
external/grpc+/src/core/lib/event_engine/tcp_socket_utils.cc:225:11: warning: 'void* memset(void*, int, size_t)' clearing an object of non-trivial type 'class grpc_event_engine::experimental::EventEngine::ResolvedAddress'; use assignment or value-initialization instead [-Wclass-memaccess]
  225 |     memset(resolved_addr6_out, 0, sizeof(*resolved_addr6_out));
      |     ~~~~~~^~~~~~~~~~~~~~~~~~~~~~~~~~~~~~~~~~~~~~~~~~~~~~~~~~~~
In file included from external/grpc+/src/core/lib/event_engine/tcp_socket_utils.h:17,
                 from external/grpc+/src/core/lib/event_engine/tcp_socket_utils.cc:14:
external/grpc+/include/grpc/event_engine/event_engine.h:160:9: note: 'class grpc_event_engine::experimental::EventEngine::ResolvedAddress' declared here
  160 |   class ResolvedAddress {
      |         ^~~~~~~~~~~~~~~
[2,654 / 2,802] Compiling src/core/handshaker/proxy_mapper_registry.cc; 2s processwrapper-sandbox ... (4 actions running)
[2,656 / 2,802] Compiling src/core/lib/iomgr/timer.cc; 2s processwrapper-sandbox ... (4 actions, 3 running)
[2,658 / 2,802] Compiling src/core/lib/compression/compression_internal.cc; 2s processwrapper-sandbox ... (4 actions running)
[2,660 / 2,802] Compiling src/core/lib/iomgr/timer_generic.cc; 2s processwrapper-sandbox ... (4 actions running)
[2,662 / 2,802] Compiling src/core/lib/promise/activity.cc; 2s processwrapper-sandbox ... (4 actions running)
[2,664 / 2,802] Compiling src/core/lib/iomgr/timer_heap.cc; 2s processwrapper-sandbox ... (4 actions running)
INFO: From Compiling src/core/call/call_state.cc:
In file included from external/grpc+/src/core/call/call_state.cc:15:
external/grpc+/src/core/call/call_state.h: In static member function 'static const char* grpc_core::CallState::ClientToServerPushStateString(ClientToServerPushState)':
external/grpc+/src/core/call/call_state.h:191:3: warning: control reaches end of non-void function [-Wreturn-type]
  191 |   }
      |   ^
external/grpc+/src/core/call/call_state.h: In static member function 'static const char* grpc_core::CallState::ClientToServerPullStateString(ClientToServerPullState)':
external/grpc+/src/core/call/call_state.h:161:3: warning: control reaches end of non-void function [-Wreturn-type]
  161 |   }
      |   ^
external/grpc+/src/core/call/call_state.h: In static member function 'static const char* grpc_core::CallState::ServerToClientPullStateString(ServerToClientPullState)':
external/grpc+/src/core/call/call_state.h:244:3: warning: control reaches end of non-void function [-Wreturn-type]
  244 |   }
      |   ^
external/grpc+/src/core/call/call_state.h: In static member function 'static const char* grpc_core::CallState::ServerToClientPushStateString(ServerToClientPushState)':
external/grpc+/src/core/call/call_state.h:284:3: warning: control reaches end of non-void function [-Wreturn-type]
  284 |   }
      |   ^
external/grpc+/src/core/call/call_state.h: In static member function 'static const char* grpc_core::CallState::ServerTrailingMetadataStateString(ServerTrailingMetadataState)':
external/grpc+/src/core/call/call_state.h:314:3: warning: control reaches end of non-void function [-Wreturn-type]
  314 |   }
      |   ^
[2,666 / 2,802] Compiling src/core/util/work_serializer.cc; 2s processwrapper-sandbox ... (4 actions running)
[2,669 / 2,802] Compiling src/core/channelz/channel_trace.cc; 2s processwrapper-sandbox ... (4 actions running)
[2,670 / 2,802] Compiling src/core/telemetry/instrument.cc; 2s processwrapper-sandbox ... (4 actions, 3 running)
[2,670 / 2,802] Compiling src/core/telemetry/instrument.cc; 3s processwrapper-sandbox ... (4 actions running)
[2,672 / 2,802] Compiling src/core/telemetry/instrument.cc; 5s processwrapper-sandbox ... (4 actions, 3 running)
[2,673 / 2,802] Compiling src/core/telemetry/instrument.cc; 6s processwrapper-sandbox ... (4 actions running)
INFO: From Compiling src/core/lib/resource_quota/memory_quota.cc:
In file included from external/grpc+/src/core/lib/resource_quota/memory_quota.cc:36:
external/grpc+/src/core/lib/promise/loop.h:215:31: warning: attribute ignored in declaration of 'union grpc_core::Loop<F, kYield>::<unnamed>' [-Wattributes]
  215 |   GPR_NO_UNIQUE_ADDRESS union {
      |                               ^
external/grpc+/src/core/lib/promise/loop.h:215:31: note: attribute for 'union grpc_core::Loop<F, kYield>::<unnamed>' must follow the 'union' keyword
INFO: From Compiling src/core/channelz/channelz.cc:
In file included from external/grpc+/src/core/channelz/channelz.cc:19:
external/grpc+/src/core/channelz/channelz.h: In static member function 'static absl::lts_20250814::string_view grpc_core::channelz::BaseNode::EntityTypeToKind(EntityType)':
external/grpc+/src/core/channelz/channelz.h:186:3: warning: control reaches end of non-void function [-Wreturn-type]
  186 |   }
      |   ^
[2,675 / 2,802] Compiling src/core/telemetry/instrument.cc; 8s processwrapper-sandbox ... (4 actions, 3 running)
[2,676 / 2,802] Compiling src/core/lib/resource_quota/resource_quota.cc; 3s processwrapper-sandbox ... (4 actions running)
[2,678 / 2,802] Compiling src/core/channelz/channelz_registry.cc; 2s processwrapper-sandbox ... (4 actions running)
[2,679 / 2,802] Compiling src/core/channelz/channelz_registry.cc; 3s processwrapper-sandbox ... (4 actions, 3 running)
[2,681 / 2,802] Compiling src/core/lib/event_engine/posix_engine/tcp_socket_utils.cc; 3s processwrapper-sandbox ... (4 actions running)
[2,683 / 2,802] Compiling src/core/lib/event_engine/posix_engine/posix_interface_posix.cc; 3s processwrapper-sandbox ... (4 actions, 3 running)
[2,685 / 2,802] Compiling src/core/lib/event_engine/posix_engine/lockfree_event.cc; 2s processwrapper-sandbox ... (4 actions, 3 running)
[2,685 / 2,802] Compiling src/core/lib/event_engine/posix_engine/lockfree_event.cc; 3s processwrapper-sandbox ... (4 actions running)
[2,688 / 2,802] Compiling src/core/lib/promise/party.cc; 2s processwrapper-sandbox ... (4 actions running)
[2,689 / 2,802] Compiling src/core/lib/promise/party.cc; 5s processwrapper-sandbox ... (4 actions, 3 running)
[2,691 / 2,802] Compiling src/core/lib/event_engine/ares_resolver.cc; 5s processwrapper-sandbox ... (4 actions running)
INFO: From Compiling src/core/lib/event_engine/ares_resolver.cc:
external/grpc+/src/core/lib/event_engine/ares_resolver.cc: In function 'absl::lts_20250814::Status grpc_event_engine::experimental::{anonymous}::SetRequestDNSServer(absl::lts_20250814::string_view, ares_channeldata**)':
external/grpc+/src/core/lib/event_engine/ares_resolver.cc:147:38: warning: 'int ares_set_servers_ports(ares_channel_t*, const ares_addr_port_node*)' is deprecated: Use ares_set_servers_ports_csv instead [-Wdeprecated-declarations]
  147 |   int status = ares_set_servers_ports(*channel, &dns_server_addr);
      |                ~~~~~~~~~~~~~~~~~~~~~~^~~~~~~~~~~~~~~~~~~~~~~~~~~~
In file included from external/grpc+/src/core/lib/event_engine/ares_resolver.h:28,
                 from external/grpc+/src/core/lib/event_engine/ares_resolver.cc:14:
external/c-ares+/include/ares.h:1173:20: note: declared here
 1173 | int                ares_set_servers_ports(ares_channel_t                   *channel,
      |                    ^~~~~~~~~~~~~~~~~~~~~~
external/grpc+/src/core/lib/event_engine/ares_resolver.cc: In member function 'virtual void grpc_event_engine::experimental::AresResolver::LookupHostname(grpc_event_engine::experimental::EventEngine::DNSResolver::LookupHostnameCallback, absl::lts_20250814::string_view, absl::lts_20250814::string_view)':
external/grpc+/src/core/lib/event_engine/ares_resolver.cc:376:23: warning: 'void ares_gethostbyname(ares_channel_t*, const char*, int, ares_host_callback, void*)' is deprecated: Use ares_getaddrinfo instead [-Wdeprecated-declarations]
  376 |     ares_gethostbyname(channel_, std::string(host).c_str(), AF_INET,
      |     ~~~~~~~~~~~~~~~~~~^~~~~~~~~~~~~~~~~~~~~~~~~~~~~~~~~~~~~~~~~~~~~~
  377 |                        &AresResolver::OnHostbynameDoneLocked, resolver_arg);
      |                        ~~~~~~~~~~~~~~~~~~~~~~~~~~~~~~~~~~~~~~~~~~~~~~~~~~~~
external/c-ares+/include/ares.h:879:58: note: declared here
  879 | CARES_EXTERN CARES_DEPRECATED_FOR(ares_getaddrinfo) void ares_gethostbyname(
      |                                                          ^~~~~~~~~~~~~~~~~~
external/grpc+/src/core/lib/event_engine/ares_resolver.cc:378:23: warning: 'void ares_gethostbyname(ares_channel_t*, const char*, int, ares_host_callback, void*)' is deprecated: Use ares_getaddrinfo instead [-Wdeprecated-declarations]
  378 |     ares_gethostbyname(channel_, std::string(host).c_str(), AF_INET6,
      |     ~~~~~~~~~~~~~~~~~~^~~~~~~~~~~~~~~~~~~~~~~~~~~~~~~~~~~~~~~~~~~~~~~
  379 |                        &AresResolver::OnHostbynameDoneLocked, resolver_arg);
      |                        ~~~~~~~~~~~~~~~~~~~~~~~~~~~~~~~~~~~~~~~~~~~~~~~~~~~~
external/c-ares+/include/ares.h:879:58: note: declared here
  879 | CARES_EXTERN CARES_DEPRECATED_FOR(ares_getaddrinfo) void ares_gethostbyname(
      |                                                          ^~~~~~~~~~~~~~~~~~
external/grpc+/src/core/lib/event_engine/ares_resolver.cc:382:23: warning: 'void ares_gethostbyname(ares_channel_t*, const char*, int, ares_host_callback, void*)' is deprecated: Use ares_getaddrinfo instead [-Wdeprecated-declarations]
  382 |     ares_gethostbyname(channel_, std::string(host).c_str(), AF_INET,
      |     ~~~~~~~~~~~~~~~~~~^~~~~~~~~~~~~~~~~~~~~~~~~~~~~~~~~~~~~~~~~~~~~~
  383 |                        &AresResolver::OnHostbynameDoneLocked, resolver_arg);
      |                        ~~~~~~~~~~~~~~~~~~~~~~~~~~~~~~~~~~~~~~~~~~~~~~~~~~~~
external/c-ares+/include/ares.h:879:58: note: declared here
  879 | CARES_EXTERN CARES_DEPRECATED_FOR(ares_getaddrinfo) void ares_gethostbyname(
      |                                                          ^~~~~~~~~~~~~~~~~~
external/grpc+/src/core/lib/event_engine/ares_resolver.cc: In member function 'virtual void grpc_event_engine::experimental::AresResolver::LookupSRV(grpc_event_engine::experimental::EventEngine::DNSResolver::LookupSRVCallback, absl::lts_20250814::string_view)':
external/grpc+/src/core/lib/event_engine/ares_resolver.cc:419:13: warning: 'void ares_query(ares_channel_t*, const char*, int, int, ares_callback, void*)' is deprecated: Use ares_query_dnsrec instead [-Wdeprecated-declarations]
  419 |   ares_query(channel_, std::string(host).c_str(), ns_c_in, ns_t_srv,
      |   ~~~~~~~~~~^~~~~~~~~~~~~~~~~~~~~~~~~~~~~~~~~~~~~~~~~~~~~~~~~~~~~~~~
  420 |              &AresResolver::OnSRVQueryDoneLocked, resolver_arg);
      |              ~~~~~~~~~~~~~~~~~~~~~~~~~~~~~~~~~~~~~~~~~~~~~~~~~~
external/c-ares+/include/ares.h:836:59: note: declared here
  836 | CARES_EXTERN CARES_DEPRECATED_FOR(ares_query_dnsrec) void ares_query(
      |                                                           ^~~~~~~~~~
external/grpc+/src/core/lib/event_engine/ares_resolver.cc: In member function 'virtual void grpc_event_engine::experimental::AresResolver::LookupTXT(grpc_event_engine::experimental::EventEngine::DNSResolver::LookupTXTCallback, absl::lts_20250814::string_view)':
external/grpc+/src/core/lib/event_engine/ares_resolver.cc:455:14: warning: 'void ares_search(ares_channel_t*, const char*, int, int, ares_callback, void*)' is deprecated: Use ares_search_dnsrec instead [-Wdeprecated-declarations]
  455 |   ares_search(channel_, std::string(host).c_str(), ns_c_in, ns_t_txt,
      |   ~~~~~~~~~~~^~~~~~~~~~~~~~~~~~~~~~~~~~~~~~~~~~~~~~~~~~~~~~~~~~~~~~~~
  456 |               &AresResolver::OnTXTDoneLocked, resolver_arg);
      |               ~~~~~~~~~~~~~~~~~~~~~~~~~~~~~~~~~~~~~~~~~~~~~
external/c-ares+/include/ares.h:859:60: note: declared here
  859 | CARES_EXTERN CARES_DEPRECATED_FOR(ares_search_dnsrec) void ares_search(
      |                                                            ^~~~~~~~~~~
external/grpc+/src/core/lib/event_engine/ares_resolver.cc: In member function 'void grpc_event_engine::experimental::AresResolver::CheckSocketsLocked()':
external/grpc+/src/core/lib/event_engine/ares_resolver.cc:465:37: warning: 'int ares_getsock(const ares_channel_t*, ares_socket_t*, int)' is deprecated: Use ARES_OPT_EVENT_THREAD or ARES_OPT_SOCK_STATE_CB instead [-Wdeprecated-declarations]
  465 |     int socks_bitmask = ares_getsock(channel_, socks, ARES_GETSOCK_MAXNUM);
      |                         ~~~~~~~~~~~~^~~~~~~~~~~~~~~~~~~~~~~~~~~~~~~~~~~~~~
external/c-ares+/include/ares.h:903:31: note: declared here
  903 |   ARES_OPT_SOCK_STATE_CB) int ares_getsock(const ares_channel_t *channel,
      |                               ^~~~~~~~~~~~
external/grpc+/src/core/lib/event_engine/ares_resolver.cc: In static member function 'static void grpc_event_engine::experimental::AresResolver::OnSRVQueryDoneLocked(void*, int, int, unsigned char*, int)':
external/grpc+/src/core/lib/event_engine/ares_resolver.cc:779:32: warning: 'int ares_parse_srv_reply(const unsigned char*, int, ares_srv_reply**)' is deprecated: Use ares_dns_parse instead [-Wdeprecated-declarations]
  779 |   status = ares_parse_srv_reply(abuf, alen, &reply);
      |            ~~~~~~~~~~~~~~~~~~~~^~~~~~~~~~~~~~~~~~~~
external/c-ares+/include/ares.h:1116:55: note: declared here
 1116 | CARES_EXTERN CARES_DEPRECATED_FOR(ares_dns_parse) int ares_parse_srv_reply(
      |                                                       ^~~~~~~~~~~~~~~~~~~~
external/grpc+/src/core/lib/event_engine/ares_resolver.cc: In static member function 'static void grpc_event_engine::experimental::AresResolver::OnTXTDoneLocked(void*, int, int, unsigned char*, int)':
external/grpc+/src/core/lib/event_engine/ares_resolver.cc:843:36: warning: 'int ares_parse_txt_reply_ext(const unsigned char*, int, ares_txt_ext**)' is deprecated: Use ares_dns_parse instead [-Wdeprecated-declarations]
  843 |   status = ares_parse_txt_reply_ext(buf, len, &reply);
      |            ~~~~~~~~~~~~~~~~~~~~~~~~^~~~~~~~~~~~~~~~~~
external/c-ares+/include/ares.h:1125:55: note: declared here
 1125 | CARES_EXTERN CARES_DEPRECATED_FOR(ares_dns_parse) int ares_parse_txt_reply_ext(
      |                                                       ^~~~~~~~~~~~~~~~~~~~~~~~
[2,695 / 2,802] Compiling src/core/call/message.cc; 3s processwrapper-sandbox ... (4 actions, 3 running)
[2,697 / 2,802] Compiling src/core/lib/event_engine/posix_engine/wakeup_fd_eventfd.cc; 2s processwrapper-sandbox ... (4 actions, 3 running)
[2,698 / 2,802] Compiling src/core/lib/event_engine/posix_engine/traced_buffer_list.cc; 2s processwrapper-sandbox ... (4 actions running)
[2,699 / 2,802] Compiling src/core/telemetry/call_tracer.cc; 3s processwrapper-sandbox ... (4 actions, 3 running)
[2,699 / 2,802] Compiling src/core/telemetry/call_tracer.cc; 4s processwrapper-sandbox ... (4 actions running)
[2,701 / 2,802] Compiling src/core/call/call_filters.cc; 5s processwrapper-sandbox ... (4 actions running)
INFO: From Compiling src/core/call/call_filters.cc:
In file included from external/grpc+/src/core/call/call_filters.h:26,
                 from external/grpc+/src/core/call/call_filters.cc:15:
external/grpc+/src/core/call/call_state.h: In static member function 'static const char* grpc_core::CallState::ServerToClientPullStateString(ServerToClientPullState)':
external/grpc+/src/core/call/call_state.h:244:3: warning: control reaches end of non-void function [-Wreturn-type]
  244 |   }
      |   ^
external/grpc+/src/core/call/call_state.h: In static member function 'static const char* grpc_core::CallState::ServerTrailingMetadataStateString(ServerTrailingMetadataState)':
external/grpc+/src/core/call/call_state.h:314:3: warning: control reaches end of non-void function [-Wreturn-type]
  314 |   }
      |   ^
external/grpc+/src/core/call/call_state.h: In static member function 'static const char* grpc_core::CallState::ServerToClientPushStateString(ServerToClientPushState)':
external/grpc+/src/core/call/call_state.h:284:3: warning: control reaches end of non-void function [-Wreturn-type]
  284 |   }
      |   ^
external/grpc+/src/core/call/call_state.h: In static member function 'static const char* grpc_core::CallState::ClientToServerPushStateString(ClientToServerPushState)':
external/grpc+/src/core/call/call_state.h:191:3: warning: control reaches end of non-void function [-Wreturn-type]
  191 |   }
      |   ^
[2,702 / 2,802] Compiling src/core/lib/event_engine/posix_engine/posix_endpoint.cc; 4s processwrapper-sandbox ... (4 actions running)
[2,703 / 2,802] Compiling src/core/telemetry/metrics.cc; 4s processwrapper-sandbox ... (4 actions, 3 running)
[2,705 / 2,802] Compiling src/core/call/call_spine.cc; 4s processwrapper-sandbox ... (4 actions running)
[2,706 / 2,802] Compiling src/core/call/call_spine.cc; 6s processwrapper-sandbox ... (4 actions, 3 running)
[2,708 / 2,802] Compiling src/core/call/call_spine.cc; 8s processwrapper-sandbox ... (4 actions running)
INFO: From Compiling src/core/call/call_spine.cc:
In file included from external/grpc+/src/core/lib/promise/activity.h:30,
                 from external/grpc+/src/core/lib/resource_quota/memory_quota.h:39,
                 from external/grpc+/src/core/lib/resource_quota/arena.h:39,
                 from external/grpc+/src/core/call/call_arena_allocator.h:24,
                 from external/grpc+/src/core/call/call_spine.h:23,
                 from external/grpc+/src/core/call/call_spine.cc:15:
external/grpc+/src/core/lib/promise/detail/promise_factory.h:132:5: warning: 'always_inline' function might not be inlinable [-Wattributes]
  132 |     PromiseFactoryImpl(Token, F&& f, A&& arg) {
      |     ^~~~~~~~~~~~~~~~~~
external/grpc+/src/core/lib/promise/detail/promise_factory.h:132:5: warning: 'always_inline' function might not be inlinable [-Wattributes]
external/grpc+/src/core/lib/promise/detail/promise_factory.h:132:5: warning: 'always_inline' function might not be inlinable [-Wattributes]
In file included from external/grpc+/src/core/call/call_filters.h:26,
                 from external/grpc+/src/core/call/call_spine.h:24:
external/grpc+/src/core/call/call_state.h: In static member function 'static const char* grpc_core::CallState::ServerTrailingMetadataStateString(ServerTrailingMetadataState)':
external/grpc+/src/core/call/call_state.h:314:3: warning: control reaches end of non-void function [-Wreturn-type]
  314 |   }
      |   ^
external/grpc+/src/core/call/call_state.h: In static member function 'static const char* grpc_core::CallState::ClientToServerPullStateString(ClientToServerPullState)':
external/grpc+/src/core/call/call_state.h:161:3: warning: control reaches end of non-void function [-Wreturn-type]
  161 |   }
      |   ^
external/grpc+/src/core/call/call_state.h: In static member function 'static const char* grpc_core::CallState::ClientToServerPushStateString(ClientToServerPushState)':
external/grpc+/src/core/call/call_state.h:191:3: warning: control reaches end of non-void function [-Wreturn-type]
  191 |   }
      |   ^
external/grpc+/src/core/call/call_state.h: In static member function 'static const char* grpc_core::CallState::ServerToClientPullStateString(ServerToClientPullState)':
external/grpc+/src/core/call/call_state.h:244:3: warning: control reaches end of non-void function [-Wreturn-type]
  244 |   }
      |   ^
external/grpc+/src/core/call/call_state.h: In static member function 'static const char* grpc_core::CallState::ServerToClientPushStateString(ServerToClientPushState)':
external/grpc+/src/core/call/call_state.h:284:3: warning: control reaches end of non-void function [-Wreturn-type]
  284 |   }
      |   ^
[2,709 / 2,802] Compiling src/core/lib/event_engine/default_event_engine_factory.cc; 3s processwrapper-sandbox ... (4 actions, 3 running)
[2,712 / 2,802] Compiling src/core/lib/surface/channel.cc; 1s processwrapper-sandbox ... (4 actions, 3 running)
[2,712 / 2,802] Compiling src/core/lib/surface/channel.cc; 2s processwrapper-sandbox ... (4 actions running)
[2,713 / 2,802] Compiling src/core/lib/surface/channel.cc; 4s processwrapper-sandbox ... (4 actions, 3 running)
[2,714 / 2,802] Compiling src/core/lib/event_engine/posix_engine/posix_engine.cc; 5s processwrapper-sandbox ... (4 actions, 3 running)
INFO: From Compiling src/core/lib/event_engine/posix_engine/posix_engine.cc:
In file included from external/grpc+/src/core/lib/event_engine/posix_engine/posix_engine.cc:36:
external/grpc+/src/core/lib/event_engine/posix_engine/grpc_polled_fd_posix.h: In member function 'virtual void grpc_event_engine::experimental::GrpcPolledFdFactoryPosix::ConfigureAresChannelLocked(ares_channel)':
external/grpc+/src/core/lib/event_engine/posix_engine/grpc_polled_fd_posix.h:129:30: warning: 'void ares_set_socket_functions(ares_channel_t*, const ares_socket_functions*, void*)' is deprecated: Use ares_set_socket_functions_ex instead [-Wdeprecated-declarations]
  129 |     ares_set_socket_functions(channel, &kSockFuncs, this);
      |     ~~~~~~~~~~~~~~~~~~~~~~~~~^~~~~~~~~~~~~~~~~~~~~~~~~~~~
In file included from external/grpc+/src/core/lib/event_engine/ares_resolver.h:28,
                 from external/grpc+/src/core/lib/event_engine/posix_engine/posix_engine.h:30,
                 from external/grpc+/src/core/lib/event_engine/posix_engine/posix_engine.cc:14:
external/c-ares+/include/ares.h:571:38: note: declared here
  571 |   ares_set_socket_functions_ex) void ares_set_socket_functions(ares_channel_t
      |                                      ^~~~~~~~~~~~~~~~~~~~~~~~~
[2,715 / 2,802] Compiling src/core/call/interception_chain.cc; 5s processwrapper-sandbox ... (4 actions running)
[2,716 / 2,802] Compiling src/core/lib/surface/channel_init.cc; 4s processwrapper-sandbox ... (4 actions, 3 running)
[2,716 / 2,802] Compiling src/core/lib/surface/channel_init.cc; 5s processwrapper-sandbox ... (4 actions running)
[2,717 / 2,802] Compiling src/core/config/core_configuration.cc; 6s processwrapper-sandbox ... (4 actions, 3 running)
[2,722 / 2,802] Compiling proto/greeter.grpc.pb.cc; 5s processwrapper-sandbox ... (4 actions running)
[2,727 / 2,802] Compiling src/core/lib/resource_quota/api.cc; 3s processwrapper-sandbox ... (4 actions running)
[2,729 / 2,802] Compiling src/core/lib/resource_quota/api.cc; 5s processwrapper-sandbox ... (4 actions running)
[2,736 / 2,802] Compiling src/core/call/client_call.cc; 5s processwrapper-sandbox ... (4 actions, 3 running)
[2,736 / 2,802] Compiling src/core/call/client_call.cc; 6s processwrapper-sandbox ... (4 actions running)
[2,737 / 2,802] Compiling src/core/call/client_call.cc; 7s processwrapper-sandbox ... (4 actions, 3 running)
[2,738 / 2,802] Compiling src/core/call/client_call.cc; 9s processwrapper-sandbox ... (4 actions running)
INFO: From Compiling src/core/call/client_call.cc:
In file included from external/grpc+/src/core/call/call_filters.h:26,
                 from external/grpc+/src/core/call/call_spine.h:24,
                 from external/grpc+/src/core/call/call_destination.h:20,
                 from external/grpc+/src/core/lib/transport/transport.h:36,
                 from external/grpc+/src/core/lib/channel/channel_stack.h:63,
                 from external/grpc+/src/core/lib/surface/call.h:32,
                 from external/grpc+/src/core/call/client_call.h:43,
                 from external/grpc+/src/core/call/client_call.cc:15:
external/grpc+/src/core/call/call_state.h: In static member function 'static const char* grpc_core::CallState::ServerToClientPullStateString(ServerToClientPullState)':
external/grpc+/src/core/call/call_state.h:244:3: warning: control reaches end of non-void function [-Wreturn-type]
  244 |   }
      |   ^
external/grpc+/src/core/call/call_state.h: In static member function 'static const char* grpc_core::CallState::ServerToClientPushStateString(ServerToClientPushState)':
external/grpc+/src/core/call/call_state.h:284:3: warning: control reaches end of non-void function [-Wreturn-type]
  284 |   }
      |   ^
external/grpc+/src/core/call/call_state.h: In static member function 'static const char* grpc_core::CallState::ClientToServerPushStateString(ClientToServerPushState)':
external/grpc+/src/core/call/call_state.h:191:3: warning: control reaches end of non-void function [-Wreturn-type]
  191 |   }
      |   ^
external/grpc+/src/core/call/call_state.h: In static member function 'static const char* grpc_core::CallState::ServerTrailingMetadataStateString(ServerTrailingMetadataState)':
external/grpc+/src/core/call/call_state.h:314:3: warning: control reaches end of non-void function [-Wreturn-type]
  314 |   }
      |   ^
[2,741 / 2,802] Compiling src/core/lib/iomgr/tcp_server_posix.cc; 5s processwrapper-sandbox ... (4 actions running)
[2,742 / 2,802] Compiling src/core/lib/iomgr/tcp_server_posix.cc; 7s processwrapper-sandbox ... (4 actions, 3 running)
[2,744 / 2,802] Compiling src/core/lib/iomgr/tcp_client_posix.cc; 4s processwrapper-sandbox ... (4 actions running)
[2,746 / 2,802] Compiling src/core/call/server_call.cc; 5s processwrapper-sandbox ... (4 actions running)
[2,748 / 2,802] Compiling src/core/call/server_call.cc; 7s processwrapper-sandbox ... (4 actions running)
[2,749 / 2,802] Compiling src/core/call/server_call.cc; 8s processwrapper-sandbox ... (4 actions running)
[2,750 / 2,802] Compiling src/core/call/server_call.cc; 9s processwrapper-sandbox ... (4 actions, 3 running)
INFO: From Compiling src/core/call/server_call.cc:
In file included from external/grpc+/src/core/call/call_filters.h:26,
                 from external/grpc+/src/core/call/call_spine.h:24,
                 from external/grpc+/src/core/call/call_destination.h:20,
                 from external/grpc+/src/core/lib/transport/transport.h:36,
                 from external/grpc+/src/core/lib/channel/channel_stack.h:63,
                 from external/grpc+/src/core/lib/surface/call.h:32,
                 from external/grpc+/src/core/call/server_call.h:46,
                 from external/grpc+/src/core/call/server_call.cc:15:
external/grpc+/src/core/call/call_state.h: In static member function 'static const char* grpc_core::CallState::ClientToServerPullStateString(ClientToServerPullState)':
external/grpc+/src/core/call/call_state.h:161:3: warning: control reaches end of non-void function [-Wreturn-type]
  161 |   }
      |   ^
external/grpc+/src/core/call/call_state.h: In static member function 'static const char* grpc_core::CallState::ClientToServerPushStateString(ClientToServerPushState)':
external/grpc+/src/core/call/call_state.h:191:3: warning: control reaches end of non-void function [-Wreturn-type]
  191 |   }
      |   ^
external/grpc+/src/core/call/call_state.h: In static member function 'static const char* grpc_core::CallState::ServerTrailingMetadataStateString(ServerTrailingMetadataState)':
external/grpc+/src/core/call/call_state.h:314:3: warning: control reaches end of non-void function [-Wreturn-type]
  314 |   }
      |   ^
external/grpc+/src/core/call/call_state.h: In static member function 'static const char* grpc_core::CallState::ServerToClientPushStateString(ServerToClientPushState)':
external/grpc+/src/core/call/call_state.h:284:3: warning: control reaches end of non-void function [-Wreturn-type]
  284 |   }
      |   ^
[2,756 / 2,802] Compiling src/core/lib/iomgr/resolve_address_posix.cc; 0s processwrapper-sandbox ... (4 actions, 3 running)
[2,757 / 2,802] Compiling src/core/lib/iomgr/resolve_address_posix.cc; 2s processwrapper-sandbox ... (4 actions running)
[2,762 / 2,802] Compiling src/core/lib/iomgr/polling_entity.cc; 1s processwrapper-sandbox ... (4 actions running)
[2,763 / 2,802] Compiling src/core/lib/channel/channel_stack.cc; 1s processwrapper-sandbox ... (4 actions, 3 running)
[2,765 / 2,802] Compiling src/core/lib/channel/channel_stack.cc; 2s processwrapper-sandbox ... (4 actions, 3 running)
[2,767 / 2,802] Compiling src/core/lib/channel/channel_stack.cc; 4s processwrapper-sandbox ... (4 actions, 3 running)
[2,769 / 2,802] Compiling src/core/lib/channel/channel_stack.cc; 5s processwrapper-sandbox ... (4 actions running)
[2,770 / 2,802] Compiling src/core/lib/iomgr/event_engine_shims/tcp_client.cc; 2s processwrapper-sandbox ... (4 actions, 3 running)
[2,772 / 2,802] Compiling src/core/lib/iomgr/event_engine_shims/tcp_client.cc; 4s processwrapper-sandbox ... (4 actions running)
[2,773 / 2,802] Compiling src/core/lib/iomgr/event_engine_shims/tcp_client.cc; 5s processwrapper-sandbox ... (4 actions, 3 running)
[2,779 / 2,802] Compiling src/core/lib/channel/channel_stack_builder_impl.cc; 4s processwrapper-sandbox ... (4 actions running)
[2,781 / 2,802] Compiling src/core/lib/iomgr/endpoint_pair_posix.cc; 2s processwrapper-sandbox ... (4 actions, 3 running)
[2,783 / 2,802] Compiling src/core/lib/iomgr/endpoint_pair_posix.cc; 3s processwrapper-sandbox ... (4 actions running)
[2,784 / 2,802] Compiling src/core/lib/iomgr/endpoint_pair_posix.cc; 5s processwrapper-sandbox ... (4 actions, 3 running)
[2,786 / 2,802] Compiling src/core/lib/channel/connected_channel.cc; 5s processwrapper-sandbox ... (4 actions running)
INFO: From Compiling src/core/lib/channel/connected_channel.cc:
In file included from external/grpc+/src/core/lib/channel/connected_channel.cc:53:
external/grpc+/src/core/lib/promise/loop.h:215:31: warning: attribute ignored in declaration of 'union grpc_core::Loop<F, kYield>::<unnamed>' [-Wattributes]
  215 |   GPR_NO_UNIQUE_ADDRESS union {
      |                               ^
external/grpc+/src/core/lib/promise/loop.h:215:31: note: attribute for 'union grpc_core::Loop<F, kYield>::<unnamed>' must follow the 'union' keyword
[2,787 / 2,802] Compiling src/core/lib/transport/transport_op_string.cc; 5s processwrapper-sandbox ... (4 actions, 3 running)
[2,790 / 2,802] Compiling src/core/lib/transport/transport.cc; 4s processwrapper-sandbox ... (4 actions, 3 running)
[2,790 / 2,802] Compiling src/core/lib/transport/transport.cc; 5s processwrapper-sandbox ... (4 actions running)
[2,791 / 2,802] Compiling src/core/lib/channel/promise_based_filter.cc; 4s processwrapper-sandbox ... (4 actions, 3 running)
[2,792 / 2,802] Compiling src/core/lib/channel/promise_based_filter.cc; 5s processwrapper-sandbox ... (4 actions running)
[2,793 / 2,802] Compiling src/core/lib/channel/promise_based_filter.cc; 7s processwrapper-sandbox ... (4 actions, 3 running)
[2,794 / 2,802] Compiling src/core/lib/channel/promise_based_filter.cc; 8s processwrapper-sandbox ... (4 actions running)
[2,796 / 2,802] Compiling src/core/lib/channel/promise_based_filter.cc; 10s processwrapper-sandbox ... (4 actions, 3 running)
[2,797 / 2,802] Compiling src/core/lib/surface/call_utils.cc; 3s processwrapper-sandbox ... (4 actions running)
[2,798 / 2,802] Compiling src/core/lib/surface/call_utils.cc; 4s processwrapper-sandbox ... (4 actions, 3 running)
[2,800 / 2,802] Compiling src/core/lib/surface/call_log_batch.cc; 5s processwrapper-sandbox ... (2 actions running)
[2,801 / 2,802] Compiling src/core/lib/surface/call.cc; 3s processwrapper-sandbox
INFO: Found 6 targets...
INFO: Elapsed time: 974.844s, Critical Path: 60.97s
INFO: 2802 processes: 1000 internal, 1802 processwrapper-sandbox.
INFO: Build completed successfully, 2802 total actions
