2026/06/26 00:58:30 Downloading https://releases.bazel.build/8.7.0/release/bazel-8.7.0-linux-x86_64...
Extracting Bazel installation...
Starting local Bazel server (8.7.0) and connecting to it...
Computing main repo mapping: 
Computing main repo mapping: 
Computing main repo mapping: 
Computing main repo mapping: 
Computing main repo mapping: 
Loading: 
Loading: 0 packages loaded
Loading: 0 packages loaded
Loading: 0 packages loaded
    currently loading: proto
Loading: 0 packages loaded
    currently loading: proto
Loading: 0 packages loaded
    currently loading: proto
Loading: 0 packages loaded
    currently loading: proto
Analyzing: 6 targets (1 packages loaded, 0 targets configured)
Analyzing: 6 targets (1 packages loaded, 0 targets configured)

Analyzing: 6 targets (25 packages loaded, 11 targets configured)

Analyzing: 6 targets (76 packages loaded, 26 targets configured)

Analyzing: 6 targets (83 packages loaded, 46 targets configured)

Analyzing: 6 targets (83 packages loaded, 46 targets configured)

Analyzing: 6 targets (102 packages loaded, 2004 targets configured)

Analyzing: 6 targets (119 packages loaded, 7416 targets configured)

Analyzing: 6 targets (137 packages loaded, 8078 targets configured)

Analyzing: 6 targets (166 packages loaded, 10039 targets configured)

Analyzing: 6 targets (184 packages loaded, 13016 targets configured)

Analyzing: 6 targets (192 packages loaded, 18044 targets configured)

Analyzing: 6 targets (195 packages loaded, 20521 targets configured)

Analyzing: 6 targets (202 packages loaded, 21078 targets configured)
[3 / 77] checking cached actions
Analyzing: 6 targets (203 packages loaded, 21290 targets configured)
[315 / 1,697] Compiling absl/time/internal/cctz/src/civil_time_detail.cc [for tool]; 0s processwrapper-sandbox ... (4 actions, 3 running)
Analyzing: 6 targets (205 packages loaded, 26818 targets configured)
[410 / 1,934] Compiling absl/time/internal/cctz/src/civil_time_detail.cc [for tool]; 1s processwrapper-sandbox ... (4 actions, 3 running)
Analyzing: 6 targets (205 packages loaded, 26850 targets configured)
[416 / 1,934] Compiling absl/time/internal/cctz/src/time_zone_fixed.cc [for tool]; 0s processwrapper-sandbox ... (4 actions, 3 running)
Analyzing: 6 targets (205 packages loaded, 26850 targets configured)
[421 / 1,934] Compiling absl/log/internal/check_op.cc; 1s processwrapper-sandbox ... (4 actions, 3 running)
Analyzing: 6 targets (205 packages loaded, 26850 targets configured)
[424 / 1,934] Compiling absl/time/internal/cctz/src/time_zone_format.cc [for tool]; 2s processwrapper-sandbox ... (4 actions running)
Analyzing: 6 targets (205 packages loaded, 26850 targets configured)
[432 / 1,934] Compiling absl/status/statusor.cc; 1s processwrapper-sandbox ... (4 actions running)
Analyzing: 6 targets (205 packages loaded, 26850 targets configured)
[441 / 1,934] Compiling absl/status/statusor.cc; 2s processwrapper-sandbox ... (4 actions running)
Analyzing: 6 targets (205 packages loaded, 26850 targets configured)
[535 / 1,934] Compiling absl/time/internal/cctz/src/time_zone_impl.cc [for tool]; 1s processwrapper-sandbox ... (4 actions, 3 running)
Analyzing: 6 targets (205 packages loaded, 26850 targets configured)
[547 / 1,934] Compiling absl/crc/internal/crc.cc [for tool]; 0s processwrapper-sandbox ... (4 actions running)
Analyzing: 6 targets (205 packages loaded, 26850 targets configured)
[551 / 1,934] Compiling absl/time/internal/cctz/src/time_zone_info.cc [for tool]; 1s processwrapper-sandbox ... (4 actions running)
Analyzing: 6 targets (205 packages loaded, 26850 targets configured)
[555 / 1,934] Compiling absl/time/internal/cctz/src/time_zone_info.cc [for tool]; 2s processwrapper-sandbox ... (4 actions running)
Analyzing: 6 targets (205 packages loaded, 26850 targets configured)
[557 / 1,934] Compiling absl/time/internal/cctz/src/time_zone_info.cc [for tool]; 3s processwrapper-sandbox ... (4 actions running)
Analyzing: 6 targets (205 packages loaded, 26850 targets configured)
[560 / 1,934] Compiling absl/log/log_entry.cc; 1s processwrapper-sandbox ... (4 actions running)
Analyzing: 6 targets (205 packages loaded, 26850 targets configured)
[564 / 1,934] Compiling absl/debugging/internal/demangle.cc [for tool]; 1s processwrapper-sandbox ... (4 actions running)
Analyzing: 6 targets (205 packages loaded, 26850 targets configured)
[567 / 1,934] Compiling absl/time/duration.cc [for tool]; 1s processwrapper-sandbox ... (4 actions running)
Analyzing: 6 targets (205 packages loaded, 26850 targets configured)
[571 / 1,934] Compiling absl/hash/internal/hash.cc [for tool]; 0s processwrapper-sandbox ... (4 actions running)
Analyzing: 6 targets (205 packages loaded, 26850 targets configured)
[573 / 1,934] Compiling absl/hash/internal/hash.cc [for tool]; 1s processwrapper-sandbox ... (4 actions running)
Analyzing: 6 targets (205 packages loaded, 26850 targets configured)
[575 / 1,934] Compiling absl/time/time.cc [for tool]; 1s processwrapper-sandbox ... (4 actions running)
Analyzing: 6 targets (205 packages loaded, 26850 targets configured)
[577 / 1,934] Compiling absl/numeric/int128.cc [for tool]; 1s processwrapper-sandbox ... (4 actions running)
Analyzing: 6 targets (205 packages loaded, 26850 targets configured)
[580 / 1,934] Compiling absl/log/log_entry.cc [for tool]; 1s processwrapper-sandbox ... (3 actions running)
Analyzing: 6 targets (205 packages loaded, 26850 targets configured)
[580 / 1,934] Compiling absl/log/log_entry.cc [for tool]; 2s processwrapper-sandbox ... (4 actions running)
Analyzing: 6 targets (205 packages loaded, 26850 targets configured)
[581 / 1,934] Compiling absl/log/log_entry.cc [for tool]; 3s processwrapper-sandbox ... (4 actions running)
Analyzing: 6 targets (205 packages loaded, 26850 targets configured)
[584 / 1,934] Compiling absl/log/internal/log_message.cc; 1s processwrapper-sandbox ... (4 actions running)
Analyzing: 6 targets (205 packages loaded, 26850 targets configured)
[585 / 1,934] Compiling absl/log/internal/log_message.cc; 2s processwrapper-sandbox ... (4 actions, 3 running)
Analyzing: 6 targets (205 packages loaded, 26850 targets configured)
[589 / 1,934] Compiling absl/strings/internal/str_format/arg.cc [for tool]; 1s processwrapper-sandbox ... (4 actions running)
Analyzing: 6 targets (205 packages loaded, 26850 targets configured)
[590 / 1,934] Compiling absl/strings/internal/str_format/arg.cc [for tool]; 2s processwrapper-sandbox ... (4 actions running)
Analyzing: 6 targets (205 packages loaded, 26850 targets configured)
[593 / 1,934] Compiling absl/strings/internal/str_format/arg.cc [for tool]; 3s processwrapper-sandbox ... (4 actions running)
Analyzing: 6 targets (205 packages loaded, 26850 targets configured)
[596 / 1,934] Compiling absl/synchronization/notification.cc [for tool]; 1s processwrapper-sandbox ... (4 actions running)
Analyzing: 6 targets (205 packages loaded, 26850 targets configured)
[600 / 1,934] Compiling absl/strings/internal/charconv_bigint.cc [for tool]; 1s processwrapper-sandbox ... (4 actions, 3 running)
Analyzing: 6 targets (205 packages loaded, 26850 targets configured)
[604 / 1,934] Compiling absl/strings/charconv.cc [for tool]; 1s processwrapper-sandbox ... (4 actions running)
Analyzing: 6 targets (205 packages loaded, 26850 targets configured)
[606 / 1,934] Compiling absl/strings/internal/str_format/float_conversion.cc [for tool]; 2s processwrapper-sandbox ... (4 actions running)
Analyzing: 6 targets (205 packages loaded, 26850 targets configured)
[610 / 1,934] Compiling absl/log/globals.cc [for tool]; 0s processwrapper-sandbox ... (4 actions running)
Analyzing: 6 targets (205 packages loaded, 26850 targets configured)
[611 / 1,934] Compiling absl/log/globals.cc [for tool]; 1s processwrapper-sandbox ... (4 actions running)
Analyzing: 6 targets (205 packages loaded, 26850 targets configured)
[617 / 1,934] Compiling absl/log/internal/log_sink_set.cc [for tool]; 1s processwrapper-sandbox ... (4 actions, 3 running)
Analyzing: 6 targets (208 packages loaded, 26868 targets configured)
[620 / 1,934] Compiling absl/time/time.cc; 1s processwrapper-sandbox ... (4 actions, 3 running)
Analyzing: 6 targets (262 packages loaded, 27147 targets configured)
[621 / 1,934] Compiling absl/log/internal/log_message.cc [for tool]; 1s processwrapper-sandbox ... (4 actions running)
Analyzing: 6 targets (333 packages loaded, 27390 targets configured)
[623 / 1,934] Compiling absl/log/internal/log_message.cc [for tool]; 2s processwrapper-sandbox ... (4 actions running)
Analyzing: 6 targets (335 packages loaded, 27678 targets configured)
[625 / 1,934] Compiling absl/time/duration.cc; 1s processwrapper-sandbox ... (4 actions running)
INFO: Analyzed 6 targets (340 packages loaded, 27737 targets configured).
[629 / 1,934] Compiling absl/log/internal/check_op.cc [for tool]; 1s processwrapper-sandbox ... (4 actions, 3 running)
[632 / 1,934] Compiling absl/strings/internal/cord_rep_btree.cc [for tool]; 1s processwrapper-sandbox ... (4 actions running)
[636 / 1,934] Compiling absl/synchronization/mutex.cc; 0s processwrapper-sandbox ... (4 actions running)
[640 / 1,934] Compiling absl/strings/cord.cc [for tool]; 1s processwrapper-sandbox ... (4 actions, 3 running)
[644 / 1,934] Compiling absl/strings/cord.cc [for tool]; 2s processwrapper-sandbox ... (4 actions, 3 running)
[646 / 1,934] Compiling absl/strings/cord.cc [for tool]; 4s processwrapper-sandbox ... (4 actions, 3 running)
[668 / 1,934] Compiling absl/strings/cord_analysis.cc [for tool]; 0s processwrapper-sandbox ... (4 actions, 3 running)
[675 / 1,934] Compiling absl/strings/internal/str_format/float_conversion.cc; 0s processwrapper-sandbox ... (4 actions, 3 running)
[681 / 1,934] Compiling absl/status/internal/status_internal.cc [for tool]; 1s processwrapper-sandbox ... (4 actions, 3 running)
[699 / 1,934] Compiling src/google/protobuf/stubs/common.cc; 1s processwrapper-sandbox ... (4 actions running)
[706 / 1,934] Compiling src/google/protobuf/arena_align.cc; 0s processwrapper-sandbox ... (4 actions, 3 running)
[739 / 1,934] Compiling absl/status/status_payload_printer.cc [for tool]; 1s processwrapper-sandbox ... (4 actions, 3 running)
[742 / 1,934] Compiling absl/crc/internal/crc_non_temporal_memcpy.cc; 1s processwrapper-sandbox ... (4 actions, 3 running)
[750 / 1,934] Compiling src/google/protobuf/io/coded_stream.cc; 1s processwrapper-sandbox ... (4 actions, 3 running)
[753 / 1,934] Compiling absl/strings/cord.cc; 1s processwrapper-sandbox ... (4 actions, 3 running)
[756 / 1,934] Compiling src/google/protobuf/io/zero_copy_stream.cc; 1s processwrapper-sandbox ... (4 actions, 3 running)
[759 / 1,934] Compiling src/google/protobuf/arena.cc [for tool]; 1s processwrapper-sandbox ... (4 actions running)
[763 / 1,934] Compiling absl/strings/internal/cord_internal.cc; 0s processwrapper-sandbox ... (4 actions running)
[765 / 1,934] Compiling src/google/protobuf/micro_string.cc [for tool]; 1s processwrapper-sandbox ... (4 actions, 3 running)
[769 / 1,934] Compiling absl/strings/internal/cord_rep_btree_reader.cc; 1s processwrapper-sandbox ... (4 actions, 3 running)
[879 / 2,657] Compiling src/google/protobuf/io/coded_stream.cc [for tool]; 2s processwrapper-sandbox ... (4 actions, 3 running)
[884 / 2,657] Compiling src/google/protobuf/io/gzip_stream.cc; 1s processwrapper-sandbox ... (4 actions, 3 running)
[890 / 2,657] Compiling src/google/protobuf/io/zero_copy_sink.cc; 1s processwrapper-sandbox ... (4 actions running)
[893 / 2,657] Compiling src/google/protobuf/io/zero_copy_stream_impl.cc [for tool]; 1s processwrapper-sandbox ... (4 actions, 3 running)
[897 / 2,657] Compiling src/google/protobuf/io/printer.cc; 1s processwrapper-sandbox ... (4 actions, 3 running)
[899 / 2,657] Compiling src/google/protobuf/io/printer.cc; 2s processwrapper-sandbox ... (4 actions, 3 running)
[901 / 2,657] Compiling src/google/protobuf/io/printer.cc [for tool]; 3s processwrapper-sandbox ... (4 actions, 3 running)
[905 / 2,657] Compiling src/google/protobuf/io/printer.cc [for tool]; 4s processwrapper-sandbox ... (4 actions, 3 running)
[993 / 2,800] Compiling src/google/protobuf/io/tokenizer.cc; 1s processwrapper-sandbox ... (4 actions running)
[996 / 2,800] Compiling src/google/protobuf/io/zero_copy_sink.cc [for tool]; 1s processwrapper-sandbox ... (4 actions running)
[998 / 2,800] Compiling absl/strings/internal/str_format/float_conversion.cc [for tool]; 1s processwrapper-sandbox ... (4 actions running)
[1,007 / 2,800] Compiling absl/strings/internal/str_format/bind.cc [for tool]; 0s processwrapper-sandbox ... (4 actions running)
[1,017 / 2,800] Compiling inflate.c [for tool]; 0s processwrapper-sandbox ... (4 actions running)
[1,018 / 2,800] Compiling src/google/protobuf/io/printer.cc [for tool]; 1s processwrapper-sandbox ... (4 actions running)
[1,020 / 2,800] Compiling src/google/protobuf/io/printer.cc [for tool]; 2s processwrapper-sandbox ... (4 actions running)
[1,127 / 2,801] Compiling src/google/protobuf/io/printer.cc [for tool]; 3s processwrapper-sandbox ... (4 actions, 3 running)
[1,129 / 2,801] Compiling src/google/protobuf/wire_format_lite.cc [for tool]; 2s processwrapper-sandbox ... (4 actions, 3 running)
[1,131 / 2,801] Compiling absl/time/internal/cctz/src/time_zone_info.cc [for tool]; 1s processwrapper-sandbox ... (4 actions running)
[1,136 / 2,801] Compiling src/google/protobuf/io/zero_copy_stream_impl.cc [for tool]; 0s processwrapper-sandbox ... (4 actions, 3 running)
[1,138 / 2,801] Compiling src/google/protobuf/repeated_field.cc [for tool]; 1s processwrapper-sandbox ... (4 actions, 3 running)
[1,144 / 2,801] Compiling src/google/protobuf/arena.cc [for tool]; 1s processwrapper-sandbox ... (4 actions, 3 running)
[1,147 / 2,801] Compiling src/google/protobuf/parse_context.cc [for tool]; 2s processwrapper-sandbox ... (4 actions running)
[1,150 / 2,801] Compiling absl/status/statusor.cc [for tool]; 1s processwrapper-sandbox ... (4 actions, 3 running)
[1,153 / 2,801] Compiling absl/status/internal/status_internal.cc [for tool]; 1s processwrapper-sandbox ... (4 actions, 3 running)
[1,156 / 2,801] Compiling src/google/protobuf/message_lite.cc [for tool]; 2s processwrapper-sandbox ... (4 actions, 3 running)
[1,162 / 2,801] Compiling absl/strings/cord.cc [for tool]; 0s processwrapper-sandbox ... (4 actions running)
[1,165 / 2,801] Compiling absl/strings/cord.cc [for tool]; 1s processwrapper-sandbox ... (4 actions running)
[1,166 / 2,801] Compiling absl/strings/cord.cc [for tool]; 3s processwrapper-sandbox ... (4 actions, 3 running)
[1,171 / 2,801] Compiling src/google/protobuf/inlined_string_field.cc [for tool]; 1s processwrapper-sandbox ... (4 actions, 3 running)
[1,175 / 2,801] Compiling absl/strings/internal/cord_rep_btree.cc [for tool]; 2s processwrapper-sandbox ... (4 actions, 3 running)
[1,178 / 2,801] Compiling src/google/protobuf/implicit_weak_message.cc [for tool]; 1s processwrapper-sandbox ... (4 actions running)
[1,184 / 2,801] Compiling absl/crc/internal/crc_cord_state.cc [for tool]; 0s processwrapper-sandbox ... (4 actions, 3 running)
[1,187 / 2,801] Compiling src/google/protobuf/generated_message_util.cc [for tool]; 1s processwrapper-sandbox ... (4 actions, 3 running)
[1,192 / 2,801] Compiling src/google/protobuf/generated_message_tctable_lite.cc [for tool]; 0s processwrapper-sandbox ... (4 actions, 3 running)
[1,196 / 2,801] Compiling src/google/protobuf/generated_message_tctable_lite.cc [for tool]; 1s processwrapper-sandbox ... (4 actions, 3 running)
[1,200 / 2,801] Compiling src/google/protobuf/generated_message_tctable_lite.cc [for tool]; 3s processwrapper-sandbox ... (4 actions running)
[1,206 / 2,801] Compiling src/google/protobuf/generated_message_tctable_lite.cc [for tool]; 4s processwrapper-sandbox ... (4 actions, 3 running)
[1,212 / 2,801] Compiling src/google/protobuf/generated_message_tctable_lite.cc [for tool]; 6s processwrapper-sandbox ... (4 actions running)
[1,214 / 2,801] Compiling src/google/protobuf/generated_message_tctable_lite.cc [for tool]; 7s processwrapper-sandbox ... (4 actions running)
[1,215 / 2,801] Compiling src/google/protobuf/generated_message_tctable_lite.cc [for tool]; 8s processwrapper-sandbox ... (4 actions, 3 running)
[1,218 / 2,801] Compiling src/google/protobuf/wire_format.cc [for tool]; 4s processwrapper-sandbox ... (4 actions, 3 running)
[1,218 / 2,801] Compiling src/google/protobuf/wire_format.cc [for tool]; 6s processwrapper-sandbox ... (4 actions running)
[1,220 / 2,801] Compiling src/google/protobuf/extension_set.cc; 3s processwrapper-sandbox ... (4 actions running)
[1,221 / 2,801] Compiling src/google/protobuf/util/message_differencer.cc [for tool]; 3s processwrapper-sandbox ... (4 actions, 3 running)
[1,222 / 2,801] Compiling src/google/protobuf/util/message_differencer.cc [for tool]; 5s processwrapper-sandbox ... (4 actions running)
[1,223 / 2,801] Compiling src/google/protobuf/util/message_differencer.cc [for tool]; 6s processwrapper-sandbox ... (4 actions running)
[1,224 / 2,801] Compiling src/google/protobuf/util/message_differencer.cc [for tool]; 7s processwrapper-sandbox ... (4 actions, 3 running)
[1,226 / 2,801] Compiling src/google/protobuf/text_format.cc [for tool]; 4s processwrapper-sandbox ... (4 actions running)
[1,227 / 2,801] Compiling src/google/protobuf/text_format.cc [for tool]; 5s processwrapper-sandbox ... (4 actions, 3 running)
[1,228 / 2,801] Compiling src/google/protobuf/text_format.cc [for tool]; 7s processwrapper-sandbox ... (4 actions, 3 running)
[1,232 / 2,801] Compiling src/google/protobuf/text_format.cc [for tool]; 8s processwrapper-sandbox ... (4 actions, 3 running)
INFO: From Compiling src/google/protobuf/text_format.cc [for tool]:
external/protobuf+/src/google/protobuf/text_format.cc: In member function 'google::protobuf::TextFormat::ParseLocation google::protobuf::TextFormat::ParseInfoTree::GetLocation(const google::protobuf::FieldDescriptor*, int) const':
external/protobuf+/src/google/protobuf/text_format.cc:260:26: warning: 'google::protobuf::TextFormat::ParseLocationRange google::protobuf::TextFormat::ParseInfoTree::GetLocationRange(const google::protobuf::FieldDescriptor*, int) const' is deprecated: Please use GetFieldLocation() [-Wdeprecated-declarations]
  260 |   return GetLocationRange(field, index).start;
      |          ~~~~~~~~~~~~~~~~^~~~~~~~~~~~~~
external/protobuf+/src/google/protobuf/text_format.cc:242:32: note: declared here
  242 | TextFormat::ParseLocationRange TextFormat::ParseInfoTree::GetLocationRange(
      |                                ^~~~~~~~~~
external/protobuf+/src/google/protobuf/text_format.cc: In member function 'bool google::protobuf::TextFormat::Parser::ParserImpl::ConsumeField(google::protobuf::Message*)':
external/protobuf+/src/google/protobuf/text_format.cc:795:54: warning: 'bool google::protobuf::FieldOptions::weak() const' is deprecated [-Wdeprecated-declarations]
  795 |       if (consumed_semicolon && field->options().weak() &&
      |                                 ~~~~~~~~~~~~~~~~~~~~~^~
In file included from external/protobuf+/src/google/protobuf/text_format.cc:50:
bazel-out/k8-opt-exec-ST-020102668b12/bin/external/protobuf+/src/google/protobuf/_virtual_includes/protobuf/google/protobuf/descriptor.pb.h:19782:13: note: declared here
19782 | inline bool FieldOptions::weak() const {
      |             ^~~~~~~~~~~~
[1,239 / 2,801] Compiling src/google/protobuf/json/internal/message_path.cc [for tool]; 0s processwrapper-sandbox ... (4 actions, 3 running)
[1,241 / 2,801] Compiling src/google/protobuf/json/internal/message_path.cc [for tool]; 2s processwrapper-sandbox ... (4 actions running)
[1,246 / 2,801] Compiling src/google/protobuf/symbol_checker.cc [for tool]; 3s processwrapper-sandbox ... (4 actions, 3 running)
[1,250 / 2,801] Compiling src/google/protobuf/compiler/java/java_features.pb.cc [for tool]; 2s processwrapper-sandbox ... (4 actions, 3 running)
[1,254 / 2,801] Compiling src/google/protobuf/reflection_ops.cc [for tool]; 1s processwrapper-sandbox ... (4 actions, 3 running)
[1,256 / 2,801] Compiling src/google/protobuf/reflection_ops.cc [for tool]; 2s processwrapper-sandbox ... (4 actions, 3 running)
[1,258 / 2,801] Compiling src/google/protobuf/reflection_ops.cc [for tool]; 3s processwrapper-sandbox ... (4 actions running)
[1,263 / 2,801] Compiling src/google/protobuf/generated_message_reflection.cc [for tool]; 4s processwrapper-sandbox ... (4 actions, 3 running)
[1,265 / 2,801] Compiling src/google/protobuf/generated_message_reflection.cc [for tool]; 5s processwrapper-sandbox ... (4 actions running)
[1,267 / 2,801] Compiling src/google/protobuf/generated_message_reflection.cc [for tool]; 6s processwrapper-sandbox ... (4 actions running)
[1,271 / 2,801] Compiling src/google/protobuf/generated_message_reflection.cc [for tool]; 8s processwrapper-sandbox ... (4 actions, 3 running)
[1,273 / 2,801] Compiling src/google/protobuf/generated_message_reflection.cc [for tool]; 9s processwrapper-sandbox ... (4 actions, 3 running)
[1,276 / 2,801] Compiling src/google/protobuf/generated_message_reflection.cc [for tool]; 10s processwrapper-sandbox ... (4 actions, 3 running)
[1,279 / 2,801] Compiling src/google/protobuf/generated_message_reflection.cc [for tool]; 11s processwrapper-sandbox ... (4 actions, 3 running)
INFO: From Compiling src/google/protobuf/generated_message_reflection.cc [for tool]:
external/protobuf+/src/google/protobuf/generated_message_reflection.cc: In member function 'const google::protobuf::Message* google::protobuf::Reflection::GetDefaultMessageInstance(const google::protobuf::FieldDescriptor*) const':
external/protobuf+/src/google/protobuf/generated_message_reflection.cc:2518:29: warning: 'bool google::protobuf::FieldOptions::weak() const' is deprecated [-Wdeprecated-declarations]
 2518 |       !field->options().weak() && !IsLazyField(field) &&
      |        ~~~~~~~~~~~~~~~~~~~~~^~
In file included from bazel-out/k8-opt-exec-ST-d57f47055a04/bin/external/protobuf+/src/google/protobuf/_virtual_includes/protobuf/google/protobuf/cpp_features.pb.h:34,
                 from external/protobuf+/src/google/protobuf/generated_message_reflection.cc:44:
bazel-out/k8-opt-exec-ST-d57f47055a04/bin/external/protobuf+/src/google/protobuf/_virtual_includes/protobuf/google/protobuf/descriptor.pb.h:19782:13: note: declared here
19782 | inline bool FieldOptions::weak() const {
      |             ^~~~~~~~~~~~
In file included from external/abseil-cpp+/absl/log/internal/check_impl.h:20,
                 from external/abseil-cpp+/absl/log/absl_check.h:38,
                 from bazel-out/k8-opt-exec-ST-d57f47055a04/bin/external/protobuf+/src/google/protobuf/_virtual_includes/protobuf/google/protobuf/generated_message_reflection.h:25,
                 from external/protobuf+/src/google/protobuf/generated_message_reflection.cc:12:
external/protobuf+/src/google/protobuf/generated_message_reflection.cc: In member function 'bool google::protobuf::Reflection::HasFieldWithHasbits(const google::protobuf::Message&, const google::protobuf::FieldDescriptor*) const':
external/protobuf+/src/google/protobuf/generated_message_reflection.cc:3228:37: warning: 'bool google::protobuf::FieldOptions::weak() const' is deprecated [-Wdeprecated-declarations]
 3228 |   ABSL_DCHECK(!field->options().weak());
      |                ~~~~~~~~~~~~~~~~~~~~~^~
external/abseil-cpp+/absl/log/internal/conditions.h:68:7: note: in definition of macro 'ABSL_LOG_INTERNAL_STATELESS_CONDITION'
   68 |     !(condition) ? (void)0 : ::absl::log_internal::Voidify() &&
      |       ^~~~~~~~~
external/abseil-cpp+/absl/log/internal/check_impl.h:26:3: note: in expansion of macro 'ABSL_LOG_INTERNAL_CONDITION_FATAL'
   26 |   ABSL_LOG_INTERNAL_CONDITION_FATAL(STATELESS,                        \
      |   ^~~~~~~~~~~~~~~~~~~~~~~~~~~~~~~~~
external/abseil-cpp+/absl/log/internal/check_impl.h:27:37: note: in expansion of macro 'ABSL_PREDICT_FALSE'
   27 |                                     ABSL_PREDICT_FALSE(!(condition))) \
      |                                     ^~~~~~~~~~~~~~~~~~
external/abseil-cpp+/absl/log/internal/check_impl.h:43:3: note: in expansion of macro 'ABSL_LOG_INTERNAL_CHECK_IMPL'
   43 |   ABSL_LOG_INTERNAL_CHECK_IMPL(true || (condition), "true")
      |   ^~~~~~~~~~~~~~~~~~~~~~~~~~~~
external/abseil-cpp+/absl/log/absl_check.h:47:3: note: in expansion of macro 'ABSL_LOG_INTERNAL_DCHECK_IMPL'
   47 |   ABSL_LOG_INTERNAL_DCHECK_IMPL((condition), #condition)
      |   ^~~~~~~~~~~~~~~~~~~~~~~~~~~~~
external/protobuf+/src/google/protobuf/generated_message_reflection.cc:3228:3: note: in expansion of macro 'ABSL_DCHECK'
 3228 |   ABSL_DCHECK(!field->options().weak());
      |   ^~~~~~~~~~~
bazel-out/k8-opt-exec-ST-d57f47055a04/bin/external/protobuf+/src/google/protobuf/_virtual_includes/protobuf/google/protobuf/descriptor.pb.h:19782:13: note: declared here
19782 | inline bool FieldOptions::weak() const {
      |             ^~~~~~~~~~~~
external/protobuf+/src/google/protobuf/generated_message_reflection.cc: In member function 'void google::protobuf::Reflection::SetHasBit(google::protobuf::Message*, const google::protobuf::FieldDescriptor*) const':
external/protobuf+/src/google/protobuf/generated_message_reflection.cc:3261:37: warning: 'bool google::protobuf::FieldOptions::weak() const' is deprecated [-Wdeprecated-declarations]
 3261 |   ABSL_DCHECK(!field->options().weak());
      |                ~~~~~~~~~~~~~~~~~~~~~^~
external/abseil-cpp+/absl/log/internal/conditions.h:68:7: note: in definition of macro 'ABSL_LOG_INTERNAL_STATELESS_CONDITION'
   68 |     !(condition) ? (void)0 : ::absl::log_internal::Voidify() &&
      |       ^~~~~~~~~
external/abseil-cpp+/absl/log/internal/check_impl.h:26:3: note: in expansion of macro 'ABSL_LOG_INTERNAL_CONDITION_FATAL'
   26 |   ABSL_LOG_INTERNAL_CONDITION_FATAL(STATELESS,                        \
      |   ^~~~~~~~~~~~~~~~~~~~~~~~~~~~~~~~~
external/abseil-cpp+/absl/log/internal/check_impl.h:27:37: note: in expansion of macro 'ABSL_PREDICT_FALSE'
   27 |                                     ABSL_PREDICT_FALSE(!(condition))) \
      |                                     ^~~~~~~~~~~~~~~~~~
external/abseil-cpp+/absl/log/internal/check_impl.h:43:3: note: in expansion of macro 'ABSL_LOG_INTERNAL_CHECK_IMPL'
   43 |   ABSL_LOG_INTERNAL_CHECK_IMPL(true || (condition), "true")
      |   ^~~~~~~~~~~~~~~~~~~~~~~~~~~~
external/abseil-cpp+/absl/log/absl_check.h:47:3: note: in expansion of macro 'ABSL_LOG_INTERNAL_DCHECK_IMPL'
   47 |   ABSL_LOG_INTERNAL_DCHECK_IMPL((condition), #condition)
      |   ^~~~~~~~~~~~~~~~~~~~~~~~~~~~~
external/protobuf+/src/google/protobuf/generated_message_reflection.cc:3261:3: note: in expansion of macro 'ABSL_DCHECK'
 3261 |   ABSL_DCHECK(!field->options().weak());
      |   ^~~~~~~~~~~
bazel-out/k8-opt-exec-ST-d57f47055a04/bin/external/protobuf+/src/google/protobuf/_virtual_includes/protobuf/google/protobuf/descriptor.pb.h:19782:13: note: declared here
19782 | inline bool FieldOptions::weak() const {
      |             ^~~~~~~~~~~~
external/protobuf+/src/google/protobuf/generated_message_reflection.cc: In member function 'void google::protobuf::Reflection::ClearHasBit(google::protobuf::Message*, const google::protobuf::FieldDescriptor*) const':
external/protobuf+/src/google/protobuf/generated_message_reflection.cc:3270:37: warning: 'bool google::protobuf::FieldOptions::weak() const' is deprecated [-Wdeprecated-declarations]
 3270 |   ABSL_DCHECK(!field->options().weak());
      |                ~~~~~~~~~~~~~~~~~~~~~^~
external/abseil-cpp+/absl/log/internal/conditions.h:68:7: note: in definition of macro 'ABSL_LOG_INTERNAL_STATELESS_CONDITION'
   68 |     !(condition) ? (void)0 : ::absl::log_internal::Voidify() &&
      |       ^~~~~~~~~
external/abseil-cpp+/absl/log/internal/check_impl.h:26:3: note: in expansion of macro 'ABSL_LOG_INTERNAL_CONDITION_FATAL'
   26 |   ABSL_LOG_INTERNAL_CONDITION_FATAL(STATELESS,                        \
      |   ^~~~~~~~~~~~~~~~~~~~~~~~~~~~~~~~~
external/abseil-cpp+/absl/log/internal/check_impl.h:27:37: note: in expansion of macro 'ABSL_PREDICT_FALSE'
   27 |                                     ABSL_PREDICT_FALSE(!(condition))) \
      |                                     ^~~~~~~~~~~~~~~~~~
external/abseil-cpp+/absl/log/internal/check_impl.h:43:3: note: in expansion of macro 'ABSL_LOG_INTERNAL_CHECK_IMPL'
   43 |   ABSL_LOG_INTERNAL_CHECK_IMPL(true || (condition), "true")
      |   ^~~~~~~~~~~~~~~~~~~~~~~~~~~~
external/abseil-cpp+/absl/log/absl_check.h:47:3: note: in expansion of macro 'ABSL_LOG_INTERNAL_DCHECK_IMPL'
   47 |   ABSL_LOG_INTERNAL_DCHECK_IMPL((condition), #condition)
      |   ^~~~~~~~~~~~~~~~~~~~~~~~~~~~~
external/protobuf+/src/google/protobuf/generated_message_reflection.cc:3270:3: note: in expansion of macro 'ABSL_DCHECK'
 3270 |   ABSL_DCHECK(!field->options().weak());
      |   ^~~~~~~~~~~
bazel-out/k8-opt-exec-ST-d57f47055a04/bin/external/protobuf+/src/google/protobuf/_virtual_includes/protobuf/google/protobuf/descriptor.pb.h:19782:13: note: declared here
19782 | inline bool FieldOptions::weak() const {
      |             ^~~~~~~~~~~~
external/protobuf+/src/google/protobuf/generated_message_reflection.cc: In member function 'void google::protobuf::Reflection::NaiveSwapHasBit(google::protobuf::Message*, google::protobuf::Message*, const google::protobuf::FieldDescriptor*) const':
external/protobuf+/src/google/protobuf/generated_message_reflection.cc:3279:37: warning: 'bool google::protobuf::FieldOptions::weak() const' is deprecated [-Wdeprecated-declarations]
 3279 |   ABSL_DCHECK(!field->options().weak());
      |                ~~~~~~~~~~~~~~~~~~~~~^~
external/abseil-cpp+/absl/log/internal/conditions.h:68:7: note: in definition of macro 'ABSL_LOG_INTERNAL_STATELESS_CONDITION'
   68 |     !(condition) ? (void)0 : ::absl::log_internal::Voidify() &&
      |       ^~~~~~~~~
external/abseil-cpp+/absl/log/internal/check_impl.h:26:3: note: in expansion of macro 'ABSL_LOG_INTERNAL_CONDITION_FATAL'
   26 |   ABSL_LOG_INTERNAL_CONDITION_FATAL(STATELESS,                        \
      |   ^~~~~~~~~~~~~~~~~~~~~~~~~~~~~~~~~
external/abseil-cpp+/absl/log/internal/check_impl.h:27:37: note: in expansion of macro 'ABSL_PREDICT_FALSE'
   27 |                                     ABSL_PREDICT_FALSE(!(condition))) \
      |                                     ^~~~~~~~~~~~~~~~~~
external/abseil-cpp+/absl/log/internal/check_impl.h:43:3: note: in expansion of macro 'ABSL_LOG_INTERNAL_CHECK_IMPL'
   43 |   ABSL_LOG_INTERNAL_CHECK_IMPL(true || (condition), "true")
      |   ^~~~~~~~~~~~~~~~~~~~~~~~~~~~
external/abseil-cpp+/absl/log/absl_check.h:47:3: note: in expansion of macro 'ABSL_LOG_INTERNAL_DCHECK_IMPL'
   47 |   ABSL_LOG_INTERNAL_DCHECK_IMPL((condition), #condition)
      |   ^~~~~~~~~~~~~~~~~~~~~~~~~~~~~
external/protobuf+/src/google/protobuf/generated_message_reflection.cc:3279:3: note: in expansion of macro 'ABSL_DCHECK'
 3279 |   ABSL_DCHECK(!field->options().weak());
      |   ^~~~~~~~~~~
bazel-out/k8-opt-exec-ST-d57f47055a04/bin/external/protobuf+/src/google/protobuf/_virtual_includes/protobuf/google/protobuf/descriptor.pb.h:19782:13: note: declared here
19782 | inline bool FieldOptions::weak() const {
      |             ^~~~~~~~~~~~
bazel-out/k8-opt-exec-ST-d57f47055a04/bin/external/protobuf+/src/google/protobuf/_virtual_includes/protobuf/google/protobuf/reflection_visit_fields.h: In instantiation of 'static void google::protobuf::internal::ReflectionVisit::VisitFields(MessageT&, CallbackFn&&, google::protobuf::internal::FieldMask) [with MessageT = google::protobuf::Message; CallbackFn = google::protobuf::internal::ReflectionVisit::VisitMessageFields<google::protobuf::Reflection::MaybePoisonAfterClear(google::protobuf::Message&) const::<lambda(google::protobuf::Message&)> >(google::protobuf::Message&, google::protobuf::Reflection::MaybePoisonAfterClear(google::protobuf::Message&) const::<lambda(google::protobuf::Message&)>&&)::<lambda(auto:57)>]':
bazel-out/k8-opt-exec-ST-d57f47055a04/bin/external/protobuf+/src/google/protobuf/_virtual_includes/protobuf/google/protobuf/reflection_visit_fields.h:447:31:   required from 'static void google::protobuf::internal::ReflectionVisit::VisitMessageFields(google::protobuf::Message&, CallbackFn&&) [with CallbackFn = google::protobuf::Reflection::MaybePoisonAfterClear(google::protobuf::Message&) const::<lambda(google::protobuf::Message&)>]'
bazel-out/k8-opt-exec-ST-d57f47055a04/bin/external/protobuf+/src/google/protobuf/_virtual_includes/protobuf/google/protobuf/reflection_visit_fields.h:502:38:   required from 'void google::protobuf::internal::VisitMutableMessageFields(google::protobuf::Message&, CallbackFn&&) [with CallbackFn = google::protobuf::Reflection::MaybePoisonAfterClear(google::protobuf::Message&) const::<lambda(google::protobuf::Message&)>]'
external/protobuf+/src/google/protobuf/generated_message_reflection.cc:1399:40:   required from here
bazel-out/k8-opt-exec-ST-d57f47055a04/bin/external/protobuf+/src/google/protobuf/_virtual_includes/protobuf/google/protobuf/reflection_visit_fields.h:109:39: warning: 'bool google::protobuf::FieldOptions::weak() const' is deprecated [-Wdeprecated-declarations]
  109 |     ABSL_DCHECK(!field->options().weak()) << "weak fields are not supported";
      |                  ~~~~~~~~~~~~~~~~~~~~~^~
external/abseil-cpp+/absl/log/internal/conditions.h:68:7: note: in definition of macro 'ABSL_LOG_INTERNAL_STATELESS_CONDITION'
   68 |     !(condition) ? (void)0 : ::absl::log_internal::Voidify() &&
      |       ^~~~~~~~~
external/abseil-cpp+/absl/log/internal/check_impl.h:26:3: note: in expansion of macro 'ABSL_LOG_INTERNAL_CONDITION_FATAL'
   26 |   ABSL_LOG_INTERNAL_CONDITION_FATAL(STATELESS,                        \
      |   ^~~~~~~~~~~~~~~~~~~~~~~~~~~~~~~~~
external/abseil-cpp+/absl/log/internal/check_impl.h:27:37: note: in expansion of macro 'ABSL_PREDICT_FALSE'
   27 |                                     ABSL_PREDICT_FALSE(!(condition))) \
      |                                     ^~~~~~~~~~~~~~~~~~
external/abseil-cpp+/absl/log/internal/check_impl.h:43:3: note: in expansion of macro 'ABSL_LOG_INTERNAL_CHECK_IMPL'
   43 |   ABSL_LOG_INTERNAL_CHECK_IMPL(true || (condition), "true")
      |   ^~~~~~~~~~~~~~~~~~~~~~~~~~~~
external/abseil-cpp+/absl/log/absl_check.h:47:3: note: in expansion of macro 'ABSL_LOG_INTERNAL_DCHECK_IMPL'
   47 |   ABSL_LOG_INTERNAL_DCHECK_IMPL((condition), #condition)
      |   ^~~~~~~~~~~~~~~~~~~~~~~~~~~~~
bazel-out/k8-opt-exec-ST-d57f47055a04/bin/external/protobuf+/src/google/protobuf/_virtual_includes/protobuf/google/protobuf/reflection_visit_fields.h:109:5: note: in expansion of macro 'ABSL_DCHECK'
  109 |     ABSL_DCHECK(!field->options().weak()) << "weak fields are not supported";
      |     ^~~~~~~~~~~
bazel-out/k8-opt-exec-ST-d57f47055a04/bin/external/protobuf+/src/google/protobuf/_virtual_includes/protobuf/google/protobuf/descriptor.pb.h:19782:13: note: declared here
19782 | inline bool FieldOptions::weak() const {
      |             ^~~~~~~~~~~~
bazel-out/k8-opt-exec-ST-d57f47055a04/bin/external/protobuf+/src/google/protobuf/_virtual_includes/protobuf/google/protobuf/reflection_visit_fields.h:109:39: warning: 'bool google::protobuf::FieldOptions::weak() const' is deprecated [-Wdeprecated-declarations]
  109 |     ABSL_DCHECK(!field->options().weak()) << "weak fields are not supported";
      |                  ~~~~~~~~~~~~~~~~~~~~~^~
external/abseil-cpp+/absl/log/internal/conditions.h:68:7: note: in definition of macro 'ABSL_LOG_INTERNAL_STATELESS_CONDITION'
   68 |     !(condition) ? (void)0 : ::absl::log_internal::Voidify() &&
      |       ^~~~~~~~~
external/abseil-cpp+/absl/log/internal/check_impl.h:26:3: note: in expansion of macro 'ABSL_LOG_INTERNAL_CONDITION_FATAL'
   26 |   ABSL_LOG_INTERNAL_CONDITION_FATAL(STATELESS,                        \
      |   ^~~~~~~~~~~~~~~~~~~~~~~~~~~~~~~~~
external/abseil-cpp+/absl/log/internal/check_impl.h:27:37: note: in expansion of macro 'ABSL_PREDICT_FALSE'
   27 |                                     ABSL_PREDICT_FALSE(!(condition))) \
      |                                     ^~~~~~~~~~~~~~~~~~
external/abseil-cpp+/absl/log/internal/check_impl.h:43:3: note: in expansion of macro 'ABSL_LOG_INTERNAL_CHECK_IMPL'
   43 |   ABSL_LOG_INTERNAL_CHECK_IMPL(true || (condition), "true")
      |   ^~~~~~~~~~~~~~~~~~~~~~~~~~~~
external/abseil-cpp+/absl/log/absl_check.h:47:3: note: in expansion of macro 'ABSL_LOG_INTERNAL_DCHECK_IMPL'
   47 |   ABSL_LOG_INTERNAL_DCHECK_IMPL((condition), #condition)
      |   ^~~~~~~~~~~~~~~~~~~~~~~~~~~~~
bazel-out/k8-opt-exec-ST-d57f47055a04/bin/external/protobuf+/src/google/protobuf/_virtual_includes/protobuf/google/protobuf/reflection_visit_fields.h:109:5: note: in expansion of macro 'ABSL_DCHECK'
  109 |     ABSL_DCHECK(!field->options().weak()) << "weak fields are not supported";
      |     ^~~~~~~~~~~
bazel-out/k8-opt-exec-ST-d57f47055a04/bin/external/protobuf+/src/google/protobuf/_virtual_includes/protobuf/google/protobuf/descriptor.pb.h:19782:13: note: declared here
19782 | inline bool FieldOptions::weak() const {
      |             ^~~~~~~~~~~~
[1,282 / 2,801] Compiling src/google/protobuf/generated_message_reflection.cc [for tool]; 3s processwrapper-sandbox ... (4 actions running)
[1,285 / 2,801] Compiling src/google/protobuf/generated_message_reflection.cc [for tool]; 4s processwrapper-sandbox ... (4 actions, 3 running)
[1,287 / 2,801] Compiling src/google/protobuf/generated_message_reflection.cc [for tool]; 5s processwrapper-sandbox ... (4 actions, 3 running)
[1,289 / 2,801] Compiling src/google/protobuf/generated_message_reflection.cc [for tool]; 7s processwrapper-sandbox ... (4 actions running)
[1,290 / 2,801] Compiling src/google/protobuf/generated_message_reflection.cc [for tool]; 8s processwrapper-sandbox ... (4 actions running)
[1,297 / 2,801] Compiling src/google/protobuf/generated_message_reflection.cc [for tool]; 9s processwrapper-sandbox ... (4 actions running)
INFO: From Compiling src/google/protobuf/generated_message_reflection.cc [for tool]:
external/protobuf+/src/google/protobuf/generated_message_reflection.cc: In member function 'const google::protobuf::Message* google::protobuf::Reflection::GetDefaultMessageInstance(const google::protobuf::FieldDescriptor*) const':
external/protobuf+/src/google/protobuf/generated_message_reflection.cc:2518:29: warning: 'bool google::protobuf::FieldOptions::weak() const' is deprecated [-Wdeprecated-declarations]
 2518 |       !field->options().weak() && !IsLazyField(field) &&
      |        ~~~~~~~~~~~~~~~~~~~~~^~
In file included from bazel-out/k8-opt-exec-ST-020102668b12/bin/external/protobuf+/src/google/protobuf/_virtual_includes/protobuf/google/protobuf/cpp_features.pb.h:34,
                 from external/protobuf+/src/google/protobuf/generated_message_reflection.cc:44:
bazel-out/k8-opt-exec-ST-020102668b12/bin/external/protobuf+/src/google/protobuf/_virtual_includes/protobuf/google/protobuf/descriptor.pb.h:19782:13: note: declared here
19782 | inline bool FieldOptions::weak() const {
      |             ^~~~~~~~~~~~
In file included from external/abseil-cpp+/absl/log/internal/check_impl.h:20,
                 from external/abseil-cpp+/absl/log/absl_check.h:38,
                 from bazel-out/k8-opt-exec-ST-020102668b12/bin/external/protobuf+/src/google/protobuf/_virtual_includes/protobuf/google/protobuf/generated_message_reflection.h:25,
                 from external/protobuf+/src/google/protobuf/generated_message_reflection.cc:12:
external/protobuf+/src/google/protobuf/generated_message_reflection.cc: In member function 'bool google::protobuf::Reflection::HasFieldWithHasbits(const google::protobuf::Message&, const google::protobuf::FieldDescriptor*) const':
external/protobuf+/src/google/protobuf/generated_message_reflection.cc:3228:37: warning: 'bool google::protobuf::FieldOptions::weak() const' is deprecated [-Wdeprecated-declarations]
 3228 |   ABSL_DCHECK(!field->options().weak());
      |                ~~~~~~~~~~~~~~~~~~~~~^~
external/abseil-cpp+/absl/log/internal/conditions.h:68:7: note: in definition of macro 'ABSL_LOG_INTERNAL_STATELESS_CONDITION'
   68 |     !(condition) ? (void)0 : ::absl::log_internal::Voidify() &&
      |       ^~~~~~~~~
external/abseil-cpp+/absl/log/internal/check_impl.h:26:3: note: in expansion of macro 'ABSL_LOG_INTERNAL_CONDITION_FATAL'
   26 |   ABSL_LOG_INTERNAL_CONDITION_FATAL(STATELESS,                        \
      |   ^~~~~~~~~~~~~~~~~~~~~~~~~~~~~~~~~
external/abseil-cpp+/absl/log/internal/check_impl.h:27:37: note: in expansion of macro 'ABSL_PREDICT_FALSE'
   27 |                                     ABSL_PREDICT_FALSE(!(condition))) \
      |                                     ^~~~~~~~~~~~~~~~~~
external/abseil-cpp+/absl/log/internal/check_impl.h:43:3: note: in expansion of macro 'ABSL_LOG_INTERNAL_CHECK_IMPL'
   43 |   ABSL_LOG_INTERNAL_CHECK_IMPL(true || (condition), "true")
      |   ^~~~~~~~~~~~~~~~~~~~~~~~~~~~
external/abseil-cpp+/absl/log/absl_check.h:47:3: note: in expansion of macro 'ABSL_LOG_INTERNAL_DCHECK_IMPL'
   47 |   ABSL_LOG_INTERNAL_DCHECK_IMPL((condition), #condition)
      |   ^~~~~~~~~~~~~~~~~~~~~~~~~~~~~
external/protobuf+/src/google/protobuf/generated_message_reflection.cc:3228:3: note: in expansion of macro 'ABSL_DCHECK'
 3228 |   ABSL_DCHECK(!field->options().weak());
      |   ^~~~~~~~~~~
bazel-out/k8-opt-exec-ST-020102668b12/bin/external/protobuf+/src/google/protobuf/_virtual_includes/protobuf/google/protobuf/descriptor.pb.h:19782:13: note: declared here
19782 | inline bool FieldOptions::weak() const {
      |             ^~~~~~~~~~~~
external/protobuf+/src/google/protobuf/generated_message_reflection.cc: In member function 'void google::protobuf::Reflection::SetHasBit(google::protobuf::Message*, const google::protobuf::FieldDescriptor*) const':
external/protobuf+/src/google/protobuf/generated_message_reflection.cc:3261:37: warning: 'bool google::protobuf::FieldOptions::weak() const' is deprecated [-Wdeprecated-declarations]
 3261 |   ABSL_DCHECK(!field->options().weak());
      |                ~~~~~~~~~~~~~~~~~~~~~^~
external/abseil-cpp+/absl/log/internal/conditions.h:68:7: note: in definition of macro 'ABSL_LOG_INTERNAL_STATELESS_CONDITION'
   68 |     !(condition) ? (void)0 : ::absl::log_internal::Voidify() &&
      |       ^~~~~~~~~
external/abseil-cpp+/absl/log/internal/check_impl.h:26:3: note: in expansion of macro 'ABSL_LOG_INTERNAL_CONDITION_FATAL'
   26 |   ABSL_LOG_INTERNAL_CONDITION_FATAL(STATELESS,                        \
      |   ^~~~~~~~~~~~~~~~~~~~~~~~~~~~~~~~~
external/abseil-cpp+/absl/log/internal/check_impl.h:27:37: note: in expansion of macro 'ABSL_PREDICT_FALSE'
   27 |                                     ABSL_PREDICT_FALSE(!(condition))) \
      |                                     ^~~~~~~~~~~~~~~~~~
external/abseil-cpp+/absl/log/internal/check_impl.h:43:3: note: in expansion of macro 'ABSL_LOG_INTERNAL_CHECK_IMPL'
   43 |   ABSL_LOG_INTERNAL_CHECK_IMPL(true || (condition), "true")
      |   ^~~~~~~~~~~~~~~~~~~~~~~~~~~~
external/abseil-cpp+/absl/log/absl_check.h:47:3: note: in expansion of macro 'ABSL_LOG_INTERNAL_DCHECK_IMPL'
   47 |   ABSL_LOG_INTERNAL_DCHECK_IMPL((condition), #condition)
      |   ^~~~~~~~~~~~~~~~~~~~~~~~~~~~~
external/protobuf+/src/google/protobuf/generated_message_reflection.cc:3261:3: note: in expansion of macro 'ABSL_DCHECK'
 3261 |   ABSL_DCHECK(!field->options().weak());
      |   ^~~~~~~~~~~
bazel-out/k8-opt-exec-ST-020102668b12/bin/external/protobuf+/src/google/protobuf/_virtual_includes/protobuf/google/protobuf/descriptor.pb.h:19782:13: note: declared here
19782 | inline bool FieldOptions::weak() const {
      |             ^~~~~~~~~~~~
external/protobuf+/src/google/protobuf/generated_message_reflection.cc: In member function 'void google::protobuf::Reflection::ClearHasBit(google::protobuf::Message*, const google::protobuf::FieldDescriptor*) const':
external/protobuf+/src/google/protobuf/generated_message_reflection.cc:3270:37: warning: 'bool google::protobuf::FieldOptions::weak() const' is deprecated [-Wdeprecated-declarations]
 3270 |   ABSL_DCHECK(!field->options().weak());
      |                ~~~~~~~~~~~~~~~~~~~~~^~
external/abseil-cpp+/absl/log/internal/conditions.h:68:7: note: in definition of macro 'ABSL_LOG_INTERNAL_STATELESS_CONDITION'
   68 |     !(condition) ? (void)0 : ::absl::log_internal::Voidify() &&
      |       ^~~~~~~~~
external/abseil-cpp+/absl/log/internal/check_impl.h:26:3: note: in expansion of macro 'ABSL_LOG_INTERNAL_CONDITION_FATAL'
   26 |   ABSL_LOG_INTERNAL_CONDITION_FATAL(STATELESS,                        \
      |   ^~~~~~~~~~~~~~~~~~~~~~~~~~~~~~~~~
external/abseil-cpp+/absl/log/internal/check_impl.h:27:37: note: in expansion of macro 'ABSL_PREDICT_FALSE'
   27 |                                     ABSL_PREDICT_FALSE(!(condition))) \
      |                                     ^~~~~~~~~~~~~~~~~~
external/abseil-cpp+/absl/log/internal/check_impl.h:43:3: note: in expansion of macro 'ABSL_LOG_INTERNAL_CHECK_IMPL'
   43 |   ABSL_LOG_INTERNAL_CHECK_IMPL(true || (condition), "true")
      |   ^~~~~~~~~~~~~~~~~~~~~~~~~~~~
external/abseil-cpp+/absl/log/absl_check.h:47:3: note: in expansion of macro 'ABSL_LOG_INTERNAL_DCHECK_IMPL'
   47 |   ABSL_LOG_INTERNAL_DCHECK_IMPL((condition), #condition)
      |   ^~~~~~~~~~~~~~~~~~~~~~~~~~~~~
external/protobuf+/src/google/protobuf/generated_message_reflection.cc:3270:3: note: in expansion of macro 'ABSL_DCHECK'
 3270 |   ABSL_DCHECK(!field->options().weak());
      |   ^~~~~~~~~~~
bazel-out/k8-opt-exec-ST-020102668b12/bin/external/protobuf+/src/google/protobuf/_virtual_includes/protobuf/google/protobuf/descriptor.pb.h:19782:13: note: declared here
19782 | inline bool FieldOptions::weak() const {
      |             ^~~~~~~~~~~~
external/protobuf+/src/google/protobuf/generated_message_reflection.cc: In member function 'void google::protobuf::Reflection::NaiveSwapHasBit(google::protobuf::Message*, google::protobuf::Message*, const google::protobuf::FieldDescriptor*) const':
external/protobuf+/src/google/protobuf/generated_message_reflection.cc:3279:37: warning: 'bool google::protobuf::FieldOptions::weak() const' is deprecated [-Wdeprecated-declarations]
 3279 |   ABSL_DCHECK(!field->options().weak());
      |                ~~~~~~~~~~~~~~~~~~~~~^~
external/abseil-cpp+/absl/log/internal/conditions.h:68:7: note: in definition of macro 'ABSL_LOG_INTERNAL_STATELESS_CONDITION'
   68 |     !(condition) ? (void)0 : ::absl::log_internal::Voidify() &&
      |       ^~~~~~~~~
external/abseil-cpp+/absl/log/internal/check_impl.h:26:3: note: in expansion of macro 'ABSL_LOG_INTERNAL_CONDITION_FATAL'
   26 |   ABSL_LOG_INTERNAL_CONDITION_FATAL(STATELESS,                        \
      |   ^~~~~~~~~~~~~~~~~~~~~~~~~~~~~~~~~
external/abseil-cpp+/absl/log/internal/check_impl.h:27:37: note: in expansion of macro 'ABSL_PREDICT_FALSE'
   27 |                                     ABSL_PREDICT_FALSE(!(condition))) \
      |                                     ^~~~~~~~~~~~~~~~~~
external/abseil-cpp+/absl/log/internal/check_impl.h:43:3: note: in expansion of macro 'ABSL_LOG_INTERNAL_CHECK_IMPL'
   43 |   ABSL_LOG_INTERNAL_CHECK_IMPL(true || (condition), "true")
      |   ^~~~~~~~~~~~~~~~~~~~~~~~~~~~
external/abseil-cpp+/absl/log/absl_check.h:47:3: note: in expansion of macro 'ABSL_LOG_INTERNAL_DCHECK_IMPL'
   47 |   ABSL_LOG_INTERNAL_DCHECK_IMPL((condition), #condition)
      |   ^~~~~~~~~~~~~~~~~~~~~~~~~~~~~
external/protobuf+/src/google/protobuf/generated_message_reflection.cc:3279:3: note: in expansion of macro 'ABSL_DCHECK'
 3279 |   ABSL_DCHECK(!field->options().weak());
      |   ^~~~~~~~~~~
bazel-out/k8-opt-exec-ST-020102668b12/bin/external/protobuf+/src/google/protobuf/_virtual_includes/protobuf/google/protobuf/descriptor.pb.h:19782:13: note: declared here
19782 | inline bool FieldOptions::weak() const {
      |             ^~~~~~~~~~~~
bazel-out/k8-opt-exec-ST-020102668b12/bin/external/protobuf+/src/google/protobuf/_virtual_includes/protobuf/google/protobuf/reflection_visit_fields.h: In instantiation of 'static void google::protobuf::internal::ReflectionVisit::VisitFields(MessageT&, CallbackFn&&, google::protobuf::internal::FieldMask) [with MessageT = google::protobuf::Message; CallbackFn = google::protobuf::internal::ReflectionVisit::VisitMessageFields<google::protobuf::Reflection::MaybePoisonAfterClear(google::protobuf::Message&) const::<lambda(google::protobuf::Message&)> >(google::protobuf::Message&, google::protobuf::Reflection::MaybePoisonAfterClear(google::protobuf::Message&) const::<lambda(google::protobuf::Message&)>&&)::<lambda(auto:57)>]':
bazel-out/k8-opt-exec-ST-020102668b12/bin/external/protobuf+/src/google/protobuf/_virtual_includes/protobuf/google/protobuf/reflection_visit_fields.h:447:31:   required from 'static void google::protobuf::internal::ReflectionVisit::VisitMessageFields(google::protobuf::Message&, CallbackFn&&) [with CallbackFn = google::protobuf::Reflection::MaybePoisonAfterClear(google::protobuf::Message&) const::<lambda(google::protobuf::Message&)>]'
bazel-out/k8-opt-exec-ST-020102668b12/bin/external/protobuf+/src/google/protobuf/_virtual_includes/protobuf/google/protobuf/reflection_visit_fields.h:502:38:   required from 'void google::protobuf::internal::VisitMutableMessageFields(google::protobuf::Message&, CallbackFn&&) [with CallbackFn = google::protobuf::Reflection::MaybePoisonAfterClear(google::protobuf::Message&) const::<lambda(google::protobuf::Message&)>]'
external/protobuf+/src/google/protobuf/generated_message_reflection.cc:1399:40:   required from here
bazel-out/k8-opt-exec-ST-020102668b12/bin/external/protobuf+/src/google/protobuf/_virtual_includes/protobuf/google/protobuf/reflection_visit_fields.h:109:39: warning: 'bool google::protobuf::FieldOptions::weak() const' is deprecated [-Wdeprecated-declarations]
  109 |     ABSL_DCHECK(!field->options().weak()) << "weak fields are not supported";
      |                  ~~~~~~~~~~~~~~~~~~~~~^~
external/abseil-cpp+/absl/log/internal/conditions.h:68:7: note: in definition of macro 'ABSL_LOG_INTERNAL_STATELESS_CONDITION'
   68 |     !(condition) ? (void)0 : ::absl::log_internal::Voidify() &&
      |       ^~~~~~~~~
external/abseil-cpp+/absl/log/internal/check_impl.h:26:3: note: in expansion of macro 'ABSL_LOG_INTERNAL_CONDITION_FATAL'
   26 |   ABSL_LOG_INTERNAL_CONDITION_FATAL(STATELESS,                        \
      |   ^~~~~~~~~~~~~~~~~~~~~~~~~~~~~~~~~
external/abseil-cpp+/absl/log/internal/check_impl.h:27:37: note: in expansion of macro 'ABSL_PREDICT_FALSE'
   27 |                                     ABSL_PREDICT_FALSE(!(condition))) \
      |                                     ^~~~~~~~~~~~~~~~~~
external/abseil-cpp+/absl/log/internal/check_impl.h:43:3: note: in expansion of macro 'ABSL_LOG_INTERNAL_CHECK_IMPL'
   43 |   ABSL_LOG_INTERNAL_CHECK_IMPL(true || (condition), "true")
      |   ^~~~~~~~~~~~~~~~~~~~~~~~~~~~
external/abseil-cpp+/absl/log/absl_check.h:47:3: note: in expansion of macro 'ABSL_LOG_INTERNAL_DCHECK_IMPL'
   47 |   ABSL_LOG_INTERNAL_DCHECK_IMPL((condition), #condition)
      |   ^~~~~~~~~~~~~~~~~~~~~~~~~~~~~
bazel-out/k8-opt-exec-ST-020102668b12/bin/external/protobuf+/src/google/protobuf/_virtual_includes/protobuf/google/protobuf/reflection_visit_fields.h:109:5: note: in expansion of macro 'ABSL_DCHECK'
  109 |     ABSL_DCHECK(!field->options().weak()) << "weak fields are not supported";
      |     ^~~~~~~~~~~
bazel-out/k8-opt-exec-ST-020102668b12/bin/external/protobuf+/src/google/protobuf/_virtual_includes/protobuf/google/protobuf/descriptor.pb.h:19782:13: note: declared here
19782 | inline bool FieldOptions::weak() const {
      |             ^~~~~~~~~~~~
bazel-out/k8-opt-exec-ST-020102668b12/bin/external/protobuf+/src/google/protobuf/_virtual_includes/protobuf/google/protobuf/reflection_visit_fields.h:109:39: warning: 'bool google::protobuf::FieldOptions::weak() const' is deprecated [-Wdeprecated-declarations]
  109 |     ABSL_DCHECK(!field->options().weak()) << "weak fields are not supported";
      |                  ~~~~~~~~~~~~~~~~~~~~~^~
external/abseil-cpp+/absl/log/internal/conditions.h:68:7: note: in definition of macro 'ABSL_LOG_INTERNAL_STATELESS_CONDITION'
   68 |     !(condition) ? (void)0 : ::absl::log_internal::Voidify() &&
      |       ^~~~~~~~~
external/abseil-cpp+/absl/log/internal/check_impl.h:26:3: note: in expansion of macro 'ABSL_LOG_INTERNAL_CONDITION_FATAL'
   26 |   ABSL_LOG_INTERNAL_CONDITION_FATAL(STATELESS,                        \
      |   ^~~~~~~~~~~~~~~~~~~~~~~~~~~~~~~~~
external/abseil-cpp+/absl/log/internal/check_impl.h:27:37: note: in expansion of macro 'ABSL_PREDICT_FALSE'
   27 |                                     ABSL_PREDICT_FALSE(!(condition))) \
      |                                     ^~~~~~~~~~~~~~~~~~
external/abseil-cpp+/absl/log/internal/check_impl.h:43:3: note: in expansion of macro 'ABSL_LOG_INTERNAL_CHECK_IMPL'
   43 |   ABSL_LOG_INTERNAL_CHECK_IMPL(true || (condition), "true")
      |   ^~~~~~~~~~~~~~~~~~~~~~~~~~~~
external/abseil-cpp+/absl/log/absl_check.h:47:3: note: in expansion of macro 'ABSL_LOG_INTERNAL_DCHECK_IMPL'
   47 |   ABSL_LOG_INTERNAL_DCHECK_IMPL((condition), #condition)
      |   ^~~~~~~~~~~~~~~~~~~~~~~~~~~~~
bazel-out/k8-opt-exec-ST-020102668b12/bin/external/protobuf+/src/google/protobuf/_virtual_includes/protobuf/google/protobuf/reflection_visit_fields.h:109:5: note: in expansion of macro 'ABSL_DCHECK'
  109 |     ABSL_DCHECK(!field->options().weak()) << "weak fields are not supported";
      |     ^~~~~~~~~~~
bazel-out/k8-opt-exec-ST-020102668b12/bin/external/protobuf+/src/google/protobuf/_virtual_includes/protobuf/google/protobuf/descriptor.pb.h:19782:13: note: declared here
19782 | inline bool FieldOptions::weak() const {
      |             ^~~~~~~~~~~~
[1,298 / 2,801] Compiling src/google/protobuf/generated_message_reflection.cc; 5s processwrapper-sandbox ... (4 actions, 3 running)
[1,300 / 2,801] Compiling src/google/protobuf/generated_message_reflection.cc; 7s processwrapper-sandbox ... (4 actions, 3 running)
[1,300 / 2,801] Compiling src/google/protobuf/generated_message_reflection.cc; 8s processwrapper-sandbox ... (4 actions running)
INFO: From Compiling src/google/protobuf/generated_message_reflection.cc:
external/protobuf+/src/google/protobuf/generated_message_reflection.cc: In member function 'const google::protobuf::Message* google::protobuf::Reflection::GetDefaultMessageInstance(const google::protobuf::FieldDescriptor*) const':
external/protobuf+/src/google/protobuf/generated_message_reflection.cc:2518:29: warning: 'bool google::protobuf::FieldOptions::weak() const' is deprecated [-Wdeprecated-declarations]
 2518 |       !field->options().weak() && !IsLazyField(field) &&
      |        ~~~~~~~~~~~~~~~~~~~~~^~
In file included from bazel-out/k8-fastbuild/bin/external/protobuf+/src/google/protobuf/_virtual_includes/protobuf/google/protobuf/cpp_features.pb.h:34,
                 from external/protobuf+/src/google/protobuf/generated_message_reflection.cc:44:
bazel-out/k8-fastbuild/bin/external/protobuf+/src/google/protobuf/_virtual_includes/protobuf/google/protobuf/descriptor.pb.h:19782:13: note: declared here
19782 | inline bool FieldOptions::weak() const {
      |             ^~~~~~~~~~~~
In file included from external/abseil-cpp+/absl/log/internal/check_impl.h:20,
                 from external/abseil-cpp+/absl/log/absl_check.h:38,
                 from bazel-out/k8-fastbuild/bin/external/protobuf+/src/google/protobuf/_virtual_includes/protobuf/google/protobuf/generated_message_reflection.h:25,
                 from external/protobuf+/src/google/protobuf/generated_message_reflection.cc:12:
external/protobuf+/src/google/protobuf/generated_message_reflection.cc: In member function 'bool google::protobuf::Reflection::HasFieldWithHasbits(const google::protobuf::Message&, const google::protobuf::FieldDescriptor*) const':
external/protobuf+/src/google/protobuf/generated_message_reflection.cc:3228:37: warning: 'bool google::protobuf::FieldOptions::weak() const' is deprecated [-Wdeprecated-declarations]
 3228 |   ABSL_DCHECK(!field->options().weak());
      |                ~~~~~~~~~~~~~~~~~~~~~^~
external/abseil-cpp+/absl/log/internal/conditions.h:68:7: note: in definition of macro 'ABSL_LOG_INTERNAL_STATELESS_CONDITION'
   68 |     !(condition) ? (void)0 : ::absl::log_internal::Voidify() &&
      |       ^~~~~~~~~
external/abseil-cpp+/absl/log/internal/check_impl.h:26:3: note: in expansion of macro 'ABSL_LOG_INTERNAL_CONDITION_FATAL'
   26 |   ABSL_LOG_INTERNAL_CONDITION_FATAL(STATELESS,                        \
      |   ^~~~~~~~~~~~~~~~~~~~~~~~~~~~~~~~~
external/abseil-cpp+/absl/log/internal/check_impl.h:27:37: note: in expansion of macro 'ABSL_PREDICT_FALSE'
   27 |                                     ABSL_PREDICT_FALSE(!(condition))) \
      |                                     ^~~~~~~~~~~~~~~~~~
external/abseil-cpp+/absl/log/internal/check_impl.h:40:3: note: in expansion of macro 'ABSL_LOG_INTERNAL_CHECK_IMPL'
   40 |   ABSL_LOG_INTERNAL_CHECK_IMPL(condition, condition_text)
      |   ^~~~~~~~~~~~~~~~~~~~~~~~~~~~
external/abseil-cpp+/absl/log/absl_check.h:47:3: note: in expansion of macro 'ABSL_LOG_INTERNAL_DCHECK_IMPL'
   47 |   ABSL_LOG_INTERNAL_DCHECK_IMPL((condition), #condition)
      |   ^~~~~~~~~~~~~~~~~~~~~~~~~~~~~
external/protobuf+/src/google/protobuf/generated_message_reflection.cc:3228:3: note: in expansion of macro 'ABSL_DCHECK'
 3228 |   ABSL_DCHECK(!field->options().weak());
      |   ^~~~~~~~~~~
bazel-out/k8-fastbuild/bin/external/protobuf+/src/google/protobuf/_virtual_includes/protobuf/google/protobuf/descriptor.pb.h:19782:13: note: declared here
19782 | inline bool FieldOptions::weak() const {
      |             ^~~~~~~~~~~~
external/protobuf+/src/google/protobuf/generated_message_reflection.cc: In member function 'void google::protobuf::Reflection::SetHasBit(google::protobuf::Message*, const google::protobuf::FieldDescriptor*) const':
external/protobuf+/src/google/protobuf/generated_message_reflection.cc:3261:37: warning: 'bool google::protobuf::FieldOptions::weak() const' is deprecated [-Wdeprecated-declarations]
 3261 |   ABSL_DCHECK(!field->options().weak());
      |                ~~~~~~~~~~~~~~~~~~~~~^~
external/abseil-cpp+/absl/log/internal/conditions.h:68:7: note: in definition of macro 'ABSL_LOG_INTERNAL_STATELESS_CONDITION'
   68 |     !(condition) ? (void)0 : ::absl::log_internal::Voidify() &&
      |       ^~~~~~~~~
external/abseil-cpp+/absl/log/internal/check_impl.h:26:3: note: in expansion of macro 'ABSL_LOG_INTERNAL_CONDITION_FATAL'
   26 |   ABSL_LOG_INTERNAL_CONDITION_FATAL(STATELESS,                        \
      |   ^~~~~~~~~~~~~~~~~~~~~~~~~~~~~~~~~
external/abseil-cpp+/absl/log/internal/check_impl.h:27:37: note: in expansion of macro 'ABSL_PREDICT_FALSE'
   27 |                                     ABSL_PREDICT_FALSE(!(condition))) \
      |                                     ^~~~~~~~~~~~~~~~~~
external/abseil-cpp+/absl/log/internal/check_impl.h:40:3: note: in expansion of macro 'ABSL_LOG_INTERNAL_CHECK_IMPL'
   40 |   ABSL_LOG_INTERNAL_CHECK_IMPL(condition, condition_text)
      |   ^~~~~~~~~~~~~~~~~~~~~~~~~~~~
external/abseil-cpp+/absl/log/absl_check.h:47:3: note: in expansion of macro 'ABSL_LOG_INTERNAL_DCHECK_IMPL'
   47 |   ABSL_LOG_INTERNAL_DCHECK_IMPL((condition), #condition)
      |   ^~~~~~~~~~~~~~~~~~~~~~~~~~~~~
external/protobuf+/src/google/protobuf/generated_message_reflection.cc:3261:3: note: in expansion of macro 'ABSL_DCHECK'
 3261 |   ABSL_DCHECK(!field->options().weak());
      |   ^~~~~~~~~~~
bazel-out/k8-fastbuild/bin/external/protobuf+/src/google/protobuf/_virtual_includes/protobuf/google/protobuf/descriptor.pb.h:19782:13: note: declared here
19782 | inline bool FieldOptions::weak() const {
      |             ^~~~~~~~~~~~
external/protobuf+/src/google/protobuf/generated_message_reflection.cc: In member function 'void google::protobuf::Reflection::ClearHasBit(google::protobuf::Message*, const google::protobuf::FieldDescriptor*) const':
external/protobuf+/src/google/protobuf/generated_message_reflection.cc:3270:37: warning: 'bool google::protobuf::FieldOptions::weak() const' is deprecated [-Wdeprecated-declarations]
 3270 |   ABSL_DCHECK(!field->options().weak());
      |                ~~~~~~~~~~~~~~~~~~~~~^~
external/abseil-cpp+/absl/log/internal/conditions.h:68:7: note: in definition of macro 'ABSL_LOG_INTERNAL_STATELESS_CONDITION'
   68 |     !(condition) ? (void)0 : ::absl::log_internal::Voidify() &&
      |       ^~~~~~~~~
external/abseil-cpp+/absl/log/internal/check_impl.h:26:3: note: in expansion of macro 'ABSL_LOG_INTERNAL_CONDITION_FATAL'
   26 |   ABSL_LOG_INTERNAL_CONDITION_FATAL(STATELESS,                        \
      |   ^~~~~~~~~~~~~~~~~~~~~~~~~~~~~~~~~
external/abseil-cpp+/absl/log/internal/check_impl.h:27:37: note: in expansion of macro 'ABSL_PREDICT_FALSE'
   27 |                                     ABSL_PREDICT_FALSE(!(condition))) \
      |                                     ^~~~~~~~~~~~~~~~~~
external/abseil-cpp+/absl/log/internal/check_impl.h:40:3: note: in expansion of macro 'ABSL_LOG_INTERNAL_CHECK_IMPL'
   40 |   ABSL_LOG_INTERNAL_CHECK_IMPL(condition, condition_text)
      |   ^~~~~~~~~~~~~~~~~~~~~~~~~~~~
external/abseil-cpp+/absl/log/absl_check.h:47:3: note: in expansion of macro 'ABSL_LOG_INTERNAL_DCHECK_IMPL'
   47 |   ABSL_LOG_INTERNAL_DCHECK_IMPL((condition), #condition)
      |   ^~~~~~~~~~~~~~~~~~~~~~~~~~~~~
external/protobuf+/src/google/protobuf/generated_message_reflection.cc:3270:3: note: in expansion of macro 'ABSL_DCHECK'
 3270 |   ABSL_DCHECK(!field->options().weak());
      |   ^~~~~~~~~~~
bazel-out/k8-fastbuild/bin/external/protobuf+/src/google/protobuf/_virtual_includes/protobuf/google/protobuf/descriptor.pb.h:19782:13: note: declared here
19782 | inline bool FieldOptions::weak() const {
      |             ^~~~~~~~~~~~
external/protobuf+/src/google/protobuf/generated_message_reflection.cc: In member function 'void google::protobuf::Reflection::NaiveSwapHasBit(google::protobuf::Message*, google::protobuf::Message*, const google::protobuf::FieldDescriptor*) const':
external/protobuf+/src/google/protobuf/generated_message_reflection.cc:3279:37: warning: 'bool google::protobuf::FieldOptions::weak() const' is deprecated [-Wdeprecated-declarations]
 3279 |   ABSL_DCHECK(!field->options().weak());
      |                ~~~~~~~~~~~~~~~~~~~~~^~
external/abseil-cpp+/absl/log/internal/conditions.h:68:7: note: in definition of macro 'ABSL_LOG_INTERNAL_STATELESS_CONDITION'
   68 |     !(condition) ? (void)0 : ::absl::log_internal::Voidify() &&
      |       ^~~~~~~~~
external/abseil-cpp+/absl/log/internal/check_impl.h:26:3: note: in expansion of macro 'ABSL_LOG_INTERNAL_CONDITION_FATAL'
   26 |   ABSL_LOG_INTERNAL_CONDITION_FATAL(STATELESS,                        \
      |   ^~~~~~~~~~~~~~~~~~~~~~~~~~~~~~~~~
external/abseil-cpp+/absl/log/internal/check_impl.h:27:37: note: in expansion of macro 'ABSL_PREDICT_FALSE'
   27 |                                     ABSL_PREDICT_FALSE(!(condition))) \
      |                                     ^~~~~~~~~~~~~~~~~~
external/abseil-cpp+/absl/log/internal/check_impl.h:40:3: note: in expansion of macro 'ABSL_LOG_INTERNAL_CHECK_IMPL'
   40 |   ABSL_LOG_INTERNAL_CHECK_IMPL(condition, condition_text)
      |   ^~~~~~~~~~~~~~~~~~~~~~~~~~~~
external/abseil-cpp+/absl/log/absl_check.h:47:3: note: in expansion of macro 'ABSL_LOG_INTERNAL_DCHECK_IMPL'
   47 |   ABSL_LOG_INTERNAL_DCHECK_IMPL((condition), #condition)
      |   ^~~~~~~~~~~~~~~~~~~~~~~~~~~~~
external/protobuf+/src/google/protobuf/generated_message_reflection.cc:3279:3: note: in expansion of macro 'ABSL_DCHECK'
 3279 |   ABSL_DCHECK(!field->options().weak());
      |   ^~~~~~~~~~~
bazel-out/k8-fastbuild/bin/external/protobuf+/src/google/protobuf/_virtual_includes/protobuf/google/protobuf/descriptor.pb.h:19782:13: note: declared here
19782 | inline bool FieldOptions::weak() const {
      |             ^~~~~~~~~~~~
bazel-out/k8-fastbuild/bin/external/protobuf+/src/google/protobuf/_virtual_includes/protobuf/google/protobuf/reflection_visit_fields.h: In instantiation of 'static void google::protobuf::internal::ReflectionVisit::VisitFields(MessageT&, CallbackFn&&, google::protobuf::internal::FieldMask) [with MessageT = google::protobuf::Message; CallbackFn = google::protobuf::internal::ReflectionVisit::VisitMessageFields<google::protobuf::Reflection::MaybePoisonAfterClear(google::protobuf::Message&) const::<lambda(google::protobuf::Message&)> >(google::protobuf::Message&, google::protobuf::Reflection::MaybePoisonAfterClear(google::protobuf::Message&) const::<lambda(google::protobuf::Message&)>&&)::<lambda(auto:57)>]':
bazel-out/k8-fastbuild/bin/external/protobuf+/src/google/protobuf/_virtual_includes/protobuf/google/protobuf/reflection_visit_fields.h:447:31:   required from 'static void google::protobuf::internal::ReflectionVisit::VisitMessageFields(google::protobuf::Message&, CallbackFn&&) [with CallbackFn = google::protobuf::Reflection::MaybePoisonAfterClear(google::protobuf::Message&) const::<lambda(google::protobuf::Message&)>]'
bazel-out/k8-fastbuild/bin/external/protobuf+/src/google/protobuf/_virtual_includes/protobuf/google/protobuf/reflection_visit_fields.h:502:38:   required from 'void google::protobuf::internal::VisitMutableMessageFields(google::protobuf::Message&, CallbackFn&&) [with CallbackFn = google::protobuf::Reflection::MaybePoisonAfterClear(google::protobuf::Message&) const::<lambda(google::protobuf::Message&)>]'
external/protobuf+/src/google/protobuf/generated_message_reflection.cc:1399:40:   required from here
bazel-out/k8-fastbuild/bin/external/protobuf+/src/google/protobuf/_virtual_includes/protobuf/google/protobuf/reflection_visit_fields.h:109:39: warning: 'bool google::protobuf::FieldOptions::weak() const' is deprecated [-Wdeprecated-declarations]
  109 |     ABSL_DCHECK(!field->options().weak()) << "weak fields are not supported";
      |                  ~~~~~~~~~~~~~~~~~~~~~^~
external/abseil-cpp+/absl/log/internal/conditions.h:68:7: note: in definition of macro 'ABSL_LOG_INTERNAL_STATELESS_CONDITION'
   68 |     !(condition) ? (void)0 : ::absl::log_internal::Voidify() &&
      |       ^~~~~~~~~
external/abseil-cpp+/absl/log/internal/check_impl.h:26:3: note: in expansion of macro 'ABSL_LOG_INTERNAL_CONDITION_FATAL'
   26 |   ABSL_LOG_INTERNAL_CONDITION_FATAL(STATELESS,                        \
      |   ^~~~~~~~~~~~~~~~~~~~~~~~~~~~~~~~~
external/abseil-cpp+/absl/log/internal/check_impl.h:27:37: note: in expansion of macro 'ABSL_PREDICT_FALSE'
   27 |                                     ABSL_PREDICT_FALSE(!(condition))) \
      |                                     ^~~~~~~~~~~~~~~~~~
external/abseil-cpp+/absl/log/internal/check_impl.h:40:3: note: in expansion of macro 'ABSL_LOG_INTERNAL_CHECK_IMPL'
   40 |   ABSL_LOG_INTERNAL_CHECK_IMPL(condition, condition_text)
      |   ^~~~~~~~~~~~~~~~~~~~~~~~~~~~
external/abseil-cpp+/absl/log/absl_check.h:47:3: note: in expansion of macro 'ABSL_LOG_INTERNAL_DCHECK_IMPL'
   47 |   ABSL_LOG_INTERNAL_DCHECK_IMPL((condition), #condition)
      |   ^~~~~~~~~~~~~~~~~~~~~~~~~~~~~
bazel-out/k8-fastbuild/bin/external/protobuf+/src/google/protobuf/_virtual_includes/protobuf/google/protobuf/reflection_visit_fields.h:109:5: note: in expansion of macro 'ABSL_DCHECK'
  109 |     ABSL_DCHECK(!field->options().weak()) << "weak fields are not supported";
      |     ^~~~~~~~~~~
bazel-out/k8-fastbuild/bin/external/protobuf+/src/google/protobuf/_virtual_includes/protobuf/google/protobuf/descriptor.pb.h:19782:13: note: declared here
19782 | inline bool FieldOptions::weak() const {
      |             ^~~~~~~~~~~~
bazel-out/k8-fastbuild/bin/external/protobuf+/src/google/protobuf/_virtual_includes/protobuf/google/protobuf/reflection_visit_fields.h:109:39: warning: 'bool google::protobuf::FieldOptions::weak() const' is deprecated [-Wdeprecated-declarations]
  109 |     ABSL_DCHECK(!field->options().weak()) << "weak fields are not supported";
      |                  ~~~~~~~~~~~~~~~~~~~~~^~
external/abseil-cpp+/absl/log/internal/conditions.h:68:7: note: in definition of macro 'ABSL_LOG_INTERNAL_STATELESS_CONDITION'
   68 |     !(condition) ? (void)0 : ::absl::log_internal::Voidify() &&
      |       ^~~~~~~~~
external/abseil-cpp+/absl/log/internal/check_impl.h:26:3: note: in expansion of macro 'ABSL_LOG_INTERNAL_CONDITION_FATAL'
   26 |   ABSL_LOG_INTERNAL_CONDITION_FATAL(STATELESS,                        \
      |   ^~~~~~~~~~~~~~~~~~~~~~~~~~~~~~~~~
external/abseil-cpp+/absl/log/internal/check_impl.h:27:37: note: in expansion of macro 'ABSL_PREDICT_FALSE'
   27 |                                     ABSL_PREDICT_FALSE(!(condition))) \
      |                                     ^~~~~~~~~~~~~~~~~~
external/abseil-cpp+/absl/log/internal/check_impl.h:40:3: note: in expansion of macro 'ABSL_LOG_INTERNAL_CHECK_IMPL'
   40 |   ABSL_LOG_INTERNAL_CHECK_IMPL(condition, condition_text)
      |   ^~~~~~~~~~~~~~~~~~~~~~~~~~~~
external/abseil-cpp+/absl/log/absl_check.h:47:3: note: in expansion of macro 'ABSL_LOG_INTERNAL_DCHECK_IMPL'
   47 |   ABSL_LOG_INTERNAL_DCHECK_IMPL((condition), #condition)
      |   ^~~~~~~~~~~~~~~~~~~~~~~~~~~~~
bazel-out/k8-fastbuild/bin/external/protobuf+/src/google/protobuf/_virtual_includes/protobuf/google/protobuf/reflection_visit_fields.h:109:5: note: in expansion of macro 'ABSL_DCHECK'
  109 |     ABSL_DCHECK(!field->options().weak()) << "weak fields are not supported";
      |     ^~~~~~~~~~~
bazel-out/k8-fastbuild/bin/external/protobuf+/src/google/protobuf/_virtual_includes/protobuf/google/protobuf/descriptor.pb.h:19782:13: note: declared here
19782 | inline bool FieldOptions::weak() const {
      |             ^~~~~~~~~~~~
[1,303 / 2,801] Compiling src/google/protobuf/compiler/parser.cc [for tool]; 6s processwrapper-sandbox ... (4 actions running)
[1,304 / 2,801] Compiling src/google/protobuf/compiler/parser.cc [for tool]; 7s processwrapper-sandbox ... (4 actions, 3 running)
[1,306 / 2,801] Compiling src/google/protobuf/compiler/importer.cc [for tool]; 3s processwrapper-sandbox ... (4 actions running)
[1,307 / 2,801] Compiling src/google/protobuf/text_format.cc [for tool]; 2s processwrapper-sandbox ... (4 actions running)
[1,308 / 2,801] Compiling src/google/protobuf/text_format.cc [for tool]; 3s processwrapper-sandbox ... (4 actions, 3 running)
[1,311 / 2,801] Compiling src/google/protobuf/text_format.cc [for tool]; 5s processwrapper-sandbox ... (4 actions running)
[1,312 / 2,801] Compiling src/google/protobuf/text_format.cc [for tool]; 7s processwrapper-sandbox ... (4 actions, 3 running)
[1,314 / 2,801] Compiling src/google/protobuf/text_format.cc [for tool]; 8s processwrapper-sandbox ... (4 actions, 3 running)
INFO: From Compiling src/google/protobuf/text_format.cc [for tool]:
external/protobuf+/src/google/protobuf/text_format.cc: In member function 'google::protobuf::TextFormat::ParseLocation google::protobuf::TextFormat::ParseInfoTree::GetLocation(const google::protobuf::FieldDescriptor*, int) const':
external/protobuf+/src/google/protobuf/text_format.cc:260:26: warning: 'google::protobuf::TextFormat::ParseLocationRange google::protobuf::TextFormat::ParseInfoTree::GetLocationRange(const google::protobuf::FieldDescriptor*, int) const' is deprecated: Please use GetFieldLocation() [-Wdeprecated-declarations]
  260 |   return GetLocationRange(field, index).start;
      |          ~~~~~~~~~~~~~~~~^~~~~~~~~~~~~~
external/protobuf+/src/google/protobuf/text_format.cc:242:32: note: declared here
  242 | TextFormat::ParseLocationRange TextFormat::ParseInfoTree::GetLocationRange(
      |                                ^~~~~~~~~~
external/protobuf+/src/google/protobuf/text_format.cc: In member function 'bool google::protobuf::TextFormat::Parser::ParserImpl::ConsumeField(google::protobuf::Message*)':
external/protobuf+/src/google/protobuf/text_format.cc:795:54: warning: 'bool google::protobuf::FieldOptions::weak() const' is deprecated [-Wdeprecated-declarations]
  795 |       if (consumed_semicolon && field->options().weak() &&
      |                                 ~~~~~~~~~~~~~~~~~~~~~^~
In file included from external/protobuf+/src/google/protobuf/text_format.cc:50:
bazel-out/k8-opt-exec-ST-d57f47055a04/bin/external/protobuf+/src/google/protobuf/_virtual_includes/protobuf/google/protobuf/descriptor.pb.h:19782:13: note: declared here
19782 | inline bool FieldOptions::weak() const {
      |             ^~~~~~~~~~~~
[1,315 / 2,801] Compiling src/google/protobuf/compiler/parser.cc [for tool]; 7s processwrapper-sandbox ... (4 actions running)
[1,316 / 2,801] Compiling src/google/protobuf/symbol_checker.cc; 2s processwrapper-sandbox ... (4 actions running)
[1,319 / 2,801] Compiling src/google/protobuf/compiler/parser.cc; 3s processwrapper-sandbox ... (4 actions running)
[1,324 / 2,801] Compiling src/google/protobuf/compiler/parser.cc; 4s processwrapper-sandbox ... (4 actions, 3 running)
[1,327 / 2,801] Compiling src/google/protobuf/compiler/parser.cc; 6s processwrapper-sandbox ... (4 actions, 3 running)
[1,330 / 2,801] Compiling src/google/protobuf/text_format.cc; 4s processwrapper-sandbox ... (4 actions, 3 running)
[1,336 / 2,801] Compiling src/google/protobuf/text_format.cc; 5s processwrapper-sandbox ... (4 actions running)
[1,338 / 2,801] Compiling src/google/protobuf/text_format.cc; 6s processwrapper-sandbox ... (4 actions running)
INFO: From Compiling src/google/protobuf/text_format.cc:
external/protobuf+/src/google/protobuf/text_format.cc: In member function 'google::protobuf::TextFormat::ParseLocation google::protobuf::TextFormat::ParseInfoTree::GetLocation(const google::protobuf::FieldDescriptor*, int) const':
external/protobuf+/src/google/protobuf/text_format.cc:260:26: warning: 'google::protobuf::TextFormat::ParseLocationRange google::protobuf::TextFormat::ParseInfoTree::GetLocationRange(const google::protobuf::FieldDescriptor*, int) const' is deprecated: Please use GetFieldLocation() [-Wdeprecated-declarations]
  260 |   return GetLocationRange(field, index).start;
      |          ~~~~~~~~~~~~~~~~^~~~~~~~~~~~~~
external/protobuf+/src/google/protobuf/text_format.cc:242:32: note: declared here
  242 | TextFormat::ParseLocationRange TextFormat::ParseInfoTree::GetLocationRange(
      |                                ^~~~~~~~~~
external/protobuf+/src/google/protobuf/text_format.cc: In member function 'bool google::protobuf::TextFormat::Parser::ParserImpl::ConsumeField(google::protobuf::Message*)':
external/protobuf+/src/google/protobuf/text_format.cc:795:54: warning: 'bool google::protobuf::FieldOptions::weak() const' is deprecated [-Wdeprecated-declarations]
  795 |       if (consumed_semicolon && field->options().weak() &&
      |                                 ~~~~~~~~~~~~~~~~~~~~~^~
In file included from external/protobuf+/src/google/protobuf/text_format.cc:50:
bazel-out/k8-fastbuild/bin/external/protobuf+/src/google/protobuf/_virtual_includes/protobuf/google/protobuf/descriptor.pb.h:19782:13: note: declared here
19782 | inline bool FieldOptions::weak() const {
      |             ^~~~~~~~~~~~
[1,344 / 2,801] Compiling src/google/protobuf/unknown_field_set.cc; 1s processwrapper-sandbox ... (4 actions, 3 running)
[1,347 / 2,801] Compiling src/google/protobuf/unknown_field_set.cc; 2s processwrapper-sandbox ... (4 actions, 3 running)
[1,352 / 2,801] Compiling src/google/protobuf/arenastring.cc [for tool]; 1s processwrapper-sandbox ... (4 actions, 3 running)
[1,357 / 2,801] Compiling src/google/protobuf/wire_format.cc; 1s processwrapper-sandbox ... (4 actions, 3 running)
[1,361 / 2,801] Compiling src/google/protobuf/wire_format.cc; 2s processwrapper-sandbox ... (4 actions, 3 running)
[1,364 / 2,801] Compiling src/google/protobuf/wire_format.cc; 4s processwrapper-sandbox ... (4 actions running)
[1,369 / 2,801] Compiling src/google/protobuf/extension_set.cc [for tool]; 3s processwrapper-sandbox ... (4 actions, 3 running)
[1,375 / 2,801] Compiling src/google/protobuf/extension_set.cc [for tool]; 5s processwrapper-sandbox ... (4 actions, 3 running)
[1,378 / 2,801] Compiling src/google/protobuf/extension_set.cc [for tool]; 6s processwrapper-sandbox ... (4 actions, 3 running)
[1,382 / 2,801] Compiling src/google/protobuf/util/message_differencer.cc; 1s processwrapper-sandbox ... (4 actions, 3 running)
[1,384 / 2,801] Compiling src/google/protobuf/util/message_differencer.cc; 2s processwrapper-sandbox ... (4 actions, 3 running)
[1,389 / 2,801] Compiling src/google/protobuf/util/message_differencer.cc; 3s processwrapper-sandbox ... (4 actions running)
[1,391 / 2,801] Compiling src/google/protobuf/util/message_differencer.cc; 4s processwrapper-sandbox ... (4 actions running)
[1,394 / 2,801] Compiling src/google/protobuf/util/message_differencer.cc; 5s processwrapper-sandbox ... (4 actions, 3 running)
[1,397 / 2,801] Compiling src/google/protobuf/util/message_differencer.cc; 7s processwrapper-sandbox ... (4 actions, 3 running)
[1,398 / 2,801] Compiling src/google/protobuf/generated_message_tctable_lite.cc [for tool]; 5s processwrapper-sandbox ... (4 actions running)
[1,399 / 2,801] Compiling src/google/protobuf/generated_message_tctable_lite.cc [for tool]; 7s processwrapper-sandbox ... (4 actions, 3 running)
[1,400 / 2,801] Compiling src/google/protobuf/generated_message_tctable_lite.cc [for tool]; 8s processwrapper-sandbox ... (4 actions running)
[1,401 / 2,801] Compiling src/google/protobuf/message.cc [for tool]; 6s processwrapper-sandbox ... (4 actions running)
INFO: From Compiling src/google/protobuf/message.cc [for tool]:
In file included from external/abseil-cpp+/absl/log/internal/check_impl.h:20,
                 from external/abseil-cpp+/absl/log/absl_check.h:38,
                 from bazel-out/k8-opt-exec-ST-020102668b12/bin/external/protobuf+/src/google/protobuf/_virtual_includes/protobuf/google/protobuf/message.h:107,
                 from external/protobuf+/src/google/protobuf/message.cc:12:
bazel-out/k8-opt-exec-ST-020102668b12/bin/external/protobuf+/src/google/protobuf/_virtual_includes/protobuf/google/protobuf/reflection_visit_fields.h: In instantiation of 'static void google::protobuf::internal::ReflectionVisit::VisitFields(MessageT&, CallbackFn&&, google::protobuf::internal::FieldMask) [with MessageT = const google::protobuf::Message; CallbackFn = google::protobuf::internal::ReflectionVisit::VisitMessageFields<google::protobuf::Message::AbslUnparseFlagImpl() const::<lambda(const auto:60&)> >(const google::protobuf::Message&, google::protobuf::Message::AbslUnparseFlagImpl() const::<lambda(const auto:60&)>&&)::<lambda(auto:54)>]':
bazel-out/k8-opt-exec-ST-020102668b12/bin/external/protobuf+/src/google/protobuf/_virtual_includes/protobuf/google/protobuf/reflection_visit_fields.h:417:31:   required from 'static void google::protobuf::internal::ReflectionVisit::VisitMessageFields(const google::protobuf::Message&, CallbackFn&&) [with CallbackFn = google::protobuf::Message::AbslUnparseFlagImpl() const::<lambda(const auto:60&)>]'
bazel-out/k8-opt-exec-ST-020102668b12/bin/external/protobuf+/src/google/protobuf/_virtual_includes/protobuf/google/protobuf/reflection_visit_fields.h:494:38:   required from 'void google::protobuf::internal::VisitMessageFields(const google::protobuf::Message&, CallbackFn&&) [with CallbackFn = google::protobuf::Message::AbslUnparseFlagImpl() const::<lambda(const auto:60&)>]'
external/protobuf+/src/google/protobuf/message.cc:314:31:   required from here
bazel-out/k8-opt-exec-ST-020102668b12/bin/external/protobuf+/src/google/protobuf/_virtual_includes/protobuf/google/protobuf/reflection_visit_fields.h:109:39: warning: 'bool google::protobuf::FieldOptions::weak() const' is deprecated [-Wdeprecated-declarations]
  109 |     ABSL_DCHECK(!field->options().weak()) << "weak fields are not supported";
      |                  ~~~~~~~~~~~~~~~~~~~~~^~
external/abseil-cpp+/absl/log/internal/conditions.h:68:7: note: in definition of macro 'ABSL_LOG_INTERNAL_STATELESS_CONDITION'
   68 |     !(condition) ? (void)0 : ::absl::log_internal::Voidify() &&
      |       ^~~~~~~~~
external/abseil-cpp+/absl/log/internal/check_impl.h:26:3: note: in expansion of macro 'ABSL_LOG_INTERNAL_CONDITION_FATAL'
   26 |   ABSL_LOG_INTERNAL_CONDITION_FATAL(STATELESS,                        \
      |   ^~~~~~~~~~~~~~~~~~~~~~~~~~~~~~~~~
external/abseil-cpp+/absl/log/internal/check_impl.h:27:37: note: in expansion of macro 'ABSL_PREDICT_FALSE'
   27 |                                     ABSL_PREDICT_FALSE(!(condition))) \
      |                                     ^~~~~~~~~~~~~~~~~~
external/abseil-cpp+/absl/log/internal/check_impl.h:43:3: note: in expansion of macro 'ABSL_LOG_INTERNAL_CHECK_IMPL'
   43 |   ABSL_LOG_INTERNAL_CHECK_IMPL(true || (condition), "true")
      |   ^~~~~~~~~~~~~~~~~~~~~~~~~~~~
external/abseil-cpp+/absl/log/absl_check.h:47:3: note: in expansion of macro 'ABSL_LOG_INTERNAL_DCHECK_IMPL'
   47 |   ABSL_LOG_INTERNAL_DCHECK_IMPL((condition), #condition)
      |   ^~~~~~~~~~~~~~~~~~~~~~~~~~~~~
bazel-out/k8-opt-exec-ST-020102668b12/bin/external/protobuf+/src/google/protobuf/_virtual_includes/protobuf/google/protobuf/reflection_visit_fields.h:109:5: note: in expansion of macro 'ABSL_DCHECK'
  109 |     ABSL_DCHECK(!field->options().weak()) << "weak fields are not supported";
      |     ^~~~~~~~~~~
In file included from external/protobuf+/src/google/protobuf/message.cc:44:
bazel-out/k8-opt-exec-ST-020102668b12/bin/external/protobuf+/src/google/protobuf/_virtual_includes/protobuf/google/protobuf/descriptor.pb.h:19782:13: note: declared here
19782 | inline bool FieldOptions::weak() const {
      |             ^~~~~~~~~~~~
bazel-out/k8-opt-exec-ST-020102668b12/bin/external/protobuf+/src/google/protobuf/_virtual_includes/protobuf/google/protobuf/reflection_visit_fields.h:109:39: warning: 'bool google::protobuf::FieldOptions::weak() const' is deprecated [-Wdeprecated-declarations]
  109 |     ABSL_DCHECK(!field->options().weak()) << "weak fields are not supported";
      |                  ~~~~~~~~~~~~~~~~~~~~~^~
external/abseil-cpp+/absl/log/internal/conditions.h:68:7: note: in definition of macro 'ABSL_LOG_INTERNAL_STATELESS_CONDITION'
   68 |     !(condition) ? (void)0 : ::absl::log_internal::Voidify() &&
      |       ^~~~~~~~~
external/abseil-cpp+/absl/log/internal/check_impl.h:26:3: note: in expansion of macro 'ABSL_LOG_INTERNAL_CONDITION_FATAL'
   26 |   ABSL_LOG_INTERNAL_CONDITION_FATAL(STATELESS,                        \
      |   ^~~~~~~~~~~~~~~~~~~~~~~~~~~~~~~~~
external/abseil-cpp+/absl/log/internal/check_impl.h:27:37: note: in expansion of macro 'ABSL_PREDICT_FALSE'
   27 |                                     ABSL_PREDICT_FALSE(!(condition))) \
      |                                     ^~~~~~~~~~~~~~~~~~
external/abseil-cpp+/absl/log/internal/check_impl.h:43:3: note: in expansion of macro 'ABSL_LOG_INTERNAL_CHECK_IMPL'
   43 |   ABSL_LOG_INTERNAL_CHECK_IMPL(true || (condition), "true")
      |   ^~~~~~~~~~~~~~~~~~~~~~~~~~~~
external/abseil-cpp+/absl/log/absl_check.h:47:3: note: in expansion of macro 'ABSL_LOG_INTERNAL_DCHECK_IMPL'
   47 |   ABSL_LOG_INTERNAL_DCHECK_IMPL((condition), #condition)
      |   ^~~~~~~~~~~~~~~~~~~~~~~~~~~~~
bazel-out/k8-opt-exec-ST-020102668b12/bin/external/protobuf+/src/google/protobuf/_virtual_includes/protobuf/google/protobuf/reflection_visit_fields.h:109:5: note: in expansion of macro 'ABSL_DCHECK'
  109 |     ABSL_DCHECK(!field->options().weak()) << "weak fields are not supported";
      |     ^~~~~~~~~~~
bazel-out/k8-opt-exec-ST-020102668b12/bin/external/protobuf+/src/google/protobuf/_virtual_includes/protobuf/google/protobuf/descriptor.pb.h:19782:13: note: declared here
19782 | inline bool FieldOptions::weak() const {
      |             ^~~~~~~~~~~~
[1,403 / 2,801] Compiling src/google/protobuf/map_field.cc [for tool]; 3s processwrapper-sandbox ... (4 actions running)
[1,405 / 2,801] Compiling src/google/protobuf/map_field.cc [for tool]; 2s processwrapper-sandbox ... (4 actions running)
[1,406 / 2,801] Compiling src/google/protobuf/map_field.cc [for tool]; 3s processwrapper-sandbox ... (4 actions running)
[1,408 / 2,801] Compiling src/google/protobuf/message.cc; 4s processwrapper-sandbox ... (4 actions running)
[1,409 / 2,801] Compiling src/google/protobuf/message.cc; 5s processwrapper-sandbox ... (4 actions running)
INFO: From Compiling src/google/protobuf/message.cc:
In file included from external/abseil-cpp+/absl/log/internal/check_impl.h:20,
                 from external/abseil-cpp+/absl/log/absl_check.h:38,
                 from bazel-out/k8-fastbuild/bin/external/protobuf+/src/google/protobuf/_virtual_includes/protobuf/google/protobuf/message.h:107,
                 from external/protobuf+/src/google/protobuf/message.cc:12:
bazel-out/k8-fastbuild/bin/external/protobuf+/src/google/protobuf/_virtual_includes/protobuf/google/protobuf/reflection_visit_fields.h: In instantiation of 'static void google::protobuf::internal::ReflectionVisit::VisitFields(MessageT&, CallbackFn&&, google::protobuf::internal::FieldMask) [with MessageT = const google::protobuf::Message; CallbackFn = google::protobuf::internal::ReflectionVisit::VisitMessageFields<google::protobuf::Message::AbslUnparseFlagImpl() const::<lambda(const auto:60&)> >(const google::protobuf::Message&, google::protobuf::Message::AbslUnparseFlagImpl() const::<lambda(const auto:60&)>&&)::<lambda(auto:54)>]':
bazel-out/k8-fastbuild/bin/external/protobuf+/src/google/protobuf/_virtual_includes/protobuf/google/protobuf/reflection_visit_fields.h:417:31:   required from 'static void google::protobuf::internal::ReflectionVisit::VisitMessageFields(const google::protobuf::Message&, CallbackFn&&) [with CallbackFn = google::protobuf::Message::AbslUnparseFlagImpl() const::<lambda(const auto:60&)>]'
bazel-out/k8-fastbuild/bin/external/protobuf+/src/google/protobuf/_virtual_includes/protobuf/google/protobuf/reflection_visit_fields.h:494:38:   required from 'void google::protobuf::internal::VisitMessageFields(const google::protobuf::Message&, CallbackFn&&) [with CallbackFn = google::protobuf::Message::AbslUnparseFlagImpl() const::<lambda(const auto:60&)>]'
external/protobuf+/src/google/protobuf/message.cc:314:31:   required from here
bazel-out/k8-fastbuild/bin/external/protobuf+/src/google/protobuf/_virtual_includes/protobuf/google/protobuf/reflection_visit_fields.h:109:39: warning: 'bool google::protobuf::FieldOptions::weak() const' is deprecated [-Wdeprecated-declarations]
  109 |     ABSL_DCHECK(!field->options().weak()) << "weak fields are not supported";
      |                  ~~~~~~~~~~~~~~~~~~~~~^~
external/abseil-cpp+/absl/log/internal/conditions.h:68:7: note: in definition of macro 'ABSL_LOG_INTERNAL_STATELESS_CONDITION'
   68 |     !(condition) ? (void)0 : ::absl::log_internal::Voidify() &&
      |       ^~~~~~~~~
external/abseil-cpp+/absl/log/internal/check_impl.h:26:3: note: in expansion of macro 'ABSL_LOG_INTERNAL_CONDITION_FATAL'
   26 |   ABSL_LOG_INTERNAL_CONDITION_FATAL(STATELESS,                        \
      |   ^~~~~~~~~~~~~~~~~~~~~~~~~~~~~~~~~
external/abseil-cpp+/absl/log/internal/check_impl.h:27:37: note: in expansion of macro 'ABSL_PREDICT_FALSE'
   27 |                                     ABSL_PREDICT_FALSE(!(condition))) \
      |                                     ^~~~~~~~~~~~~~~~~~
external/abseil-cpp+/absl/log/internal/check_impl.h:40:3: note: in expansion of macro 'ABSL_LOG_INTERNAL_CHECK_IMPL'
   40 |   ABSL_LOG_INTERNAL_CHECK_IMPL(condition, condition_text)
      |   ^~~~~~~~~~~~~~~~~~~~~~~~~~~~
external/abseil-cpp+/absl/log/absl_check.h:47:3: note: in expansion of macro 'ABSL_LOG_INTERNAL_DCHECK_IMPL'
   47 |   ABSL_LOG_INTERNAL_DCHECK_IMPL((condition), #condition)
      |   ^~~~~~~~~~~~~~~~~~~~~~~~~~~~~
bazel-out/k8-fastbuild/bin/external/protobuf+/src/google/protobuf/_virtual_includes/protobuf/google/protobuf/reflection_visit_fields.h:109:5: note: in expansion of macro 'ABSL_DCHECK'
  109 |     ABSL_DCHECK(!field->options().weak()) << "weak fields are not supported";
      |     ^~~~~~~~~~~
In file included from external/protobuf+/src/google/protobuf/message.cc:44:
bazel-out/k8-fastbuild/bin/external/protobuf+/src/google/protobuf/_virtual_includes/protobuf/google/protobuf/descriptor.pb.h:19782:13: note: declared here
19782 | inline bool FieldOptions::weak() const {
      |             ^~~~~~~~~~~~
bazel-out/k8-fastbuild/bin/external/protobuf+/src/google/protobuf/_virtual_includes/protobuf/google/protobuf/reflection_visit_fields.h:109:39: warning: 'bool google::protobuf::FieldOptions::weak() const' is deprecated [-Wdeprecated-declarations]
  109 |     ABSL_DCHECK(!field->options().weak()) << "weak fields are not supported";
      |                  ~~~~~~~~~~~~~~~~~~~~~^~
external/abseil-cpp+/absl/log/internal/conditions.h:68:7: note: in definition of macro 'ABSL_LOG_INTERNAL_STATELESS_CONDITION'
   68 |     !(condition) ? (void)0 : ::absl::log_internal::Voidify() &&
      |       ^~~~~~~~~
external/abseil-cpp+/absl/log/internal/check_impl.h:26:3: note: in expansion of macro 'ABSL_LOG_INTERNAL_CONDITION_FATAL'
   26 |   ABSL_LOG_INTERNAL_CONDITION_FATAL(STATELESS,                        \
      |   ^~~~~~~~~~~~~~~~~~~~~~~~~~~~~~~~~
external/abseil-cpp+/absl/log/internal/check_impl.h:27:37: note: in expansion of macro 'ABSL_PREDICT_FALSE'
   27 |                                     ABSL_PREDICT_FALSE(!(condition))) \
      |                                     ^~~~~~~~~~~~~~~~~~
external/abseil-cpp+/absl/log/internal/check_impl.h:40:3: note: in expansion of macro 'ABSL_LOG_INTERNAL_CHECK_IMPL'
   40 |   ABSL_LOG_INTERNAL_CHECK_IMPL(condition, condition_text)
      |   ^~~~~~~~~~~~~~~~~~~~~~~~~~~~
external/abseil-cpp+/absl/log/absl_check.h:47:3: note: in expansion of macro 'ABSL_LOG_INTERNAL_DCHECK_IMPL'
   47 |   ABSL_LOG_INTERNAL_DCHECK_IMPL((condition), #condition)
      |   ^~~~~~~~~~~~~~~~~~~~~~~~~~~~~
bazel-out/k8-fastbuild/bin/external/protobuf+/src/google/protobuf/_virtual_includes/protobuf/google/protobuf/reflection_visit_fields.h:109:5: note: in expansion of macro 'ABSL_DCHECK'
  109 |     ABSL_DCHECK(!field->options().weak()) << "weak fields are not supported";
      |     ^~~~~~~~~~~
bazel-out/k8-fastbuild/bin/external/protobuf+/src/google/protobuf/_virtual_includes/protobuf/google/protobuf/descriptor.pb.h:19782:13: note: declared here
19782 | inline bool FieldOptions::weak() const {
      |             ^~~~~~~~~~~~
[1,410 / 2,801] Compiling src/google/protobuf/message.cc [for tool]; 3s processwrapper-sandbox ... (4 actions, 3 running)
INFO: From Compiling src/google/protobuf/generated_message_tctable_gen.cc [for tool]:
external/protobuf+/src/google/protobuf/generated_message_tctable_gen.cc: In function 'bool google::protobuf::internal::{anonymous}::HasWeakFields(const google::protobuf::Descriptor*)':
external/protobuf+/src/google/protobuf/generated_message_tctable_gen.cc:668:45: warning: 'bool google::protobuf::FieldOptions::weak() const' is deprecated [-Wdeprecated-declarations]
  668 |     if (descriptor->field(i)->options().weak()) {
      |         ~~~~~~~~~~~~~~~~~~~~~~~~~~~~~~~~~~~~^~
In file included from bazel-out/k8-opt-exec-ST-020102668b12/bin/external/protobuf+/src/google/protobuf/_virtual_includes/protobuf/google/protobuf/generated_message_tctable_gen.h:21,
                 from external/protobuf+/src/google/protobuf/generated_message_tctable_gen.cc:8:
bazel-out/k8-opt-exec-ST-020102668b12/bin/external/protobuf+/src/google/protobuf/_virtual_includes/protobuf/google/protobuf/descriptor.pb.h:19782:13: note: declared here
19782 | inline bool FieldOptions::weak() const {
      |             ^~~~~~~~~~~~
external/protobuf+/src/google/protobuf/generated_message_tctable_gen.cc: In function 'bool google::protobuf::internal::IsFieldTypeEligibleForFastParsing(const google::protobuf::FieldDescriptor*)':
external/protobuf+/src/google/protobuf/generated_message_tctable_gen.cc:707:28: warning: 'bool google::protobuf::FieldOptions::weak() const' is deprecated [-Wdeprecated-declarations]
  707 |       field->options().weak()) {
      |       ~~~~~~~~~~~~~~~~~~~~~^~
bazel-out/k8-opt-exec-ST-020102668b12/bin/external/protobuf+/src/google/protobuf/_virtual_includes/protobuf/google/protobuf/descriptor.pb.h:19782:13: note: declared here
19782 | inline bool FieldOptions::weak() const {
      |             ^~~~~~~~~~~~
external/protobuf+/src/google/protobuf/generated_message_tctable_gen.cc: In lambda function:
external/protobuf+/src/google/protobuf/generated_message_tctable_gen.cc:742:54: warning: 'bool google::protobuf::FieldOptions::weak() const' is deprecated [-Wdeprecated-declarations]
  742 |            !field->is_map() && !field->options().weak() &&
      |                                 ~~~~~~~~~~~~~~~~~~~~~^~
bazel-out/k8-opt-exec-ST-020102668b12/bin/external/protobuf+/src/google/protobuf/_virtual_includes/protobuf/google/protobuf/descriptor.pb.h:19782:13: note: declared here
19782 | inline bool FieldOptions::weak() const {
      |             ^~~~~~~~~~~~
external/protobuf+/src/google/protobuf/generated_message_tctable_gen.cc: In static member function 'static std::vector<google::protobuf::internal::TailCallTableInfo::FieldEntryInfo> google::protobuf::internal::TailCallTableInfo::BuildFieldEntries(const google::protobuf::Descriptor*, const MessageOptions&, absl::lts_20250814::Span<const FieldOptions>, std::vector<AuxEntry>&)':
external/protobuf+/src/google/protobuf/generated_message_tctable_gen.cc:782:39: warning: 'bool google::protobuf::FieldOptions::weak() const' is deprecated [-Wdeprecated-declarations]
  782 |       } else if (field->options().weak()) {
      |                  ~~~~~~~~~~~~~~~~~~~~~^~
bazel-out/k8-opt-exec-ST-020102668b12/bin/external/protobuf+/src/google/protobuf/_virtual_includes/protobuf/google/protobuf/descriptor.pb.h:19782:13: note: declared here
19782 | inline bool FieldOptions::weak() const {
      |             ^~~~~~~~~~~~
[1,411 / 2,801] Compiling src/google/protobuf/message.cc [for tool]; 4s processwrapper-sandbox ... (4 actions, 3 running)
[1,412 / 2,801] Compiling src/google/protobuf/message.cc [for tool]; 5s processwrapper-sandbox ... (4 actions running)
[1,413 / 2,801] Compiling src/google/protobuf/message.cc [for tool]; 6s processwrapper-sandbox ... (4 actions running)
INFO: From Compiling src/google/protobuf/message.cc [for tool]:
In file included from external/abseil-cpp+/absl/log/internal/check_impl.h:20,
                 from external/abseil-cpp+/absl/log/absl_check.h:38,
                 from bazel-out/k8-opt-exec-ST-d57f47055a04/bin/external/protobuf+/src/google/protobuf/_virtual_includes/protobuf/google/protobuf/message.h:107,
                 from external/protobuf+/src/google/protobuf/message.cc:12:
bazel-out/k8-opt-exec-ST-d57f47055a04/bin/external/protobuf+/src/google/protobuf/_virtual_includes/protobuf/google/protobuf/reflection_visit_fields.h: In instantiation of 'static void google::protobuf::internal::ReflectionVisit::VisitFields(MessageT&, CallbackFn&&, google::protobuf::internal::FieldMask) [with MessageT = const google::protobuf::Message; CallbackFn = google::protobuf::internal::ReflectionVisit::VisitMessageFields<google::protobuf::Message::AbslUnparseFlagImpl() const::<lambda(const auto:60&)> >(const google::protobuf::Message&, google::protobuf::Message::AbslUnparseFlagImpl() const::<lambda(const auto:60&)>&&)::<lambda(auto:54)>]':
bazel-out/k8-opt-exec-ST-d57f47055a04/bin/external/protobuf+/src/google/protobuf/_virtual_includes/protobuf/google/protobuf/reflection_visit_fields.h:417:31:   required from 'static void google::protobuf::internal::ReflectionVisit::VisitMessageFields(const google::protobuf::Message&, CallbackFn&&) [with CallbackFn = google::protobuf::Message::AbslUnparseFlagImpl() const::<lambda(const auto:60&)>]'
bazel-out/k8-opt-exec-ST-d57f47055a04/bin/external/protobuf+/src/google/protobuf/_virtual_includes/protobuf/google/protobuf/reflection_visit_fields.h:494:38:   required from 'void google::protobuf::internal::VisitMessageFields(const google::protobuf::Message&, CallbackFn&&) [with CallbackFn = google::protobuf::Message::AbslUnparseFlagImpl() const::<lambda(const auto:60&)>]'
external/protobuf+/src/google/protobuf/message.cc:314:31:   required from here
bazel-out/k8-opt-exec-ST-d57f47055a04/bin/external/protobuf+/src/google/protobuf/_virtual_includes/protobuf/google/protobuf/reflection_visit_fields.h:109:39: warning: 'bool google::protobuf::FieldOptions::weak() const' is deprecated [-Wdeprecated-declarations]
  109 |     ABSL_DCHECK(!field->options().weak()) << "weak fields are not supported";
      |                  ~~~~~~~~~~~~~~~~~~~~~^~
external/abseil-cpp+/absl/log/internal/conditions.h:68:7: note: in definition of macro 'ABSL_LOG_INTERNAL_STATELESS_CONDITION'
   68 |     !(condition) ? (void)0 : ::absl::log_internal::Voidify() &&
      |       ^~~~~~~~~
external/abseil-cpp+/absl/log/internal/check_impl.h:26:3: note: in expansion of macro 'ABSL_LOG_INTERNAL_CONDITION_FATAL'
   26 |   ABSL_LOG_INTERNAL_CONDITION_FATAL(STATELESS,                        \
      |   ^~~~~~~~~~~~~~~~~~~~~~~~~~~~~~~~~
external/abseil-cpp+/absl/log/internal/check_impl.h:27:37: note: in expansion of macro 'ABSL_PREDICT_FALSE'
   27 |                                     ABSL_PREDICT_FALSE(!(condition))) \
      |                                     ^~~~~~~~~~~~~~~~~~
external/abseil-cpp+/absl/log/internal/check_impl.h:43:3: note: in expansion of macro 'ABSL_LOG_INTERNAL_CHECK_IMPL'
   43 |   ABSL_LOG_INTERNAL_CHECK_IMPL(true || (condition), "true")
      |   ^~~~~~~~~~~~~~~~~~~~~~~~~~~~
external/abseil-cpp+/absl/log/absl_check.h:47:3: note: in expansion of macro 'ABSL_LOG_INTERNAL_DCHECK_IMPL'
   47 |   ABSL_LOG_INTERNAL_DCHECK_IMPL((condition), #condition)
      |   ^~~~~~~~~~~~~~~~~~~~~~~~~~~~~
bazel-out/k8-opt-exec-ST-d57f47055a04/bin/external/protobuf+/src/google/protobuf/_virtual_includes/protobuf/google/protobuf/reflection_visit_fields.h:109:5: note: in expansion of macro 'ABSL_DCHECK'
  109 |     ABSL_DCHECK(!field->options().weak()) << "weak fields are not supported";
      |     ^~~~~~~~~~~
In file included from external/protobuf+/src/google/protobuf/message.cc:44:
bazel-out/k8-opt-exec-ST-d57f47055a04/bin/external/protobuf+/src/google/protobuf/_virtual_includes/protobuf/google/protobuf/descriptor.pb.h:19782:13: note: declared here
19782 | inline bool FieldOptions::weak() const {
      |             ^~~~~~~~~~~~
bazel-out/k8-opt-exec-ST-d57f47055a04/bin/external/protobuf+/src/google/protobuf/_virtual_includes/protobuf/google/protobuf/reflection_visit_fields.h:109:39: warning: 'bool google::protobuf::FieldOptions::weak() const' is deprecated [-Wdeprecated-declarations]
  109 |     ABSL_DCHECK(!field->options().weak()) << "weak fields are not supported";
      |                  ~~~~~~~~~~~~~~~~~~~~~^~
external/abseil-cpp+/absl/log/internal/conditions.h:68:7: note: in definition of macro 'ABSL_LOG_INTERNAL_STATELESS_CONDITION'
   68 |     !(condition) ? (void)0 : ::absl::log_internal::Voidify() &&
      |       ^~~~~~~~~
external/abseil-cpp+/absl/log/internal/check_impl.h:26:3: note: in expansion of macro 'ABSL_LOG_INTERNAL_CONDITION_FATAL'
   26 |   ABSL_LOG_INTERNAL_CONDITION_FATAL(STATELESS,                        \
      |   ^~~~~~~~~~~~~~~~~~~~~~~~~~~~~~~~~
external/abseil-cpp+/absl/log/internal/check_impl.h:27:37: note: in expansion of macro 'ABSL_PREDICT_FALSE'
   27 |                                     ABSL_PREDICT_FALSE(!(condition))) \
      |                                     ^~~~~~~~~~~~~~~~~~
external/abseil-cpp+/absl/log/internal/check_impl.h:43:3: note: in expansion of macro 'ABSL_LOG_INTERNAL_CHECK_IMPL'
   43 |   ABSL_LOG_INTERNAL_CHECK_IMPL(true || (condition), "true")
      |   ^~~~~~~~~~~~~~~~~~~~~~~~~~~~
external/abseil-cpp+/absl/log/absl_check.h:47:3: note: in expansion of macro 'ABSL_LOG_INTERNAL_DCHECK_IMPL'
   47 |   ABSL_LOG_INTERNAL_DCHECK_IMPL((condition), #condition)
      |   ^~~~~~~~~~~~~~~~~~~~~~~~~~~~~
bazel-out/k8-opt-exec-ST-d57f47055a04/bin/external/protobuf+/src/google/protobuf/_virtual_includes/protobuf/google/protobuf/reflection_visit_fields.h:109:5: note: in expansion of macro 'ABSL_DCHECK'
  109 |     ABSL_DCHECK(!field->options().weak()) << "weak fields are not supported";
      |     ^~~~~~~~~~~
bazel-out/k8-opt-exec-ST-d57f47055a04/bin/external/protobuf+/src/google/protobuf/_virtual_includes/protobuf/google/protobuf/descriptor.pb.h:19782:13: note: declared here
19782 | inline bool FieldOptions::weak() const {
      |             ^~~~~~~~~~~~
INFO: From Compiling src/google/protobuf/generated_message_tctable_gen.cc:
external/protobuf+/src/google/protobuf/generated_message_tctable_gen.cc: In function 'bool google::protobuf::internal::{anonymous}::HasWeakFields(const google::protobuf::Descriptor*)':
external/protobuf+/src/google/protobuf/generated_message_tctable_gen.cc:668:45: warning: 'bool google::protobuf::FieldOptions::weak() const' is deprecated [-Wdeprecated-declarations]
  668 |     if (descriptor->field(i)->options().weak()) {
      |         ~~~~~~~~~~~~~~~~~~~~~~~~~~~~~~~~~~~~^~
In file included from bazel-out/k8-fastbuild/bin/external/protobuf+/src/google/protobuf/_virtual_includes/protobuf/google/protobuf/generated_message_tctable_gen.h:21,
                 from external/protobuf+/src/google/protobuf/generated_message_tctable_gen.cc:8:
bazel-out/k8-fastbuild/bin/external/protobuf+/src/google/protobuf/_virtual_includes/protobuf/google/protobuf/descriptor.pb.h:19782:13: note: declared here
19782 | inline bool FieldOptions::weak() const {
      |             ^~~~~~~~~~~~
external/protobuf+/src/google/protobuf/generated_message_tctable_gen.cc: In function 'bool google::protobuf::internal::IsFieldTypeEligibleForFastParsing(const google::protobuf::FieldDescriptor*)':
external/protobuf+/src/google/protobuf/generated_message_tctable_gen.cc:707:28: warning: 'bool google::protobuf::FieldOptions::weak() const' is deprecated [-Wdeprecated-declarations]
  707 |       field->options().weak()) {
      |       ~~~~~~~~~~~~~~~~~~~~~^~
bazel-out/k8-fastbuild/bin/external/protobuf+/src/google/protobuf/_virtual_includes/protobuf/google/protobuf/descriptor.pb.h:19782:13: note: declared here
19782 | inline bool FieldOptions::weak() const {
      |             ^~~~~~~~~~~~
external/protobuf+/src/google/protobuf/generated_message_tctable_gen.cc: In lambda function:
external/protobuf+/src/google/protobuf/generated_message_tctable_gen.cc:742:54: warning: 'bool google::protobuf::FieldOptions::weak() const' is deprecated [-Wdeprecated-declarations]
  742 |            !field->is_map() && !field->options().weak() &&
      |                                 ~~~~~~~~~~~~~~~~~~~~~^~
bazel-out/k8-fastbuild/bin/external/protobuf+/src/google/protobuf/_virtual_includes/protobuf/google/protobuf/descriptor.pb.h:19782:13: note: declared here
19782 | inline bool FieldOptions::weak() const {
      |             ^~~~~~~~~~~~
external/protobuf+/src/google/protobuf/generated_message_tctable_gen.cc: In static member function 'static std::vector<google::protobuf::internal::TailCallTableInfo::FieldEntryInfo> google::protobuf::internal::TailCallTableInfo::BuildFieldEntries(const google::protobuf::Descriptor*, const MessageOptions&, absl::lts_20250814::Span<const FieldOptions>, std::vector<AuxEntry>&)':
external/protobuf+/src/google/protobuf/generated_message_tctable_gen.cc:782:39: warning: 'bool google::protobuf::FieldOptions::weak() const' is deprecated [-Wdeprecated-declarations]
  782 |       } else if (field->options().weak()) {
      |                  ~~~~~~~~~~~~~~~~~~~~~^~
bazel-out/k8-fastbuild/bin/external/protobuf+/src/google/protobuf/_virtual_includes/protobuf/google/protobuf/descriptor.pb.h:19782:13: note: declared here
19782 | inline bool FieldOptions::weak() const {
      |             ^~~~~~~~~~~~
[1,416 / 2,801] Compiling src/google/protobuf/generated_message_bases.cc; 2s processwrapper-sandbox ... (4 actions, 3 running)
[1,417 / 2,801] Compiling src/google/protobuf/generated_message_bases.cc [for tool]; 2s processwrapper-sandbox ... (4 actions running)
[1,418 / 2,801] Compiling src/google/protobuf/parse_context.cc [for tool]; 3s processwrapper-sandbox ... (4 actions running)
INFO: From Compiling src/google/protobuf/generated_message_tctable_gen.cc [for tool]:
external/protobuf+/src/google/protobuf/generated_message_tctable_gen.cc: In function 'bool google::protobuf::internal::{anonymous}::HasWeakFields(const google::protobuf::Descriptor*)':
external/protobuf+/src/google/protobuf/generated_message_tctable_gen.cc:668:45: warning: 'bool google::protobuf::FieldOptions::weak() const' is deprecated [-Wdeprecated-declarations]
  668 |     if (descriptor->field(i)->options().weak()) {
      |         ~~~~~~~~~~~~~~~~~~~~~~~~~~~~~~~~~~~~^~
In file included from bazel-out/k8-opt-exec-ST-d57f47055a04/bin/external/protobuf+/src/google/protobuf/_virtual_includes/protobuf/google/protobuf/generated_message_tctable_gen.h:21,
                 from external/protobuf+/src/google/protobuf/generated_message_tctable_gen.cc:8:
bazel-out/k8-opt-exec-ST-d57f47055a04/bin/external/protobuf+/src/google/protobuf/_virtual_includes/protobuf/google/protobuf/descriptor.pb.h:19782:13: note: declared here
19782 | inline bool FieldOptions::weak() const {
      |             ^~~~~~~~~~~~
external/protobuf+/src/google/protobuf/generated_message_tctable_gen.cc: In function 'bool google::protobuf::internal::IsFieldTypeEligibleForFastParsing(const google::protobuf::FieldDescriptor*)':
external/protobuf+/src/google/protobuf/generated_message_tctable_gen.cc:707:28: warning: 'bool google::protobuf::FieldOptions::weak() const' is deprecated [-Wdeprecated-declarations]
  707 |       field->options().weak()) {
      |       ~~~~~~~~~~~~~~~~~~~~~^~
bazel-out/k8-opt-exec-ST-d57f47055a04/bin/external/protobuf+/src/google/protobuf/_virtual_includes/protobuf/google/protobuf/descriptor.pb.h:19782:13: note: declared here
19782 | inline bool FieldOptions::weak() const {
      |             ^~~~~~~~~~~~
external/protobuf+/src/google/protobuf/generated_message_tctable_gen.cc: In lambda function:
external/protobuf+/src/google/protobuf/generated_message_tctable_gen.cc:742:54: warning: 'bool google::protobuf::FieldOptions::weak() const' is deprecated [-Wdeprecated-declarations]
  742 |            !field->is_map() && !field->options().weak() &&
      |                                 ~~~~~~~~~~~~~~~~~~~~~^~
bazel-out/k8-opt-exec-ST-d57f47055a04/bin/external/protobuf+/src/google/protobuf/_virtual_includes/protobuf/google/protobuf/descriptor.pb.h:19782:13: note: declared here
19782 | inline bool FieldOptions::weak() const {
      |             ^~~~~~~~~~~~
external/protobuf+/src/google/protobuf/generated_message_tctable_gen.cc: In static member function 'static std::vector<google::protobuf::internal::TailCallTableInfo::FieldEntryInfo> google::protobuf::internal::TailCallTableInfo::BuildFieldEntries(const google::protobuf::Descriptor*, const MessageOptions&, absl::lts_20250814::Span<const FieldOptions>, std::vector<AuxEntry>&)':
external/protobuf+/src/google/protobuf/generated_message_tctable_gen.cc:782:39: warning: 'bool google::protobuf::FieldOptions::weak() const' is deprecated [-Wdeprecated-declarations]
  782 |       } else if (field->options().weak()) {
      |                  ~~~~~~~~~~~~~~~~~~~~~^~
bazel-out/k8-opt-exec-ST-d57f47055a04/bin/external/protobuf+/src/google/protobuf/_virtual_includes/protobuf/google/protobuf/descriptor.pb.h:19782:13: note: declared here
19782 | inline bool FieldOptions::weak() const {
      |             ^~~~~~~~~~~~
[1,421 / 2,801] Compiling src/google/protobuf/feature_resolver.cc [for tool]; 4s processwrapper-sandbox ... (4 actions, 3 running)
[1,423 / 2,801] Compiling src/google/protobuf/feature_resolver.cc [for tool]; 3s processwrapper-sandbox ... (4 actions running)
[1,424 / 2,801] Compiling src/google/protobuf/extension_set_heavy.cc [for tool]; 2s processwrapper-sandbox ... (4 actions running)
[1,425 / 2,801] Compiling src/google/protobuf/extension_set_heavy.cc [for tool]; 3s processwrapper-sandbox ... (4 actions running)
[1,426 / 2,801] Compiling src/google/protobuf/feature_resolver.cc; 3s processwrapper-sandbox ... (4 actions, 3 running)
INFO: From Compiling src/google/protobuf/dynamic_message.cc [for tool]:
external/protobuf+/src/google/protobuf/dynamic_message.cc: In member function 'void google::protobuf::DynamicMessage::CrossLinkPrototypes()':
external/protobuf+/src/google/protobuf/dynamic_message.cc:845:31: warning: 'bool google::protobuf::FieldOptions::weak() const' is deprecated [-Wdeprecated-declarations]
  845 |         !field->options().weak() && !InRealOneof(field) &&
      |          ~~~~~~~~~~~~~~~~~~~~~^~
In file included from external/protobuf+/src/google/protobuf/dynamic_message.cc:57:
bazel-out/k8-opt-exec-ST-020102668b12/bin/external/protobuf+/src/google/protobuf/_virtual_includes/protobuf/google/protobuf/descriptor.pb.h:19782:13: note: declared here
19782 | inline bool FieldOptions::weak() const {
      |             ^~~~~~~~~~~~
[1,429 / 2,801] Compiling src/google/protobuf/extension_set_heavy.cc; 1s processwrapper-sandbox ... (4 actions, 3 running)
[1,429 / 2,801] Compiling src/google/protobuf/extension_set_heavy.cc; 2s processwrapper-sandbox ... (4 actions running)
[1,430 / 2,801] Compiling src/google/protobuf/extension_set_heavy.cc [for tool]; 3s processwrapper-sandbox ... (4 actions, 3 running)
INFO: From Compiling src/google/protobuf/dynamic_message.cc:
external/protobuf+/src/google/protobuf/dynamic_message.cc: In member function 'void google::protobuf::DynamicMessage::CrossLinkPrototypes()':
external/protobuf+/src/google/protobuf/dynamic_message.cc:845:31: warning: 'bool google::protobuf::FieldOptions::weak() const' is deprecated [-Wdeprecated-declarations]
  845 |         !field->options().weak() && !InRealOneof(field) &&
      |          ~~~~~~~~~~~~~~~~~~~~~^~
In file included from external/protobuf+/src/google/protobuf/dynamic_message.cc:57:
bazel-out/k8-fastbuild/bin/external/protobuf+/src/google/protobuf/_virtual_includes/protobuf/google/protobuf/descriptor.pb.h:19782:13: note: declared here
19782 | inline bool FieldOptions::weak() const {
      |             ^~~~~~~~~~~~
[1,432 / 2,801] Compiling src/google/protobuf/descriptor_database.cc [for tool]; 4s processwrapper-sandbox ... (4 actions, 3 running)
[1,432 / 2,801] Compiling src/google/protobuf/descriptor_database.cc [for tool]; 6s processwrapper-sandbox ... (4 actions running)
[1,433 / 2,801] Compiling src/google/protobuf/descriptor.cc [for tool]; 5s processwrapper-sandbox ... (4 actions, 3 running)
INFO: From Compiling src/google/protobuf/dynamic_message.cc [for tool]:
external/protobuf+/src/google/protobuf/dynamic_message.cc: In member function 'void google::protobuf::DynamicMessage::CrossLinkPrototypes()':
external/protobuf+/src/google/protobuf/dynamic_message.cc:845:31: warning: 'bool google::protobuf::FieldOptions::weak() const' is deprecated [-Wdeprecated-declarations]
  845 |         !field->options().weak() && !InRealOneof(field) &&
      |          ~~~~~~~~~~~~~~~~~~~~~^~
In file included from external/protobuf+/src/google/protobuf/dynamic_message.cc:57:
bazel-out/k8-opt-exec-ST-d57f47055a04/bin/external/protobuf+/src/google/protobuf/_virtual_includes/protobuf/google/protobuf/descriptor.pb.h:19782:13: note: declared here
19782 | inline bool FieldOptions::weak() const {
      |             ^~~~~~~~~~~~
[1,434 / 2,801] Compiling src/google/protobuf/descriptor.cc [for tool]; 6s processwrapper-sandbox ... (4 actions running)
[1,435 / 2,801] Compiling src/google/protobuf/descriptor.cc [for tool]; 11s processwrapper-sandbox ... (4 actions, 3 running)
[1,435 / 2,801] Compiling src/google/protobuf/descriptor.cc [for tool]; 12s processwrapper-sandbox ... (4 actions running)
[1,436 / 2,801] Compiling src/google/protobuf/descriptor.cc [for tool]; 14s processwrapper-sandbox ... (4 actions, 3 running)
[1,436 / 2,801] Compiling src/google/protobuf/descriptor.cc [for tool]; 15s processwrapper-sandbox ... (4 actions running)
[1,437 / 2,801] Compiling src/google/protobuf/descriptor.cc [for tool]; 19s processwrapper-sandbox ... (4 actions, 3 running)
[1,438 / 2,801] Compiling src/google/protobuf/descriptor.cc [for tool]; 21s processwrapper-sandbox ... (4 actions running)
[1,439 / 2,801] Compiling src/google/protobuf/descriptor.cc [for tool]; 23s processwrapper-sandbox ... (4 actions, 3 running)
[1,439 / 2,801] Compiling src/google/protobuf/descriptor.cc [for tool]; 24s processwrapper-sandbox ... (4 actions running)
INFO: From Compiling src/google/protobuf/descriptor.cc [for tool]:
external/protobuf+/src/google/protobuf/descriptor.cc: In member function 'void google::protobuf::DescriptorBuilder::CrossLinkField(google::protobuf::FieldDescriptor*, const google::protobuf::FieldDescriptorProto&)':
external/protobuf+/src/google/protobuf/descriptor.cc:8005:65: warning: 'bool google::protobuf::FieldOptions::weak() const' is deprecated [-Wdeprecated-declarations]
 8005 |     bool is_weak = !pool_->enforce_weak_ && proto.options().weak();
      |                                             ~~~~~~~~~~~~~~~~~~~~^~
In file included from bazel-out/k8-opt-exec-ST-020102668b12/bin/external/protobuf+/src/google/protobuf/_virtual_includes/protobuf/google/protobuf/cpp_features.pb.h:34,
                 from external/protobuf+/src/google/protobuf/descriptor.cc:72:
bazel-out/k8-opt-exec-ST-020102668b12/bin/external/protobuf+/src/google/protobuf/_virtual_includes/protobuf/google/protobuf/descriptor.pb.h:19782:13: note: declared here
19782 | inline bool FieldOptions::weak() const {
      |             ^~~~~~~~~~~~
external/protobuf+/src/google/protobuf/descriptor.cc: In function 'google::protobuf::internal::cpp::HasbitMode google::protobuf::internal::cpp::GetFieldHasbitModeWithoutProfile(const google::protobuf::FieldDescriptor*)':
external/protobuf+/src/google/protobuf/descriptor.cc:10707:62: warning: 'bool google::protobuf::FieldOptions::weak() const' is deprecated [-Wdeprecated-declarations]
10707 |   if (field->real_containing_oneof() || field->options().weak() ||
      |                                         ~~~~~~~~~~~~~~~~~~~~~^~
bazel-out/k8-opt-exec-ST-020102668b12/bin/external/protobuf+/src/google/protobuf/_virtual_includes/protobuf/google/protobuf/descriptor.pb.h:19782:13: note: declared here
19782 | inline bool FieldOptions::weak() const {
      |             ^~~~~~~~~~~~
INFO: From Compiling src/google/protobuf/descriptor.cc [for tool]:
external/protobuf+/src/google/protobuf/descriptor.cc: In member function 'void google::protobuf::DescriptorBuilder::CrossLinkField(google::protobuf::FieldDescriptor*, const google::protobuf::FieldDescriptorProto&)':
external/protobuf+/src/google/protobuf/descriptor.cc:8005:65: warning: 'bool google::protobuf::FieldOptions::weak() const' is deprecated [-Wdeprecated-declarations]
 8005 |     bool is_weak = !pool_->enforce_weak_ && proto.options().weak();
      |                                             ~~~~~~~~~~~~~~~~~~~~^~
In file included from bazel-out/k8-opt-exec-ST-d57f47055a04/bin/external/protobuf+/src/google/protobuf/_virtual_includes/protobuf/google/protobuf/cpp_features.pb.h:34,
                 from external/protobuf+/src/google/protobuf/descriptor.cc:72:
bazel-out/k8-opt-exec-ST-d57f47055a04/bin/external/protobuf+/src/google/protobuf/_virtual_includes/protobuf/google/protobuf/descriptor.pb.h:19782:13: note: declared here
19782 | inline bool FieldOptions::weak() const {
      |             ^~~~~~~~~~~~
external/protobuf+/src/google/protobuf/descriptor.cc: In function 'google::protobuf::internal::cpp::HasbitMode google::protobuf::internal::cpp::GetFieldHasbitModeWithoutProfile(const google::protobuf::FieldDescriptor*)':
external/protobuf+/src/google/protobuf/descriptor.cc:10707:62: warning: 'bool google::protobuf::FieldOptions::weak() const' is deprecated [-Wdeprecated-declarations]
10707 |   if (field->real_containing_oneof() || field->options().weak() ||
      |                                         ~~~~~~~~~~~~~~~~~~~~~^~
bazel-out/k8-opt-exec-ST-d57f47055a04/bin/external/protobuf+/src/google/protobuf/_virtual_includes/protobuf/google/protobuf/descriptor.pb.h:19782:13: note: declared here
19782 | inline bool FieldOptions::weak() const {
      |             ^~~~~~~~~~~~
[1,441 / 2,801] Compiling src/google/protobuf/descriptor.pb.cc [for tool]; 5s processwrapper-sandbox ... (4 actions running)
[1,442 / 2,801] Compiling src/google/protobuf/descriptor.pb.cc [for tool]; 7s processwrapper-sandbox ... (4 actions, 3 running)
[1,443 / 2,801] Compiling src/google/protobuf/descriptor.cc; 3s processwrapper-sandbox ... (4 actions, 3 running)
[1,446 / 2,801] Compiling src/google/protobuf/descriptor.cc; 4s processwrapper-sandbox ... (4 actions running)
[1,447 / 2,801] Compiling src/google/protobuf/descriptor.cc; 6s processwrapper-sandbox ... (4 actions, 3 running)
[1,450 / 2,801] Compiling src/google/protobuf/descriptor.cc; 7s processwrapper-sandbox ... (4 actions running)
[1,452 / 2,801] Compiling src/google/protobuf/descriptor.cc; 9s processwrapper-sandbox ... (4 actions, 3 running)
[1,454 / 2,801] Compiling src/google/protobuf/descriptor.cc; 10s processwrapper-sandbox ... (4 actions, 3 running)
[1,458 / 2,801] Compiling src/google/protobuf/descriptor.cc; 11s processwrapper-sandbox ... (4 actions, 3 running)
[1,459 / 2,801] Compiling src/google/protobuf/descriptor.cc; 12s processwrapper-sandbox ... (4 actions running)
[1,460 / 2,801] Compiling src/google/protobuf/descriptor.cc; 14s processwrapper-sandbox ... (4 actions, 3 running)
[1,461 / 2,801] Compiling src/google/protobuf/descriptor.cc; 15s processwrapper-sandbox ... (4 actions running)
INFO: From Compiling src/google/protobuf/descriptor.cc:
external/protobuf+/src/google/protobuf/descriptor.cc: In member function 'void google::protobuf::DescriptorBuilder::CrossLinkField(google::protobuf::FieldDescriptor*, const google::protobuf::FieldDescriptorProto&)':
external/protobuf+/src/google/protobuf/descriptor.cc:8005:65: warning: 'bool google::protobuf::FieldOptions::weak() const' is deprecated [-Wdeprecated-declarations]
 8005 |     bool is_weak = !pool_->enforce_weak_ && proto.options().weak();
      |                                             ~~~~~~~~~~~~~~~~~~~~^~
In file included from bazel-out/k8-fastbuild/bin/external/protobuf+/src/google/protobuf/_virtual_includes/protobuf/google/protobuf/cpp_features.pb.h:34,
                 from external/protobuf+/src/google/protobuf/descriptor.cc:72:
bazel-out/k8-fastbuild/bin/external/protobuf+/src/google/protobuf/_virtual_includes/protobuf/google/protobuf/descriptor.pb.h:19782:13: note: declared here
19782 | inline bool FieldOptions::weak() const {
      |             ^~~~~~~~~~~~
external/protobuf+/src/google/protobuf/descriptor.cc: In function 'google::protobuf::internal::cpp::HasbitMode google::protobuf::internal::cpp::GetFieldHasbitModeWithoutProfile(const google::protobuf::FieldDescriptor*)':
external/protobuf+/src/google/protobuf/descriptor.cc:10707:62: warning: 'bool google::protobuf::FieldOptions::weak() const' is deprecated [-Wdeprecated-declarations]
10707 |   if (field->real_containing_oneof() || field->options().weak() ||
      |                                         ~~~~~~~~~~~~~~~~~~~~~^~
bazel-out/k8-fastbuild/bin/external/protobuf+/src/google/protobuf/_virtual_includes/protobuf/google/protobuf/descriptor.pb.h:19782:13: note: declared here
19782 | inline bool FieldOptions::weak() const {
      |             ^~~~~~~~~~~~
[1,464 / 2,801] Compiling src/google/protobuf/compiler/java/names.cc [for tool]; 3s processwrapper-sandbox ... (4 actions, 3 running)
[1,466 / 2,801] Compiling src/google/protobuf/compiler/cpp/helpers.cc [for tool]; 2s processwrapper-sandbox ... (4 actions running)
[1,467 / 2,801] Compiling src/google/protobuf/compiler/cpp/helpers.cc [for tool]; 4s processwrapper-sandbox ... (4 actions, 3 running)
[1,469 / 2,801] Compiling src/google/protobuf/compiler/cpp/helpers.cc [for tool]; 6s processwrapper-sandbox ... (4 actions, 3 running)
[1,470 / 2,801] Compiling src/google/protobuf/compiler/cpp/helpers.cc [for tool]; 7s processwrapper-sandbox ... (4 actions running)
INFO: From Compiling src/google/protobuf/compiler/cpp/helpers.cc [for tool]:
In file included from external/protobuf+/src/google/protobuf/compiler/cpp/helpers.cc:12:
bazel-out/k8-opt-exec-ST-020102668b12/bin/external/protobuf+/src/google/protobuf/compiler/cpp/_virtual_includes/names_internal/google/protobuf/compiler/cpp/helpers.h: In function 'bool google::protobuf::compiler::cpp::IsWeak(const google::protobuf::FieldDescriptor*, const Options&)':
bazel-out/k8-opt-exec-ST-020102668b12/bin/external/protobuf+/src/google/protobuf/compiler/cpp/_virtual_includes/names_internal/google/protobuf/compiler/cpp/helpers.h:359:28: warning: 'bool google::protobuf::FieldOptions::weak() const' is deprecated [-Wdeprecated-declarations]
  359 |   if (field->options().weak()) {
      |       ~~~~~~~~~~~~~~~~~~~~~^~
In file included from bazel-out/k8-opt-exec-ST-020102668b12/bin/external/protobuf+/src/google/protobuf/compiler/_virtual_includes/code_generator_lite/google/protobuf/compiler/code_generator_lite.h:18,
                 from bazel-out/k8-opt-exec-ST-020102668b12/bin/external/protobuf+/src/google/protobuf/compiler/_virtual_includes/code_generator/google/protobuf/compiler/code_generator.h:25,
                 from bazel-out/k8-opt-exec-ST-020102668b12/bin/external/protobuf+/src/google/protobuf/compiler/cpp/_virtual_includes/names_internal/google/protobuf/compiler/cpp/helpers.h:30:
bazel-out/k8-opt-exec-ST-020102668b12/bin/external/protobuf+/src/google/protobuf/_virtual_includes/protobuf/google/protobuf/descriptor.pb.h:19782:13: note: declared here
19782 | inline bool FieldOptions::weak() const {
      |             ^~~~~~~~~~~~
external/protobuf+/src/google/protobuf/compiler/cpp/helpers.cc: In member function 'google::protobuf::compiler::cpp::MessageAnalysis google::protobuf::compiler::cpp::MessageSCCAnalyzer::GetSCCAnalysis(const google::protobuf::compiler::SCC*)':
external/protobuf+/src/google/protobuf/compiler/cpp/helpers.cc:1736:32: warning: 'bool google::protobuf::FieldOptions::weak() const' is deprecated [-Wdeprecated-declarations]
 1736 |       if (field->options().weak()) {
      |           ~~~~~~~~~~~~~~~~~~~~~^~
bazel-out/k8-opt-exec-ST-020102668b12/bin/external/protobuf+/src/google/protobuf/_virtual_includes/protobuf/google/protobuf/descriptor.pb.h:19782:13: note: declared here
19782 | inline bool FieldOptions::weak() const {
      |             ^~~~~~~~~~~~
[1,471 / 2,801] Compiling src/google/protobuf/compiler/python/generator.cc [for tool]; 6s processwrapper-sandbox ... (4 actions, 3 running)
[1,472 / 2,801] Compiling src/google/protobuf/compiler/python/generator.cc [for tool]; 7s processwrapper-sandbox ... (4 actions, 3 running)
[1,473 / 2,801] Compiling src/google/protobuf/compiler/python/generator.cc [for tool]; 8s processwrapper-sandbox ... (4 actions running)
[1,475 / 2,801] Compiling src/google/protobuf/compiler/cpp/tracker.cc [for tool]; 3s processwrapper-sandbox ... (4 actions running)
INFO: From Compiling src/google/protobuf/compiler/cpp/tracker.cc [for tool]:
In file included from external/protobuf+/src/google/protobuf/compiler/cpp/tracker.cc:20:
bazel-out/k8-opt-exec-ST-020102668b12/bin/external/protobuf+/src/google/protobuf/compiler/cpp/_virtual_includes/names_internal/google/protobuf/compiler/cpp/helpers.h: In function 'bool google::protobuf::compiler::cpp::IsWeak(const google::protobuf::FieldDescriptor*, const Options&)':
bazel-out/k8-opt-exec-ST-020102668b12/bin/external/protobuf+/src/google/protobuf/compiler/cpp/_virtual_includes/names_internal/google/protobuf/compiler/cpp/helpers.h:359:28: warning: 'bool google::protobuf::FieldOptions::weak() const' is deprecated [-Wdeprecated-declarations]
  359 |   if (field->options().weak()) {
      |       ~~~~~~~~~~~~~~~~~~~~~^~
In file included from bazel-out/k8-opt-exec-ST-020102668b12/bin/external/protobuf+/src/google/protobuf/compiler/_virtual_includes/code_generator_lite/google/protobuf/compiler/code_generator_lite.h:18,
                 from bazel-out/k8-opt-exec-ST-020102668b12/bin/external/protobuf+/src/google/protobuf/compiler/_virtual_includes/code_generator/google/protobuf/compiler/code_generator.h:25,
                 from bazel-out/k8-opt-exec-ST-020102668b12/bin/external/protobuf+/src/google/protobuf/compiler/cpp/_virtual_includes/names_internal/google/protobuf/compiler/cpp/helpers.h:30:
bazel-out/k8-opt-exec-ST-020102668b12/bin/external/protobuf+/src/google/protobuf/_virtual_includes/protobuf/google/protobuf/descriptor.pb.h:19782:13: note: declared here
19782 | inline bool FieldOptions::weak() const {
      |             ^~~~~~~~~~~~
[1,476 / 2,801] Compiling src/google/protobuf/compiler/java/doc_comment.cc [for tool]; 3s processwrapper-sandbox ... (4 actions, 3 running)
[1,477 / 2,801] Compiling src/google/protobuf/compiler/java/field_common.cc [for tool]; 3s processwrapper-sandbox ... (4 actions running)
[1,478 / 2,801] Compiling src/google/protobuf/compiler/java/field_common.cc [for tool]; 5s processwrapper-sandbox ... (4 actions, 3 running)
[1,479 / 2,801] Compiling src/google/protobuf/compiler/cpp/service.cc [for tool]; 4s processwrapper-sandbox ... (4 actions, 3 running)
INFO: From Compiling src/google/protobuf/compiler/cpp/service.cc [for tool]:
In file included from external/protobuf+/src/google/protobuf/compiler/cpp/service.cc:17:
bazel-out/k8-opt-exec-ST-020102668b12/bin/external/protobuf+/src/google/protobuf/compiler/cpp/_virtual_includes/names_internal/google/protobuf/compiler/cpp/helpers.h: In function 'bool google::protobuf::compiler::cpp::IsWeak(const google::protobuf::FieldDescriptor*, const Options&)':
bazel-out/k8-opt-exec-ST-020102668b12/bin/external/protobuf+/src/google/protobuf/compiler/cpp/_virtual_includes/names_internal/google/protobuf/compiler/cpp/helpers.h:359:28: warning: 'bool google::protobuf::FieldOptions::weak() const' is deprecated [-Wdeprecated-declarations]
  359 |   if (field->options().weak()) {
      |       ~~~~~~~~~~~~~~~~~~~~~^~
In file included from bazel-out/k8-opt-exec-ST-020102668b12/bin/external/protobuf+/src/google/protobuf/compiler/_virtual_includes/code_generator_lite/google/protobuf/compiler/code_generator_lite.h:18,
                 from bazel-out/k8-opt-exec-ST-020102668b12/bin/external/protobuf+/src/google/protobuf/compiler/_virtual_includes/code_generator/google/protobuf/compiler/code_generator.h:25,
                 from bazel-out/k8-opt-exec-ST-020102668b12/bin/external/protobuf+/src/google/protobuf/compiler/cpp/_virtual_includes/names_internal/google/protobuf/compiler/cpp/helpers.h:30:
bazel-out/k8-opt-exec-ST-020102668b12/bin/external/protobuf+/src/google/protobuf/_virtual_includes/protobuf/google/protobuf/descriptor.pb.h:19782:13: note: declared here
19782 | inline bool FieldOptions::weak() const {
      |             ^~~~~~~~~~~~
[1,480 / 2,801] Compiling src/google/protobuf/compiler/cpp/message_layout_helper.cc [for tool]; 4s processwrapper-sandbox ... (4 actions, 3 running)
[1,480 / 2,801] Compiling src/google/protobuf/compiler/cpp/message_layout_helper.cc [for tool]; 5s processwrapper-sandbox ... (4 actions running)
INFO: From Compiling src/google/protobuf/compiler/cpp/message_layout_helper.cc [for tool]:
In file included from bazel-out/k8-opt-exec-ST-020102668b12/bin/external/protobuf+/src/google/protobuf/compiler/cpp/_virtual_includes/cpp/google/protobuf/compiler/cpp/message_layout_helper.h:20,
                 from external/protobuf+/src/google/protobuf/compiler/cpp/message_layout_helper.cc:1:
bazel-out/k8-opt-exec-ST-020102668b12/bin/external/protobuf+/src/google/protobuf/compiler/cpp/_virtual_includes/names_internal/google/protobuf/compiler/cpp/helpers.h: In function 'bool google::protobuf::compiler::cpp::IsWeak(const google::protobuf::FieldDescriptor*, const Options&)':
bazel-out/k8-opt-exec-ST-020102668b12/bin/external/protobuf+/src/google/protobuf/compiler/cpp/_virtual_includes/names_internal/google/protobuf/compiler/cpp/helpers.h:359:28: warning: 'bool google::protobuf::FieldOptions::weak() const' is deprecated [-Wdeprecated-declarations]
  359 |   if (field->options().weak()) {
      |       ~~~~~~~~~~~~~~~~~~~~~^~
In file included from bazel-out/k8-opt-exec-ST-020102668b12/bin/external/protobuf+/src/google/protobuf/compiler/_virtual_includes/code_generator_lite/google/protobuf/compiler/code_generator_lite.h:18,
                 from bazel-out/k8-opt-exec-ST-020102668b12/bin/external/protobuf+/src/google/protobuf/compiler/_virtual_includes/code_generator/google/protobuf/compiler/code_generator.h:25,
                 from bazel-out/k8-opt-exec-ST-020102668b12/bin/external/protobuf+/src/google/protobuf/compiler/cpp/_virtual_includes/names_internal/google/protobuf/compiler/cpp/helpers.h:30:
bazel-out/k8-opt-exec-ST-020102668b12/bin/external/protobuf+/src/google/protobuf/_virtual_includes/protobuf/google/protobuf/descriptor.pb.h:19782:13: note: declared here
19782 | inline bool FieldOptions::weak() const {
      |             ^~~~~~~~~~~~
[1,482 / 2,801] Compiling src/google/protobuf/compiler/objectivec/oneof.cc [for tool]; 5s processwrapper-sandbox ... (4 actions, 3 running)
[1,484 / 2,801] Compiling src/google/protobuf/compiler/cpp/parse_function_generator.cc [for tool]; 4s processwrapper-sandbox ... (4 actions running)
INFO: From Compiling src/google/protobuf/compiler/cpp/parse_function_generator.cc [for tool]:
In file included from bazel-out/k8-opt-exec-ST-020102668b12/bin/external/protobuf+/src/google/protobuf/compiler/cpp/_virtual_includes/cpp/google/protobuf/compiler/cpp/parse_function_generator.h:18,
                 from external/protobuf+/src/google/protobuf/compiler/cpp/parse_function_generator.cc:8:
bazel-out/k8-opt-exec-ST-020102668b12/bin/external/protobuf+/src/google/protobuf/compiler/cpp/_virtual_includes/names_internal/google/protobuf/compiler/cpp/helpers.h: In function 'bool google::protobuf::compiler::cpp::IsWeak(const google::protobuf::FieldDescriptor*, const Options&)':
bazel-out/k8-opt-exec-ST-020102668b12/bin/external/protobuf+/src/google/protobuf/compiler/cpp/_virtual_includes/names_internal/google/protobuf/compiler/cpp/helpers.h:359:28: warning: 'bool google::protobuf::FieldOptions::weak() const' is deprecated [-Wdeprecated-declarations]
  359 |   if (field->options().weak()) {
      |       ~~~~~~~~~~~~~~~~~~~~~^~
In file included from bazel-out/k8-opt-exec-ST-020102668b12/bin/external/protobuf+/src/google/protobuf/compiler/_virtual_includes/code_generator_lite/google/protobuf/compiler/code_generator_lite.h:18,
                 from bazel-out/k8-opt-exec-ST-020102668b12/bin/external/protobuf+/src/google/protobuf/compiler/_virtual_includes/code_generator/google/protobuf/compiler/code_generator.h:25,
                 from bazel-out/k8-opt-exec-ST-020102668b12/bin/external/protobuf+/src/google/protobuf/compiler/cpp/_virtual_includes/names_internal/google/protobuf/compiler/cpp/helpers.h:30:
bazel-out/k8-opt-exec-ST-020102668b12/bin/external/protobuf+/src/google/protobuf/_virtual_includes/protobuf/google/protobuf/descriptor.pb.h:19782:13: note: declared here
19782 | inline bool FieldOptions::weak() const {
      |             ^~~~~~~~~~~~
[1,485 / 2,801] Compiling src/google/protobuf/compiler/java/full/service.cc [for tool]; 4s processwrapper-sandbox ... (4 actions, 3 running)
[1,487 / 2,801] Compiling src/google/protobuf/compiler/cpp/file.cc [for tool]; 5s processwrapper-sandbox ... (4 actions, 3 running)
[1,488 / 2,801] Compiling src/google/protobuf/compiler/cpp/file.cc [for tool]; 6s processwrapper-sandbox ... (4 actions, 3 running)
[1,488 / 2,801] Compiling src/google/protobuf/compiler/cpp/file.cc [for tool]; 7s processwrapper-sandbox ... (4 actions running)
[1,489 / 2,801] Compiling src/google/protobuf/compiler/cpp/file.cc [for tool]; 11s processwrapper-sandbox ... (4 actions, 3 running)
[1,489 / 2,801] Compiling src/google/protobuf/compiler/cpp/file.cc [for tool]; 12s processwrapper-sandbox ... (4 actions running)
INFO: From Compiling src/google/protobuf/compiler/cpp/file.cc [for tool]:
In file included from bazel-out/k8-opt-exec-ST-020102668b12/bin/external/protobuf+/src/google/protobuf/compiler/cpp/_virtual_includes/cpp/google/protobuf/compiler/cpp/extension.h:19,
                 from bazel-out/k8-opt-exec-ST-020102668b12/bin/external/protobuf+/src/google/protobuf/compiler/cpp/_virtual_includes/cpp/google/protobuf/compiler/cpp/file.h:26,
                 from external/protobuf+/src/google/protobuf/compiler/cpp/file.cc:12:
bazel-out/k8-opt-exec-ST-020102668b12/bin/external/protobuf+/src/google/protobuf/compiler/cpp/_virtual_includes/names_internal/google/protobuf/compiler/cpp/helpers.h: In function 'bool google::protobuf::compiler::cpp::IsWeak(const google::protobuf::FieldDescriptor*, const Options&)':
bazel-out/k8-opt-exec-ST-020102668b12/bin/external/protobuf+/src/google/protobuf/compiler/cpp/_virtual_includes/names_internal/google/protobuf/compiler/cpp/helpers.h:359:28: warning: 'bool google::protobuf::FieldOptions::weak() const' is deprecated [-Wdeprecated-declarations]
  359 |   if (field->options().weak()) {
      |       ~~~~~~~~~~~~~~~~~~~~~^~
In file included from bazel-out/k8-opt-exec-ST-020102668b12/bin/external/protobuf+/src/google/protobuf/compiler/_virtual_includes/code_generator_lite/google/protobuf/compiler/code_generator_lite.h:18,
                 from bazel-out/k8-opt-exec-ST-020102668b12/bin/external/protobuf+/src/google/protobuf/compiler/_virtual_includes/code_generator/google/protobuf/compiler/code_generator.h:25,
                 from bazel-out/k8-opt-exec-ST-020102668b12/bin/external/protobuf+/src/google/protobuf/compiler/cpp/_virtual_includes/names_internal/google/protobuf/compiler/cpp/helpers.h:30:
bazel-out/k8-opt-exec-ST-020102668b12/bin/external/protobuf+/src/google/protobuf/_virtual_includes/protobuf/google/protobuf/descriptor.pb.h:19782:13: note: declared here
19782 | inline bool FieldOptions::weak() const {
      |             ^~~~~~~~~~~~
[1,491 / 2,801] Compiling src/google/protobuf/compiler/cpp/message.cc [for tool]; 7s processwrapper-sandbox ... (4 actions, 3 running)
[1,491 / 2,801] Compiling src/google/protobuf/compiler/cpp/message.cc [for tool]; 9s processwrapper-sandbox ... (4 actions running)
[1,492 / 2,801] Compiling src/google/protobuf/compiler/cpp/message.cc [for tool]; 11s processwrapper-sandbox ... (4 actions, 3 running)
[1,493 / 2,801] Compiling src/google/protobuf/compiler/cpp/message.cc [for tool]; 13s processwrapper-sandbox ... (4 actions running)
INFO: From Compiling src/google/protobuf/compiler/cpp/field_generators/string_field.cc [for tool]:
In file included from bazel-out/k8-opt-exec-ST-020102668b12/bin/external/protobuf+/src/google/protobuf/compiler/cpp/_virtual_includes/cpp/google/protobuf/compiler/cpp/field.h:26,
                 from external/protobuf+/src/google/protobuf/compiler/cpp/field_generators/string_field.cc:20:
bazel-out/k8-opt-exec-ST-020102668b12/bin/external/protobuf+/src/google/protobuf/compiler/cpp/_virtual_includes/names_internal/google/protobuf/compiler/cpp/helpers.h: In function 'bool google::protobuf::compiler::cpp::IsWeak(const google::protobuf::FieldDescriptor*, const Options&)':
bazel-out/k8-opt-exec-ST-020102668b12/bin/external/protobuf+/src/google/protobuf/compiler/cpp/_virtual_includes/names_internal/google/protobuf/compiler/cpp/helpers.h:359:28: warning: 'bool google::protobuf::FieldOptions::weak() const' is deprecated [-Wdeprecated-declarations]
  359 |   if (field->options().weak()) {
      |       ~~~~~~~~~~~~~~~~~~~~~^~
In file included from bazel-out/k8-opt-exec-ST-020102668b12/bin/external/protobuf+/src/google/protobuf/compiler/_virtual_includes/code_generator_lite/google/protobuf/compiler/code_generator_lite.h:18,
                 from bazel-out/k8-opt-exec-ST-020102668b12/bin/external/protobuf+/src/google/protobuf/compiler/_virtual_includes/code_generator/google/protobuf/compiler/code_generator.h:25,
                 from bazel-out/k8-opt-exec-ST-020102668b12/bin/external/protobuf+/src/google/protobuf/compiler/cpp/_virtual_includes/names_internal/google/protobuf/compiler/cpp/helpers.h:30:
bazel-out/k8-opt-exec-ST-020102668b12/bin/external/protobuf+/src/google/protobuf/_virtual_includes/protobuf/google/protobuf/descriptor.pb.h:19782:13: note: declared here
19782 | inline bool FieldOptions::weak() const {
      |             ^~~~~~~~~~~~
[1,494 / 2,801] Compiling src/google/protobuf/compiler/cpp/message.cc [for tool]; 14s processwrapper-sandbox ... (4 actions, 3 running)
[1,496 / 2,801] Compiling src/google/protobuf/compiler/cpp/message.cc [for tool]; 15s processwrapper-sandbox ... (4 actions, 3 running)
[1,497 / 2,801] Compiling src/google/protobuf/compiler/cpp/message.cc [for tool]; 17s processwrapper-sandbox ... (4 actions, 3 running)
[1,498 / 2,801] Compiling src/google/protobuf/compiler/cpp/message.cc [for tool]; 18s processwrapper-sandbox ... (4 actions running)
INFO: From Compiling src/google/protobuf/compiler/cpp/message.cc [for tool]:
In file included from bazel-out/k8-opt-exec-ST-020102668b12/bin/external/protobuf+/src/google/protobuf/compiler/cpp/_virtual_includes/cpp/google/protobuf/compiler/cpp/extension.h:19,
                 from bazel-out/k8-opt-exec-ST-020102668b12/bin/external/protobuf+/src/google/protobuf/compiler/cpp/_virtual_includes/cpp/google/protobuf/compiler/cpp/message.h:25,
                 from external/protobuf+/src/google/protobuf/compiler/cpp/message.cc:12:
bazel-out/k8-opt-exec-ST-020102668b12/bin/external/protobuf+/src/google/protobuf/compiler/cpp/_virtual_includes/names_internal/google/protobuf/compiler/cpp/helpers.h: In function 'bool google::protobuf::compiler::cpp::IsWeak(const google::protobuf::FieldDescriptor*, const Options&)':
bazel-out/k8-opt-exec-ST-020102668b12/bin/external/protobuf+/src/google/protobuf/compiler/cpp/_virtual_includes/names_internal/google/protobuf/compiler/cpp/helpers.h:359:28: warning: 'bool google::protobuf::FieldOptions::weak() const' is deprecated [-Wdeprecated-declarations]
  359 |   if (field->options().weak()) {
      |       ~~~~~~~~~~~~~~~~~~~~~^~
In file included from bazel-out/k8-opt-exec-ST-020102668b12/bin/external/protobuf+/src/google/protobuf/compiler/_virtual_includes/code_generator_lite/google/protobuf/compiler/code_generator_lite.h:18,
                 from bazel-out/k8-opt-exec-ST-020102668b12/bin/external/protobuf+/src/google/protobuf/compiler/_virtual_includes/code_generator/google/protobuf/compiler/code_generator.h:25,
                 from bazel-out/k8-opt-exec-ST-020102668b12/bin/external/protobuf+/src/google/protobuf/compiler/cpp/_virtual_includes/names_internal/google/protobuf/compiler/cpp/helpers.h:30:
bazel-out/k8-opt-exec-ST-020102668b12/bin/external/protobuf+/src/google/protobuf/_virtual_includes/protobuf/google/protobuf/descriptor.pb.h:19782:13: note: declared here
19782 | inline bool FieldOptions::weak() const {
      |             ^~~~~~~~~~~~
external/protobuf+/src/google/protobuf/compiler/cpp/message.cc: In function 'void google::protobuf::compiler::cpp::{anonymous}::PrintPresenceCheck(const google::protobuf::FieldDescriptor*, const std::vector<int>&, google::protobuf::io::Printer*, int*, const google::protobuf::compiler::cpp::Options&)':
external/protobuf+/src/google/protobuf/compiler/cpp/message.cc:172:29: warning: 'bool google::protobuf::FieldOptions::weak() const' is deprecated [-Wdeprecated-declarations]
  172 |   if (!field->options().weak()) {
      |        ~~~~~~~~~~~~~~~~~~~~~^~
bazel-out/k8-opt-exec-ST-020102668b12/bin/external/protobuf+/src/google/protobuf/_virtual_includes/protobuf/google/protobuf/descriptor.pb.h:19782:13: note: declared here
19782 | inline bool FieldOptions::weak() const {
      |             ^~~~~~~~~~~~
external/protobuf+/src/google/protobuf/compiler/cpp/message.cc: In member function 'void google::protobuf::compiler::cpp::MessageGenerator::GenerateFieldAccessorDeclarations(google::protobuf::io::Printer*)':
external/protobuf+/src/google/protobuf/compiler/cpp/message.cc:757:66: warning: 'bool google::protobuf::FieldOptions::weak() const' is deprecated [-Wdeprecated-declarations]
  757 |     if (!field->real_containing_oneof() && !field->options().weak()) {
      |                                             ~~~~~~~~~~~~~~~~~~~~~^~
bazel-out/k8-opt-exec-ST-020102668b12/bin/external/protobuf+/src/google/protobuf/_virtual_includes/protobuf/google/protobuf/descriptor.pb.h:19782:13: note: declared here
19782 | inline bool FieldOptions::weak() const {
      |             ^~~~~~~~~~~~
external/protobuf+/src/google/protobuf/compiler/cpp/message.cc: In member function 'void google::protobuf::compiler::cpp::MessageGenerator::GenerateSingularFieldHasBits(const google::protobuf::FieldDescriptor*, google::protobuf::io::Printer*)':
external/protobuf+/src/google/protobuf/compiler/cpp/message.cc:1129:28: warning: 'bool google::protobuf::FieldOptions::weak() const' is deprecated [-Wdeprecated-declarations]
 1129 |   if (field->options().weak()) {
      |       ~~~~~~~~~~~~~~~~~~~~~^~
bazel-out/k8-opt-exec-ST-020102668b12/bin/external/protobuf+/src/google/protobuf/_virtual_includes/protobuf/google/protobuf/descriptor.pb.h:19782:13: note: declared here
19782 | inline bool FieldOptions::weak() const {
      |             ^~~~~~~~~~~~
external/protobuf+/src/google/protobuf/compiler/cpp/message.cc: In member function 'void google::protobuf::compiler::cpp::MessageGenerator::EmitCheckAndUpdateByteSizeForField(const google::protobuf::FieldDescriptor*, google::protobuf::io::Printer*) const':
external/protobuf+/src/google/protobuf/compiler/cpp/message.cc:1344:28: warning: 'bool google::protobuf::FieldOptions::weak() const' is deprecated [-Wdeprecated-declarations]
 1344 |   if (field->options().weak()) {
      |       ~~~~~~~~~~~~~~~~~~~~~^~
bazel-out/k8-opt-exec-ST-020102668b12/bin/external/protobuf+/src/google/protobuf/_virtual_includes/protobuf/google/protobuf/descriptor.pb.h:19782:13: note: declared here
19782 | inline bool FieldOptions::weak() const {
      |             ^~~~~~~~~~~~
external/protobuf+/src/google/protobuf/compiler/cpp/message.cc: In member function 'void google::protobuf::compiler::cpp::MessageGenerator::MaybeEmitUpdateCachedHasbits(const google::protobuf::FieldDescriptor*, google::protobuf::io::Printer*, int&) const':
external/protobuf+/src/google/protobuf/compiler/cpp/message.cc:1377:59: warning: 'bool google::protobuf::FieldOptions::weak() const' is deprecated [-Wdeprecated-declarations]
 1377 |   if (!HasHasbit(field, options_) || field->options().weak()) return;
      |                                      ~~~~~~~~~~~~~~~~~~~~~^~
bazel-out/k8-opt-exec-ST-020102668b12/bin/external/protobuf+/src/google/protobuf/_virtual_includes/protobuf/google/protobuf/descriptor.pb.h:19782:13: note: declared here
19782 | inline bool FieldOptions::weak() const {
      |             ^~~~~~~~~~~~
external/protobuf+/src/google/protobuf/compiler/cpp/message.cc: In lambda function:
external/protobuf+/src/google/protobuf/compiler/cpp/message.cc:2114:64: warning: 'bool google::protobuf::FieldOptions::weak() const' is deprecated [-Wdeprecated-declarations]
 2114 |             if (!field->is_repeated() && !field->options().weak() &&
      |                                           ~~~~~~~~~~~~~~~~~~~~~^~
bazel-out/k8-opt-exec-ST-020102668b12/bin/external/protobuf+/src/google/protobuf/_virtual_includes/protobuf/google/protobuf/descriptor.pb.h:19782:13: note: declared here
19782 | inline bool FieldOptions::weak() const {
      |             ^~~~~~~~~~~~
external/protobuf+/src/google/protobuf/compiler/cpp/message.cc: In member function 'size_t google::protobuf::compiler::cpp::MessageGenerator::GenerateOffsets(google::protobuf::io::Printer*)':
external/protobuf+/src/google/protobuf/compiler/cpp/message.cc:2595:30: warning: 'bool google::protobuf::FieldOptions::weak() const' is deprecated [-Wdeprecated-declarations]
 2595 |     if (field->options().weak()) {
      |         ~~~~~~~~~~~~~~~~~~~~~^~
bazel-out/k8-opt-exec-ST-020102668b12/bin/external/protobuf+/src/google/protobuf/_virtual_includes/protobuf/google/protobuf/descriptor.pb.h:19782:13: note: declared here
19782 | inline bool FieldOptions::weak() const {
      |             ^~~~~~~~~~~~
external/protobuf+/src/google/protobuf/compiler/cpp/message.cc: In lambda function:
external/protobuf+/src/google/protobuf/compiler/cpp/message.cc:4188:39: warning: 'bool google::protobuf::FieldOptions::weak() const' is deprecated [-Wdeprecated-declarations]
 4188 |       } else if (field->options().weak() ||
      |                  ~~~~~~~~~~~~~~~~~~~~~^~
bazel-out/k8-opt-exec-ST-020102668b12/bin/external/protobuf+/src/google/protobuf/_virtual_includes/protobuf/google/protobuf/descriptor.pb.h:19782:13: note: declared here
19782 | inline bool FieldOptions::weak() const {
      |             ^~~~~~~~~~~~
external/protobuf+/src/google/protobuf/compiler/cpp/message.cc: In member function 'void google::protobuf::compiler::cpp::MessageGenerator::GenerateSerializeOneField(google::protobuf::io::Printer*, const google::protobuf::FieldDescriptor*, int)':
external/protobuf+/src/google/protobuf/compiler/cpp/message.cc:4528:28: warning: 'bool google::protobuf::FieldOptions::weak() const' is deprecated [-Wdeprecated-declarations]
 4528 |   if (field->options().weak()) {
      |       ~~~~~~~~~~~~~~~~~~~~~^~
bazel-out/k8-opt-exec-ST-020102668b12/bin/external/protobuf+/src/google/protobuf/_virtual_includes/protobuf/google/protobuf/descriptor.pb.h:19782:13: note: declared here
19782 | inline bool FieldOptions::weak() const {
      |             ^~~~~~~~~~~~
external/protobuf+/src/google/protobuf/compiler/cpp/message.cc: In lambda function:
external/protobuf+/src/google/protobuf/compiler/cpp/message.cc:4834:43: warning: 'bool google::protobuf::FieldOptions::weak() const' is deprecated [-Wdeprecated-declarations]
 4834 |                  if (field->options().weak()) {
      |                      ~~~~~~~~~~~~~~~~~~~~~^~
bazel-out/k8-opt-exec-ST-020102668b12/bin/external/protobuf+/src/google/protobuf/_virtual_includes/protobuf/google/protobuf/descriptor.pb.h:19782:13: note: declared here
19782 | inline bool FieldOptions::weak() const {
      |             ^~~~~~~~~~~~
[1,499 / 2,801] Compiling src/google/protobuf/compiler/objectivec/extension.cc [for tool]; 4s processwrapper-sandbox ... (4 actions, 3 running)
[1,500 / 2,801] Compiling src/google/protobuf/compiler/command_line_interface.cc [for tool]; 4s processwrapper-sandbox ... (4 actions running)
[1,501 / 2,801] Compiling src/google/protobuf/compiler/command_line_interface.cc [for tool]; 6s processwrapper-sandbox ... (4 actions, 3 running)
[1,501 / 2,801] Compiling src/google/protobuf/compiler/command_line_interface.cc [for tool]; 8s processwrapper-sandbox ... (4 actions running)
INFO: From Compiling src/google/protobuf/compiler/cpp/generator.cc [for tool]:
In file included from bazel-out/k8-opt-exec-ST-020102668b12/bin/external/protobuf+/src/google/protobuf/compiler/cpp/_virtual_includes/cpp/google/protobuf/compiler/cpp/extension.h:19,
                 from bazel-out/k8-opt-exec-ST-020102668b12/bin/external/protobuf+/src/google/protobuf/compiler/cpp/_virtual_includes/cpp/google/protobuf/compiler/cpp/file.h:26,
                 from external/protobuf+/src/google/protobuf/compiler/cpp/generator.cc:31:
bazel-out/k8-opt-exec-ST-020102668b12/bin/external/protobuf+/src/google/protobuf/compiler/cpp/_virtual_includes/names_internal/google/protobuf/compiler/cpp/helpers.h: In function 'bool google::protobuf::compiler::cpp::IsWeak(const google::protobuf::FieldDescriptor*, const Options&)':
bazel-out/k8-opt-exec-ST-020102668b12/bin/external/protobuf+/src/google/protobuf/compiler/cpp/_virtual_includes/names_internal/google/protobuf/compiler/cpp/helpers.h:359:28: warning: 'bool google::protobuf::FieldOptions::weak() const' is deprecated [-Wdeprecated-declarations]
  359 |   if (field->options().weak()) {
      |       ~~~~~~~~~~~~~~~~~~~~~^~
In file included from bazel-out/k8-opt-exec-ST-020102668b12/bin/external/protobuf+/src/google/protobuf/compiler/_virtual_includes/code_generator_lite/google/protobuf/compiler/code_generator_lite.h:18,
                 from bazel-out/k8-opt-exec-ST-020102668b12/bin/external/protobuf+/src/google/protobuf/compiler/_virtual_includes/code_generator/google/protobuf/compiler/code_generator.h:25,
                 from bazel-out/k8-opt-exec-ST-020102668b12/bin/external/protobuf+/src/google/protobuf/compiler/cpp/_virtual_includes/cpp/google/protobuf/compiler/cpp/generator.h:24,
                 from external/protobuf+/src/google/protobuf/compiler/cpp/generator.cc:12:
bazel-out/k8-opt-exec-ST-020102668b12/bin/external/protobuf+/src/google/protobuf/_virtual_includes/protobuf/google/protobuf/descriptor.pb.h:19782:13: note: declared here
19782 | inline bool FieldOptions::weak() const {
      |             ^~~~~~~~~~~~
[1,502 / 2,801] Compiling src/google/protobuf/compiler/command_line_interface.cc [for tool]; 9s processwrapper-sandbox ... (4 actions, 3 running)
[1,503 / 2,801] Compiling src/google/protobuf/compiler/command_line_interface.cc [for tool]; 11s processwrapper-sandbox ... (4 actions running)
[1,504 / 2,801] Compiling src/google/protobuf/compiler/java/lite/map_field.cc [for tool]; 6s processwrapper-sandbox ... (4 actions, 3 running)
[1,505 / 2,801] Compiling src/google/protobuf/compiler/cpp/field_generators/string_view_field.cc [for tool]; 4s processwrapper-sandbox ... (4 actions running)
[1,506 / 2,801] Compiling src/google/protobuf/compiler/cpp/field_generators/string_view_field.cc [for tool]; 5s processwrapper-sandbox ... (4 actions, 3 running)
INFO: From Compiling src/google/protobuf/compiler/cpp/field_generators/string_view_field.cc [for tool]:
In file included from bazel-out/k8-opt-exec-ST-020102668b12/bin/external/protobuf+/src/google/protobuf/compiler/cpp/_virtual_includes/cpp/google/protobuf/compiler/cpp/field.h:26,
                 from external/protobuf+/src/google/protobuf/compiler/cpp/field_generators/string_view_field.cc:19:
bazel-out/k8-opt-exec-ST-020102668b12/bin/external/protobuf+/src/google/protobuf/compiler/cpp/_virtual_includes/names_internal/google/protobuf/compiler/cpp/helpers.h: In function 'bool google::protobuf::compiler::cpp::IsWeak(const google::protobuf::FieldDescriptor*, const Options&)':
bazel-out/k8-opt-exec-ST-020102668b12/bin/external/protobuf+/src/google/protobuf/compiler/cpp/_virtual_includes/names_internal/google/protobuf/compiler/cpp/helpers.h:359:28: warning: 'bool google::protobuf::FieldOptions::weak() const' is deprecated [-Wdeprecated-declarations]
  359 |   if (field->options().weak()) {
      |       ~~~~~~~~~~~~~~~~~~~~~^~
In file included from bazel-out/k8-opt-exec-ST-020102668b12/bin/external/protobuf+/src/google/protobuf/compiler/_virtual_includes/code_generator_lite/google/protobuf/compiler/code_generator_lite.h:18,
                 from bazel-out/k8-opt-exec-ST-020102668b12/bin/external/protobuf+/src/google/protobuf/compiler/_virtual_includes/code_generator/google/protobuf/compiler/code_generator.h:25,
                 from bazel-out/k8-opt-exec-ST-020102668b12/bin/external/protobuf+/src/google/protobuf/compiler/cpp/_virtual_includes/names_internal/google/protobuf/compiler/cpp/helpers.h:30:
bazel-out/k8-opt-exec-ST-020102668b12/bin/external/protobuf+/src/google/protobuf/_virtual_includes/protobuf/google/protobuf/descriptor.pb.h:19782:13: note: declared here
19782 | inline bool FieldOptions::weak() const {
      |             ^~~~~~~~~~~~
[1,510 / 2,801] Compiling src/google/protobuf/compiler/php/names.cc [for tool]; 1s processwrapper-sandbox ... (4 actions, 3 running)
[1,511 / 2,801] Compiling src/google/protobuf/compiler/php/names.cc [for tool]; 2s processwrapper-sandbox ... (4 actions, 3 running)
[1,522 / 2,801] Compiling src/google/protobuf/compiler/cpp/field_generators/primitive_field.cc [for tool]; 2s processwrapper-sandbox ... (4 actions, 3 running)
[1,531 / 2,801] Compiling src/google/protobuf/compiler/cpp/field_generators/primitive_field.cc [for tool]; 3s processwrapper-sandbox ... (4 actions, 3 running)
[1,542 / 2,801] Compiling src/google/protobuf/compiler/cpp/field_generators/primitive_field.cc [for tool]; 4s processwrapper-sandbox ... (4 actions, 3 running)
INFO: From Compiling src/google/protobuf/compiler/cpp/field_generators/primitive_field.cc [for tool]:
In file included from bazel-out/k8-opt-exec-ST-020102668b12/bin/external/protobuf+/src/google/protobuf/compiler/cpp/_virtual_includes/cpp/google/protobuf/compiler/cpp/field.h:26,
                 from external/protobuf+/src/google/protobuf/compiler/cpp/field_generators/primitive_field.cc:22:
bazel-out/k8-opt-exec-ST-020102668b12/bin/external/protobuf+/src/google/protobuf/compiler/cpp/_virtual_includes/names_internal/google/protobuf/compiler/cpp/helpers.h: In function 'bool google::protobuf::compiler::cpp::IsWeak(const google::protobuf::FieldDescriptor*, const Options&)':
bazel-out/k8-opt-exec-ST-020102668b12/bin/external/protobuf+/src/google/protobuf/compiler/cpp/_virtual_includes/names_internal/google/protobuf/compiler/cpp/helpers.h:359:28: warning: 'bool google::protobuf::FieldOptions::weak() const' is deprecated [-Wdeprecated-declarations]
  359 |   if (field->options().weak()) {
      |       ~~~~~~~~~~~~~~~~~~~~~^~
In file included from bazel-out/k8-opt-exec-ST-020102668b12/bin/external/protobuf+/src/google/protobuf/compiler/_virtual_includes/code_generator_lite/google/protobuf/compiler/code_generator_lite.h:18,
                 from bazel-out/k8-opt-exec-ST-020102668b12/bin/external/protobuf+/src/google/protobuf/compiler/_virtual_includes/code_generator/google/protobuf/compiler/code_generator.h:25,
                 from bazel-out/k8-opt-exec-ST-020102668b12/bin/external/protobuf+/src/google/protobuf/compiler/cpp/_virtual_includes/names_internal/google/protobuf/compiler/cpp/helpers.h:30:
bazel-out/k8-opt-exec-ST-020102668b12/bin/external/protobuf+/src/google/protobuf/_virtual_includes/protobuf/google/protobuf/descriptor.pb.h:19782:13: note: declared here
19782 | inline bool FieldOptions::weak() const {
      |             ^~~~~~~~~~~~
[1,553 / 2,801] Compiling src/google/protobuf/compiler/php/php_generator.cc [for tool]; 3s processwrapper-sandbox ... (4 actions, 3 running)
INFO: From Compiling upb/wire/decode.c [for tool]:
In function 'upb_Decoder_DecodeMessageSetItem',
    inlined from '_upb_Decoder_DecodeFieldData' at external/protobuf+/upb/wire/decode.c:1088:16,
    inlined from '_upb_Decoder_DecodeFieldNoFast' at external/protobuf+/upb/wire/decode.c:1115:9,
    inlined from '_upb_Decoder_DecodeField' at external/protobuf+/upb/wire/decode.c:1170:10,
    inlined from '_upb_Decoder_DecodeMessage' at external/protobuf+/upb/wire/decode.c:1181:11:
external/protobuf+/upb/wire/decode.c:742:11: warning: '*(const char **)((char *)&sv + offsetof(upb_StringView, data))' may be used uninitialized [-Wmaybe-uninitialized]
  742 |           upb_Decoder_AddMessageSetItem(d, msg, layout, type_id, sv.data,
      |           ^~~~~~~~~~~~~~~~~~~~~~~~~~~~~~~~~~~~~~~~~~~~~~~~~~~~~~~~~~~~~~~
  743 |                                         sv.size);
      |                                         ~~~~~~~~
external/protobuf+/upb/wire/decode.c: In function '_upb_Decoder_DecodeMessage':
external/protobuf+/upb/wire/decode.c:732:24: note: '*(const char **)((char *)&sv + offsetof(upb_StringView, data))' was declared here
  732 |         upb_StringView sv;
      |                        ^~
In function 'upb_Decoder_DecodeMessageSetItem',
    inlined from '_upb_Decoder_DecodeFieldData' at external/protobuf+/upb/wire/decode.c:1088:16,
    inlined from '_upb_Decoder_DecodeFieldNoFast' at external/protobuf+/upb/wire/decode.c:1115:9,
    inlined from '_upb_Decoder_DecodeField' at external/protobuf+/upb/wire/decode.c:1170:10,
    inlined from '_upb_Decoder_DecodeMessage' at external/protobuf+/upb/wire/decode.c:1181:11:
external/protobuf+/upb/wire/decode.c:742:11: warning: '*(size_t *)((char *)&sv + offsetof(upb_StringView, size))' may be used uninitialized [-Wmaybe-uninitialized]
  742 |           upb_Decoder_AddMessageSetItem(d, msg, layout, type_id, sv.data,
      |           ^~~~~~~~~~~~~~~~~~~~~~~~~~~~~~~~~~~~~~~~~~~~~~~~~~~~~~~~~~~~~~~
  743 |                                         sv.size);
      |                                         ~~~~~~~~
external/protobuf+/upb/wire/decode.c: In function '_upb_Decoder_DecodeMessage':
external/protobuf+/upb/wire/decode.c:732:24: note: '*(size_t *)((char *)&sv + offsetof(upb_StringView, size))' was declared here
  732 |         upb_StringView sv;
      |                        ^~
In file included from /usr/include/string.h:548,
                 from external/protobuf+/upb/mem/internal/arena.h:13,
                 from external/protobuf+/upb/mem/arena.h:28,
                 from external/protobuf+/upb/wire/decode.h:16,
                 from external/protobuf+/upb/wire/decode.c:8:
In function 'memcpy',
    inlined from '_upb_Decoder_DecodeFixedPacked' at external/protobuf+/upb/wire/decode.c:296:5,
    inlined from '_upb_Decoder_DecodeToArray' at external/protobuf+/upb/wire/decode.c:442:14,
    inlined from '_upb_Decoder_DecodeKnownField' at external/protobuf+/upb/wire/decode.c:1006:14,
    inlined from '_upb_Decoder_DecodeFieldData' at external/protobuf+/upb/wire/decode.c:1081:12,
    inlined from '_upb_Decoder_DecodeFieldNoFast' at external/protobuf+/upb/wire/decode.c:1115:9,
    inlined from '_upb_Decoder_DecodeField' at external/protobuf+/upb/wire/decode.c:1170:10,
    inlined from '_upb_Decoder_DecodeMessage' at external/protobuf+/upb/wire/decode.c:1181:11:
/usr/include/x86_64-linux-gnu/bits/string_fortified.h:29:10: warning: '*(const char **)((char *)&sv + offsetof(upb_StringView, data))' may be used uninitialized [-Wmaybe-uninitialized]
   29 |   return __builtin___memcpy_chk (__dest, __src, __len,
      |          ^~~~~~~~~~~~~~~~~~~~~~~~~~~~~~~~~~~~~~~~~~~~~
   30 |                                  __glibc_objsize0 (__dest));
      |                                  ~~~~~~~~~~~~~~~~~~~~~~~~~~
external/protobuf+/upb/wire/decode.c: In function '_upb_Decoder_DecodeMessage':
external/protobuf+/upb/wire/decode.c:281:18: note: '*(const char **)((char *)&sv + offsetof(upb_StringView, data))' was declared here
  281 |   upb_StringView sv;
      |                  ^~
In function 'memcpy',
    inlined from '_upb_Decoder_DecodeFixedPacked' at external/protobuf+/upb/wire/decode.c:296:5,
    inlined from '_upb_Decoder_DecodeToArray' at external/protobuf+/upb/wire/decode.c:442:14,
    inlined from '_upb_Decoder_DecodeKnownField' at external/protobuf+/upb/wire/decode.c:1006:14,
    inlined from '_upb_Decoder_DecodeFieldData' at external/protobuf+/upb/wire/decode.c:1081:12,
    inlined from '_upb_Decoder_DecodeFieldNoFast' at external/protobuf+/upb/wire/decode.c:1115:9,
    inlined from '_upb_Decoder_DecodeField' at external/protobuf+/upb/wire/decode.c:1170:10,
    inlined from '_upb_Decoder_DecodeMessage' at external/protobuf+/upb/wire/decode.c:1181:11:
/usr/include/x86_64-linux-gnu/bits/string_fortified.h:29:10: warning: '*(size_t *)((char *)&sv + offsetof(upb_StringView, size))' may be used uninitialized [-Wmaybe-uninitialized]
   29 |   return __builtin___memcpy_chk (__dest, __src, __len,
      |          ^~~~~~~~~~~~~~~~~~~~~~~~~~~~~~~~~~~~~~~~~~~~~
   30 |                                  __glibc_objsize0 (__dest));
      |                                  ~~~~~~~~~~~~~~~~~~~~~~~~~~
external/protobuf+/upb/wire/decode.c: In function '_upb_Decoder_DecodeMessage':
external/protobuf+/upb/wire/decode.c:281:18: note: '*(size_t *)((char *)&sv + offsetof(upb_StringView, size))' was declared here
  281 |   upb_StringView sv;
      |                  ^~
In function '_upb_Decoder_DecodeUnknownField',
    inlined from '_upb_Decoder_DecodeFieldData' at external/protobuf+/upb/wire/decode.c:1085:16,
    inlined from '_upb_Decoder_DecodeFieldNoFast' at external/protobuf+/upb/wire/decode.c:1115:9,
    inlined from '_upb_Decoder_DecodeField' at external/protobuf+/upb/wire/decode.c:1170:10,
    inlined from '_upb_Decoder_DecodeMessage' at external/protobuf+/upb/wire/decode.c:1181:11:
external/protobuf+/upb/wire/decode.c:1040:8: warning: 'sv.data' may be used uninitialized [-Wmaybe-uninitialized]
 1040 |     if (sv.data != d->input.buffer_start) {
      |        ^
external/protobuf+/upb/wire/decode.c: In function '_upb_Decoder_DecodeMessage':
external/protobuf+/upb/wire/decode.c:1035:18: note: 'sv.data' was declared here
 1035 |   upb_StringView sv;
      |                  ^~
In file included from external/protobuf+/upb/message/internal/message.h:31,
                 from external/protobuf+/upb/message/message.h:22,
                 from external/protobuf+/upb/wire/decode.h:17:
In function '_upb_Message_AddUnknown_dont_copy_me__upb_internal_use_only',
    inlined from '_upb_Decoder_DecodeUnknownField' at external/protobuf+/upb/wire/decode.c:1049:8,
    inlined from '_upb_Decoder_DecodeFieldData' at external/protobuf+/upb/wire/decode.c:1085:16,
    inlined from '_upb_Decoder_DecodeFieldNoFast' at external/protobuf+/upb/wire/decode.c:1115:9,
    inlined from '_upb_Decoder_DecodeField' at external/protobuf+/upb/wire/decode.c:1170:10,
    inlined from '_upb_Decoder_DecodeMessage' at external/protobuf+/upb/wire/decode.c:1181:11:
external/protobuf+/upb/message/internal/message.h:217:22: warning: 'sv.size' may be used uninitialized [-Wmaybe-uninitialized]
  217 |   return UPB_PRIVATE(_upb_Message_AddUnknownSlowPath)(
      |                      ^
external/protobuf+/upb/port/def.inc:406:24: note: in definition of macro 'UPB_PRIVATE'
  406 | #define UPB_PRIVATE(x) x##_dont_copy_me__upb_internal_use_only
      |                        ^
external/protobuf+/upb/wire/decode.c: In function '_upb_Decoder_DecodeMessage':
external/protobuf+/upb/wire/decode.c:1035:18: note: 'sv.size' was declared here
 1035 |   upb_StringView sv;
      |                  ^~
[1,558 / 2,801] Compiling src/google/protobuf/compiler/php/php_generator.cc [for tool]; 4s processwrapper-sandbox ... (4 actions, 3 running)
[1,566 / 2,801] Compiling src/google/protobuf/compiler/php/php_generator.cc [for tool]; 5s processwrapper-sandbox ... (4 actions, 3 running)
[1,573 / 2,801] Compiling src/google/protobuf/compiler/php/php_generator.cc [for tool]; 6s processwrapper-sandbox ... (4 actions, 3 running)
INFO: From Compiling upb/wire/decode.c [for tool]:
In function 'upb_Decoder_DecodeMessageSetItem',
    inlined from '_upb_Decoder_DecodeFieldData' at external/protobuf+/upb/wire/decode.c:1088:16,
    inlined from '_upb_Decoder_DecodeFieldNoFast' at external/protobuf+/upb/wire/decode.c:1115:9,
    inlined from '_upb_Decoder_DecodeField' at external/protobuf+/upb/wire/decode.c:1170:10,
    inlined from '_upb_Decoder_DecodeMessage' at external/protobuf+/upb/wire/decode.c:1181:11:
external/protobuf+/upb/wire/decode.c:742:11: warning: '*(const char **)((char *)&sv + offsetof(upb_StringView, data))' may be used uninitialized [-Wmaybe-uninitialized]
  742 |           upb_Decoder_AddMessageSetItem(d, msg, layout, type_id, sv.data,
      |           ^~~~~~~~~~~~~~~~~~~~~~~~~~~~~~~~~~~~~~~~~~~~~~~~~~~~~~~~~~~~~~~
  743 |                                         sv.size);
      |                                         ~~~~~~~~
external/protobuf+/upb/wire/decode.c: In function '_upb_Decoder_DecodeMessage':
external/protobuf+/upb/wire/decode.c:732:24: note: '*(const char **)((char *)&sv + offsetof(upb_StringView, data))' was declared here
  732 |         upb_StringView sv;
      |                        ^~
In function 'upb_Decoder_DecodeMessageSetItem',
    inlined from '_upb_Decoder_DecodeFieldData' at external/protobuf+/upb/wire/decode.c:1088:16,
    inlined from '_upb_Decoder_DecodeFieldNoFast' at external/protobuf+/upb/wire/decode.c:1115:9,
    inlined from '_upb_Decoder_DecodeField' at external/protobuf+/upb/wire/decode.c:1170:10,
    inlined from '_upb_Decoder_DecodeMessage' at external/protobuf+/upb/wire/decode.c:1181:11:
external/protobuf+/upb/wire/decode.c:742:11: warning: '*(size_t *)((char *)&sv + offsetof(upb_StringView, size))' may be used uninitialized [-Wmaybe-uninitialized]
  742 |           upb_Decoder_AddMessageSetItem(d, msg, layout, type_id, sv.data,
      |           ^~~~~~~~~~~~~~~~~~~~~~~~~~~~~~~~~~~~~~~~~~~~~~~~~~~~~~~~~~~~~~~
  743 |                                         sv.size);
      |                                         ~~~~~~~~
external/protobuf+/upb/wire/decode.c: In function '_upb_Decoder_DecodeMessage':
external/protobuf+/upb/wire/decode.c:732:24: note: '*(size_t *)((char *)&sv + offsetof(upb_StringView, size))' was declared here
  732 |         upb_StringView sv;
      |                        ^~
In file included from /usr/include/string.h:548,
                 from external/protobuf+/upb/mem/internal/arena.h:13,
                 from external/protobuf+/upb/mem/arena.h:28,
                 from external/protobuf+/upb/wire/decode.h:16,
                 from external/protobuf+/upb/wire/decode.c:8:
In function 'memcpy',
    inlined from '_upb_Decoder_DecodeFixedPacked' at external/protobuf+/upb/wire/decode.c:296:5,
    inlined from '_upb_Decoder_DecodeToArray' at external/protobuf+/upb/wire/decode.c:442:14,
    inlined from '_upb_Decoder_DecodeKnownField' at external/protobuf+/upb/wire/decode.c:1006:14,
    inlined from '_upb_Decoder_DecodeFieldData' at external/protobuf+/upb/wire/decode.c:1081:12,
    inlined from '_upb_Decoder_DecodeFieldNoFast' at external/protobuf+/upb/wire/decode.c:1115:9,
    inlined from '_upb_Decoder_DecodeField' at external/protobuf+/upb/wire/decode.c:1170:10,
    inlined from '_upb_Decoder_DecodeMessage' at external/protobuf+/upb/wire/decode.c:1181:11:
/usr/include/x86_64-linux-gnu/bits/string_fortified.h:29:10: warning: '*(const char **)((char *)&sv + offsetof(upb_StringView, data))' may be used uninitialized [-Wmaybe-uninitialized]
   29 |   return __builtin___memcpy_chk (__dest, __src, __len,
      |          ^~~~~~~~~~~~~~~~~~~~~~~~~~~~~~~~~~~~~~~~~~~~~
   30 |                                  __glibc_objsize0 (__dest));
      |                                  ~~~~~~~~~~~~~~~~~~~~~~~~~~
external/protobuf+/upb/wire/decode.c: In function '_upb_Decoder_DecodeMessage':
external/protobuf+/upb/wire/decode.c:281:18: note: '*(const char **)((char *)&sv + offsetof(upb_StringView, data))' was declared here
  281 |   upb_StringView sv;
      |                  ^~
In function 'memcpy',
    inlined from '_upb_Decoder_DecodeFixedPacked' at external/protobuf+/upb/wire/decode.c:296:5,
    inlined from '_upb_Decoder_DecodeToArray' at external/protobuf+/upb/wire/decode.c:442:14,
    inlined from '_upb_Decoder_DecodeKnownField' at external/protobuf+/upb/wire/decode.c:1006:14,
    inlined from '_upb_Decoder_DecodeFieldData' at external/protobuf+/upb/wire/decode.c:1081:12,
    inlined from '_upb_Decoder_DecodeFieldNoFast' at external/protobuf+/upb/wire/decode.c:1115:9,
    inlined from '_upb_Decoder_DecodeField' at external/protobuf+/upb/wire/decode.c:1170:10,
    inlined from '_upb_Decoder_DecodeMessage' at external/protobuf+/upb/wire/decode.c:1181:11:
/usr/include/x86_64-linux-gnu/bits/string_fortified.h:29:10: warning: '*(size_t *)((char *)&sv + offsetof(upb_StringView, size))' may be used uninitialized [-Wmaybe-uninitialized]
   29 |   return __builtin___memcpy_chk (__dest, __src, __len,
      |          ^~~~~~~~~~~~~~~~~~~~~~~~~~~~~~~~~~~~~~~~~~~~~
   30 |                                  __glibc_objsize0 (__dest));
      |                                  ~~~~~~~~~~~~~~~~~~~~~~~~~~
external/protobuf+/upb/wire/decode.c: In function '_upb_Decoder_DecodeMessage':
external/protobuf+/upb/wire/decode.c:281:18: note: '*(size_t *)((char *)&sv + offsetof(upb_StringView, size))' was declared here
  281 |   upb_StringView sv;
      |                  ^~
In function '_upb_Decoder_DecodeUnknownField',
    inlined from '_upb_Decoder_DecodeFieldData' at external/protobuf+/upb/wire/decode.c:1085:16,
    inlined from '_upb_Decoder_DecodeFieldNoFast' at external/protobuf+/upb/wire/decode.c:1115:9,
    inlined from '_upb_Decoder_DecodeField' at external/protobuf+/upb/wire/decode.c:1170:10,
    inlined from '_upb_Decoder_DecodeMessage' at external/protobuf+/upb/wire/decode.c:1181:11:
external/protobuf+/upb/wire/decode.c:1040:8: warning: 'sv.data' may be used uninitialized [-Wmaybe-uninitialized]
 1040 |     if (sv.data != d->input.buffer_start) {
      |        ^
external/protobuf+/upb/wire/decode.c: In function '_upb_Decoder_DecodeMessage':
external/protobuf+/upb/wire/decode.c:1035:18: note: 'sv.data' was declared here
 1035 |   upb_StringView sv;
      |                  ^~
In file included from external/protobuf+/upb/message/internal/message.h:31,
                 from external/protobuf+/upb/message/message.h:22,
                 from external/protobuf+/upb/wire/decode.h:17:
In function '_upb_Message_AddUnknown_dont_copy_me__upb_internal_use_only',
    inlined from '_upb_Decoder_DecodeUnknownField' at external/protobuf+/upb/wire/decode.c:1049:8,
    inlined from '_upb_Decoder_DecodeFieldData' at external/protobuf+/upb/wire/decode.c:1085:16,
    inlined from '_upb_Decoder_DecodeFieldNoFast' at external/protobuf+/upb/wire/decode.c:1115:9,
    inlined from '_upb_Decoder_DecodeField' at external/protobuf+/upb/wire/decode.c:1170:10,
    inlined from '_upb_Decoder_DecodeMessage' at external/protobuf+/upb/wire/decode.c:1181:11:
external/protobuf+/upb/message/internal/message.h:217:22: warning: 'sv.size' may be used uninitialized [-Wmaybe-uninitialized]
  217 |   return UPB_PRIVATE(_upb_Message_AddUnknownSlowPath)(
      |                      ^
external/protobuf+/upb/port/def.inc:406:24: note: in definition of macro 'UPB_PRIVATE'
  406 | #define UPB_PRIVATE(x) x##_dont_copy_me__upb_internal_use_only
      |                        ^
external/protobuf+/upb/wire/decode.c: In function '_upb_Decoder_DecodeMessage':
external/protobuf+/upb/wire/decode.c:1035:18: note: 'sv.size' was declared here
 1035 |   upb_StringView sv;
      |                  ^~
[1,575 / 2,801] Compiling src/google/protobuf/compiler/php/php_generator.cc [for tool]; 7s processwrapper-sandbox ... (4 actions, 3 running)
[1,583 / 2,801] Compiling src/google/protobuf/compiler/cpp/field_generators/message_field.cc [for tool]; 5s processwrapper-sandbox ... (4 actions, 3 running)
[1,592 / 2,801] Compiling src/google/protobuf/compiler/cpp/field_generators/message_field.cc [for tool]; 6s processwrapper-sandbox ... (4 actions running)
INFO: From Compiling src/google/protobuf/compiler/cpp/field_generators/message_field.cc [for tool]:
In file included from bazel-out/k8-opt-exec-ST-020102668b12/bin/external/protobuf+/src/google/protobuf/compiler/cpp/_virtual_includes/cpp/google/protobuf/compiler/cpp/field.h:26,
                 from external/protobuf+/src/google/protobuf/compiler/cpp/field_generators/message_field.cc:21:
bazel-out/k8-opt-exec-ST-020102668b12/bin/external/protobuf+/src/google/protobuf/compiler/cpp/_virtual_includes/names_internal/google/protobuf/compiler/cpp/helpers.h: In function 'bool google::protobuf::compiler::cpp::IsWeak(const google::protobuf::FieldDescriptor*, const Options&)':
bazel-out/k8-opt-exec-ST-020102668b12/bin/external/protobuf+/src/google/protobuf/compiler/cpp/_virtual_includes/names_internal/google/protobuf/compiler/cpp/helpers.h:359:28: warning: 'bool google::protobuf::FieldOptions::weak() const' is deprecated [-Wdeprecated-declarations]
  359 |   if (field->options().weak()) {
      |       ~~~~~~~~~~~~~~~~~~~~~^~
In file included from bazel-out/k8-opt-exec-ST-020102668b12/bin/external/protobuf+/src/google/protobuf/compiler/_virtual_includes/code_generator_lite/google/protobuf/compiler/code_generator_lite.h:18,
                 from bazel-out/k8-opt-exec-ST-020102668b12/bin/external/protobuf+/src/google/protobuf/compiler/_virtual_includes/code_generator/google/protobuf/compiler/code_generator.h:25,
                 from bazel-out/k8-opt-exec-ST-020102668b12/bin/external/protobuf+/src/google/protobuf/compiler/cpp/_virtual_includes/names_internal/google/protobuf/compiler/cpp/helpers.h:30:
bazel-out/k8-opt-exec-ST-020102668b12/bin/external/protobuf+/src/google/protobuf/_virtual_includes/protobuf/google/protobuf/descriptor.pb.h:19782:13: note: declared here
19782 | inline bool FieldOptions::weak() const {
      |             ^~~~~~~~~~~~
[1,601 / 2,801] Compiling src/google/protobuf/compiler/ruby/ruby_generator.cc [for tool]; 2s processwrapper-sandbox ... (4 actions, 3 running)
[1,603 / 2,801] Compiling src/google/protobuf/compiler/ruby/ruby_generator.cc [for tool]; 3s processwrapper-sandbox ... (4 actions, 3 running)
[1,606 / 2,801] Compiling src/google/protobuf/compiler/java/lite/message_builder.cc [for tool]; 5s processwrapper-sandbox ... (4 actions running)
[1,608 / 2,801] Compiling src/google/protobuf/compiler/cpp/field_generators/map_field.cc [for tool]; 4s processwrapper-sandbox ... (4 actions running)
[1,611 / 2,801] Compiling src/google/protobuf/compiler/cpp/field_generators/map_field.cc [for tool]; 5s processwrapper-sandbox ... (4 actions, 3 running)
INFO: From Compiling src/google/protobuf/compiler/cpp/field_generators/map_field.cc [for tool]:
In file included from bazel-out/k8-opt-exec-ST-020102668b12/bin/external/protobuf+/src/google/protobuf/compiler/cpp/_virtual_includes/cpp/google/protobuf/compiler/cpp/field.h:26,
                 from external/protobuf+/src/google/protobuf/compiler/cpp/field_generators/map_field.cc:19:
bazel-out/k8-opt-exec-ST-020102668b12/bin/external/protobuf+/src/google/protobuf/compiler/cpp/_virtual_includes/names_internal/google/protobuf/compiler/cpp/helpers.h: In function 'bool google::protobuf::compiler::cpp::IsWeak(const google::protobuf::FieldDescriptor*, const Options&)':
bazel-out/k8-opt-exec-ST-020102668b12/bin/external/protobuf+/src/google/protobuf/compiler/cpp/_virtual_includes/names_internal/google/protobuf/compiler/cpp/helpers.h:359:28: warning: 'bool google::protobuf::FieldOptions::weak() const' is deprecated [-Wdeprecated-declarations]
  359 |   if (field->options().weak()) {
      |       ~~~~~~~~~~~~~~~~~~~~~^~
In file included from bazel-out/k8-opt-exec-ST-020102668b12/bin/external/protobuf+/src/google/protobuf/compiler/_virtual_includes/code_generator_lite/google/protobuf/compiler/code_generator_lite.h:18,
                 from bazel-out/k8-opt-exec-ST-020102668b12/bin/external/protobuf+/src/google/protobuf/compiler/_virtual_includes/code_generator/google/protobuf/compiler/code_generator.h:25,
                 from bazel-out/k8-opt-exec-ST-020102668b12/bin/external/protobuf+/src/google/protobuf/compiler/cpp/_virtual_includes/names_internal/google/protobuf/compiler/cpp/helpers.h:30:
bazel-out/k8-opt-exec-ST-020102668b12/bin/external/protobuf+/src/google/protobuf/_virtual_includes/protobuf/google/protobuf/descriptor.pb.h:19782:13: note: declared here
19782 | inline bool FieldOptions::weak() const {
      |             ^~~~~~~~~~~~
[1,615 / 2,801] Compiling src/google/protobuf/compiler/ruby/rbs_generator.cc [for tool]; 4s processwrapper-sandbox ... (4 actions, 3 running)
[1,616 / 2,801] Compiling src/google/protobuf/compiler/ruby/rbs_generator.cc [for tool]; 5s processwrapper-sandbox ... (4 actions running)
[1,621 / 2,801] Compiling src/google/protobuf/compiler/java/lite/message.cc [for tool]; 5s processwrapper-sandbox ... (4 actions running)
[1,625 / 2,801] Compiling src/google/protobuf/compiler/cpp/field_generators/enum_field.cc [for tool]; 4s processwrapper-sandbox ... (4 actions, 3 running)
INFO: From Compiling src/google/protobuf/compiler/cpp/field_generators/enum_field.cc [for tool]:
In file included from bazel-out/k8-opt-exec-ST-020102668b12/bin/external/protobuf+/src/google/protobuf/compiler/cpp/_virtual_includes/cpp/google/protobuf/compiler/cpp/field.h:26,
                 from external/protobuf+/src/google/protobuf/compiler/cpp/field_generators/enum_field.cc:20:
bazel-out/k8-opt-exec-ST-020102668b12/bin/external/protobuf+/src/google/protobuf/compiler/cpp/_virtual_includes/names_internal/google/protobuf/compiler/cpp/helpers.h: In function 'bool google::protobuf::compiler::cpp::IsWeak(const google::protobuf::FieldDescriptor*, const Options&)':
bazel-out/k8-opt-exec-ST-020102668b12/bin/external/protobuf+/src/google/protobuf/compiler/cpp/_virtual_includes/names_internal/google/protobuf/compiler/cpp/helpers.h:359:28: warning: 'bool google::protobuf::FieldOptions::weak() const' is deprecated [-Wdeprecated-declarations]
  359 |   if (field->options().weak()) {
      |       ~~~~~~~~~~~~~~~~~~~~~^~
In file included from bazel-out/k8-opt-exec-ST-020102668b12/bin/external/protobuf+/src/google/protobuf/compiler/_virtual_includes/code_generator_lite/google/protobuf/compiler/code_generator_lite.h:18,
                 from bazel-out/k8-opt-exec-ST-020102668b12/bin/external/protobuf+/src/google/protobuf/compiler/_virtual_includes/code_generator/google/protobuf/compiler/code_generator.h:25,
                 from bazel-out/k8-opt-exec-ST-020102668b12/bin/external/protobuf+/src/google/protobuf/compiler/cpp/_virtual_includes/names_internal/google/protobuf/compiler/cpp/helpers.h:30:
bazel-out/k8-opt-exec-ST-020102668b12/bin/external/protobuf+/src/google/protobuf/_virtual_includes/protobuf/google/protobuf/descriptor.pb.h:19782:13: note: declared here
19782 | inline bool FieldOptions::weak() const {
      |             ^~~~~~~~~~~~
[1,627 / 2,801] Compiling src/google/protobuf/compiler/objectivec/enum.cc [for tool]; 3s processwrapper-sandbox ... (4 actions, 3 running)
[1,628 / 2,801] Compiling src/google/protobuf/compiler/objectivec/enum.cc [for tool]; 4s processwrapper-sandbox ... (4 actions running)
[1,631 / 2,801] Compiling src/google/protobuf/compiler/cpp/field_generators/cord_field.cc [for tool]; 2s processwrapper-sandbox ... (4 actions running)
[1,633 / 2,801] Compiling src/google/protobuf/compiler/cpp/field_generators/cord_field.cc [for tool]; 3s processwrapper-sandbox ... (4 actions running)
[1,636 / 2,801] Compiling src/google/protobuf/compiler/cpp/field_generators/cord_field.cc [for tool]; 4s processwrapper-sandbox ... (4 actions running)
[1,638 / 2,801] Compiling src/google/protobuf/compiler/cpp/field_generators/cord_field.cc [for tool]; 5s processwrapper-sandbox ... (4 actions, 3 running)
INFO: From Compiling src/google/protobuf/compiler/cpp/field_generators/cord_field.cc [for tool]:
In file included from bazel-out/k8-opt-exec-ST-020102668b12/bin/external/protobuf+/src/google/protobuf/compiler/cpp/_virtual_includes/cpp/google/protobuf/compiler/cpp/field.h:26,
                 from external/protobuf+/src/google/protobuf/compiler/cpp/field_generators/cord_field.cc:23:
bazel-out/k8-opt-exec-ST-020102668b12/bin/external/protobuf+/src/google/protobuf/compiler/cpp/_virtual_includes/names_internal/google/protobuf/compiler/cpp/helpers.h: In function 'bool google::protobuf::compiler::cpp::IsWeak(const google::protobuf::FieldDescriptor*, const Options&)':
bazel-out/k8-opt-exec-ST-020102668b12/bin/external/protobuf+/src/google/protobuf/compiler/cpp/_virtual_includes/names_internal/google/protobuf/compiler/cpp/helpers.h:359:28: warning: 'bool google::protobuf::FieldOptions::weak() const' is deprecated [-Wdeprecated-declarations]
  359 |   if (field->options().weak()) {
      |       ~~~~~~~~~~~~~~~~~~~~~^~
In file included from bazel-out/k8-opt-exec-ST-020102668b12/bin/external/protobuf+/src/google/protobuf/compiler/_virtual_includes/code_generator_lite/google/protobuf/compiler/code_generator_lite.h:18,
                 from bazel-out/k8-opt-exec-ST-020102668b12/bin/external/protobuf+/src/google/protobuf/compiler/_virtual_includes/code_generator/google/protobuf/compiler/code_generator.h:25,
                 from bazel-out/k8-opt-exec-ST-020102668b12/bin/external/protobuf+/src/google/protobuf/compiler/cpp/_virtual_includes/names_internal/google/protobuf/compiler/cpp/helpers.h:30:
bazel-out/k8-opt-exec-ST-020102668b12/bin/external/protobuf+/src/google/protobuf/_virtual_includes/protobuf/google/protobuf/descriptor.pb.h:19782:13: note: declared here
19782 | inline bool FieldOptions::weak() const {
      |             ^~~~~~~~~~~~
[1,645 / 2,801] Compiling src/google/protobuf/compiler/objectivec/enum_field.cc [for tool]; 4s processwrapper-sandbox ... (4 actions, 3 running)
[1,648 / 2,801] Compiling src/google/protobuf/compiler/java/lite/enum.cc [for tool]; 2s processwrapper-sandbox ... (4 actions, 3 running)
[1,649 / 2,801] Compiling src/google/protobuf/compiler/java/lite/enum.cc [for tool]; 3s processwrapper-sandbox ... (4 actions running)
[1,650 / 2,801] Compiling src/google/protobuf/compiler/java/lite/enum.cc [for tool]; 4s processwrapper-sandbox ... (4 actions running)
INFO: From Compiling src/google/protobuf/compiler/cpp/field_chunk.cc [for tool]:
In file included from bazel-out/k8-opt-exec-ST-020102668b12/bin/external/protobuf+/src/google/protobuf/compiler/cpp/_virtual_includes/cpp/google/protobuf/compiler/cpp/field_chunk.h:10,
                 from external/protobuf+/src/google/protobuf/compiler/cpp/field_chunk.cc:1:
bazel-out/k8-opt-exec-ST-020102668b12/bin/external/protobuf+/src/google/protobuf/compiler/cpp/_virtual_includes/names_internal/google/protobuf/compiler/cpp/helpers.h: In function 'bool google::protobuf::compiler::cpp::IsWeak(const google::protobuf::FieldDescriptor*, const Options&)':
bazel-out/k8-opt-exec-ST-020102668b12/bin/external/protobuf+/src/google/protobuf/compiler/cpp/_virtual_includes/names_internal/google/protobuf/compiler/cpp/helpers.h:359:28: warning: 'bool google::protobuf::FieldOptions::weak() const' is deprecated [-Wdeprecated-declarations]
  359 |   if (field->options().weak()) {
      |       ~~~~~~~~~~~~~~~~~~~~~^~
In file included from bazel-out/k8-opt-exec-ST-020102668b12/bin/external/protobuf+/src/google/protobuf/compiler/_virtual_includes/code_generator_lite/google/protobuf/compiler/code_generator_lite.h:18,
                 from bazel-out/k8-opt-exec-ST-020102668b12/bin/external/protobuf+/src/google/protobuf/compiler/_virtual_includes/code_generator/google/protobuf/compiler/code_generator.h:25,
                 from bazel-out/k8-opt-exec-ST-020102668b12/bin/external/protobuf+/src/google/protobuf/compiler/cpp/_virtual_includes/names_internal/google/protobuf/compiler/cpp/helpers.h:30:
bazel-out/k8-opt-exec-ST-020102668b12/bin/external/protobuf+/src/google/protobuf/_virtual_includes/protobuf/google/protobuf/descriptor.pb.h:19782:13: note: declared here
19782 | inline bool FieldOptions::weak() const {
      |             ^~~~~~~~~~~~
[1,652 / 2,801] Compiling src/google/protobuf/compiler/objectivec/extension.cc [for tool]; 3s processwrapper-sandbox ... (4 actions, 3 running)
[1,654 / 2,801] Compiling src/google/protobuf/compiler/objectivec/extension.cc [for tool]; 4s processwrapper-sandbox ... (4 actions, 3 running)
[1,657 / 2,801] Compiling src/google/protobuf/compiler/cpp/field.cc [for tool]; 3s processwrapper-sandbox ... (4 actions, 3 running)
[1,657 / 2,801] Compiling src/google/protobuf/compiler/cpp/field.cc [for tool]; 4s processwrapper-sandbox ... (4 actions running)
[1,658 / 2,801] Compiling src/google/protobuf/compiler/cpp/field.cc [for tool]; 6s processwrapper-sandbox ... (4 actions, 3 running)
INFO: From Compiling src/google/protobuf/compiler/cpp/field.cc [for tool]:
In file included from bazel-out/k8-opt-exec-ST-020102668b12/bin/external/protobuf+/src/google/protobuf/compiler/cpp/_virtual_includes/cpp/google/protobuf/compiler/cpp/field.h:26,
                 from external/protobuf+/src/google/protobuf/compiler/cpp/field.cc:12:
bazel-out/k8-opt-exec-ST-020102668b12/bin/external/protobuf+/src/google/protobuf/compiler/cpp/_virtual_includes/names_internal/google/protobuf/compiler/cpp/helpers.h: In function 'bool google::protobuf::compiler::cpp::IsWeak(const google::protobuf::FieldDescriptor*, const Options&)':
bazel-out/k8-opt-exec-ST-020102668b12/bin/external/protobuf+/src/google/protobuf/compiler/cpp/_virtual_includes/names_internal/google/protobuf/compiler/cpp/helpers.h:359:28: warning: 'bool google::protobuf::FieldOptions::weak() const' is deprecated [-Wdeprecated-declarations]
  359 |   if (field->options().weak()) {
      |       ~~~~~~~~~~~~~~~~~~~~~^~
In file included from bazel-out/k8-opt-exec-ST-020102668b12/bin/external/protobuf+/src/google/protobuf/compiler/_virtual_includes/code_generator_lite/google/protobuf/compiler/code_generator_lite.h:18,
                 from bazel-out/k8-opt-exec-ST-020102668b12/bin/external/protobuf+/src/google/protobuf/compiler/_virtual_includes/code_generator/google/protobuf/compiler/code_generator.h:25,
                 from bazel-out/k8-opt-exec-ST-020102668b12/bin/external/protobuf+/src/google/protobuf/compiler/cpp/_virtual_includes/names_internal/google/protobuf/compiler/cpp/helpers.h:30:
bazel-out/k8-opt-exec-ST-020102668b12/bin/external/protobuf+/src/google/protobuf/_virtual_includes/protobuf/google/protobuf/descriptor.pb.h:19782:13: note: declared here
19782 | inline bool FieldOptions::weak() const {
      |             ^~~~~~~~~~~~
[1,663 / 2,801] Compiling src/google/protobuf/compiler/objectivec/map_field.cc [for tool]; 1s processwrapper-sandbox ... (4 actions running)
[1,664 / 2,801] Compiling src/google/protobuf/compiler/objectivec/map_field.cc [for tool]; 2s processwrapper-sandbox ... (4 actions, 3 running)
[1,668 / 2,801] Compiling src/google/protobuf/compiler/objectivec/map_field.cc [for tool]; 4s processwrapper-sandbox ... (4 actions running)
[1,669 / 2,801] Compiling src/google/protobuf/compiler/cpp/extension.cc [for tool]; 4s processwrapper-sandbox ... (4 actions, 3 running)
[1,669 / 2,801] Compiling src/google/protobuf/compiler/cpp/extension.cc [for tool]; 6s processwrapper-sandbox ... (4 actions running)
INFO: From Compiling src/google/protobuf/compiler/cpp/extension.cc [for tool]:
In file included from bazel-out/k8-opt-exec-ST-020102668b12/bin/external/protobuf+/src/google/protobuf/compiler/cpp/_virtual_includes/cpp/google/protobuf/compiler/cpp/extension.h:19,
                 from external/protobuf+/src/google/protobuf/compiler/cpp/extension.cc:12:
bazel-out/k8-opt-exec-ST-020102668b12/bin/external/protobuf+/src/google/protobuf/compiler/cpp/_virtual_includes/names_internal/google/protobuf/compiler/cpp/helpers.h: In function 'bool google::protobuf::compiler::cpp::IsWeak(const google::protobuf::FieldDescriptor*, const Options&)':
bazel-out/k8-opt-exec-ST-020102668b12/bin/external/protobuf+/src/google/protobuf/compiler/cpp/_virtual_includes/names_internal/google/protobuf/compiler/cpp/helpers.h:359:28: warning: 'bool google::protobuf::FieldOptions::weak() const' is deprecated [-Wdeprecated-declarations]
  359 |   if (field->options().weak()) {
      |       ~~~~~~~~~~~~~~~~~~~~~^~
In file included from bazel-out/k8-opt-exec-ST-020102668b12/bin/external/protobuf+/src/google/protobuf/compiler/_virtual_includes/code_generator_lite/google/protobuf/compiler/code_generator_lite.h:18,
                 from bazel-out/k8-opt-exec-ST-020102668b12/bin/external/protobuf+/src/google/protobuf/compiler/_virtual_includes/code_generator/google/protobuf/compiler/code_generator.h:25,
                 from bazel-out/k8-opt-exec-ST-020102668b12/bin/external/protobuf+/src/google/protobuf/compiler/cpp/_virtual_includes/names_internal/google/protobuf/compiler/cpp/helpers.h:30:
bazel-out/k8-opt-exec-ST-020102668b12/bin/external/protobuf+/src/google/protobuf/_virtual_includes/protobuf/google/protobuf/descriptor.pb.h:19782:13: note: declared here
19782 | inline bool FieldOptions::weak() const {
      |             ^~~~~~~~~~~~
[1,670 / 2,801] Compiling upb_generator/c/generator.cc [for tool]; 6s processwrapper-sandbox ... (4 actions running)
[1,671 / 2,801] Compiling src/google/protobuf/compiler/cpp/helpers.cc [for tool]; 7s processwrapper-sandbox ... (4 actions running)
[1,672 / 2,801] Compiling src/google/protobuf/compiler/cpp/helpers.cc [for tool]; 9s processwrapper-sandbox ... (4 actions, 3 running)
INFO: From Compiling src/google/protobuf/compiler/cpp/helpers.cc [for tool]:
In file included from external/protobuf+/src/google/protobuf/compiler/cpp/helpers.cc:12:
bazel-out/k8-opt-exec-ST-d57f47055a04/bin/external/protobuf+/src/google/protobuf/compiler/cpp/_virtual_includes/names_internal/google/protobuf/compiler/cpp/helpers.h: In function 'bool google::protobuf::compiler::cpp::IsWeak(const google::protobuf::FieldDescriptor*, const Options&)':
bazel-out/k8-opt-exec-ST-d57f47055a04/bin/external/protobuf+/src/google/protobuf/compiler/cpp/_virtual_includes/names_internal/google/protobuf/compiler/cpp/helpers.h:359:28: warning: 'bool google::protobuf::FieldOptions::weak() const' is deprecated [-Wdeprecated-declarations]
  359 |   if (field->options().weak()) {
      |       ~~~~~~~~~~~~~~~~~~~~~^~
In file included from bazel-out/k8-opt-exec-ST-d57f47055a04/bin/external/protobuf+/src/google/protobuf/compiler/_virtual_includes/code_generator_lite/google/protobuf/compiler/code_generator_lite.h:18,
                 from bazel-out/k8-opt-exec-ST-d57f47055a04/bin/external/protobuf+/src/google/protobuf/compiler/_virtual_includes/code_generator/google/protobuf/compiler/code_generator.h:25,
                 from bazel-out/k8-opt-exec-ST-d57f47055a04/bin/external/protobuf+/src/google/protobuf/compiler/cpp/_virtual_includes/names_internal/google/protobuf/compiler/cpp/helpers.h:30:
bazel-out/k8-opt-exec-ST-d57f47055a04/bin/external/protobuf+/src/google/protobuf/_virtual_includes/protobuf/google/protobuf/descriptor.pb.h:19782:13: note: declared here
19782 | inline bool FieldOptions::weak() const {
      |             ^~~~~~~~~~~~
external/protobuf+/src/google/protobuf/compiler/cpp/helpers.cc: In member function 'google::protobuf::compiler::cpp::MessageAnalysis google::protobuf::compiler::cpp::MessageSCCAnalyzer::GetSCCAnalysis(const google::protobuf::compiler::SCC*)':
external/protobuf+/src/google/protobuf/compiler/cpp/helpers.cc:1736:32: warning: 'bool google::protobuf::FieldOptions::weak() const' is deprecated [-Wdeprecated-declarations]
 1736 |       if (field->options().weak()) {
      |           ~~~~~~~~~~~~~~~~~~~~~^~
bazel-out/k8-opt-exec-ST-d57f47055a04/bin/external/protobuf+/src/google/protobuf/_virtual_includes/protobuf/google/protobuf/descriptor.pb.h:19782:13: note: declared here
19782 | inline bool FieldOptions::weak() const {
      |             ^~~~~~~~~~~~
[1,673 / 2,801] Compiling src/google/protobuf/compiler/cpp/enum.cc [for tool]; 6s processwrapper-sandbox ... (4 actions, 3 running)
[1,674 / 2,801] Compiling src/google/protobuf/compiler/cpp/enum.cc [for tool]; 7s processwrapper-sandbox ... (4 actions running)
INFO: From Compiling src/google/protobuf/compiler/cpp/enum.cc [for tool]:
In file included from external/protobuf+/src/google/protobuf/compiler/cpp/enum.cc:29:
bazel-out/k8-opt-exec-ST-020102668b12/bin/external/protobuf+/src/google/protobuf/compiler/cpp/_virtual_includes/names_internal/google/protobuf/compiler/cpp/helpers.h: In function 'bool google::protobuf::compiler::cpp::IsWeak(const google::protobuf::FieldDescriptor*, const Options&)':
bazel-out/k8-opt-exec-ST-020102668b12/bin/external/protobuf+/src/google/protobuf/compiler/cpp/_virtual_includes/names_internal/google/protobuf/compiler/cpp/helpers.h:359:28: warning: 'bool google::protobuf::FieldOptions::weak() const' is deprecated [-Wdeprecated-declarations]
  359 |   if (field->options().weak()) {
      |       ~~~~~~~~~~~~~~~~~~~~~^~
In file included from bazel-out/k8-opt-exec-ST-020102668b12/bin/external/protobuf+/src/google/protobuf/compiler/_virtual_includes/code_generator_lite/google/protobuf/compiler/code_generator_lite.h:18,
                 from bazel-out/k8-opt-exec-ST-020102668b12/bin/external/protobuf+/src/google/protobuf/compiler/_virtual_includes/code_generator/google/protobuf/compiler/code_generator.h:25,
                 from bazel-out/k8-opt-exec-ST-020102668b12/bin/external/protobuf+/src/google/protobuf/compiler/cpp/_virtual_includes/cpp/google/protobuf/compiler/cpp/generator.h:24,
                 from external/protobuf+/src/google/protobuf/compiler/cpp/enum.cc:28:
bazel-out/k8-opt-exec-ST-020102668b12/bin/external/protobuf+/src/google/protobuf/_virtual_includes/protobuf/google/protobuf/descriptor.pb.h:19782:13: note: declared here
19782 | inline bool FieldOptions::weak() const {
      |             ^~~~~~~~~~~~
[1,681 / 2,801] Compiling src/google/protobuf/compiler/objectivec/message_field.cc [for tool]; 3s processwrapper-sandbox ... (4 actions, 3 running)
[1,685 / 2,801] Compiling src/google/protobuf/compiler/objectivec/message_field.cc [for tool]; 4s processwrapper-sandbox ... (4 actions, 3 running)
[1,690 / 2,801] Compiling upb_generator/minitable/generator.cc [for tool]; 3s processwrapper-sandbox ... (4 actions, 3 running)
[1,701 / 2,801] Compiling src/google/protobuf/compiler/objectivec/oneof.cc [for tool]; 2s processwrapper-sandbox ... (4 actions, 3 running)
[1,705 / 2,801] Compiling src/google/protobuf/compiler/objectivec/oneof.cc [for tool]; 3s processwrapper-sandbox ... (4 actions running)
[1,706 / 2,801] Compiling src/google/protobuf/compiler/objectivec/oneof.cc [for tool]; 5s processwrapper-sandbox ... (4 actions, 3 running)
[1,713 / 2,801] Compiling upb_generator/plugin.cc [for tool]; 1s processwrapper-sandbox ... (4 actions running)
[1,714 / 2,801] Compiling upb_generator/plugin.cc [for tool]; 2s processwrapper-sandbox ... (4 actions running)
[1,715 / 2,801] Compiling src/google/protobuf/compiler/objectivec/primitive_field.cc [for tool]; 3s processwrapper-sandbox ... (4 actions, 3 running)
[1,719 / 2,801] Compiling src/google/protobuf/compiler/objectivec/primitive_field.cc [for tool]; 4s processwrapper-sandbox ... (4 actions running)
[1,726 / 2,801] Compiling src/google/protobuf/compiler/rust/naming.cc [for tool]; 1s processwrapper-sandbox ... (4 actions, 3 running)
[1,729 / 2,801] Compiling src/google/protobuf/compiler/rust/naming.cc [for tool]; 3s processwrapper-sandbox ... (4 actions, 3 running)
[1,731 / 2,801] Compiling src/google/protobuf/compiler/rust/naming.cc [for tool]; 4s processwrapper-sandbox ... (4 actions, 3 running)
INFO: From Compiling src/google/protobuf/compiler/rust/naming.cc [for tool]:
In file included from external/protobuf+/src/google/protobuf/compiler/rust/naming.cc:26:
bazel-out/k8-opt-exec-ST-020102668b12/bin/external/protobuf+/src/google/protobuf/compiler/cpp/_virtual_includes/names_internal/google/protobuf/compiler/cpp/helpers.h: In function 'bool google::protobuf::compiler::cpp::IsWeak(const google::protobuf::FieldDescriptor*, const Options&)':
bazel-out/k8-opt-exec-ST-020102668b12/bin/external/protobuf+/src/google/protobuf/compiler/cpp/_virtual_includes/names_internal/google/protobuf/compiler/cpp/helpers.h:359:28: warning: 'bool google::protobuf::FieldOptions::weak() const' is deprecated [-Wdeprecated-declarations]
  359 |   if (field->options().weak()) {
      |       ~~~~~~~~~~~~~~~~~~~~~^~
In file included from bazel-out/k8-opt-exec-ST-020102668b12/bin/external/protobuf+/src/google/protobuf/compiler/rust/_virtual_includes/naming/google/protobuf/compiler/rust/naming.h:17,
                 from external/protobuf+/src/google/protobuf/compiler/rust/naming.cc:8:
bazel-out/k8-opt-exec-ST-020102668b12/bin/external/protobuf+/src/google/protobuf/_virtual_includes/protobuf/google/protobuf/descriptor.pb.h:19782:13: note: declared here
19782 | inline bool FieldOptions::weak() const {
      |             ^~~~~~~~~~~~
[1,736 / 2,801] Compiling src/google/protobuf/compiler/objectivec/names.cc [for tool]; 2s processwrapper-sandbox ... (4 actions, 3 running)
[1,738 / 2,801] Compiling src/google/protobuf/compiler/objectivec/names.cc [for tool]; 3s processwrapper-sandbox ... (4 actions running)
[1,742 / 2,801] Compiling src/google/protobuf/compiler/objectivec/names.cc [for tool]; 5s processwrapper-sandbox ... (4 actions, 3 running)
INFO: From Compiling src/google/protobuf/compiler/rust/naming.cc [for tool]:
In file included from external/protobuf+/src/google/protobuf/compiler/rust/naming.cc:26:
bazel-out/k8-opt-exec-ST-d57f47055a04/bin/external/protobuf+/src/google/protobuf/compiler/cpp/_virtual_includes/names_internal/google/protobuf/compiler/cpp/helpers.h: In function 'bool google::protobuf::compiler::cpp::IsWeak(const google::protobuf::FieldDescriptor*, const Options&)':
bazel-out/k8-opt-exec-ST-d57f47055a04/bin/external/protobuf+/src/google/protobuf/compiler/cpp/_virtual_includes/names_internal/google/protobuf/compiler/cpp/helpers.h:359:28: warning: 'bool google::protobuf::FieldOptions::weak() const' is deprecated [-Wdeprecated-declarations]
  359 |   if (field->options().weak()) {
      |       ~~~~~~~~~~~~~~~~~~~~~^~
In file included from bazel-out/k8-opt-exec-ST-d57f47055a04/bin/external/protobuf+/src/google/protobuf/compiler/rust/_virtual_includes/naming/google/protobuf/compiler/rust/naming.h:17,
                 from external/protobuf+/src/google/protobuf/compiler/rust/naming.cc:8:
bazel-out/k8-opt-exec-ST-d57f47055a04/bin/external/protobuf+/src/google/protobuf/_virtual_includes/protobuf/google/protobuf/descriptor.pb.h:19782:13: note: declared here
19782 | inline bool FieldOptions::weak() const {
      |             ^~~~~~~~~~~~
[1,755 / 2,801] Compiling src/google/protobuf/compiler/rust/accessors/with_presence.cc [for tool]; 1s processwrapper-sandbox ... (4 actions, 3 running)
[1,756 / 2,801] Compiling src/google/protobuf/compiler/rust/accessors/with_presence.cc [for tool]; 2s processwrapper-sandbox ... (4 actions, 3 running)
[1,756 / 2,801] Compiling src/google/protobuf/compiler/rust/accessors/with_presence.cc [for tool]; 3s processwrapper-sandbox ... (4 actions running)
[1,757 / 2,801] Compiling src/google/protobuf/compiler/rust/accessors/with_presence.cc [for tool]; 4s processwrapper-sandbox ... (4 actions, 3 running)
INFO: From Compiling src/google/protobuf/compiler/rust/accessors/with_presence.cc [for tool]:
In file included from external/protobuf+/src/google/protobuf/compiler/rust/accessors/with_presence.cc:13:
bazel-out/k8-opt-exec-ST-020102668b12/bin/external/protobuf+/src/google/protobuf/compiler/cpp/_virtual_includes/names_internal/google/protobuf/compiler/cpp/helpers.h: In function 'bool google::protobuf::compiler::cpp::IsWeak(const google::protobuf::FieldDescriptor*, const Options&)':
bazel-out/k8-opt-exec-ST-020102668b12/bin/external/protobuf+/src/google/protobuf/compiler/cpp/_virtual_includes/names_internal/google/protobuf/compiler/cpp/helpers.h:359:28: warning: 'bool google::protobuf::FieldOptions::weak() const' is deprecated [-Wdeprecated-declarations]
  359 |   if (field->options().weak()) {
      |       ~~~~~~~~~~~~~~~~~~~~~^~
In file included from bazel-out/k8-opt-exec-ST-020102668b12/bin/external/protobuf+/src/google/protobuf/compiler/_virtual_includes/code_generator_lite/google/protobuf/compiler/code_generator_lite.h:18,
                 from bazel-out/k8-opt-exec-ST-020102668b12/bin/external/protobuf+/src/google/protobuf/compiler/_virtual_includes/code_generator/google/protobuf/compiler/code_generator.h:25,
                 from bazel-out/k8-opt-exec-ST-020102668b12/bin/external/protobuf+/src/google/protobuf/compiler/cpp/_virtual_includes/names_internal/google/protobuf/compiler/cpp/helpers.h:30:
bazel-out/k8-opt-exec-ST-020102668b12/bin/external/protobuf+/src/google/protobuf/_virtual_includes/protobuf/google/protobuf/descriptor.pb.h:19782:13: note: declared here
19782 | inline bool FieldOptions::weak() const {
      |             ^~~~~~~~~~~~
INFO: From Compiling src/google/protobuf/compiler/rust/accessors/singular_string.cc [for tool]:
In file included from external/protobuf+/src/google/protobuf/compiler/rust/accessors/singular_string.cc:13:
bazel-out/k8-opt-exec-ST-020102668b12/bin/external/protobuf+/src/google/protobuf/compiler/cpp/_virtual_includes/names_internal/google/protobuf/compiler/cpp/helpers.h: In function 'bool google::protobuf::compiler::cpp::IsWeak(const google::protobuf::FieldDescriptor*, const Options&)':
bazel-out/k8-opt-exec-ST-020102668b12/bin/external/protobuf+/src/google/protobuf/compiler/cpp/_virtual_includes/names_internal/google/protobuf/compiler/cpp/helpers.h:359:28: warning: 'bool google::protobuf::FieldOptions::weak() const' is deprecated [-Wdeprecated-declarations]
  359 |   if (field->options().weak()) {
      |       ~~~~~~~~~~~~~~~~~~~~~^~
In file included from bazel-out/k8-opt-exec-ST-020102668b12/bin/external/protobuf+/src/google/protobuf/compiler/_virtual_includes/code_generator_lite/google/protobuf/compiler/code_generator_lite.h:18,
                 from bazel-out/k8-opt-exec-ST-020102668b12/bin/external/protobuf+/src/google/protobuf/compiler/_virtual_includes/code_generator/google/protobuf/compiler/code_generator.h:25,
                 from bazel-out/k8-opt-exec-ST-020102668b12/bin/external/protobuf+/src/google/protobuf/compiler/cpp/_virtual_includes/names_internal/google/protobuf/compiler/cpp/helpers.h:30:
bazel-out/k8-opt-exec-ST-020102668b12/bin/external/protobuf+/src/google/protobuf/_virtual_includes/protobuf/google/protobuf/descriptor.pb.h:19782:13: note: declared here
19782 | inline bool FieldOptions::weak() const {
      |             ^~~~~~~~~~~~
[1,759 / 2,801] Compiling src/google/protobuf/compiler/php/php_generator.cc [for tool]; 3s processwrapper-sandbox ... (4 actions, 3 running)
[1,759 / 2,801] Compiling src/google/protobuf/compiler/php/php_generator.cc [for tool]; 5s processwrapper-sandbox ... (4 actions running)
[1,760 / 2,801] Compiling src/google/protobuf/compiler/php/php_generator.cc [for tool]; 6s processwrapper-sandbox ... (4 actions, 3 running)
INFO: From Compiling src/google/protobuf/compiler/rust/accessors/with_presence.cc [for tool]:
In file included from external/protobuf+/src/google/protobuf/compiler/rust/accessors/with_presence.cc:13:
bazel-out/k8-opt-exec-ST-d57f47055a04/bin/external/protobuf+/src/google/protobuf/compiler/cpp/_virtual_includes/names_internal/google/protobuf/compiler/cpp/helpers.h: In function 'bool google::protobuf::compiler::cpp::IsWeak(const google::protobuf::FieldDescriptor*, const Options&)':
bazel-out/k8-opt-exec-ST-d57f47055a04/bin/external/protobuf+/src/google/protobuf/compiler/cpp/_virtual_includes/names_internal/google/protobuf/compiler/cpp/helpers.h:359:28: warning: 'bool google::protobuf::FieldOptions::weak() const' is deprecated [-Wdeprecated-declarations]
  359 |   if (field->options().weak()) {
      |       ~~~~~~~~~~~~~~~~~~~~~^~
In file included from bazel-out/k8-opt-exec-ST-d57f47055a04/bin/external/protobuf+/src/google/protobuf/compiler/_virtual_includes/code_generator_lite/google/protobuf/compiler/code_generator_lite.h:18,
                 from bazel-out/k8-opt-exec-ST-d57f47055a04/bin/external/protobuf+/src/google/protobuf/compiler/_virtual_includes/code_generator/google/protobuf/compiler/code_generator.h:25,
                 from bazel-out/k8-opt-exec-ST-d57f47055a04/bin/external/protobuf+/src/google/protobuf/compiler/cpp/_virtual_includes/names_internal/google/protobuf/compiler/cpp/helpers.h:30:
bazel-out/k8-opt-exec-ST-d57f47055a04/bin/external/protobuf+/src/google/protobuf/_virtual_includes/protobuf/google/protobuf/descriptor.pb.h:19782:13: note: declared here
19782 | inline bool FieldOptions::weak() const {
      |             ^~~~~~~~~~~~
[1,761 / 2,801] Compiling src/google/protobuf/compiler/php/php_generator.cc [for tool]; 8s processwrapper-sandbox ... (4 actions running)
INFO: From Compiling src/google/protobuf/compiler/rust/accessors/singular_string.cc [for tool]:
In file included from external/protobuf+/src/google/protobuf/compiler/rust/accessors/singular_string.cc:13:
bazel-out/k8-opt-exec-ST-d57f47055a04/bin/external/protobuf+/src/google/protobuf/compiler/cpp/_virtual_includes/names_internal/google/protobuf/compiler/cpp/helpers.h: In function 'bool google::protobuf::compiler::cpp::IsWeak(const google::protobuf::FieldDescriptor*, const Options&)':
bazel-out/k8-opt-exec-ST-d57f47055a04/bin/external/protobuf+/src/google/protobuf/compiler/cpp/_virtual_includes/names_internal/google/protobuf/compiler/cpp/helpers.h:359:28: warning: 'bool google::protobuf::FieldOptions::weak() const' is deprecated [-Wdeprecated-declarations]
  359 |   if (field->options().weak()) {
      |       ~~~~~~~~~~~~~~~~~~~~~^~
In file included from bazel-out/k8-opt-exec-ST-d57f47055a04/bin/external/protobuf+/src/google/protobuf/compiler/_virtual_includes/code_generator_lite/google/protobuf/compiler/code_generator_lite.h:18,
                 from bazel-out/k8-opt-exec-ST-d57f47055a04/bin/external/protobuf+/src/google/protobuf/compiler/_virtual_includes/code_generator/google/protobuf/compiler/code_generator.h:25,
                 from bazel-out/k8-opt-exec-ST-d57f47055a04/bin/external/protobuf+/src/google/protobuf/compiler/cpp/_virtual_includes/names_internal/google/protobuf/compiler/cpp/helpers.h:30:
bazel-out/k8-opt-exec-ST-d57f47055a04/bin/external/protobuf+/src/google/protobuf/_virtual_includes/protobuf/google/protobuf/descriptor.pb.h:19782:13: note: declared here
19782 | inline bool FieldOptions::weak() const {
      |             ^~~~~~~~~~~~
[1,763 / 2,801] Compiling src/google/protobuf/compiler/rust/accessors/singular_scalar.cc [for tool]; 3s processwrapper-sandbox ... (4 actions running)
INFO: From Compiling src/google/protobuf/compiler/rust/accessors/singular_scalar.cc [for tool]:
In file included from external/protobuf+/src/google/protobuf/compiler/rust/accessors/singular_scalar.cc:13:
bazel-out/k8-opt-exec-ST-020102668b12/bin/external/protobuf+/src/google/protobuf/compiler/cpp/_virtual_includes/names_internal/google/protobuf/compiler/cpp/helpers.h: In function 'bool google::protobuf::compiler::cpp::IsWeak(const google::protobuf::FieldDescriptor*, const Options&)':
bazel-out/k8-opt-exec-ST-020102668b12/bin/external/protobuf+/src/google/protobuf/compiler/cpp/_virtual_includes/names_internal/google/protobuf/compiler/cpp/helpers.h:359:28: warning: 'bool google::protobuf::FieldOptions::weak() const' is deprecated [-Wdeprecated-declarations]
  359 |   if (field->options().weak()) {
      |       ~~~~~~~~~~~~~~~~~~~~~^~
In file included from bazel-out/k8-opt-exec-ST-020102668b12/bin/external/protobuf+/src/google/protobuf/compiler/_virtual_includes/code_generator_lite/google/protobuf/compiler/code_generator_lite.h:18,
                 from bazel-out/k8-opt-exec-ST-020102668b12/bin/external/protobuf+/src/google/protobuf/compiler/_virtual_includes/code_generator/google/protobuf/compiler/code_generator.h:25,
                 from bazel-out/k8-opt-exec-ST-020102668b12/bin/external/protobuf+/src/google/protobuf/compiler/cpp/_virtual_includes/names_internal/google/protobuf/compiler/cpp/helpers.h:30:
bazel-out/k8-opt-exec-ST-020102668b12/bin/external/protobuf+/src/google/protobuf/_virtual_includes/protobuf/google/protobuf/descriptor.pb.h:19782:13: note: declared here
19782 | inline bool FieldOptions::weak() const {
      |             ^~~~~~~~~~~~
[1,764 / 2,801] Compiling src/google/protobuf/compiler/rust/accessors/singular_message.cc [for tool]; 4s processwrapper-sandbox ... (4 actions, 3 running)
INFO: From Compiling src/google/protobuf/compiler/rust/accessors/singular_message.cc [for tool]:
In file included from external/protobuf+/src/google/protobuf/compiler/rust/accessors/singular_message.cc:12:
bazel-out/k8-opt-exec-ST-020102668b12/bin/external/protobuf+/src/google/protobuf/compiler/cpp/_virtual_includes/names_internal/google/protobuf/compiler/cpp/helpers.h: In function 'bool google::protobuf::compiler::cpp::IsWeak(const google::protobuf::FieldDescriptor*, const Options&)':
bazel-out/k8-opt-exec-ST-020102668b12/bin/external/protobuf+/src/google/protobuf/compiler/cpp/_virtual_includes/names_internal/google/protobuf/compiler/cpp/helpers.h:359:28: warning: 'bool google::protobuf::FieldOptions::weak() const' is deprecated [-Wdeprecated-declarations]
  359 |   if (field->options().weak()) {
      |       ~~~~~~~~~~~~~~~~~~~~~^~
In file included from bazel-out/k8-opt-exec-ST-020102668b12/bin/external/protobuf+/src/google/protobuf/compiler/_virtual_includes/code_generator_lite/google/protobuf/compiler/code_generator_lite.h:18,
                 from bazel-out/k8-opt-exec-ST-020102668b12/bin/external/protobuf+/src/google/protobuf/compiler/_virtual_includes/code_generator/google/protobuf/compiler/code_generator.h:25,
                 from bazel-out/k8-opt-exec-ST-020102668b12/bin/external/protobuf+/src/google/protobuf/compiler/cpp/_virtual_includes/names_internal/google/protobuf/compiler/cpp/helpers.h:30:
bazel-out/k8-opt-exec-ST-020102668b12/bin/external/protobuf+/src/google/protobuf/_virtual_includes/protobuf/google/protobuf/descriptor.pb.h:19782:13: note: declared here
19782 | inline bool FieldOptions::weak() const {
      |             ^~~~~~~~~~~~
[1,766 / 2,801] Compiling src/google/protobuf/compiler/rust/accessors/singular_cord.cc [for tool]; 4s processwrapper-sandbox ... (4 actions running)
INFO: From Compiling src/google/protobuf/compiler/rust/accessors/singular_cord.cc [for tool]:
In file included from external/protobuf+/src/google/protobuf/compiler/rust/accessors/singular_cord.cc:12:
bazel-out/k8-opt-exec-ST-020102668b12/bin/external/protobuf+/src/google/protobuf/compiler/cpp/_virtual_includes/names_internal/google/protobuf/compiler/cpp/helpers.h: In function 'bool google::protobuf::compiler::cpp::IsWeak(const google::protobuf::FieldDescriptor*, const Options&)':
bazel-out/k8-opt-exec-ST-020102668b12/bin/external/protobuf+/src/google/protobuf/compiler/cpp/_virtual_includes/names_internal/google/protobuf/compiler/cpp/helpers.h:359:28: warning: 'bool google::protobuf::FieldOptions::weak() const' is deprecated [-Wdeprecated-declarations]
  359 |   if (field->options().weak()) {
      |       ~~~~~~~~~~~~~~~~~~~~~^~
In file included from bazel-out/k8-opt-exec-ST-020102668b12/bin/external/protobuf+/src/google/protobuf/compiler/_virtual_includes/code_generator_lite/google/protobuf/compiler/code_generator_lite.h:18,
                 from bazel-out/k8-opt-exec-ST-020102668b12/bin/external/protobuf+/src/google/protobuf/compiler/_virtual_includes/code_generator/google/protobuf/compiler/code_generator.h:25,
                 from bazel-out/k8-opt-exec-ST-020102668b12/bin/external/protobuf+/src/google/protobuf/compiler/cpp/_virtual_includes/names_internal/google/protobuf/compiler/cpp/helpers.h:30:
bazel-out/k8-opt-exec-ST-020102668b12/bin/external/protobuf+/src/google/protobuf/_virtual_includes/protobuf/google/protobuf/descriptor.pb.h:19782:13: note: declared here
19782 | inline bool FieldOptions::weak() const {
      |             ^~~~~~~~~~~~
[1,767 / 2,801] Compiling src/google/protobuf/compiler/rust/accessors/singular_scalar.cc [for tool]; 2s processwrapper-sandbox ... (4 actions running)
INFO: From Compiling src/google/protobuf/compiler/rust/accessors/singular_scalar.cc [for tool]:
In file included from external/protobuf+/src/google/protobuf/compiler/rust/accessors/singular_scalar.cc:13:
bazel-out/k8-opt-exec-ST-d57f47055a04/bin/external/protobuf+/src/google/protobuf/compiler/cpp/_virtual_includes/names_internal/google/protobuf/compiler/cpp/helpers.h: In function 'bool google::protobuf::compiler::cpp::IsWeak(const google::protobuf::FieldDescriptor*, const Options&)':
bazel-out/k8-opt-exec-ST-d57f47055a04/bin/external/protobuf+/src/google/protobuf/compiler/cpp/_virtual_includes/names_internal/google/protobuf/compiler/cpp/helpers.h:359:28: warning: 'bool google::protobuf::FieldOptions::weak() const' is deprecated [-Wdeprecated-declarations]
  359 |   if (field->options().weak()) {
      |       ~~~~~~~~~~~~~~~~~~~~~^~
In file included from bazel-out/k8-opt-exec-ST-d57f47055a04/bin/external/protobuf+/src/google/protobuf/compiler/_virtual_includes/code_generator_lite/google/protobuf/compiler/code_generator_lite.h:18,
                 from bazel-out/k8-opt-exec-ST-d57f47055a04/bin/external/protobuf+/src/google/protobuf/compiler/_virtual_includes/code_generator/google/protobuf/compiler/code_generator.h:25,
                 from bazel-out/k8-opt-exec-ST-d57f47055a04/bin/external/protobuf+/src/google/protobuf/compiler/cpp/_virtual_includes/names_internal/google/protobuf/compiler/cpp/helpers.h:30:
bazel-out/k8-opt-exec-ST-d57f47055a04/bin/external/protobuf+/src/google/protobuf/_virtual_includes/protobuf/google/protobuf/descriptor.pb.h:19782:13: note: declared here
19782 | inline bool FieldOptions::weak() const {
      |             ^~~~~~~~~~~~
[1,768 / 2,801] Compiling src/google/protobuf/compiler/rust/accessors/singular_message.cc [for tool]; 4s processwrapper-sandbox ... (4 actions, 3 running)
INFO: From Compiling src/google/protobuf/compiler/rust/accessors/singular_message.cc [for tool]:
In file included from external/protobuf+/src/google/protobuf/compiler/rust/accessors/singular_message.cc:12:
bazel-out/k8-opt-exec-ST-d57f47055a04/bin/external/protobuf+/src/google/protobuf/compiler/cpp/_virtual_includes/names_internal/google/protobuf/compiler/cpp/helpers.h: In function 'bool google::protobuf::compiler::cpp::IsWeak(const google::protobuf::FieldDescriptor*, const Options&)':
bazel-out/k8-opt-exec-ST-d57f47055a04/bin/external/protobuf+/src/google/protobuf/compiler/cpp/_virtual_includes/names_internal/google/protobuf/compiler/cpp/helpers.h:359:28: warning: 'bool google::protobuf::FieldOptions::weak() const' is deprecated [-Wdeprecated-declarations]
  359 |   if (field->options().weak()) {
      |       ~~~~~~~~~~~~~~~~~~~~~^~
In file included from bazel-out/k8-opt-exec-ST-d57f47055a04/bin/external/protobuf+/src/google/protobuf/compiler/_virtual_includes/code_generator_lite/google/protobuf/compiler/code_generator_lite.h:18,
                 from bazel-out/k8-opt-exec-ST-d57f47055a04/bin/external/protobuf+/src/google/protobuf/compiler/_virtual_includes/code_generator/google/protobuf/compiler/code_generator.h:25,
                 from bazel-out/k8-opt-exec-ST-d57f47055a04/bin/external/protobuf+/src/google/protobuf/compiler/cpp/_virtual_includes/names_internal/google/protobuf/compiler/cpp/helpers.h:30:
bazel-out/k8-opt-exec-ST-d57f47055a04/bin/external/protobuf+/src/google/protobuf/_virtual_includes/protobuf/google/protobuf/descriptor.pb.h:19782:13: note: declared here
19782 | inline bool FieldOptions::weak() const {
      |             ^~~~~~~~~~~~
[1,769 / 2,801] Compiling src/google/protobuf/compiler/ruby/rbs_generator.cc [for tool]; 5s processwrapper-sandbox ... (4 actions running)
INFO: From Compiling src/google/protobuf/compiler/rust/accessors/singular_cord.cc [for tool]:
In file included from external/protobuf+/src/google/protobuf/compiler/rust/accessors/singular_cord.cc:12:
bazel-out/k8-opt-exec-ST-d57f47055a04/bin/external/protobuf+/src/google/protobuf/compiler/cpp/_virtual_includes/names_internal/google/protobuf/compiler/cpp/helpers.h: In function 'bool google::protobuf::compiler::cpp::IsWeak(const google::protobuf::FieldDescriptor*, const Options&)':
bazel-out/k8-opt-exec-ST-d57f47055a04/bin/external/protobuf+/src/google/protobuf/compiler/cpp/_virtual_includes/names_internal/google/protobuf/compiler/cpp/helpers.h:359:28: warning: 'bool google::protobuf::FieldOptions::weak() const' is deprecated [-Wdeprecated-declarations]
  359 |   if (field->options().weak()) {
      |       ~~~~~~~~~~~~~~~~~~~~~^~
In file included from bazel-out/k8-opt-exec-ST-d57f47055a04/bin/external/protobuf+/src/google/protobuf/compiler/_virtual_includes/code_generator_lite/google/protobuf/compiler/code_generator_lite.h:18,
                 from bazel-out/k8-opt-exec-ST-d57f47055a04/bin/external/protobuf+/src/google/protobuf/compiler/_virtual_includes/code_generator/google/protobuf/compiler/code_generator.h:25,
                 from bazel-out/k8-opt-exec-ST-d57f47055a04/bin/external/protobuf+/src/google/protobuf/compiler/cpp/_virtual_includes/names_internal/google/protobuf/compiler/cpp/helpers.h:30:
bazel-out/k8-opt-exec-ST-d57f47055a04/bin/external/protobuf+/src/google/protobuf/_virtual_includes/protobuf/google/protobuf/descriptor.pb.h:19782:13: note: declared here
19782 | inline bool FieldOptions::weak() const {
      |             ^~~~~~~~~~~~
[1,771 / 2,801] Compiling src/google/protobuf/compiler/rust/accessors/repeated_field.cc [for tool]; 2s processwrapper-sandbox ... (4 actions, 3 running)
[1,771 / 2,801] Compiling src/google/protobuf/compiler/rust/accessors/repeated_field.cc [for tool]; 4s processwrapper-sandbox ... (4 actions running)
INFO: From Compiling src/google/protobuf/compiler/rust/accessors/repeated_field.cc [for tool]:
In file included from external/protobuf+/src/google/protobuf/compiler/rust/accessors/repeated_field.cc:12:
bazel-out/k8-opt-exec-ST-020102668b12/bin/external/protobuf+/src/google/protobuf/compiler/cpp/_virtual_includes/names_internal/google/protobuf/compiler/cpp/helpers.h: In function 'bool google::protobuf::compiler::cpp::IsWeak(const google::protobuf::FieldDescriptor*, const Options&)':
bazel-out/k8-opt-exec-ST-020102668b12/bin/external/protobuf+/src/google/protobuf/compiler/cpp/_virtual_includes/names_internal/google/protobuf/compiler/cpp/helpers.h:359:28: warning: 'bool google::protobuf::FieldOptions::weak() const' is deprecated [-Wdeprecated-declarations]
  359 |   if (field->options().weak()) {
      |       ~~~~~~~~~~~~~~~~~~~~~^~
In file included from bazel-out/k8-opt-exec-ST-020102668b12/bin/external/protobuf+/src/google/protobuf/compiler/_virtual_includes/code_generator_lite/google/protobuf/compiler/code_generator_lite.h:18,
                 from bazel-out/k8-opt-exec-ST-020102668b12/bin/external/protobuf+/src/google/protobuf/compiler/_virtual_includes/code_generator/google/protobuf/compiler/code_generator.h:25,
                 from bazel-out/k8-opt-exec-ST-020102668b12/bin/external/protobuf+/src/google/protobuf/compiler/cpp/_virtual_includes/names_internal/google/protobuf/compiler/cpp/helpers.h:30:
bazel-out/k8-opt-exec-ST-020102668b12/bin/external/protobuf+/src/google/protobuf/_virtual_includes/protobuf/google/protobuf/descriptor.pb.h:19782:13: note: declared here
19782 | inline bool FieldOptions::weak() const {
      |             ^~~~~~~~~~~~
INFO: From Compiling src/google/protobuf/compiler/rust/accessors/map.cc [for tool]:
In file included from external/protobuf+/src/google/protobuf/compiler/rust/accessors/map.cc:11:
bazel-out/k8-opt-exec-ST-020102668b12/bin/external/protobuf+/src/google/protobuf/compiler/cpp/_virtual_includes/names_internal/google/protobuf/compiler/cpp/helpers.h: In function 'bool google::protobuf::compiler::cpp::IsWeak(const google::protobuf::FieldDescriptor*, const Options&)':
bazel-out/k8-opt-exec-ST-020102668b12/bin/external/protobuf+/src/google/protobuf/compiler/cpp/_virtual_includes/names_internal/google/protobuf/compiler/cpp/helpers.h:359:28: warning: 'bool google::protobuf::FieldOptions::weak() const' is deprecated [-Wdeprecated-declarations]
  359 |   if (field->options().weak()) {
      |       ~~~~~~~~~~~~~~~~~~~~~^~
In file included from bazel-out/k8-opt-exec-ST-020102668b12/bin/external/protobuf+/src/google/protobuf/compiler/_virtual_includes/code_generator_lite/google/protobuf/compiler/code_generator_lite.h:18,
                 from bazel-out/k8-opt-exec-ST-020102668b12/bin/external/protobuf+/src/google/protobuf/compiler/_virtual_includes/code_generator/google/protobuf/compiler/code_generator.h:25,
                 from bazel-out/k8-opt-exec-ST-020102668b12/bin/external/protobuf+/src/google/protobuf/compiler/cpp/_virtual_includes/names_internal/google/protobuf/compiler/cpp/helpers.h:30:
bazel-out/k8-opt-exec-ST-020102668b12/bin/external/protobuf+/src/google/protobuf/_virtual_includes/protobuf/google/protobuf/descriptor.pb.h:19782:13: note: declared here
19782 | inline bool FieldOptions::weak() const {
      |             ^~~~~~~~~~~~
[1,773 / 2,801] Compiling src/google/protobuf/compiler/ruby/ruby_generator.cc [for tool]; 3s processwrapper-sandbox ... (4 actions running)
[1,774 / 2,801] Compiling src/google/protobuf/compiler/rust/accessors/default_value.cc [for tool]; 3s processwrapper-sandbox ... (4 actions, 3 running)
[1,775 / 2,801] Compiling src/google/protobuf/compiler/rust/accessors/repeated_field.cc [for tool]; 3s processwrapper-sandbox ... (4 actions running)
INFO: From Compiling src/google/protobuf/compiler/rust/accessors/map.cc [for tool]:
In file included from external/protobuf+/src/google/protobuf/compiler/rust/accessors/map.cc:11:
bazel-out/k8-opt-exec-ST-d57f47055a04/bin/external/protobuf+/src/google/protobuf/compiler/cpp/_virtual_includes/names_internal/google/protobuf/compiler/cpp/helpers.h: In function 'bool google::protobuf::compiler::cpp::IsWeak(const google::protobuf::FieldDescriptor*, const Options&)':
bazel-out/k8-opt-exec-ST-d57f47055a04/bin/external/protobuf+/src/google/protobuf/compiler/cpp/_virtual_includes/names_internal/google/protobuf/compiler/cpp/helpers.h:359:28: warning: 'bool google::protobuf::FieldOptions::weak() const' is deprecated [-Wdeprecated-declarations]
  359 |   if (field->options().weak()) {
      |       ~~~~~~~~~~~~~~~~~~~~~^~
In file included from bazel-out/k8-opt-exec-ST-d57f47055a04/bin/external/protobuf+/src/google/protobuf/compiler/_virtual_includes/code_generator_lite/google/protobuf/compiler/code_generator_lite.h:18,
                 from bazel-out/k8-opt-exec-ST-d57f47055a04/bin/external/protobuf+/src/google/protobuf/compiler/_virtual_includes/code_generator/google/protobuf/compiler/code_generator.h:25,
                 from bazel-out/k8-opt-exec-ST-d57f47055a04/bin/external/protobuf+/src/google/protobuf/compiler/cpp/_virtual_includes/names_internal/google/protobuf/compiler/cpp/helpers.h:30:
bazel-out/k8-opt-exec-ST-d57f47055a04/bin/external/protobuf+/src/google/protobuf/_virtual_includes/protobuf/google/protobuf/descriptor.pb.h:19782:13: note: declared here
19782 | inline bool FieldOptions::weak() const {
      |             ^~~~~~~~~~~~
[1,776 / 2,801] Compiling src/google/protobuf/compiler/rust/accessors/repeated_field.cc [for tool]; 4s processwrapper-sandbox ... (4 actions, 3 running)
INFO: From Compiling src/google/protobuf/compiler/rust/accessors/repeated_field.cc [for tool]:
In file included from external/protobuf+/src/google/protobuf/compiler/rust/accessors/repeated_field.cc:12:
bazel-out/k8-opt-exec-ST-d57f47055a04/bin/external/protobuf+/src/google/protobuf/compiler/cpp/_virtual_includes/names_internal/google/protobuf/compiler/cpp/helpers.h: In function 'bool google::protobuf::compiler::cpp::IsWeak(const google::protobuf::FieldDescriptor*, const Options&)':
bazel-out/k8-opt-exec-ST-d57f47055a04/bin/external/protobuf+/src/google/protobuf/compiler/cpp/_virtual_includes/names_internal/google/protobuf/compiler/cpp/helpers.h:359:28: warning: 'bool google::protobuf::FieldOptions::weak() const' is deprecated [-Wdeprecated-declarations]
  359 |   if (field->options().weak()) {
      |       ~~~~~~~~~~~~~~~~~~~~~^~
In file included from bazel-out/k8-opt-exec-ST-d57f47055a04/bin/external/protobuf+/src/google/protobuf/compiler/_virtual_includes/code_generator_lite/google/protobuf/compiler/code_generator_lite.h:18,
                 from bazel-out/k8-opt-exec-ST-d57f47055a04/bin/external/protobuf+/src/google/protobuf/compiler/_virtual_includes/code_generator/google/protobuf/compiler/code_generator.h:25,
                 from bazel-out/k8-opt-exec-ST-d57f47055a04/bin/external/protobuf+/src/google/protobuf/compiler/cpp/_virtual_includes/names_internal/google/protobuf/compiler/cpp/helpers.h:30:
bazel-out/k8-opt-exec-ST-d57f47055a04/bin/external/protobuf+/src/google/protobuf/_virtual_includes/protobuf/google/protobuf/descriptor.pb.h:19782:13: note: declared here
19782 | inline bool FieldOptions::weak() const {
      |             ^~~~~~~~~~~~
[1,784 / 2,801] Compiling upb_generator/c/generator.cc [for tool]; 4s processwrapper-sandbox ... (4 actions running)
[1,785 / 2,801] Compiling src/google/protobuf/compiler/rust/accessors/accessors.cc [for tool]; 3s processwrapper-sandbox ... (4 actions, 3 running)
[1,787 / 2,801] Compiling src/google/protobuf/compiler/rust/enum.cc [for tool]; 4s processwrapper-sandbox ... (4 actions, 3 running)
[1,789 / 2,801] Compiling src/google/protobuf/compiler/rust/enum.cc [for tool]; 5s processwrapper-sandbox ... (4 actions running)
[1,792 / 2,801] Compiling upb_generator/minitable/main.cc [for tool]; 3s processwrapper-sandbox ... (4 actions running)
[1,796 / 2,801] Compiling src/google/protobuf/compiler/rust/oneof.cc [for tool]; 4s processwrapper-sandbox ... (4 actions running)
INFO: From Compiling src/google/protobuf/compiler/rust/oneof.cc [for tool]:
In file included from external/protobuf+/src/google/protobuf/compiler/rust/oneof.cc:16:
bazel-out/k8-opt-exec-ST-020102668b12/bin/external/protobuf+/src/google/protobuf/compiler/cpp/_virtual_includes/names_internal/google/protobuf/compiler/cpp/helpers.h: In function 'bool google::protobuf::compiler::cpp::IsWeak(const google::protobuf::FieldDescriptor*, const Options&)':
bazel-out/k8-opt-exec-ST-020102668b12/bin/external/protobuf+/src/google/protobuf/compiler/cpp/_virtual_includes/names_internal/google/protobuf/compiler/cpp/helpers.h:359:28: warning: 'bool google::protobuf::FieldOptions::weak() const' is deprecated [-Wdeprecated-declarations]
  359 |   if (field->options().weak()) {
      |       ~~~~~~~~~~~~~~~~~~~~~^~
In file included from bazel-out/k8-opt-exec-ST-020102668b12/bin/external/protobuf+/src/google/protobuf/compiler/_virtual_includes/code_generator_lite/google/protobuf/compiler/code_generator_lite.h:18,
                 from bazel-out/k8-opt-exec-ST-020102668b12/bin/external/protobuf+/src/google/protobuf/compiler/_virtual_includes/code_generator/google/protobuf/compiler/code_generator.h:25,
                 from bazel-out/k8-opt-exec-ST-020102668b12/bin/external/protobuf+/src/google/protobuf/compiler/cpp/_virtual_includes/names_internal/google/protobuf/compiler/cpp/helpers.h:30:
bazel-out/k8-opt-exec-ST-020102668b12/bin/external/protobuf+/src/google/protobuf/_virtual_includes/protobuf/google/protobuf/descriptor.pb.h:19782:13: note: declared here
19782 | inline bool FieldOptions::weak() const {
      |             ^~~~~~~~~~~~
[1,799 / 2,801] Compiling src/google/protobuf/compiler/rust/message.cc [for tool]; 4s processwrapper-sandbox ... (4 actions, 3 running)
[1,800 / 2,801] Compiling src/google/protobuf/compiler/rust/message.cc [for tool]; 5s processwrapper-sandbox ... (4 actions running)
INFO: From Compiling src/google/protobuf/compiler/rust/message.cc [for tool]:
In file included from external/protobuf+/src/google/protobuf/compiler/rust/message.cc:20:
bazel-out/k8-opt-exec-ST-020102668b12/bin/external/protobuf+/src/google/protobuf/compiler/cpp/_virtual_includes/names_internal/google/protobuf/compiler/cpp/helpers.h: In function 'bool google::protobuf::compiler::cpp::IsWeak(const google::protobuf::FieldDescriptor*, const Options&)':
bazel-out/k8-opt-exec-ST-020102668b12/bin/external/protobuf+/src/google/protobuf/compiler/cpp/_virtual_includes/names_internal/google/protobuf/compiler/cpp/helpers.h:359:28: warning: 'bool google::protobuf::FieldOptions::weak() const' is deprecated [-Wdeprecated-declarations]
  359 |   if (field->options().weak()) {
      |       ~~~~~~~~~~~~~~~~~~~~~^~
In file included from bazel-out/k8-opt-exec-ST-020102668b12/bin/external/protobuf+/src/google/protobuf/compiler/_virtual_includes/code_generator_lite/google/protobuf/compiler/code_generator_lite.h:18,
                 from bazel-out/k8-opt-exec-ST-020102668b12/bin/external/protobuf+/src/google/protobuf/compiler/_virtual_includes/code_generator/google/protobuf/compiler/code_generator.h:25,
                 from bazel-out/k8-opt-exec-ST-020102668b12/bin/external/protobuf+/src/google/protobuf/compiler/cpp/_virtual_includes/names_internal/google/protobuf/compiler/cpp/helpers.h:30:
bazel-out/k8-opt-exec-ST-020102668b12/bin/external/protobuf+/src/google/protobuf/_virtual_includes/protobuf/google/protobuf/descriptor.pb.h:19782:13: note: declared here
19782 | inline bool FieldOptions::weak() const {
      |             ^~~~~~~~~~~~
[1,801 / 2,801] Compiling src/google/protobuf/compiler/java/internal_helpers.cc [for tool]; 6s processwrapper-sandbox ... (4 actions, 3 running)
INFO: From Compiling src/google/protobuf/compiler/rust/oneof.cc [for tool]:
In file included from external/protobuf+/src/google/protobuf/compiler/rust/oneof.cc:16:
bazel-out/k8-opt-exec-ST-d57f47055a04/bin/external/protobuf+/src/google/protobuf/compiler/cpp/_virtual_includes/names_internal/google/protobuf/compiler/cpp/helpers.h: In function 'bool google::protobuf::compiler::cpp::IsWeak(const google::protobuf::FieldDescriptor*, const Options&)':
bazel-out/k8-opt-exec-ST-d57f47055a04/bin/external/protobuf+/src/google/protobuf/compiler/cpp/_virtual_includes/names_internal/google/protobuf/compiler/cpp/helpers.h:359:28: warning: 'bool google::protobuf::FieldOptions::weak() const' is deprecated [-Wdeprecated-declarations]
  359 |   if (field->options().weak()) {
      |       ~~~~~~~~~~~~~~~~~~~~~^~
In file included from bazel-out/k8-opt-exec-ST-d57f47055a04/bin/external/protobuf+/src/google/protobuf/compiler/_virtual_includes/code_generator_lite/google/protobuf/compiler/code_generator_lite.h:18,
                 from bazel-out/k8-opt-exec-ST-d57f47055a04/bin/external/protobuf+/src/google/protobuf/compiler/_virtual_includes/code_generator/google/protobuf/compiler/code_generator.h:25,
                 from bazel-out/k8-opt-exec-ST-d57f47055a04/bin/external/protobuf+/src/google/protobuf/compiler/cpp/_virtual_includes/names_internal/google/protobuf/compiler/cpp/helpers.h:30:
bazel-out/k8-opt-exec-ST-d57f47055a04/bin/external/protobuf+/src/google/protobuf/_virtual_includes/protobuf/google/protobuf/descriptor.pb.h:19782:13: note: declared here
19782 | inline bool FieldOptions::weak() const {
      |             ^~~~~~~~~~~~
[1,803 / 2,801] Compiling src/google/protobuf/compiler/rust/crate_mapping.cc [for tool]; 3s processwrapper-sandbox ... (4 actions, 3 running)
[1,804 / 2,801] Compiling src/google/protobuf/compiler/objectivec/helpers.cc [for tool]; 2s processwrapper-sandbox ... (4 actions running)
[1,805 / 2,801] Compiling src/google/protobuf/compiler/objectivec/helpers.cc [for tool]; 4s processwrapper-sandbox ... (4 actions, 3 running)
[1,806 / 2,801] Compiling src/google/protobuf/compiler/objectivec/generator.cc [for tool]; 4s processwrapper-sandbox ... (4 actions running)
[1,807 / 2,801] Compiling src/google/protobuf/compiler/rust/generator.cc [for tool]; 6s processwrapper-sandbox ... (4 actions running)
[1,809 / 2,801] Compiling src/google/protobuf/compiler/java/lite/enum_field.cc [for tool]; 4s processwrapper-sandbox ... (4 actions running)
[1,810 / 2,801] Compiling src/google/protobuf/compiler/java/lite/enum_field.cc [for tool]; 5s processwrapper-sandbox ... (4 actions, 3 running)
[1,812 / 2,801] Compiling src/google/protobuf/compiler/rust/crate_mapping.cc [for tool]; 3s processwrapper-sandbox ... (4 actions, 3 running)
[1,819 / 2,801] Compiling src/google/protobuf/compiler/objectivec/file.cc [for tool]; 2s processwrapper-sandbox ... (4 actions running)
[1,820 / 2,801] Compiling src/google/protobuf/compiler/objectivec/file.cc [for tool]; 5s processwrapper-sandbox ... (4 actions, 3 running)
[1,820 / 2,801] Compiling src/google/protobuf/compiler/objectivec/file.cc [for tool]; 6s processwrapper-sandbox ... (4 actions running)
[1,821 / 2,801] Compiling src/google/protobuf/compiler/objectivec/field.cc [for tool]; 6s processwrapper-sandbox ... (4 actions, 3 running)
[1,823 / 2,801] Compiling src/google/protobuf/compiler/java/lite/make_field_gens.cc [for tool]; 3s processwrapper-sandbox ... (4 actions, 3 running)
[1,824 / 2,801] Compiling src/google/protobuf/compiler/objectivec/file.cc [for tool]; 2s processwrapper-sandbox ... (4 actions running)
[1,825 / 2,801] Compiling src/google/protobuf/compiler/objectivec/file.cc [for tool]; 7s processwrapper-sandbox ... (4 actions, 3 running)
[1,828 / 2,801] Compiling src/google/protobuf/compiler/java/full/primitive_field.cc [for tool]; 1s processwrapper-sandbox ... (4 actions running)
[1,829 / 2,801] Compiling src/google/protobuf/compiler/java/full/primitive_field.cc [for tool]; 6s processwrapper-sandbox ... (4 actions, 3 running)
[1,831 / 2,801] Compiling src/google/protobuf/compiler/java/full/map_field.cc [for tool]; 6s processwrapper-sandbox ... (4 actions running)
[1,832 / 2,801] Compiling src/google/protobuf/compiler/java/lite/primitive_field.cc [for tool]; 3s processwrapper-sandbox ... (4 actions running)
[1,833 / 2,801] Compiling src/google/protobuf/compiler/java/full/primitive_field.cc [for tool]; 5s processwrapper-sandbox ... (4 actions, 3 running)
[1,837 / 2,801] Compiling src/google/protobuf/compiler/java/full/map_field.cc [for tool]; 6s processwrapper-sandbox ... (4 actions running)
[1,840 / 2,801] Compiling src/google/protobuf/compiler/java/lite/string_field.cc [for tool]; 2s processwrapper-sandbox ... (4 actions running)
[1,841 / 2,801] Compiling src/google/protobuf/compiler/java/lite/string_field.cc [for tool]; 4s processwrapper-sandbox ... (4 actions, 3 running)
[1,841 / 2,801] Compiling src/google/protobuf/compiler/java/lite/string_field.cc [for tool]; 5s processwrapper-sandbox ... (4 actions running)
[1,842 / 2,801] Compiling src/google/protobuf/compiler/java/full/enum_field.cc [for tool]; 6s processwrapper-sandbox ... (4 actions running)
[1,844 / 2,801] Compiling src/google/protobuf/compiler/java/full/make_field_gens.cc [for tool]; 3s processwrapper-sandbox ... (4 actions running)
[1,853 / 2,801] Compiling src/google/protobuf/compiler/java/lite/enum.cc [for tool]; 2s processwrapper-sandbox ... (4 actions running)
[1,854 / 2,801] Compiling src/google/protobuf/compiler/java/full/enum_field.cc [for tool]; 4s processwrapper-sandbox ... (4 actions, 3 running)
[1,854 / 2,801] Compiling src/google/protobuf/compiler/java/full/enum_field.cc [for tool]; 5s processwrapper-sandbox ... (4 actions running)
[1,855 / 2,801] Compiling src/google/protobuf/compiler/java/full/enum_field.cc [for tool]; 6s processwrapper-sandbox ... (4 actions running)
[1,857 / 2,801] Compiling src/google/protobuf/compiler/java/lite/extension.cc [for tool]; 3s processwrapper-sandbox ... (4 actions, 3 running)
[1,858 / 2,801] Compiling src/google/protobuf/compiler/java/full/message.cc [for tool]; 2s processwrapper-sandbox ... (4 actions, 3 running)
[1,859 / 2,801] Compiling src/google/protobuf/compiler/java/full/message.cc [for tool]; 4s processwrapper-sandbox ... (4 actions, 3 running)
[1,859 / 2,801] Compiling src/google/protobuf/compiler/java/full/message.cc [for tool]; 5s processwrapper-sandbox ... (4 actions running)
[1,860 / 2,801] Compiling src/google/protobuf/compiler/java/full/message.cc [for tool]; 6s processwrapper-sandbox ... (4 actions, 3 running)
[1,862 / 2,801] Compiling src/google/protobuf/compiler/java/full/generator_factory.cc [for tool]; 3s processwrapper-sandbox ... (4 actions, 3 running)
[1,867 / 2,801] Compiling src/google/protobuf/compiler/java/lite/message.cc [for tool]; 2s processwrapper-sandbox ... (4 actions running)
[1,868 / 2,801] Compiling src/google/protobuf/compiler/java/full/message.cc [for tool]; 5s processwrapper-sandbox ... (4 actions, 3 running)
[1,870 / 2,801] Compiling src/google/protobuf/compiler/java/full/message.cc [for tool]; 7s processwrapper-sandbox ... (4 actions running)
[1,871 / 2,801] Compiling src/google/protobuf/compiler/java/lite/message_builder.cc [for tool]; 3s processwrapper-sandbox ... (4 actions running)
[1,872 / 2,801] Compiling src/google/protobuf/compiler/java/lite/message_builder.cc [for tool]; 5s processwrapper-sandbox ... (4 actions, 3 running)
[1,875 / 2,801] Compiling src/google/protobuf/compiler/java/file.cc [for tool]; 1s processwrapper-sandbox ... (4 actions, 3 running)
[1,875 / 2,801] Compiling src/google/protobuf/compiler/java/file.cc [for tool]; 2s processwrapper-sandbox ... (4 actions running)
[1,876 / 2,801] Compiling src/google/protobuf/compiler/java/file.cc [for tool]; 5s processwrapper-sandbox ... (4 actions, 3 running)
[1,885 / 2,801] Compiling src/google/protobuf/compiler/java/field_common.cc [for tool]; 1s processwrapper-sandbox ... (4 actions, 3 running)
[1,885 / 2,801] Compiling src/google/protobuf/compiler/java/field_common.cc [for tool]; 2s processwrapper-sandbox ... (4 actions running)
[1,886 / 2,801] Compiling src/google/protobuf/compiler/java/field_common.cc [for tool]; 5s processwrapper-sandbox ... (4 actions, 3 running)
[1,887 / 2,801] Compiling src/google/protobuf/compiler/kotlin/message.cc [for tool]; 6s processwrapper-sandbox ... (4 actions running)
[1,889 / 2,801] Compiling src/google/protobuf/compiler/kotlin/file.cc [for tool]; 3s processwrapper-sandbox ... (4 actions running)
[1,891 / 2,801] Compiling src/google/protobuf/compiler/kotlin/message.cc [for tool]; 3s processwrapper-sandbox ... (4 actions, 3 running)
[1,891 / 2,801] Compiling src/google/protobuf/compiler/kotlin/message.cc [for tool]; 4s processwrapper-sandbox ... (4 actions running)
[1,892 / 2,801] Compiling src/google/protobuf/compiler/kotlin/field.cc [for tool]; 6s processwrapper-sandbox ... (4 actions, 3 running)
[1,898 / 2,801] Compiling src/google/protobuf/compiler/java/helpers.cc [for tool]; 5s processwrapper-sandbox ... (4 actions running)
[1,899 / 2,801] Compiling src/google/protobuf/compiler/kotlin/generator.cc [for tool]; 3s processwrapper-sandbox ... (4 actions running)
[1,900 / 2,801] Compiling src/google/protobuf/compiler/kotlin/generator.cc [for tool]; 4s processwrapper-sandbox ... (4 actions running)
[1,902 / 2,801] Compiling src/google/protobuf/compiler/kotlin/field.cc [for tool]; 6s processwrapper-sandbox ... (4 actions, 3 running)
[1,938 / 2,801] Compiling src/google/protobuf/compiler/kotlin/generator.cc [for tool]; 2s processwrapper-sandbox ... (4 actions running)
[1,939 / 2,801] Compiling src/google/protobuf/compiler/java/names.cc [for tool]; 2s processwrapper-sandbox ... (4 actions, 3 running)
[1,939 / 2,801] Compiling src/google/protobuf/compiler/java/names.cc [for tool]; 4s processwrapper-sandbox ... (4 actions running)
[1,942 / 2,801] Compiling src/google/protobuf/compiler/csharp/csharp_repeated_primitive_field.cc [for tool]; 2s processwrapper-sandbox ... (4 actions, 3 running)
[1,943 / 2,801] Compiling src/google/protobuf/compiler/python/generator.cc [for tool]; 2s processwrapper-sandbox ... (4 actions, 3 running)
[1,943 / 2,801] Compiling src/google/protobuf/compiler/python/generator.cc [for tool]; 3s processwrapper-sandbox ... (4 actions running)
[1,945 / 2,801] Compiling src/google/protobuf/compiler/python/generator.cc [for tool]; 5s processwrapper-sandbox ... (4 actions, 3 running)
[1,946 / 2,801] Compiling src/google/protobuf/compiler/python/generator.cc [for tool]; 6s processwrapper-sandbox ... (4 actions, 3 running)
[1,946 / 2,801] Compiling src/google/protobuf/compiler/python/generator.cc [for tool]; 7s processwrapper-sandbox ... (4 actions running)
[1,947 / 2,801] Compiling src/google/protobuf/compiler/python/generator.cc [for tool]; 8s processwrapper-sandbox ... (4 actions running)
[1,949 / 2,801] Compiling src/google/protobuf/compiler/csharp/csharp_reflection_class.cc [for tool]; 4s processwrapper-sandbox ... (4 actions running)
[1,951 / 2,801] Compiling src/google/protobuf/compiler/csharp/csharp_repeated_message_field.cc [for tool]; 4s processwrapper-sandbox ... (4 actions, 3 running)
[1,953 / 2,801] Compiling src/google/protobuf/compiler/csharp/csharp_reflection_class.cc [for tool]; 2s processwrapper-sandbox ... (4 actions running)
[1,954 / 2,801] Compiling src/google/protobuf/compiler/python/pyi_generator.cc [for tool]; 3s processwrapper-sandbox ... (4 actions, 3 running)
[1,954 / 2,801] Compiling src/google/protobuf/compiler/python/pyi_generator.cc [for tool]; 4s processwrapper-sandbox ... (4 actions running)
[1,957 / 2,801] Compiling src/google/protobuf/compiler/csharp/csharp_message.cc [for tool]; 2s processwrapper-sandbox ... (4 actions, 3 running)
[1,957 / 2,801] Compiling src/google/protobuf/compiler/csharp/csharp_message.cc [for tool]; 4s processwrapper-sandbox ... (4 actions running)
[1,958 / 2,801] Compiling src/google/protobuf/compiler/csharp/csharp_primitive_field.cc [for tool]; 3s processwrapper-sandbox ... (4 actions, 3 running)
[1,961 / 2,801] Compiling src/google/protobuf/compiler/csharp/csharp_message.cc [for tool]; 1s processwrapper-sandbox ... (4 actions, 3 running)
[1,961 / 2,801] Compiling src/google/protobuf/compiler/csharp/csharp_message.cc [for tool]; 2s processwrapper-sandbox ... (4 actions running)
[1,962 / 2,801] Compiling src/google/protobuf/compiler/csharp/csharp_message.cc [for tool]; 5s processwrapper-sandbox ... (4 actions, 3 running)
[1,964 / 2,801] Compiling src/google/protobuf/compiler/command_line_interface.cc [for tool]; 5s processwrapper-sandbox ... (4 actions running)
[1,965 / 2,801] Compiling src/google/protobuf/compiler/command_line_interface.cc [for tool]; 9s processwrapper-sandbox ... (4 actions, 3 running)
[1,967 / 2,801] Compiling src/google/protobuf/compiler/command_line_interface.cc [for tool]; 10s processwrapper-sandbox ... (4 actions running)
[1,968 / 2,801] Compiling src/google/protobuf/compiler/csharp/csharp_field_base.cc [for tool]; 3s processwrapper-sandbox ... (4 actions, 3 running)
[1,970 / 2,801] Compiling src/google/protobuf/compiler/csharp/csharp_field_base.cc [for tool]; 4s processwrapper-sandbox ... (4 actions running)
[1,971 / 2,801] Compiling src/google/protobuf/compiler/subprocess.cc [for tool]; 2s processwrapper-sandbox ... (4 actions, 3 running)
[1,972 / 2,801] Compiling src/google/protobuf/compiler/csharp/csharp_enum.cc [for tool]; 4s processwrapper-sandbox ... (4 actions running)
[1,975 / 2,801] Compiling src/google/protobuf/compiler/csharp/csharp_field_base.cc [for tool]; 3s processwrapper-sandbox ... (4 actions running)
[1,976 / 2,801] Compiling src/google/protobuf/compiler/csharp/csharp_field_base.cc [for tool]; 5s processwrapper-sandbox ... (4 actions, 3 running)
[1,978 / 2,801] Compiling src/google/protobuf/compiler/csharp/csharp_enum.cc [for tool]; 4s processwrapper-sandbox ... (4 actions, 3 running)
[1,985 / 2,801] Compiling src/google/protobuf/compiler/cpp/enum.cc [for tool]; 2s processwrapper-sandbox ... (4 actions running)
[1,988 / 2,801] Compiling src/google/protobuf/compiler/cpp/enum.cc [for tool]; 4s processwrapper-sandbox ... (4 actions, 3 running)
[1,992 / 2,801] Compiling src/google/protobuf/compiler/cpp/enum.cc [for tool]; 5s processwrapper-sandbox ... (4 actions running)
[2,000 / 2,801] Compiling src/google/protobuf/compiler/cpp/enum.cc [for tool]; 7s processwrapper-sandbox ... (4 actions, 3 running)
INFO: From Compiling src/google/protobuf/compiler/cpp/enum.cc [for tool]:
In file included from external/protobuf+/src/google/protobuf/compiler/cpp/enum.cc:29:
bazel-out/k8-opt-exec-ST-d57f47055a04/bin/external/protobuf+/src/google/protobuf/compiler/cpp/_virtual_includes/names_internal/google/protobuf/compiler/cpp/helpers.h: In function 'bool google::protobuf::compiler::cpp::IsWeak(const google::protobuf::FieldDescriptor*, const Options&)':
bazel-out/k8-opt-exec-ST-d57f47055a04/bin/external/protobuf+/src/google/protobuf/compiler/cpp/_virtual_includes/names_internal/google/protobuf/compiler/cpp/helpers.h:359:28: warning: 'bool google::protobuf::FieldOptions::weak() const' is deprecated [-Wdeprecated-declarations]
  359 |   if (field->options().weak()) {
      |       ~~~~~~~~~~~~~~~~~~~~~^~
In file included from bazel-out/k8-opt-exec-ST-d57f47055a04/bin/external/protobuf+/src/google/protobuf/compiler/_virtual_includes/code_generator_lite/google/protobuf/compiler/code_generator_lite.h:18,
                 from bazel-out/k8-opt-exec-ST-d57f47055a04/bin/external/protobuf+/src/google/protobuf/compiler/_virtual_includes/code_generator/google/protobuf/compiler/code_generator.h:25,
                 from bazel-out/k8-opt-exec-ST-d57f47055a04/bin/external/protobuf+/src/google/protobuf/compiler/cpp/_virtual_includes/cpp/google/protobuf/compiler/cpp/generator.h:24,
                 from external/protobuf+/src/google/protobuf/compiler/cpp/enum.cc:28:
bazel-out/k8-opt-exec-ST-d57f47055a04/bin/external/protobuf+/src/google/protobuf/_virtual_includes/protobuf/google/protobuf/descriptor.pb.h:19782:13: note: declared here
19782 | inline bool FieldOptions::weak() const {
      |             ^~~~~~~~~~~~
[2,003 / 2,801] Compiling src/core/lib/event_engine/time_util.cc; 1s processwrapper-sandbox ... (4 actions, 3 running)
[2,020 / 2,801] Compiling src/core/lib/debug/trace_flags.cc; 1s processwrapper-sandbox ... (4 actions, 3 running)
[2,035 / 2,801] Compiling src/google/protobuf/compiler/cpp/extension.cc [for tool]; 2s processwrapper-sandbox ... (4 actions, 3 running)
[2,050 / 2,801] Compiling src/google/protobuf/compiler/cpp/extension.cc [for tool]; 3s processwrapper-sandbox ... (4 actions, 3 running)
INFO: From Compiling src/lib/util/ares_iface_ips.c:
external/c-ares+/src/lib/util/ares_iface_ips.c:140:3: warning: 'ares_iface_ips_add' defined but not used [-Wunused-function]
  140 |   ares_iface_ips_add(ares_iface_ips_t *ips, ares_iface_ip_flags_t flags,
      |   ^~~~~~~~~~~~~~~~~~
[2,060 / 2,801] Compiling src/google/protobuf/compiler/cpp/extension.cc [for tool]; 4s processwrapper-sandbox ... (4 actions, 3 running)
[2,060 / 2,801] Compiling src/google/protobuf/compiler/cpp/extension.cc [for tool]; 5s processwrapper-sandbox ... (4 actions running)
[2,064 / 2,801] Compiling src/google/protobuf/compiler/cpp/extension.cc [for tool]; 6s processwrapper-sandbox ... (4 actions, 3 running)
[2,067 / 2,801] Compiling src/google/protobuf/compiler/cpp/extension.cc [for tool]; 7s processwrapper-sandbox ... (4 actions, 3 running)
INFO: From Compiling src/google/protobuf/compiler/cpp/extension.cc [for tool]:
In file included from bazel-out/k8-opt-exec-ST-d57f47055a04/bin/external/protobuf+/src/google/protobuf/compiler/cpp/_virtual_includes/cpp/google/protobuf/compiler/cpp/extension.h:19,
                 from external/protobuf+/src/google/protobuf/compiler/cpp/extension.cc:12:
bazel-out/k8-opt-exec-ST-d57f47055a04/bin/external/protobuf+/src/google/protobuf/compiler/cpp/_virtual_includes/names_internal/google/protobuf/compiler/cpp/helpers.h: In function 'bool google::protobuf::compiler::cpp::IsWeak(const google::protobuf::FieldDescriptor*, const Options&)':
bazel-out/k8-opt-exec-ST-d57f47055a04/bin/external/protobuf+/src/google/protobuf/compiler/cpp/_virtual_includes/names_internal/google/protobuf/compiler/cpp/helpers.h:359:28: warning: 'bool google::protobuf::FieldOptions::weak() const' is deprecated [-Wdeprecated-declarations]
  359 |   if (field->options().weak()) {
      |       ~~~~~~~~~~~~~~~~~~~~~^~
In file included from bazel-out/k8-opt-exec-ST-d57f47055a04/bin/external/protobuf+/src/google/protobuf/compiler/_virtual_includes/code_generator_lite/google/protobuf/compiler/code_generator_lite.h:18,
                 from bazel-out/k8-opt-exec-ST-d57f47055a04/bin/external/protobuf+/src/google/protobuf/compiler/_virtual_includes/code_generator/google/protobuf/compiler/code_generator.h:25,
                 from bazel-out/k8-opt-exec-ST-d57f47055a04/bin/external/protobuf+/src/google/protobuf/compiler/cpp/_virtual_includes/names_internal/google/protobuf/compiler/cpp/helpers.h:30:
bazel-out/k8-opt-exec-ST-d57f47055a04/bin/external/protobuf+/src/google/protobuf/_virtual_includes/protobuf/google/protobuf/descriptor.pb.h:19782:13: note: declared here
19782 | inline bool FieldOptions::weak() const {
      |             ^~~~~~~~~~~~
[2,083 / 2,801] Compiling src/core/lib/event_engine/posix_engine/timer_manager.cc; 1s processwrapper-sandbox ... (4 actions, 3 running)
[2,116 / 2,801] Compiling src/google/protobuf/compiler/cpp/field.cc [for tool]; 2s processwrapper-sandbox ... (4 actions running)
[2,119 / 2,801] Compiling src/google/protobuf/compiler/cpp/field.cc [for tool]; 3s processwrapper-sandbox ... (4 actions running)
[2,120 / 2,801] Compiling src/google/protobuf/compiler/cpp/field.cc [for tool]; 5s processwrapper-sandbox ... (4 actions, 3 running)
INFO: From Compiling src/google/protobuf/compiler/cpp/field.cc [for tool]:
In file included from bazel-out/k8-opt-exec-ST-d57f47055a04/bin/external/protobuf+/src/google/protobuf/compiler/cpp/_virtual_includes/cpp/google/protobuf/compiler/cpp/field.h:26,
                 from external/protobuf+/src/google/protobuf/compiler/cpp/field.cc:12:
bazel-out/k8-opt-exec-ST-d57f47055a04/bin/external/protobuf+/src/google/protobuf/compiler/cpp/_virtual_includes/names_internal/google/protobuf/compiler/cpp/helpers.h: In function 'bool google::protobuf::compiler::cpp::IsWeak(const google::protobuf::FieldDescriptor*, const Options&)':
bazel-out/k8-opt-exec-ST-d57f47055a04/bin/external/protobuf+/src/google/protobuf/compiler/cpp/_virtual_includes/names_internal/google/protobuf/compiler/cpp/helpers.h:359:28: warning: 'bool google::protobuf::FieldOptions::weak() const' is deprecated [-Wdeprecated-declarations]
  359 |   if (field->options().weak()) {
      |       ~~~~~~~~~~~~~~~~~~~~~^~
In file included from bazel-out/k8-opt-exec-ST-d57f47055a04/bin/external/protobuf+/src/google/protobuf/compiler/_virtual_includes/code_generator_lite/google/protobuf/compiler/code_generator_lite.h:18,
                 from bazel-out/k8-opt-exec-ST-d57f47055a04/bin/external/protobuf+/src/google/protobuf/compiler/_virtual_includes/code_generator/google/protobuf/compiler/code_generator.h:25,
                 from bazel-out/k8-opt-exec-ST-d57f47055a04/bin/external/protobuf+/src/google/protobuf/compiler/cpp/_virtual_includes/names_internal/google/protobuf/compiler/cpp/helpers.h:30:
bazel-out/k8-opt-exec-ST-d57f47055a04/bin/external/protobuf+/src/google/protobuf/_virtual_includes/protobuf/google/protobuf/descriptor.pb.h:19782:13: note: declared here
19782 | inline bool FieldOptions::weak() const {
      |             ^~~~~~~~~~~~
[2,124 / 2,801] Compiling src/core/lib/transport/timeout_encoding.cc; 1s processwrapper-sandbox ... (4 actions, 3 running)
[2,126 / 2,801] Compiling src/core/call/parsed_metadata.cc; 1s processwrapper-sandbox ... (4 actions running)
[2,128 / 2,801] Compiling src/google/protobuf/compiler/cpp/field_chunk.cc [for tool]; 2s processwrapper-sandbox ... (4 actions, 3 running)
[2,131 / 2,801] Compiling src/google/protobuf/compiler/cpp/field_chunk.cc [for tool]; 3s processwrapper-sandbox ... (4 actions, 3 running)
INFO: From Compiling src/google/protobuf/compiler/cpp/field_chunk.cc [for tool]:
In file included from bazel-out/k8-opt-exec-ST-d57f47055a04/bin/external/protobuf+/src/google/protobuf/compiler/cpp/_virtual_includes/cpp/google/protobuf/compiler/cpp/field_chunk.h:10,
                 from external/protobuf+/src/google/protobuf/compiler/cpp/field_chunk.cc:1:
bazel-out/k8-opt-exec-ST-d57f47055a04/bin/external/protobuf+/src/google/protobuf/compiler/cpp/_virtual_includes/names_internal/google/protobuf/compiler/cpp/helpers.h: In function 'bool google::protobuf::compiler::cpp::IsWeak(const google::protobuf::FieldDescriptor*, const Options&)':
bazel-out/k8-opt-exec-ST-d57f47055a04/bin/external/protobuf+/src/google/protobuf/compiler/cpp/_virtual_includes/names_internal/google/protobuf/compiler/cpp/helpers.h:359:28: warning: 'bool google::protobuf::FieldOptions::weak() const' is deprecated [-Wdeprecated-declarations]
  359 |   if (field->options().weak()) {
      |       ~~~~~~~~~~~~~~~~~~~~~^~
In file included from bazel-out/k8-opt-exec-ST-d57f47055a04/bin/external/protobuf+/src/google/protobuf/compiler/_virtual_includes/code_generator_lite/google/protobuf/compiler/code_generator_lite.h:18,
                 from bazel-out/k8-opt-exec-ST-d57f47055a04/bin/external/protobuf+/src/google/protobuf/compiler/_virtual_includes/code_generator/google/protobuf/compiler/code_generator.h:25,
                 from bazel-out/k8-opt-exec-ST-d57f47055a04/bin/external/protobuf+/src/google/protobuf/compiler/cpp/_virtual_includes/names_internal/google/protobuf/compiler/cpp/helpers.h:30:
bazel-out/k8-opt-exec-ST-d57f47055a04/bin/external/protobuf+/src/google/protobuf/_virtual_includes/protobuf/google/protobuf/descriptor.pb.h:19782:13: note: declared here
19782 | inline bool FieldOptions::weak() const {
      |             ^~~~~~~~~~~~
[2,136 / 2,801] Compiling src/google/protobuf/compiler/cpp/field_generators/cord_field.cc [for tool]; 1s processwrapper-sandbox ... (4 actions running)
[2,140 / 2,801] Compiling src/google/protobuf/compiler/cpp/field_generators/cord_field.cc [for tool]; 2s processwrapper-sandbox ... (4 actions, 3 running)
[2,145 / 2,801] Compiling src/google/protobuf/compiler/cpp/field_generators/cord_field.cc [for tool]; 3s processwrapper-sandbox ... (4 actions, 3 running)
[2,149 / 2,801] Compiling src/google/protobuf/compiler/cpp/field_generators/cord_field.cc [for tool]; 4s processwrapper-sandbox ... (4 actions, 3 running)
[2,155 / 2,801] Compiling src/google/protobuf/compiler/cpp/field_generators/cord_field.cc [for tool]; 6s processwrapper-sandbox ... (4 actions running)
INFO: From Compiling src/google/protobuf/compiler/cpp/field_generators/cord_field.cc [for tool]:
In file included from bazel-out/k8-opt-exec-ST-d57f47055a04/bin/external/protobuf+/src/google/protobuf/compiler/cpp/_virtual_includes/cpp/google/protobuf/compiler/cpp/field.h:26,
                 from external/protobuf+/src/google/protobuf/compiler/cpp/field_generators/cord_field.cc:23:
bazel-out/k8-opt-exec-ST-d57f47055a04/bin/external/protobuf+/src/google/protobuf/compiler/cpp/_virtual_includes/names_internal/google/protobuf/compiler/cpp/helpers.h: In function 'bool google::protobuf::compiler::cpp::IsWeak(const google::protobuf::FieldDescriptor*, const Options&)':
bazel-out/k8-opt-exec-ST-d57f47055a04/bin/external/protobuf+/src/google/protobuf/compiler/cpp/_virtual_includes/names_internal/google/protobuf/compiler/cpp/helpers.h:359:28: warning: 'bool google::protobuf::FieldOptions::weak() const' is deprecated [-Wdeprecated-declarations]
  359 |   if (field->options().weak()) {
      |       ~~~~~~~~~~~~~~~~~~~~~^~
In file included from bazel-out/k8-opt-exec-ST-d57f47055a04/bin/external/protobuf+/src/google/protobuf/compiler/_virtual_includes/code_generator_lite/google/protobuf/compiler/code_generator_lite.h:18,
                 from bazel-out/k8-opt-exec-ST-d57f47055a04/bin/external/protobuf+/src/google/protobuf/compiler/_virtual_includes/code_generator/google/protobuf/compiler/code_generator.h:25,
                 from bazel-out/k8-opt-exec-ST-d57f47055a04/bin/external/protobuf+/src/google/protobuf/compiler/cpp/_virtual_includes/names_internal/google/protobuf/compiler/cpp/helpers.h:30:
bazel-out/k8-opt-exec-ST-d57f47055a04/bin/external/protobuf+/src/google/protobuf/_virtual_includes/protobuf/google/protobuf/descriptor.pb.h:19782:13: note: declared here
19782 | inline bool FieldOptions::weak() const {
      |             ^~~~~~~~~~~~
[2,163 / 2,801] Compiling src/core/util/sync.cc; 0s processwrapper-sandbox ... (4 actions running)
[2,167 / 2,801] Compiling src/google/protobuf/compiler/cpp/field_generators/enum_field.cc [for tool]; 1s processwrapper-sandbox ... (4 actions running)
[2,173 / 2,801] Compiling src/google/protobuf/compiler/cpp/field_generators/enum_field.cc [for tool]; 3s processwrapper-sandbox ... (4 actions, 3 running)
[2,182 / 2,801] Compiling src/google/protobuf/compiler/cpp/field_generators/enum_field.cc [for tool]; 4s processwrapper-sandbox ... (4 actions, 3 running)
[2,191 / 2,801] Compiling src/google/protobuf/compiler/cpp/field_generators/enum_field.cc [for tool]; 5s processwrapper-sandbox ... (4 actions, 3 running)
INFO: From Compiling src/google/protobuf/compiler/cpp/field_generators/enum_field.cc [for tool]:
In file included from bazel-out/k8-opt-exec-ST-d57f47055a04/bin/external/protobuf+/src/google/protobuf/compiler/cpp/_virtual_includes/cpp/google/protobuf/compiler/cpp/field.h:26,
                 from external/protobuf+/src/google/protobuf/compiler/cpp/field_generators/enum_field.cc:20:
bazel-out/k8-opt-exec-ST-d57f47055a04/bin/external/protobuf+/src/google/protobuf/compiler/cpp/_virtual_includes/names_internal/google/protobuf/compiler/cpp/helpers.h: In function 'bool google::protobuf::compiler::cpp::IsWeak(const google::protobuf::FieldDescriptor*, const Options&)':
bazel-out/k8-opt-exec-ST-d57f47055a04/bin/external/protobuf+/src/google/protobuf/compiler/cpp/_virtual_includes/names_internal/google/protobuf/compiler/cpp/helpers.h:359:28: warning: 'bool google::protobuf::FieldOptions::weak() const' is deprecated [-Wdeprecated-declarations]
  359 |   if (field->options().weak()) {
      |       ~~~~~~~~~~~~~~~~~~~~~^~
In file included from bazel-out/k8-opt-exec-ST-d57f47055a04/bin/external/protobuf+/src/google/protobuf/compiler/_virtual_includes/code_generator_lite/google/protobuf/compiler/code_generator_lite.h:18,
                 from bazel-out/k8-opt-exec-ST-d57f47055a04/bin/external/protobuf+/src/google/protobuf/compiler/_virtual_includes/code_generator/google/protobuf/compiler/code_generator.h:25,
                 from bazel-out/k8-opt-exec-ST-d57f47055a04/bin/external/protobuf+/src/google/protobuf/compiler/cpp/_virtual_includes/names_internal/google/protobuf/compiler/cpp/helpers.h:30:
bazel-out/k8-opt-exec-ST-d57f47055a04/bin/external/protobuf+/src/google/protobuf/_virtual_includes/protobuf/google/protobuf/descriptor.pb.h:19782:13: note: declared here
19782 | inline bool FieldOptions::weak() const {
      |             ^~~~~~~~~~~~
[2,198 / 2,801] Compiling src/core/util/posix/thd.cc; 0s processwrapper-sandbox ... (4 actions, 3 running)
[2,200 / 2,801] Compiling src/core/util/posix/stat.cc; 1s processwrapper-sandbox ... (4 actions running)
[2,205 / 2,801] Compiling src/google/protobuf/compiler/cpp/field_generators/map_field.cc [for tool]; 2s processwrapper-sandbox ... (4 actions, 3 running)
[2,209 / 2,801] Compiling src/google/protobuf/compiler/cpp/field_generators/map_field.cc [for tool]; 4s processwrapper-sandbox ... (4 actions running)
[2,210 / 2,801] Compiling src/google/protobuf/compiler/cpp/field_generators/map_field.cc [for tool]; 6s processwrapper-sandbox ... (4 actions, 3 running)
INFO: From Compiling src/google/protobuf/compiler/cpp/field_generators/map_field.cc [for tool]:
In file included from bazel-out/k8-opt-exec-ST-d57f47055a04/bin/external/protobuf+/src/google/protobuf/compiler/cpp/_virtual_includes/cpp/google/protobuf/compiler/cpp/field.h:26,
                 from external/protobuf+/src/google/protobuf/compiler/cpp/field_generators/map_field.cc:19:
bazel-out/k8-opt-exec-ST-d57f47055a04/bin/external/protobuf+/src/google/protobuf/compiler/cpp/_virtual_includes/names_internal/google/protobuf/compiler/cpp/helpers.h: In function 'bool google::protobuf::compiler::cpp::IsWeak(const google::protobuf::FieldDescriptor*, const Options&)':
bazel-out/k8-opt-exec-ST-d57f47055a04/bin/external/protobuf+/src/google/protobuf/compiler/cpp/_virtual_includes/names_internal/google/protobuf/compiler/cpp/helpers.h:359:28: warning: 'bool google::protobuf::FieldOptions::weak() const' is deprecated [-Wdeprecated-declarations]
  359 |   if (field->options().weak()) {
      |       ~~~~~~~~~~~~~~~~~~~~~^~
In file included from bazel-out/k8-opt-exec-ST-d57f47055a04/bin/external/protobuf+/src/google/protobuf/compiler/_virtual_includes/code_generator_lite/google/protobuf/compiler/code_generator_lite.h:18,
                 from bazel-out/k8-opt-exec-ST-d57f47055a04/bin/external/protobuf+/src/google/protobuf/compiler/_virtual_includes/code_generator/google/protobuf/compiler/code_generator.h:25,
                 from bazel-out/k8-opt-exec-ST-d57f47055a04/bin/external/protobuf+/src/google/protobuf/compiler/cpp/_virtual_includes/names_internal/google/protobuf/compiler/cpp/helpers.h:30:
bazel-out/k8-opt-exec-ST-d57f47055a04/bin/external/protobuf+/src/google/protobuf/_virtual_includes/protobuf/google/protobuf/descriptor.pb.h:19782:13: note: declared here
19782 | inline bool FieldOptions::weak() const {
      |             ^~~~~~~~~~~~
[2,212 / 2,801] GoToolchainBinaryBuild external/rules_go++go_sdk+go_default_sdk/builder [for tool]; 5s processwrapper-sandbox ... (4 actions running)
[2,213 / 2,801] GoToolchainBinaryBuild external/rules_go++go_sdk+go_default_sdk/builder [for tool]; 7s processwrapper-sandbox ... (4 actions, 3 running)
[2,216 / 2,801] GoToolchainBinaryBuild external/rules_go++go_sdk+go_default_sdk/builder [for tool]; 8s processwrapper-sandbox ... (4 actions, 3 running)
[2,216 / 2,801] GoToolchainBinaryBuild external/rules_go++go_sdk+go_default_sdk/builder [for tool]; 9s processwrapper-sandbox ... (4 actions running)
[2,218 / 2,801] GoToolchainBinaryBuild external/rules_go++go_sdk+go_default_sdk/builder [for tool]; 10s processwrapper-sandbox ... (4 actions, 3 running)
INFO: From Compiling src/google/protobuf/compiler/cpp/field_generators/message_field.cc [for tool]:
In file included from bazel-out/k8-opt-exec-ST-d57f47055a04/bin/external/protobuf+/src/google/protobuf/compiler/cpp/_virtual_includes/cpp/google/protobuf/compiler/cpp/field.h:26,
                 from external/protobuf+/src/google/protobuf/compiler/cpp/field_generators/message_field.cc:21:
bazel-out/k8-opt-exec-ST-d57f47055a04/bin/external/protobuf+/src/google/protobuf/compiler/cpp/_virtual_includes/names_internal/google/protobuf/compiler/cpp/helpers.h: In function 'bool google::protobuf::compiler::cpp::IsWeak(const google::protobuf::FieldDescriptor*, const Options&)':
bazel-out/k8-opt-exec-ST-d57f47055a04/bin/external/protobuf+/src/google/protobuf/compiler/cpp/_virtual_includes/names_internal/google/protobuf/compiler/cpp/helpers.h:359:28: warning: 'bool google::protobuf::FieldOptions::weak() const' is deprecated [-Wdeprecated-declarations]
  359 |   if (field->options().weak()) {
      |       ~~~~~~~~~~~~~~~~~~~~~^~
In file included from bazel-out/k8-opt-exec-ST-d57f47055a04/bin/external/protobuf+/src/google/protobuf/compiler/_virtual_includes/code_generator_lite/google/protobuf/compiler/code_generator_lite.h:18,
                 from bazel-out/k8-opt-exec-ST-d57f47055a04/bin/external/protobuf+/src/google/protobuf/compiler/_virtual_includes/code_generator/google/protobuf/compiler/code_generator.h:25,
                 from bazel-out/k8-opt-exec-ST-d57f47055a04/bin/external/protobuf+/src/google/protobuf/compiler/cpp/_virtual_includes/names_internal/google/protobuf/compiler/cpp/helpers.h:30:
bazel-out/k8-opt-exec-ST-d57f47055a04/bin/external/protobuf+/src/google/protobuf/_virtual_includes/protobuf/google/protobuf/descriptor.pb.h:19782:13: note: declared here
19782 | inline bool FieldOptions::weak() const {
      |             ^~~~~~~~~~~~
[2,224 / 2,801] GoToolchainBinaryBuild external/rules_go++go_sdk+go_default_sdk/builder [for tool]; 12s processwrapper-sandbox ... (4 actions running)
INFO: From Compiling src/google/protobuf/compiler/cpp/tracker.cc [for tool]:
In file included from external/protobuf+/src/google/protobuf/compiler/cpp/tracker.cc:20:
bazel-out/k8-opt-exec-ST-d57f47055a04/bin/external/protobuf+/src/google/protobuf/compiler/cpp/_virtual_includes/names_internal/google/protobuf/compiler/cpp/helpers.h: In function 'bool google::protobuf::compiler::cpp::IsWeak(const google::protobuf::FieldDescriptor*, const Options&)':
bazel-out/k8-opt-exec-ST-d57f47055a04/bin/external/protobuf+/src/google/protobuf/compiler/cpp/_virtual_includes/names_internal/google/protobuf/compiler/cpp/helpers.h:359:28: warning: 'bool google::protobuf::FieldOptions::weak() const' is deprecated [-Wdeprecated-declarations]
  359 |   if (field->options().weak()) {
      |       ~~~~~~~~~~~~~~~~~~~~~^~
In file included from bazel-out/k8-opt-exec-ST-d57f47055a04/bin/external/protobuf+/src/google/protobuf/compiler/_virtual_includes/code_generator_lite/google/protobuf/compiler/code_generator_lite.h:18,
                 from bazel-out/k8-opt-exec-ST-d57f47055a04/bin/external/protobuf+/src/google/protobuf/compiler/_virtual_includes/code_generator/google/protobuf/compiler/code_generator.h:25,
                 from bazel-out/k8-opt-exec-ST-d57f47055a04/bin/external/protobuf+/src/google/protobuf/compiler/cpp/_virtual_includes/names_internal/google/protobuf/compiler/cpp/helpers.h:30:
bazel-out/k8-opt-exec-ST-d57f47055a04/bin/external/protobuf+/src/google/protobuf/_virtual_includes/protobuf/google/protobuf/descriptor.pb.h:19782:13: note: declared here
19782 | inline bool FieldOptions::weak() const {
      |             ^~~~~~~~~~~~
[2,225 / 2,801] GoToolchainBinaryBuild external/rules_go++go_sdk+go_default_sdk/builder [for tool]; 13s processwrapper-sandbox ... (4 actions, 3 running)
[2,225 / 2,801] GoToolchainBinaryBuild external/rules_go++go_sdk+go_default_sdk/builder [for tool]; 15s processwrapper-sandbox ... (4 actions running)
[2,226 / 2,801] GoToolchainBinaryBuild external/rules_go++go_sdk+go_default_sdk/builder [for tool]; 17s processwrapper-sandbox ... (4 actions, 3 running)
INFO: From Compiling src/google/protobuf/compiler/cpp/field_generators/primitive_field.cc [for tool]:
In file included from bazel-out/k8-opt-exec-ST-d57f47055a04/bin/external/protobuf+/src/google/protobuf/compiler/cpp/_virtual_includes/cpp/google/protobuf/compiler/cpp/field.h:26,
                 from external/protobuf+/src/google/protobuf/compiler/cpp/field_generators/primitive_field.cc:22:
bazel-out/k8-opt-exec-ST-d57f47055a04/bin/external/protobuf+/src/google/protobuf/compiler/cpp/_virtual_includes/names_internal/google/protobuf/compiler/cpp/helpers.h: In function 'bool google::protobuf::compiler::cpp::IsWeak(const google::protobuf::FieldDescriptor*, const Options&)':
bazel-out/k8-opt-exec-ST-d57f47055a04/bin/external/protobuf+/src/google/protobuf/compiler/cpp/_virtual_includes/names_internal/google/protobuf/compiler/cpp/helpers.h:359:28: warning: 'bool google::protobuf::FieldOptions::weak() const' is deprecated [-Wdeprecated-declarations]
  359 |   if (field->options().weak()) {
      |       ~~~~~~~~~~~~~~~~~~~~~^~
In file included from bazel-out/k8-opt-exec-ST-d57f47055a04/bin/external/protobuf+/src/google/protobuf/compiler/_virtual_includes/code_generator_lite/google/protobuf/compiler/code_generator_lite.h:18,
                 from bazel-out/k8-opt-exec-ST-d57f47055a04/bin/external/protobuf+/src/google/protobuf/compiler/_virtual_includes/code_generator/google/protobuf/compiler/code_generator.h:25,
                 from bazel-out/k8-opt-exec-ST-d57f47055a04/bin/external/protobuf+/src/google/protobuf/compiler/cpp/_virtual_includes/names_internal/google/protobuf/compiler/cpp/helpers.h:30:
bazel-out/k8-opt-exec-ST-d57f47055a04/bin/external/protobuf+/src/google/protobuf/_virtual_includes/protobuf/google/protobuf/descriptor.pb.h:19782:13: note: declared here
19782 | inline bool FieldOptions::weak() const {
      |             ^~~~~~~~~~~~
[2,227 / 2,801] GoToolchainBinaryBuild external/rules_go++go_sdk+go_default_sdk/builder [for tool]; 18s processwrapper-sandbox ... (4 actions running)
INFO: From Compiling src/google/protobuf/compiler/cpp/service.cc [for tool]:
In file included from external/protobuf+/src/google/protobuf/compiler/cpp/service.cc:17:
bazel-out/k8-opt-exec-ST-d57f47055a04/bin/external/protobuf+/src/google/protobuf/compiler/cpp/_virtual_includes/names_internal/google/protobuf/compiler/cpp/helpers.h: In function 'bool google::protobuf::compiler::cpp::IsWeak(const google::protobuf::FieldDescriptor*, const Options&)':
bazel-out/k8-opt-exec-ST-d57f47055a04/bin/external/protobuf+/src/google/protobuf/compiler/cpp/_virtual_includes/names_internal/google/protobuf/compiler/cpp/helpers.h:359:28: warning: 'bool google::protobuf::FieldOptions::weak() const' is deprecated [-Wdeprecated-declarations]
  359 |   if (field->options().weak()) {
      |       ~~~~~~~~~~~~~~~~~~~~~^~
In file included from bazel-out/k8-opt-exec-ST-d57f47055a04/bin/external/protobuf+/src/google/protobuf/compiler/_virtual_includes/code_generator_lite/google/protobuf/compiler/code_generator_lite.h:18,
                 from bazel-out/k8-opt-exec-ST-d57f47055a04/bin/external/protobuf+/src/google/protobuf/compiler/_virtual_includes/code_generator/google/protobuf/compiler/code_generator.h:25,
                 from bazel-out/k8-opt-exec-ST-d57f47055a04/bin/external/protobuf+/src/google/protobuf/compiler/cpp/_virtual_includes/names_internal/google/protobuf/compiler/cpp/helpers.h:30:
bazel-out/k8-opt-exec-ST-d57f47055a04/bin/external/protobuf+/src/google/protobuf/_virtual_includes/protobuf/google/protobuf/descriptor.pb.h:19782:13: note: declared here
19782 | inline bool FieldOptions::weak() const {
      |             ^~~~~~~~~~~~
[2,228 / 2,801] GoToolchainBinaryBuild external/rules_go++go_sdk+go_default_sdk/builder [for tool]; 19s processwrapper-sandbox ... (4 actions running)
[2,229 / 2,801] Compiling src/google/protobuf/compiler/rust/message.cc [for tool]; 6s processwrapper-sandbox ... (4 actions, 3 running)
INFO: From Compiling src/google/protobuf/compiler/cpp/field_generators/string_field.cc [for tool]:
In file included from bazel-out/k8-opt-exec-ST-d57f47055a04/bin/external/protobuf+/src/google/protobuf/compiler/cpp/_virtual_includes/cpp/google/protobuf/compiler/cpp/field.h:26,
                 from external/protobuf+/src/google/protobuf/compiler/cpp/field_generators/string_field.cc:20:
bazel-out/k8-opt-exec-ST-d57f47055a04/bin/external/protobuf+/src/google/protobuf/compiler/cpp/_virtual_includes/names_internal/google/protobuf/compiler/cpp/helpers.h: In function 'bool google::protobuf::compiler::cpp::IsWeak(const google::protobuf::FieldDescriptor*, const Options&)':
bazel-out/k8-opt-exec-ST-d57f47055a04/bin/external/protobuf+/src/google/protobuf/compiler/cpp/_virtual_includes/names_internal/google/protobuf/compiler/cpp/helpers.h:359:28: warning: 'bool google::protobuf::FieldOptions::weak() const' is deprecated [-Wdeprecated-declarations]
  359 |   if (field->options().weak()) {
      |       ~~~~~~~~~~~~~~~~~~~~~^~
In file included from bazel-out/k8-opt-exec-ST-d57f47055a04/bin/external/protobuf+/src/google/protobuf/compiler/_virtual_includes/code_generator_lite/google/protobuf/compiler/code_generator_lite.h:18,
                 from bazel-out/k8-opt-exec-ST-d57f47055a04/bin/external/protobuf+/src/google/protobuf/compiler/_virtual_includes/code_generator/google/protobuf/compiler/code_generator.h:25,
                 from bazel-out/k8-opt-exec-ST-d57f47055a04/bin/external/protobuf+/src/google/protobuf/compiler/cpp/_virtual_includes/names_internal/google/protobuf/compiler/cpp/helpers.h:30:
bazel-out/k8-opt-exec-ST-d57f47055a04/bin/external/protobuf+/src/google/protobuf/_virtual_includes/protobuf/google/protobuf/descriptor.pb.h:19782:13: note: declared here
19782 | inline bool FieldOptions::weak() const {
      |             ^~~~~~~~~~~~
INFO: From Compiling src/google/protobuf/compiler/rust/message.cc [for tool]:
In file included from external/protobuf+/src/google/protobuf/compiler/rust/message.cc:20:
bazel-out/k8-opt-exec-ST-d57f47055a04/bin/external/protobuf+/src/google/protobuf/compiler/cpp/_virtual_includes/names_internal/google/protobuf/compiler/cpp/helpers.h: In function 'bool google::protobuf::compiler::cpp::IsWeak(const google::protobuf::FieldDescriptor*, const Options&)':
bazel-out/k8-opt-exec-ST-d57f47055a04/bin/external/protobuf+/src/google/protobuf/compiler/cpp/_virtual_includes/names_internal/google/protobuf/compiler/cpp/helpers.h:359:28: warning: 'bool google::protobuf::FieldOptions::weak() const' is deprecated [-Wdeprecated-declarations]
  359 |   if (field->options().weak()) {
      |       ~~~~~~~~~~~~~~~~~~~~~^~
In file included from bazel-out/k8-opt-exec-ST-d57f47055a04/bin/external/protobuf+/src/google/protobuf/compiler/_virtual_includes/code_generator_lite/google/protobuf/compiler/code_generator_lite.h:18,
                 from bazel-out/k8-opt-exec-ST-d57f47055a04/bin/external/protobuf+/src/google/protobuf/compiler/_virtual_includes/code_generator/google/protobuf/compiler/code_generator.h:25,
                 from bazel-out/k8-opt-exec-ST-d57f47055a04/bin/external/protobuf+/src/google/protobuf/compiler/cpp/_virtual_includes/names_internal/google/protobuf/compiler/cpp/helpers.h:30:
bazel-out/k8-opt-exec-ST-d57f47055a04/bin/external/protobuf+/src/google/protobuf/_virtual_includes/protobuf/google/protobuf/descriptor.pb.h:19782:13: note: declared here
19782 | inline bool FieldOptions::weak() const {
      |             ^~~~~~~~~~~~
[2,232 / 2,801] Compiling src/google/protobuf/compiler/cpp/parse_function_generator.cc [for tool]; 5s processwrapper-sandbox ... (4 actions running)
INFO: From Compiling src/google/protobuf/compiler/cpp/parse_function_generator.cc [for tool]:
In file included from bazel-out/k8-opt-exec-ST-d57f47055a04/bin/external/protobuf+/src/google/protobuf/compiler/cpp/_virtual_includes/cpp/google/protobuf/compiler/cpp/parse_function_generator.h:18,
                 from external/protobuf+/src/google/protobuf/compiler/cpp/parse_function_generator.cc:8:
bazel-out/k8-opt-exec-ST-d57f47055a04/bin/external/protobuf+/src/google/protobuf/compiler/cpp/_virtual_includes/names_internal/google/protobuf/compiler/cpp/helpers.h: In function 'bool google::protobuf::compiler::cpp::IsWeak(const google::protobuf::FieldDescriptor*, const Options&)':
bazel-out/k8-opt-exec-ST-d57f47055a04/bin/external/protobuf+/src/google/protobuf/compiler/cpp/_virtual_includes/names_internal/google/protobuf/compiler/cpp/helpers.h:359:28: warning: 'bool google::protobuf::FieldOptions::weak() const' is deprecated [-Wdeprecated-declarations]
  359 |   if (field->options().weak()) {
      |       ~~~~~~~~~~~~~~~~~~~~~^~
In file included from bazel-out/k8-opt-exec-ST-d57f47055a04/bin/external/protobuf+/src/google/protobuf/compiler/_virtual_includes/code_generator_lite/google/protobuf/compiler/code_generator_lite.h:18,
                 from bazel-out/k8-opt-exec-ST-d57f47055a04/bin/external/protobuf+/src/google/protobuf/compiler/_virtual_includes/code_generator/google/protobuf/compiler/code_generator.h:25,
                 from bazel-out/k8-opt-exec-ST-d57f47055a04/bin/external/protobuf+/src/google/protobuf/compiler/cpp/_virtual_includes/names_internal/google/protobuf/compiler/cpp/helpers.h:30:
bazel-out/k8-opt-exec-ST-d57f47055a04/bin/external/protobuf+/src/google/protobuf/_virtual_includes/protobuf/google/protobuf/descriptor.pb.h:19782:13: note: declared here
19782 | inline bool FieldOptions::weak() const {
      |             ^~~~~~~~~~~~
[2,233 / 2,801] GoStdlib external/rules_go+/stdlib_/pkg; 3s processwrapper-sandbox ... (4 actions, 3 running)
[2,233 / 2,801] GoStdlib external/rules_go+/stdlib_/pkg; 5s processwrapper-sandbox ... (4 actions running)
[2,234 / 2,801] GoStdlib external/rules_go+/stdlib_/pkg; 6s processwrapper-sandbox ... (4 actions, 3 running)
[2,235 / 2,801] GoStdlib external/rules_go+/stdlib_/pkg; 7s processwrapper-sandbox ... (4 actions, 3 running)
INFO: From Compiling src/google/protobuf/compiler/cpp/field_generators/string_view_field.cc [for tool]:
In file included from bazel-out/k8-opt-exec-ST-d57f47055a04/bin/external/protobuf+/src/google/protobuf/compiler/cpp/_virtual_includes/cpp/google/protobuf/compiler/cpp/field.h:26,
                 from external/protobuf+/src/google/protobuf/compiler/cpp/field_generators/string_view_field.cc:19:
bazel-out/k8-opt-exec-ST-d57f47055a04/bin/external/protobuf+/src/google/protobuf/compiler/cpp/_virtual_includes/names_internal/google/protobuf/compiler/cpp/helpers.h: In function 'bool google::protobuf::compiler::cpp::IsWeak(const google::protobuf::FieldDescriptor*, const Options&)':
bazel-out/k8-opt-exec-ST-d57f47055a04/bin/external/protobuf+/src/google/protobuf/compiler/cpp/_virtual_includes/names_internal/google/protobuf/compiler/cpp/helpers.h:359:28: warning: 'bool google::protobuf::FieldOptions::weak() const' is deprecated [-Wdeprecated-declarations]
  359 |   if (field->options().weak()) {
      |       ~~~~~~~~~~~~~~~~~~~~~^~
In file included from bazel-out/k8-opt-exec-ST-d57f47055a04/bin/external/protobuf+/src/google/protobuf/compiler/_virtual_includes/code_generator_lite/google/protobuf/compiler/code_generator_lite.h:18,
                 from bazel-out/k8-opt-exec-ST-d57f47055a04/bin/external/protobuf+/src/google/protobuf/compiler/_virtual_includes/code_generator/google/protobuf/compiler/code_generator.h:25,
                 from bazel-out/k8-opt-exec-ST-d57f47055a04/bin/external/protobuf+/src/google/protobuf/compiler/cpp/_virtual_includes/names_internal/google/protobuf/compiler/cpp/helpers.h:30:
bazel-out/k8-opt-exec-ST-d57f47055a04/bin/external/protobuf+/src/google/protobuf/_virtual_includes/protobuf/google/protobuf/descriptor.pb.h:19782:13: note: declared here
19782 | inline bool FieldOptions::weak() const {
      |             ^~~~~~~~~~~~
[2,236 / 2,801] GoStdlib external/rules_go+/stdlib_/pkg; 9s processwrapper-sandbox ... (4 actions, 3 running)
[2,236 / 2,801] GoStdlib external/rules_go+/stdlib_/pkg; 10s processwrapper-sandbox ... (4 actions running)
[2,237 / 2,801] GoStdlib external/rules_go+/stdlib_/pkg; 15s processwrapper-sandbox ... (4 actions, 3 running)
[2,237 / 2,801] GoStdlib external/rules_go+/stdlib_/pkg; 17s processwrapper-sandbox ... (4 actions running)
INFO: From Compiling src/google/protobuf/compiler/cpp/message_layout_helper.cc [for tool]:
In file included from bazel-out/k8-opt-exec-ST-d57f47055a04/bin/external/protobuf+/src/google/protobuf/compiler/cpp/_virtual_includes/cpp/google/protobuf/compiler/cpp/message_layout_helper.h:20,
                 from external/protobuf+/src/google/protobuf/compiler/cpp/message_layout_helper.cc:1:
bazel-out/k8-opt-exec-ST-d57f47055a04/bin/external/protobuf+/src/google/protobuf/compiler/cpp/_virtual_includes/names_internal/google/protobuf/compiler/cpp/helpers.h: In function 'bool google::protobuf::compiler::cpp::IsWeak(const google::protobuf::FieldDescriptor*, const Options&)':
bazel-out/k8-opt-exec-ST-d57f47055a04/bin/external/protobuf+/src/google/protobuf/compiler/cpp/_virtual_includes/names_internal/google/protobuf/compiler/cpp/helpers.h:359:28: warning: 'bool google::protobuf::FieldOptions::weak() const' is deprecated [-Wdeprecated-declarations]
  359 |   if (field->options().weak()) {
      |       ~~~~~~~~~~~~~~~~~~~~~^~
In file included from bazel-out/k8-opt-exec-ST-d57f47055a04/bin/external/protobuf+/src/google/protobuf/compiler/_virtual_includes/code_generator_lite/google/protobuf/compiler/code_generator_lite.h:18,
                 from bazel-out/k8-opt-exec-ST-d57f47055a04/bin/external/protobuf+/src/google/protobuf/compiler/_virtual_includes/code_generator/google/protobuf/compiler/code_generator.h:25,
                 from bazel-out/k8-opt-exec-ST-d57f47055a04/bin/external/protobuf+/src/google/protobuf/compiler/cpp/_virtual_includes/names_internal/google/protobuf/compiler/cpp/helpers.h:30:
bazel-out/k8-opt-exec-ST-d57f47055a04/bin/external/protobuf+/src/google/protobuf/_virtual_includes/protobuf/google/protobuf/descriptor.pb.h:19782:13: note: declared here
19782 | inline bool FieldOptions::weak() const {
      |             ^~~~~~~~~~~~
[2,238 / 2,801] GoStdlib external/rules_go+/stdlib_/pkg; 20s processwrapper-sandbox ... (4 actions, 3 running)
[2,238 / 2,801] GoStdlib external/rules_go+/stdlib_/pkg; 22s processwrapper-sandbox ... (4 actions running)
[2,239 / 2,801] GoStdlib external/rules_go+/stdlib_/pkg; 25s processwrapper-sandbox ... (4 actions, 3 running)
[2,239 / 2,801] GoStdlib external/rules_go+/stdlib_/pkg; 27s processwrapper-sandbox ... (4 actions running)
[2,240 / 2,801] Compiling src/google/protobuf/compiler/cpp/file.cc [for tool]; 19s processwrapper-sandbox ... (4 actions, 3 running)
[2,244 / 2,801] Compiling src/google/protobuf/compiler/cpp/file.cc [for tool]; 21s processwrapper-sandbox ... (4 actions running)
[2,245 / 2,801] Compiling src/google/protobuf/compiler/cpp/file.cc [for tool]; 26s processwrapper-sandbox ... (4 actions, 3 running)
INFO: From Compiling src/google/protobuf/compiler/cpp/file.cc [for tool]:
In file included from bazel-out/k8-opt-exec-ST-d57f47055a04/bin/external/protobuf+/src/google/protobuf/compiler/cpp/_virtual_includes/cpp/google/protobuf/compiler/cpp/extension.h:19,
                 from bazel-out/k8-opt-exec-ST-d57f47055a04/bin/external/protobuf+/src/google/protobuf/compiler/cpp/_virtual_includes/cpp/google/protobuf/compiler/cpp/file.h:26,
                 from external/protobuf+/src/google/protobuf/compiler/cpp/file.cc:12:
bazel-out/k8-opt-exec-ST-d57f47055a04/bin/external/protobuf+/src/google/protobuf/compiler/cpp/_virtual_includes/names_internal/google/protobuf/compiler/cpp/helpers.h: In function 'bool google::protobuf::compiler::cpp::IsWeak(const google::protobuf::FieldDescriptor*, const Options&)':
bazel-out/k8-opt-exec-ST-d57f47055a04/bin/external/protobuf+/src/google/protobuf/compiler/cpp/_virtual_includes/names_internal/google/protobuf/compiler/cpp/helpers.h:359:28: warning: 'bool google::protobuf::FieldOptions::weak() const' is deprecated [-Wdeprecated-declarations]
  359 |   if (field->options().weak()) {
      |       ~~~~~~~~~~~~~~~~~~~~~^~
In file included from bazel-out/k8-opt-exec-ST-d57f47055a04/bin/external/protobuf+/src/google/protobuf/compiler/_virtual_includes/code_generator_lite/google/protobuf/compiler/code_generator_lite.h:18,
                 from bazel-out/k8-opt-exec-ST-d57f47055a04/bin/external/protobuf+/src/google/protobuf/compiler/_virtual_includes/code_generator/google/protobuf/compiler/code_generator.h:25,
                 from bazel-out/k8-opt-exec-ST-d57f47055a04/bin/external/protobuf+/src/google/protobuf/compiler/cpp/_virtual_includes/names_internal/google/protobuf/compiler/cpp/helpers.h:30:
bazel-out/k8-opt-exec-ST-d57f47055a04/bin/external/protobuf+/src/google/protobuf/_virtual_includes/protobuf/google/protobuf/descriptor.pb.h:19782:13: note: declared here
19782 | inline bool FieldOptions::weak() const {
      |             ^~~~~~~~~~~~
[2,246 / 2,801] Compiling src/google/protobuf/compiler/cpp/message.cc [for tool]; 16s processwrapper-sandbox ... (4 actions, 3 running)
[2,246 / 2,801] Compiling src/google/protobuf/compiler/cpp/message.cc [for tool]; 17s processwrapper-sandbox ... (4 actions running)
[2,247 / 2,801] Compiling src/google/protobuf/compiler/cpp/message.cc [for tool]; 21s processwrapper-sandbox ... (4 actions, 3 running)
[2,247 / 2,801] Compiling src/google/protobuf/compiler/cpp/message.cc [for tool]; 22s processwrapper-sandbox ... (4 actions running)
INFO: From Compiling src/google/protobuf/compiler/cpp/generator.cc [for tool]:
In file included from bazel-out/k8-opt-exec-ST-d57f47055a04/bin/external/protobuf+/src/google/protobuf/compiler/cpp/_virtual_includes/cpp/google/protobuf/compiler/cpp/extension.h:19,
                 from bazel-out/k8-opt-exec-ST-d57f47055a04/bin/external/protobuf+/src/google/protobuf/compiler/cpp/_virtual_includes/cpp/google/protobuf/compiler/cpp/file.h:26,
                 from external/protobuf+/src/google/protobuf/compiler/cpp/generator.cc:31:
bazel-out/k8-opt-exec-ST-d57f47055a04/bin/external/protobuf+/src/google/protobuf/compiler/cpp/_virtual_includes/names_internal/google/protobuf/compiler/cpp/helpers.h: In function 'bool google::protobuf::compiler::cpp::IsWeak(const google::protobuf::FieldDescriptor*, const Options&)':
bazel-out/k8-opt-exec-ST-d57f47055a04/bin/external/protobuf+/src/google/protobuf/compiler/cpp/_virtual_includes/names_internal/google/protobuf/compiler/cpp/helpers.h:359:28: warning: 'bool google::protobuf::FieldOptions::weak() const' is deprecated [-Wdeprecated-declarations]
  359 |   if (field->options().weak()) {
      |       ~~~~~~~~~~~~~~~~~~~~~^~
In file included from bazel-out/k8-opt-exec-ST-d57f47055a04/bin/external/protobuf+/src/google/protobuf/compiler/_virtual_includes/code_generator_lite/google/protobuf/compiler/code_generator_lite.h:18,
                 from bazel-out/k8-opt-exec-ST-d57f47055a04/bin/external/protobuf+/src/google/protobuf/compiler/_virtual_includes/code_generator/google/protobuf/compiler/code_generator.h:25,
                 from bazel-out/k8-opt-exec-ST-d57f47055a04/bin/external/protobuf+/src/google/protobuf/compiler/cpp/_virtual_includes/cpp/google/protobuf/compiler/cpp/generator.h:24,
                 from external/protobuf+/src/google/protobuf/compiler/cpp/generator.cc:12:
bazel-out/k8-opt-exec-ST-d57f47055a04/bin/external/protobuf+/src/google/protobuf/_virtual_includes/protobuf/google/protobuf/descriptor.pb.h:19782:13: note: declared here
19782 | inline bool FieldOptions::weak() const {
      |             ^~~~~~~~~~~~
[2,248 / 2,801] Compiling src/google/protobuf/compiler/cpp/message.cc [for tool]; 31s processwrapper-sandbox ... (4 actions, 3 running)
[2,248 / 2,801] Compiling src/google/protobuf/compiler/cpp/message.cc [for tool]; 33s processwrapper-sandbox ... (4 actions running)
[2,249 / 2,801] Compiling src/google/protobuf/compiler/cpp/message.cc [for tool]; 36s processwrapper-sandbox ... (4 actions, 3 running)
[2,253 / 2,801] Compiling src/google/protobuf/compiler/cpp/message.cc [for tool]; 37s processwrapper-sandbox ... (4 actions running)
[2,264 / 2,801] Compiling src/google/protobuf/compiler/cpp/message.cc [for tool]; 38s processwrapper-sandbox ... (4 actions, 3 running)
INFO: From Compiling src/google/protobuf/compiler/cpp/message.cc [for tool]:
In file included from bazel-out/k8-opt-exec-ST-d57f47055a04/bin/external/protobuf+/src/google/protobuf/compiler/cpp/_virtual_includes/cpp/google/protobuf/compiler/cpp/extension.h:19,
                 from bazel-out/k8-opt-exec-ST-d57f47055a04/bin/external/protobuf+/src/google/protobuf/compiler/cpp/_virtual_includes/cpp/google/protobuf/compiler/cpp/message.h:25,
                 from external/protobuf+/src/google/protobuf/compiler/cpp/message.cc:12:
bazel-out/k8-opt-exec-ST-d57f47055a04/bin/external/protobuf+/src/google/protobuf/compiler/cpp/_virtual_includes/names_internal/google/protobuf/compiler/cpp/helpers.h: In function 'bool google::protobuf::compiler::cpp::IsWeak(const google::protobuf::FieldDescriptor*, const Options&)':
bazel-out/k8-opt-exec-ST-d57f47055a04/bin/external/protobuf+/src/google/protobuf/compiler/cpp/_virtual_includes/names_internal/google/protobuf/compiler/cpp/helpers.h:359:28: warning: 'bool google::protobuf::FieldOptions::weak() const' is deprecated [-Wdeprecated-declarations]
  359 |   if (field->options().weak()) {
      |       ~~~~~~~~~~~~~~~~~~~~~^~
In file included from bazel-out/k8-opt-exec-ST-d57f47055a04/bin/external/protobuf+/src/google/protobuf/compiler/_virtual_includes/code_generator_lite/google/protobuf/compiler/code_generator_lite.h:18,
                 from bazel-out/k8-opt-exec-ST-d57f47055a04/bin/external/protobuf+/src/google/protobuf/compiler/_virtual_includes/code_generator/google/protobuf/compiler/code_generator.h:25,
                 from bazel-out/k8-opt-exec-ST-d57f47055a04/bin/external/protobuf+/src/google/protobuf/compiler/cpp/_virtual_includes/names_internal/google/protobuf/compiler/cpp/helpers.h:30:
bazel-out/k8-opt-exec-ST-d57f47055a04/bin/external/protobuf+/src/google/protobuf/_virtual_includes/protobuf/google/protobuf/descriptor.pb.h:19782:13: note: declared here
19782 | inline bool FieldOptions::weak() const {
      |             ^~~~~~~~~~~~
external/protobuf+/src/google/protobuf/compiler/cpp/message.cc: In function 'void google::protobuf::compiler::cpp::{anonymous}::PrintPresenceCheck(const google::protobuf::FieldDescriptor*, const std::vector<int>&, google::protobuf::io::Printer*, int*, const google::protobuf::compiler::cpp::Options&)':
external/protobuf+/src/google/protobuf/compiler/cpp/message.cc:172:29: warning: 'bool google::protobuf::FieldOptions::weak() const' is deprecated [-Wdeprecated-declarations]
  172 |   if (!field->options().weak()) {
      |        ~~~~~~~~~~~~~~~~~~~~~^~
bazel-out/k8-opt-exec-ST-d57f47055a04/bin/external/protobuf+/src/google/protobuf/_virtual_includes/protobuf/google/protobuf/descriptor.pb.h:19782:13: note: declared here
19782 | inline bool FieldOptions::weak() const {
      |             ^~~~~~~~~~~~
external/protobuf+/src/google/protobuf/compiler/cpp/message.cc: In member function 'void google::protobuf::compiler::cpp::MessageGenerator::GenerateFieldAccessorDeclarations(google::protobuf::io::Printer*)':
external/protobuf+/src/google/protobuf/compiler/cpp/message.cc:757:66: warning: 'bool google::protobuf::FieldOptions::weak() const' is deprecated [-Wdeprecated-declarations]
  757 |     if (!field->real_containing_oneof() && !field->options().weak()) {
      |                                             ~~~~~~~~~~~~~~~~~~~~~^~
bazel-out/k8-opt-exec-ST-d57f47055a04/bin/external/protobuf+/src/google/protobuf/_virtual_includes/protobuf/google/protobuf/descriptor.pb.h:19782:13: note: declared here
19782 | inline bool FieldOptions::weak() const {
      |             ^~~~~~~~~~~~
external/protobuf+/src/google/protobuf/compiler/cpp/message.cc: In member function 'void google::protobuf::compiler::cpp::MessageGenerator::GenerateSingularFieldHasBits(const google::protobuf::FieldDescriptor*, google::protobuf::io::Printer*)':
external/protobuf+/src/google/protobuf/compiler/cpp/message.cc:1129:28: warning: 'bool google::protobuf::FieldOptions::weak() const' is deprecated [-Wdeprecated-declarations]
 1129 |   if (field->options().weak()) {
      |       ~~~~~~~~~~~~~~~~~~~~~^~
bazel-out/k8-opt-exec-ST-d57f47055a04/bin/external/protobuf+/src/google/protobuf/_virtual_includes/protobuf/google/protobuf/descriptor.pb.h:19782:13: note: declared here
19782 | inline bool FieldOptions::weak() const {
      |             ^~~~~~~~~~~~
external/protobuf+/src/google/protobuf/compiler/cpp/message.cc: In member function 'void google::protobuf::compiler::cpp::MessageGenerator::EmitCheckAndUpdateByteSizeForField(const google::protobuf::FieldDescriptor*, google::protobuf::io::Printer*) const':
external/protobuf+/src/google/protobuf/compiler/cpp/message.cc:1344:28: warning: 'bool google::protobuf::FieldOptions::weak() const' is deprecated [-Wdeprecated-declarations]
 1344 |   if (field->options().weak()) {
      |       ~~~~~~~~~~~~~~~~~~~~~^~
bazel-out/k8-opt-exec-ST-d57f47055a04/bin/external/protobuf+/src/google/protobuf/_virtual_includes/protobuf/google/protobuf/descriptor.pb.h:19782:13: note: declared here
19782 | inline bool FieldOptions::weak() const {
      |             ^~~~~~~~~~~~
external/protobuf+/src/google/protobuf/compiler/cpp/message.cc: In member function 'void google::protobuf::compiler::cpp::MessageGenerator::MaybeEmitUpdateCachedHasbits(const google::protobuf::FieldDescriptor*, google::protobuf::io::Printer*, int&) const':
external/protobuf+/src/google/protobuf/compiler/cpp/message.cc:1377:59: warning: 'bool google::protobuf::FieldOptions::weak() const' is deprecated [-Wdeprecated-declarations]
 1377 |   if (!HasHasbit(field, options_) || field->options().weak()) return;
      |                                      ~~~~~~~~~~~~~~~~~~~~~^~
bazel-out/k8-opt-exec-ST-d57f47055a04/bin/external/protobuf+/src/google/protobuf/_virtual_includes/protobuf/google/protobuf/descriptor.pb.h:19782:13: note: declared here
19782 | inline bool FieldOptions::weak() const {
      |             ^~~~~~~~~~~~
external/protobuf+/src/google/protobuf/compiler/cpp/message.cc: In lambda function:
external/protobuf+/src/google/protobuf/compiler/cpp/message.cc:2114:64: warning: 'bool google::protobuf::FieldOptions::weak() const' is deprecated [-Wdeprecated-declarations]
 2114 |             if (!field->is_repeated() && !field->options().weak() &&
      |                                           ~~~~~~~~~~~~~~~~~~~~~^~
bazel-out/k8-opt-exec-ST-d57f47055a04/bin/external/protobuf+/src/google/protobuf/_virtual_includes/protobuf/google/protobuf/descriptor.pb.h:19782:13: note: declared here
19782 | inline bool FieldOptions::weak() const {
      |             ^~~~~~~~~~~~
external/protobuf+/src/google/protobuf/compiler/cpp/message.cc: In member function 'size_t google::protobuf::compiler::cpp::MessageGenerator::GenerateOffsets(google::protobuf::io::Printer*)':
external/protobuf+/src/google/protobuf/compiler/cpp/message.cc:2595:30: warning: 'bool google::protobuf::FieldOptions::weak() const' is deprecated [-Wdeprecated-declarations]
 2595 |     if (field->options().weak()) {
      |         ~~~~~~~~~~~~~~~~~~~~~^~
bazel-out/k8-opt-exec-ST-d57f47055a04/bin/external/protobuf+/src/google/protobuf/_virtual_includes/protobuf/google/protobuf/descriptor.pb.h:19782:13: note: declared here
19782 | inline bool FieldOptions::weak() const {
      |             ^~~~~~~~~~~~
external/protobuf+/src/google/protobuf/compiler/cpp/message.cc: In lambda function:
external/protobuf+/src/google/protobuf/compiler/cpp/message.cc:4188:39: warning: 'bool google::protobuf::FieldOptions::weak() const' is deprecated [-Wdeprecated-declarations]
 4188 |       } else if (field->options().weak() ||
      |                  ~~~~~~~~~~~~~~~~~~~~~^~
bazel-out/k8-opt-exec-ST-d57f47055a04/bin/external/protobuf+/src/google/protobuf/_virtual_includes/protobuf/google/protobuf/descriptor.pb.h:19782:13: note: declared here
19782 | inline bool FieldOptions::weak() const {
      |             ^~~~~~~~~~~~
external/protobuf+/src/google/protobuf/compiler/cpp/message.cc: In member function 'void google::protobuf::compiler::cpp::MessageGenerator::GenerateSerializeOneField(google::protobuf::io::Printer*, const google::protobuf::FieldDescriptor*, int)':
external/protobuf+/src/google/protobuf/compiler/cpp/message.cc:4528:28: warning: 'bool google::protobuf::FieldOptions::weak() const' is deprecated [-Wdeprecated-declarations]
 4528 |   if (field->options().weak()) {
      |       ~~~~~~~~~~~~~~~~~~~~~^~
bazel-out/k8-opt-exec-ST-d57f47055a04/bin/external/protobuf+/src/google/protobuf/_virtual_includes/protobuf/google/protobuf/descriptor.pb.h:19782:13: note: declared here
19782 | inline bool FieldOptions::weak() const {
      |             ^~~~~~~~~~~~
external/protobuf+/src/google/protobuf/compiler/cpp/message.cc: In lambda function:
external/protobuf+/src/google/protobuf/compiler/cpp/message.cc:4834:43: warning: 'bool google::protobuf::FieldOptions::weak() const' is deprecated [-Wdeprecated-declarations]
 4834 |                  if (field->options().weak()) {
      |                      ~~~~~~~~~~~~~~~~~~~~~^~
bazel-out/k8-opt-exec-ST-d57f47055a04/bin/external/protobuf+/src/google/protobuf/_virtual_includes/protobuf/google/protobuf/descriptor.pb.h:19782:13: note: declared here
19782 | inline bool FieldOptions::weak() const {
      |             ^~~~~~~~~~~~
[2,278 / 2,801] Compiling upb_generator/plugin.cc [for tool]; 2s processwrapper-sandbox ... (4 actions, 3 running)
[2,288 / 2,801] Compiling upb_generator/plugin.cc [for tool]; 3s processwrapper-sandbox ... (4 actions, 3 running)
[2,296 / 2,801] GoCompilePkg external/gazelle++go_deps+org_golang_google_protobuf/internal/impl/impl.a [for tool]; 1s processwrapper-sandbox ... (4 actions, 3 running)
[2,307 / 2,801] Compiling upb_generator/file_layout.cc [for tool]; 1s processwrapper-sandbox ... (4 actions, 3 running)
[2,330 / 2,801] Compiling upb_generator/file_layout.cc [for tool]; 2s processwrapper-sandbox ... (4 actions, 3 running)
[2,349 / 2,801] GoCompilePkg external/gazelle++go_deps+org_golang_google_protobuf/cmd/protoc-gen-go/internal_gengo/internal_gengo.a [for tool]; 0s processwrapper-sandbox ... (4 actions, 3 running)
[2,376 / 2,801] Compiling src/core/credentials/transport/alts/check_gcp_environment.cc; 0s processwrapper-sandbox ... (4 actions, 3 running)
[2,402 / 2,801] GoCompilePkg external/gazelle++go_deps+org_golang_google_protobuf/internal/impl/impl.a; 1s processwrapper-sandbox ... (4 actions, 3 running)
[2,424 / 2,801] Compiling src/core/credentials/transport/alts/grpc_alts_credentials_client_options.cc; 1s processwrapper-sandbox ... (4 actions, 3 running)
[2,443 / 2,801] GoCompilePkg external/gazelle++go_deps+org_golang_google_protobuf/types/known/anypb/anypb.a; 0s processwrapper-sandbox ... (3 actions, 2 running)
[2,457 / 2,801] Compiling src/core/credentials/transport/alts/grpc_alts_credentials_options.cc; 1s processwrapper-sandbox ... (4 actions, 3 running)
[2,460 / 2,801] Compiling proto/greeter.pb.cc; 2s processwrapper-sandbox ... (4 actions, 3 running)
[2,464 / 2,801] Compiling external/protobuf+/src/google/protobuf/_virtual_imports/wrappers_proto/google/protobuf/wrappers.pb.cc [for tool]; 3s processwrapper-sandbox ... (4 actions, 3 running)
[2,472 / 2,801] Compiling external/protobuf+/src/google/protobuf/_virtual_imports/source_context_proto/google/protobuf/source_context.pb.cc [for tool]; 2s processwrapper-sandbox ... (4 actions running)
[2,477 / 2,801] Compiling src/google/protobuf/json/internal/parser.cc [for tool]; 2s processwrapper-sandbox ... (4 actions, 3 running)
[2,494 / 2,801] Compiling src/google/protobuf/json/internal/parser.cc [for tool]; 3s processwrapper-sandbox ... (4 actions running)
[2,498 / 2,801] Compiling src/google/protobuf/json/internal/parser.cc [for tool]; 4s processwrapper-sandbox ... (4 actions, 3 running)
[2,499 / 2,801] Compiling src/google/protobuf/json/internal/parser.cc [for tool]; 6s processwrapper-sandbox ... (4 actions running)
[2,501 / 2,801] Compiling src/google/protobuf/json/internal/parser.cc [for tool]; 7s processwrapper-sandbox ... (4 actions, 3 running)
[2,505 / 2,801] Compiling src/google/protobuf/util/field_mask_util.cc [for tool]; 5s processwrapper-sandbox ... (4 actions, 3 running)
[2,506 / 2,801] Compiling external/protobuf+/src/google/protobuf/_virtual_imports/struct_proto/google/protobuf/struct.pb.cc [for tool]; 2s processwrapper-sandbox ... (4 actions running)
[2,512 / 2,801] Compiling src/core/lib/iomgr/closure.cc; 0s processwrapper-sandbox ... (4 actions, 3 running)
[2,515 / 2,801] Compiling external/protobuf+/src/google/protobuf/_virtual_imports/empty_proto/google/protobuf/empty.pb.cc [for tool]; 2s processwrapper-sandbox ... (4 actions running)
[2,530 / 2,801] Compiling src/google/protobuf/json/internal/unparser.cc [for tool]; 4s processwrapper-sandbox ... (4 actions, 3 running)
[2,542 / 2,801] Compiling src/google/protobuf/json/internal/unparser.cc [for tool]; 5s processwrapper-sandbox ... (4 actions running)
[2,543 / 2,801] Compiling src/google/protobuf/json/internal/unparser.cc [for tool]; 6s processwrapper-sandbox ... (4 actions running)
[2,546 / 2,801] Compiling upb_generator/reflection/generator.cc [for tool]; 2s processwrapper-sandbox ... (4 actions running)
[2,547 / 2,801] Compiling src/google/protobuf/json/internal/untyped_message.cc; 3s processwrapper-sandbox ... (4 actions, 3 running)
[2,547 / 2,801] Compiling src/google/protobuf/json/internal/untyped_message.cc; 4s processwrapper-sandbox ... (4 actions running)
[2,548 / 2,801] Compiling src/compiler/cpp_generator.cc [for tool]; 5s processwrapper-sandbox ... (4 actions, 3 running)
[2,549 / 2,801] Compiling src/google/protobuf/json/internal/untyped_message.cc [for tool]; 6s processwrapper-sandbox ... (4 actions, 3 running)
[2,551 / 2,801] Compiling src/google/protobuf/json/internal/parser.cc; 2s processwrapper-sandbox ... (4 actions running)
[2,552 / 2,801] Compiling src/google/protobuf/json/internal/parser.cc; 5s processwrapper-sandbox ... (4 actions, 3 running)
[2,554 / 2,801] Compiling src/compiler/csharp_generator.cc [for tool]; 5s processwrapper-sandbox ... (4 actions, 3 running)
[2,555 / 2,801] Compiling external/protobuf+/src/google/protobuf/_virtual_imports/type_proto/google/protobuf/type.pb.cc [for tool]; 2s processwrapper-sandbox ... (4 actions running)
[2,556 / 2,801] Compiling src/google/protobuf/json/internal/unparser.cc; 3s processwrapper-sandbox ... (4 actions, 3 running)
[2,559 / 2,801] Compiling src/google/protobuf/json/internal/unparser.cc; 4s processwrapper-sandbox ... (4 actions, 3 running)
[2,560 / 2,801] Compiling src/compiler/node_generator.cc [for tool]; 4s processwrapper-sandbox ... (4 actions, 3 running)
[2,561 / 2,801] Compiling src/compiler/node_generator.cc [for tool]; 5s processwrapper-sandbox ... (4 actions, 3 running)
[2,567 / 2,801] Compiling src/google/protobuf/json/json.cc; 2s processwrapper-sandbox ... (4 actions running)
[2,575 / 2,801] Compiling src/google/protobuf/util/time_util.cc; 1s processwrapper-sandbox ... (4 actions, 3 running)
[2,586 / 2,801] Compiling src/compiler/objective_c_generator.cc [for tool]; 2s processwrapper-sandbox ... (4 actions, 3 running)
[2,593 / 2,801] Compiling src/compiler/objective_c_generator.cc [for tool]; 3s processwrapper-sandbox ... (4 actions, 3 running)
[2,599 / 2,801] Compiling src/compiler/objective_c_generator.cc [for tool]; 5s processwrapper-sandbox ... (4 actions, 3 running)
[2,617 / 2,801] Compiling external/protobuf+/src/google/protobuf/_virtual_imports/api_proto/google/protobuf/api.pb.cc [for tool]; 1s processwrapper-sandbox ... (4 actions, 3 running)
[2,621 / 2,801] Compiling external/protobuf+/src/google/protobuf/_virtual_imports/api_proto/google/protobuf/api.pb.cc [for tool]; 2s processwrapper-sandbox ... (4 actions running)
[2,623 / 2,801] Compiling external/protobuf+/src/google/protobuf/_virtual_imports/api_proto/google/protobuf/api.pb.cc [for tool]; 3s processwrapper-sandbox ... (4 actions running)
[2,624 / 2,801] Compiling src/compiler/php_generator.cc [for tool]; 5s processwrapper-sandbox ... (4 actions running)
[2,626 / 2,801] Compiling src/compiler/ruby_generator.cc [for tool]; 4s processwrapper-sandbox ... (4 actions running)
[2,627 / 2,801] Compiling src/compiler/python_generator.cc [for tool]; 5s processwrapper-sandbox ... (4 actions, 3 running)
[2,629 / 2,801] Compiling src/compiler/python_generator.cc [for tool]; 6s processwrapper-sandbox ... (4 actions running)
[2,634 / 2,801] Compiling src/core/lib/channel/channel_args_preconditioning.cc; 2s processwrapper-sandbox ... (4 actions, 3 running)
[2,636 / 2,801] Compiling src/core/lib/promise/wait_set.cc; 2s processwrapper-sandbox ... (4 actions running)
[2,637 / 2,801] Compiling src/core/call/call_state.cc; 2s processwrapper-sandbox ... (4 actions running)
INFO: From Compiling src/core/call/call_state.cc:
In file included from external/grpc+/src/core/call/call_state.cc:15:
external/grpc+/src/core/call/call_state.h: In static member function 'static const char* grpc_core::CallState::ClientToServerPushStateString(ClientToServerPushState)':
external/grpc+/src/core/call/call_state.h:191:3: warning: control reaches end of non-void function [-Wreturn-type]
  191 |   }
      |   ^
external/grpc+/src/core/call/call_state.h: In static member function 'static const char* grpc_core::CallState::ClientToServerPullStateString(ClientToServerPullState)':
external/grpc+/src/core/call/call_state.h:161:3: warning: control reaches end of non-void function [-Wreturn-type]
  161 |   }
      |   ^
external/grpc+/src/core/call/call_state.h: In static member function 'static const char* grpc_core::CallState::ServerToClientPullStateString(ServerToClientPullState)':
external/grpc+/src/core/call/call_state.h:244:3: warning: control reaches end of non-void function [-Wreturn-type]
  244 |   }
      |   ^
external/grpc+/src/core/call/call_state.h: In static member function 'static const char* grpc_core::CallState::ServerToClientPushStateString(ServerToClientPushState)':
external/grpc+/src/core/call/call_state.h:284:3: warning: control reaches end of non-void function [-Wreturn-type]
  284 |   }
      |   ^
external/grpc+/src/core/call/call_state.h: In static member function 'static const char* grpc_core::CallState::ServerTrailingMetadataStateString(ServerTrailingMetadataState)':
external/grpc+/src/core/call/call_state.h:314:3: warning: control reaches end of non-void function [-Wreturn-type]
  314 |   }
      |   ^
[2,640 / 2,801] Compiling src/core/lib/event_engine/event_engine.cc; 2s processwrapper-sandbox ... (4 actions running)
[2,645 / 2,801] Compiling src/core/lib/iomgr/call_combiner.cc; 1s processwrapper-sandbox ... (4 actions, 3 running)
[2,645 / 2,801] Compiling src/core/lib/iomgr/call_combiner.cc; 2s processwrapper-sandbox ... (4 actions running)
[2,649 / 2,801] Compiling src/core/lib/iomgr/timer.cc; 0s processwrapper-sandbox ... (4 actions running)
[2,650 / 2,801] Compiling src/core/lib/iomgr/timer.cc; 2s processwrapper-sandbox ... (4 actions, 3 running)
[2,652 / 2,801] Compiling src/core/channelz/channel_trace.cc; 3s processwrapper-sandbox ... (4 actions running)
[2,655 / 2,801] Compiling src/core/lib/iomgr/timer_generic.cc; 2s processwrapper-sandbox ... (4 actions, 3 running)
INFO: From Compiling src/core/lib/event_engine/tcp_socket_utils.cc:
external/grpc+/src/core/lib/event_engine/tcp_socket_utils.cc: In function 'bool grpc_event_engine::experimental::ResolvedAddressToV4Mapped(const EventEngine::ResolvedAddress&, EventEngine::ResolvedAddress*)':
external/grpc+/src/core/lib/event_engine/tcp_socket_utils.cc:225:11: warning: 'void* memset(void*, int, size_t)' clearing an object of non-trivial type 'class grpc_event_engine::experimental::EventEngine::ResolvedAddress'; use assignment or value-initialization instead [-Wclass-memaccess]
  225 |     memset(resolved_addr6_out, 0, sizeof(*resolved_addr6_out));
      |     ~~~~~~^~~~~~~~~~~~~~~~~~~~~~~~~~~~~~~~~~~~~~~~~~~~~~~~~~~~
In file included from external/grpc+/src/core/lib/event_engine/tcp_socket_utils.h:17,
                 from external/grpc+/src/core/lib/event_engine/tcp_socket_utils.cc:14:
external/grpc+/include/grpc/event_engine/event_engine.h:160:9: note: 'class grpc_event_engine::experimental::EventEngine::ResolvedAddress' declared here
  160 |   class ResolvedAddress {
      |         ^~~~~~~~~~~~~~~
[2,660 / 2,801] Compiling src/core/channelz/channelz.cc; 2s processwrapper-sandbox ... (4 actions running)
[2,662 / 2,801] Compiling src/core/channelz/channelz.cc; 3s processwrapper-sandbox ... (4 actions, 3 running)
[2,663 / 2,801] Compiling src/core/channelz/channelz.cc; 5s processwrapper-sandbox ... (4 actions running)
INFO: From Compiling src/core/channelz/channelz.cc:
In file included from external/grpc+/src/core/channelz/channelz.cc:19:
external/grpc+/src/core/channelz/channelz.h: In static member function 'static absl::lts_20250814::string_view grpc_core::channelz::BaseNode::EntityTypeToKind(EntityType)':
external/grpc+/src/core/channelz/channelz.h:186:3: warning: control reaches end of non-void function [-Wreturn-type]
  186 |   }
      |   ^
[2,667 / 2,801] Compiling src/core/service_config/service_config_parser.cc; 0s processwrapper-sandbox ... (4 actions, 3 running)
[2,668 / 2,801] Compiling src/core/service_config/service_config_parser.cc; 2s processwrapper-sandbox ... (4 actions running)
[2,670 / 2,801] Compiling src/core/channelz/channelz_registry.cc; 3s processwrapper-sandbox ... (4 actions running)
[2,671 / 2,801] Compiling src/core/telemetry/instrument.cc; 3s processwrapper-sandbox ... (4 actions, 3 running)
[2,672 / 2,801] Compiling src/core/telemetry/instrument.cc; 5s processwrapper-sandbox ... (4 actions, 3 running)
[2,674 / 2,801] Compiling src/core/telemetry/instrument.cc; 6s processwrapper-sandbox ... (4 actions running)
INFO: From Compiling src/core/lib/resource_quota/memory_quota.cc:
In file included from external/grpc+/src/core/lib/resource_quota/memory_quota.cc:36:
external/grpc+/src/core/lib/promise/loop.h:215:31: warning: attribute ignored in declaration of 'union grpc_core::Loop<F, kYield>::<unnamed>' [-Wattributes]
  215 |   GPR_NO_UNIQUE_ADDRESS union {
      |                               ^
external/grpc+/src/core/lib/promise/loop.h:215:31: note: attribute for 'union grpc_core::Loop<F, kYield>::<unnamed>' must follow the 'union' keyword
[2,675 / 2,801] Compiling src/core/telemetry/instrument.cc; 8s processwrapper-sandbox ... (4 actions, 3 running)
[2,678 / 2,801] Compiling src/core/lib/event_engine/posix_engine/file_descriptor_collection.cc; 1s processwrapper-sandbox ... (4 actions, 3 running)
[2,679 / 2,801] Compiling src/core/lib/resource_quota/arena.cc; 2s processwrapper-sandbox ... (4 actions running)
[2,680 / 2,801] Compiling src/core/lib/event_engine/posix_engine/tcp_socket_utils.cc; 3s processwrapper-sandbox ... (4 actions, 3 running)
[2,682 / 2,801] Compiling src/core/lib/event_engine/posix_engine/lockfree_event.cc; 3s processwrapper-sandbox ... (4 actions, 3 running)
[2,683 / 2,801] Compiling src/core/call/call_arena_allocator.cc; 2s processwrapper-sandbox ... (4 actions running)
[2,685 / 2,801] Compiling src/core/lib/event_engine/posix_engine/wakeup_fd_eventfd.cc; 3s processwrapper-sandbox ... (4 actions, 3 running)
[2,686 / 2,801] Compiling src/core/lib/event_engine/ares_resolver.cc; 4s processwrapper-sandbox ... (4 actions running)
[2,687 / 2,801] Compiling src/core/lib/event_engine/ares_resolver.cc; 5s processwrapper-sandbox ... (4 actions, 3 running)
INFO: From Compiling src/core/lib/event_engine/ares_resolver.cc:
external/grpc+/src/core/lib/event_engine/ares_resolver.cc: In function 'absl::lts_20250814::Status grpc_event_engine::experimental::{anonymous}::SetRequestDNSServer(absl::lts_20250814::string_view, ares_channeldata**)':
external/grpc+/src/core/lib/event_engine/ares_resolver.cc:147:38: warning: 'int ares_set_servers_ports(ares_channel_t*, const ares_addr_port_node*)' is deprecated: Use ares_set_servers_ports_csv instead [-Wdeprecated-declarations]
  147 |   int status = ares_set_servers_ports(*channel, &dns_server_addr);
      |                ~~~~~~~~~~~~~~~~~~~~~~^~~~~~~~~~~~~~~~~~~~~~~~~~~~
In file included from external/grpc+/src/core/lib/event_engine/ares_resolver.h:28,
                 from external/grpc+/src/core/lib/event_engine/ares_resolver.cc:14:
external/c-ares+/include/ares.h:1173:20: note: declared here
 1173 | int                ares_set_servers_ports(ares_channel_t                   *channel,
      |                    ^~~~~~~~~~~~~~~~~~~~~~
external/grpc+/src/core/lib/event_engine/ares_resolver.cc: In member function 'virtual void grpc_event_engine::experimental::AresResolver::LookupHostname(grpc_event_engine::experimental::EventEngine::DNSResolver::LookupHostnameCallback, absl::lts_20250814::string_view, absl::lts_20250814::string_view)':
external/grpc+/src/core/lib/event_engine/ares_resolver.cc:376:23: warning: 'void ares_gethostbyname(ares_channel_t*, const char*, int, ares_host_callback, void*)' is deprecated: Use ares_getaddrinfo instead [-Wdeprecated-declarations]
  376 |     ares_gethostbyname(channel_, std::string(host).c_str(), AF_INET,
      |     ~~~~~~~~~~~~~~~~~~^~~~~~~~~~~~~~~~~~~~~~~~~~~~~~~~~~~~~~~~~~~~~~
  377 |                        &AresResolver::OnHostbynameDoneLocked, resolver_arg);
      |                        ~~~~~~~~~~~~~~~~~~~~~~~~~~~~~~~~~~~~~~~~~~~~~~~~~~~~
external/c-ares+/include/ares.h:879:58: note: declared here
  879 | CARES_EXTERN CARES_DEPRECATED_FOR(ares_getaddrinfo) void ares_gethostbyname(
      |                                                          ^~~~~~~~~~~~~~~~~~
external/grpc+/src/core/lib/event_engine/ares_resolver.cc:378:23: warning: 'void ares_gethostbyname(ares_channel_t*, const char*, int, ares_host_callback, void*)' is deprecated: Use ares_getaddrinfo instead [-Wdeprecated-declarations]
  378 |     ares_gethostbyname(channel_, std::string(host).c_str(), AF_INET6,
      |     ~~~~~~~~~~~~~~~~~~^~~~~~~~~~~~~~~~~~~~~~~~~~~~~~~~~~~~~~~~~~~~~~~
  379 |                        &AresResolver::OnHostbynameDoneLocked, resolver_arg);
      |                        ~~~~~~~~~~~~~~~~~~~~~~~~~~~~~~~~~~~~~~~~~~~~~~~~~~~~
external/c-ares+/include/ares.h:879:58: note: declared here
  879 | CARES_EXTERN CARES_DEPRECATED_FOR(ares_getaddrinfo) void ares_gethostbyname(
      |                                                          ^~~~~~~~~~~~~~~~~~
external/grpc+/src/core/lib/event_engine/ares_resolver.cc:382:23: warning: 'void ares_gethostbyname(ares_channel_t*, const char*, int, ares_host_callback, void*)' is deprecated: Use ares_getaddrinfo instead [-Wdeprecated-declarations]
  382 |     ares_gethostbyname(channel_, std::string(host).c_str(), AF_INET,
      |     ~~~~~~~~~~~~~~~~~~^~~~~~~~~~~~~~~~~~~~~~~~~~~~~~~~~~~~~~~~~~~~~~
  383 |                        &AresResolver::OnHostbynameDoneLocked, resolver_arg);
      |                        ~~~~~~~~~~~~~~~~~~~~~~~~~~~~~~~~~~~~~~~~~~~~~~~~~~~~
external/c-ares+/include/ares.h:879:58: note: declared here
  879 | CARES_EXTERN CARES_DEPRECATED_FOR(ares_getaddrinfo) void ares_gethostbyname(
      |                                                          ^~~~~~~~~~~~~~~~~~
external/grpc+/src/core/lib/event_engine/ares_resolver.cc: In member function 'virtual void grpc_event_engine::experimental::AresResolver::LookupSRV(grpc_event_engine::experimental::EventEngine::DNSResolver::LookupSRVCallback, absl::lts_20250814::string_view)':
external/grpc+/src/core/lib/event_engine/ares_resolver.cc:419:13: warning: 'void ares_query(ares_channel_t*, const char*, int, int, ares_callback, void*)' is deprecated: Use ares_query_dnsrec instead [-Wdeprecated-declarations]
  419 |   ares_query(channel_, std::string(host).c_str(), ns_c_in, ns_t_srv,
      |   ~~~~~~~~~~^~~~~~~~~~~~~~~~~~~~~~~~~~~~~~~~~~~~~~~~~~~~~~~~~~~~~~~~
  420 |              &AresResolver::OnSRVQueryDoneLocked, resolver_arg);
      |              ~~~~~~~~~~~~~~~~~~~~~~~~~~~~~~~~~~~~~~~~~~~~~~~~~~
external/c-ares+/include/ares.h:836:59: note: declared here
  836 | CARES_EXTERN CARES_DEPRECATED_FOR(ares_query_dnsrec) void ares_query(
      |                                                           ^~~~~~~~~~
external/grpc+/src/core/lib/event_engine/ares_resolver.cc: In member function 'virtual void grpc_event_engine::experimental::AresResolver::LookupTXT(grpc_event_engine::experimental::EventEngine::DNSResolver::LookupTXTCallback, absl::lts_20250814::string_view)':
external/grpc+/src/core/lib/event_engine/ares_resolver.cc:455:14: warning: 'void ares_search(ares_channel_t*, const char*, int, int, ares_callback, void*)' is deprecated: Use ares_search_dnsrec instead [-Wdeprecated-declarations]
  455 |   ares_search(channel_, std::string(host).c_str(), ns_c_in, ns_t_txt,
      |   ~~~~~~~~~~~^~~~~~~~~~~~~~~~~~~~~~~~~~~~~~~~~~~~~~~~~~~~~~~~~~~~~~~~
  456 |               &AresResolver::OnTXTDoneLocked, resolver_arg);
      |               ~~~~~~~~~~~~~~~~~~~~~~~~~~~~~~~~~~~~~~~~~~~~~
external/c-ares+/include/ares.h:859:60: note: declared here
  859 | CARES_EXTERN CARES_DEPRECATED_FOR(ares_search_dnsrec) void ares_search(
      |                                                            ^~~~~~~~~~~
external/grpc+/src/core/lib/event_engine/ares_resolver.cc: In member function 'void grpc_event_engine::experimental::AresResolver::CheckSocketsLocked()':
external/grpc+/src/core/lib/event_engine/ares_resolver.cc:465:37: warning: 'int ares_getsock(const ares_channel_t*, ares_socket_t*, int)' is deprecated: Use ARES_OPT_EVENT_THREAD or ARES_OPT_SOCK_STATE_CB instead [-Wdeprecated-declarations]
  465 |     int socks_bitmask = ares_getsock(channel_, socks, ARES_GETSOCK_MAXNUM);
      |                         ~~~~~~~~~~~~^~~~~~~~~~~~~~~~~~~~~~~~~~~~~~~~~~~~~~
external/c-ares+/include/ares.h:903:31: note: declared here
  903 |   ARES_OPT_SOCK_STATE_CB) int ares_getsock(const ares_channel_t *channel,
      |                               ^~~~~~~~~~~~
external/grpc+/src/core/lib/event_engine/ares_resolver.cc: In static member function 'static void grpc_event_engine::experimental::AresResolver::OnSRVQueryDoneLocked(void*, int, int, unsigned char*, int)':
external/grpc+/src/core/lib/event_engine/ares_resolver.cc:779:32: warning: 'int ares_parse_srv_reply(const unsigned char*, int, ares_srv_reply**)' is deprecated: Use ares_dns_parse instead [-Wdeprecated-declarations]
  779 |   status = ares_parse_srv_reply(abuf, alen, &reply);
      |            ~~~~~~~~~~~~~~~~~~~~^~~~~~~~~~~~~~~~~~~~
external/c-ares+/include/ares.h:1116:55: note: declared here
 1116 | CARES_EXTERN CARES_DEPRECATED_FOR(ares_dns_parse) int ares_parse_srv_reply(
      |                                                       ^~~~~~~~~~~~~~~~~~~~
external/grpc+/src/core/lib/event_engine/ares_resolver.cc: In static member function 'static void grpc_event_engine::experimental::AresResolver::OnTXTDoneLocked(void*, int, int, unsigned char*, int)':
external/grpc+/src/core/lib/event_engine/ares_resolver.cc:843:36: warning: 'int ares_parse_txt_reply_ext(const unsigned char*, int, ares_txt_ext**)' is deprecated: Use ares_dns_parse instead [-Wdeprecated-declarations]
  843 |   status = ares_parse_txt_reply_ext(buf, len, &reply);
      |            ~~~~~~~~~~~~~~~~~~~~~~~~^~~~~~~~~~~~~~~~~~
external/c-ares+/include/ares.h:1125:55: note: declared here
 1125 | CARES_EXTERN CARES_DEPRECATED_FOR(ares_dns_parse) int ares_parse_txt_reply_ext(
      |                                                       ^~~~~~~~~~~~~~~~~~~~~~~~
[2,691 / 2,801] Compiling src/core/lib/promise/party.cc; 4s processwrapper-sandbox ... (4 actions, 3 running)
[2,692 / 2,801] Compiling src/core/lib/event_engine/posix_engine/internal_errqueue.cc; 2s processwrapper-sandbox ... (4 actions, 3 running)
[2,693 / 2,801] Compiling src/core/lib/event_engine/posix_engine/traced_buffer_list.cc; 3s processwrapper-sandbox ... (4 actions, 3 running)
[2,694 / 2,801] Compiling src/core/lib/event_engine/posix_engine/ev_epoll1_linux.cc; 3s processwrapper-sandbox ... (4 actions running)
[2,696 / 2,801] Compiling src/core/lib/event_engine/posix_engine/posix_endpoint.cc; 2s processwrapper-sandbox ... (4 actions, 3 running)
[2,696 / 2,801] Compiling src/core/lib/event_engine/posix_engine/posix_endpoint.cc; 4s processwrapper-sandbox ... (4 actions running)
[2,700 / 2,801] Compiling src/core/call/metadata_batch.cc; 0s processwrapper-sandbox ... (4 actions, 3 running)
[2,700 / 2,801] Compiling src/core/call/metadata_batch.cc; 2s processwrapper-sandbox ... (4 actions running)
[2,701 / 2,801] Compiling src/core/call/metadata_batch.cc; 3s processwrapper-sandbox ... (4 actions running)
[2,704 / 2,801] Compiling src/core/telemetry/metrics.cc; 2s processwrapper-sandbox ... (4 actions, 3 running)
[2,704 / 2,801] Compiling src/core/telemetry/metrics.cc; 3s processwrapper-sandbox ... (4 actions running)
[2,705 / 2,801] Compiling src/core/call/metadata.cc; 3s processwrapper-sandbox ... (4 actions, 3 running)
[2,706 / 2,801] Compiling src/core/lib/event_engine/posix_engine/posix_engine.cc; 5s processwrapper-sandbox ... (4 actions running)
INFO: From Compiling src/core/lib/event_engine/posix_engine/posix_engine.cc:
In file included from external/grpc+/src/core/lib/event_engine/posix_engine/posix_engine.cc:36:
external/grpc+/src/core/lib/event_engine/posix_engine/grpc_polled_fd_posix.h: In member function 'virtual void grpc_event_engine::experimental::GrpcPolledFdFactoryPosix::ConfigureAresChannelLocked(ares_channel)':
external/grpc+/src/core/lib/event_engine/posix_engine/grpc_polled_fd_posix.h:129:30: warning: 'void ares_set_socket_functions(ares_channel_t*, const ares_socket_functions*, void*)' is deprecated: Use ares_set_socket_functions_ex instead [-Wdeprecated-declarations]
  129 |     ares_set_socket_functions(channel, &kSockFuncs, this);
      |     ~~~~~~~~~~~~~~~~~~~~~~~~~^~~~~~~~~~~~~~~~~~~~~~~~~~~~
In file included from external/grpc+/src/core/lib/event_engine/ares_resolver.h:28,
                 from external/grpc+/src/core/lib/event_engine/posix_engine/posix_engine.h:30,
                 from external/grpc+/src/core/lib/event_engine/posix_engine/posix_engine.cc:14:
external/c-ares+/include/ares.h:571:38: note: declared here
  571 |   ares_set_socket_functions_ex) void ares_set_socket_functions(ares_channel_t
      |                                      ^~~~~~~~~~~~~~~~~~~~~~~~~
[2,707 / 2,801] Compiling src/core/call/call_filters.cc; 5s processwrapper-sandbox ... (4 actions running)
INFO: From Compiling src/core/call/call_filters.cc:
In file included from external/grpc+/src/core/call/call_filters.h:26,
                 from external/grpc+/src/core/call/call_filters.cc:15:
external/grpc+/src/core/call/call_state.h: In static member function 'static const char* grpc_core::CallState::ServerToClientPullStateString(ServerToClientPullState)':
external/grpc+/src/core/call/call_state.h:244:3: warning: control reaches end of non-void function [-Wreturn-type]
  244 |   }
      |   ^
external/grpc+/src/core/call/call_state.h: In static member function 'static const char* grpc_core::CallState::ServerTrailingMetadataStateString(ServerTrailingMetadataState)':
external/grpc+/src/core/call/call_state.h:314:3: warning: control reaches end of non-void function [-Wreturn-type]
  314 |   }
      |   ^
external/grpc+/src/core/call/call_state.h: In static member function 'static const char* grpc_core::CallState::ServerToClientPushStateString(ServerToClientPushState)':
external/grpc+/src/core/call/call_state.h:284:3: warning: control reaches end of non-void function [-Wreturn-type]
  284 |   }
      |   ^
external/grpc+/src/core/call/call_state.h: In static member function 'static const char* grpc_core::CallState::ClientToServerPushStateString(ClientToServerPushState)':
external/grpc+/src/core/call/call_state.h:191:3: warning: control reaches end of non-void function [-Wreturn-type]
  191 |   }
      |   ^
[2,709 / 2,801] Compiling src/core/load_balancing/lb_policy_registry.cc; 3s processwrapper-sandbox ... (4 actions, 3 running)
[2,710 / 2,801] Compiling src/core/lib/event_engine/posix_engine/event_poller_posix_default.cc; 3s processwrapper-sandbox ... (4 actions running)
[2,711 / 2,801] Compiling src/core/call/call_spine.cc; 4s processwrapper-sandbox ... (4 actions running)
[2,712 / 2,801] Compiling src/core/call/call_spine.cc; 5s processwrapper-sandbox ... (4 actions, 3 running)
[2,713 / 2,801] Compiling src/core/call/call_spine.cc; 7s processwrapper-sandbox ... (4 actions running)
[2,714 / 2,801] Compiling src/core/call/call_spine.cc; 9s processwrapper-sandbox ... (4 actions running)
INFO: From Compiling src/core/call/call_spine.cc:
In file included from external/grpc+/src/core/lib/promise/activity.h:30,
                 from external/grpc+/src/core/lib/resource_quota/memory_quota.h:39,
                 from external/grpc+/src/core/lib/resource_quota/arena.h:39,
                 from external/grpc+/src/core/call/call_arena_allocator.h:24,
                 from external/grpc+/src/core/call/call_spine.h:23,
                 from external/grpc+/src/core/call/call_spine.cc:15:
external/grpc+/src/core/lib/promise/detail/promise_factory.h:132:5: warning: 'always_inline' function might not be inlinable [-Wattributes]
  132 |     PromiseFactoryImpl(Token, F&& f, A&& arg) {
      |     ^~~~~~~~~~~~~~~~~~
external/grpc+/src/core/lib/promise/detail/promise_factory.h:132:5: warning: 'always_inline' function might not be inlinable [-Wattributes]
external/grpc+/src/core/lib/promise/detail/promise_factory.h:132:5: warning: 'always_inline' function might not be inlinable [-Wattributes]
In file included from external/grpc+/src/core/call/call_filters.h:26,
                 from external/grpc+/src/core/call/call_spine.h:24:
external/grpc+/src/core/call/call_state.h: In static member function 'static const char* grpc_core::CallState::ServerTrailingMetadataStateString(ServerTrailingMetadataState)':
external/grpc+/src/core/call/call_state.h:314:3: warning: control reaches end of non-void function [-Wreturn-type]
  314 |   }
      |   ^
external/grpc+/src/core/call/call_state.h: In static member function 'static const char* grpc_core::CallState::ClientToServerPullStateString(ClientToServerPullState)':
external/grpc+/src/core/call/call_state.h:161:3: warning: control reaches end of non-void function [-Wreturn-type]
  161 |   }
      |   ^
external/grpc+/src/core/call/call_state.h: In static member function 'static const char* grpc_core::CallState::ClientToServerPushStateString(ClientToServerPushState)':
external/grpc+/src/core/call/call_state.h:191:3: warning: control reaches end of non-void function [-Wreturn-type]
  191 |   }
      |   ^
external/grpc+/src/core/call/call_state.h: In static member function 'static const char* grpc_core::CallState::ServerToClientPullStateString(ServerToClientPullState)':
external/grpc+/src/core/call/call_state.h:244:3: warning: control reaches end of non-void function [-Wreturn-type]
  244 |   }
      |   ^
external/grpc+/src/core/call/call_state.h: In static member function 'static const char* grpc_core::CallState::ServerToClientPushStateString(ServerToClientPushState)':
external/grpc+/src/core/call/call_state.h:284:3: warning: control reaches end of non-void function [-Wreturn-type]
  284 |   }
      |   ^
[2,715 / 2,801] Compiling src/core/lib/surface/channel_init.cc; 5s processwrapper-sandbox ... (4 actions running)
[2,716 / 2,801] Compiling src/core/lib/surface/channel_init.cc; 7s processwrapper-sandbox ... (4 actions, 3 running)
[2,721 / 2,801] Compiling proto/greeter.grpc.pb.cc; 4s processwrapper-sandbox ... (4 actions, 3 running)
[2,725 / 2,801] Compiling src/core/lib/resource_quota/api.cc; 2s processwrapper-sandbox ... (4 actions, 3 running)
[2,726 / 2,801] Compiling src/core/lib/resource_quota/api.cc; 3s processwrapper-sandbox ... (4 actions running)
[2,728 / 2,801] Compiling src/core/lib/resource_quota/api.cc; 4s processwrapper-sandbox ... (4 actions, 3 running)
[2,729 / 2,801] Compiling src/core/lib/resource_quota/api.cc; 5s processwrapper-sandbox ... (4 actions, 3 running)
[2,734 / 2,801] Compiling src/core/call/client_call.cc; 5s processwrapper-sandbox ... (4 actions running)
[2,735 / 2,801] Compiling src/core/call/client_call.cc; 6s processwrapper-sandbox ... (4 actions running)
[2,736 / 2,801] Compiling src/core/call/client_call.cc; 7s processwrapper-sandbox ... (4 actions, 3 running)
[2,737 / 2,801] Compiling src/core/call/client_call.cc; 9s processwrapper-sandbox ... (4 actions running)
INFO: From Compiling src/core/call/client_call.cc:
In file included from external/grpc+/src/core/call/call_filters.h:26,
                 from external/grpc+/src/core/call/call_spine.h:24,
                 from external/grpc+/src/core/call/call_destination.h:20,
                 from external/grpc+/src/core/lib/transport/transport.h:36,
                 from external/grpc+/src/core/lib/channel/channel_stack.h:63,
                 from external/grpc+/src/core/lib/surface/call.h:32,
                 from external/grpc+/src/core/call/client_call.h:43,
                 from external/grpc+/src/core/call/client_call.cc:15:
external/grpc+/src/core/call/call_state.h: In static member function 'static const char* grpc_core::CallState::ServerToClientPullStateString(ServerToClientPullState)':
external/grpc+/src/core/call/call_state.h:244:3: warning: control reaches end of non-void function [-Wreturn-type]
  244 |   }
      |   ^
external/grpc+/src/core/call/call_state.h: In static member function 'static const char* grpc_core::CallState::ServerToClientPushStateString(ServerToClientPushState)':
external/grpc+/src/core/call/call_state.h:284:3: warning: control reaches end of non-void function [-Wreturn-type]
  284 |   }
      |   ^
external/grpc+/src/core/call/call_state.h: In static member function 'static const char* grpc_core::CallState::ClientToServerPushStateString(ClientToServerPushState)':
external/grpc+/src/core/call/call_state.h:191:3: warning: control reaches end of non-void function [-Wreturn-type]
  191 |   }
      |   ^
external/grpc+/src/core/call/call_state.h: In static member function 'static const char* grpc_core::CallState::ServerTrailingMetadataStateString(ServerTrailingMetadataState)':
external/grpc+/src/core/call/call_state.h:314:3: warning: control reaches end of non-void function [-Wreturn-type]
  314 |   }
      |   ^
[2,738 / 2,801] Compiling src/core/lib/iomgr/tcp_server_posix.cc; 4s processwrapper-sandbox ... (4 actions, 3 running)
[2,740 / 2,801] Compiling src/core/lib/iomgr/tcp_server_posix.cc; 6s processwrapper-sandbox ... (4 actions running)
[2,743 / 2,801] Compiling src/core/call/server_call.cc; 3s processwrapper-sandbox ... (4 actions running)
[2,746 / 2,801] Compiling src/core/call/server_call.cc; 5s processwrapper-sandbox ... (4 actions, 3 running)
[2,747 / 2,801] Compiling src/core/call/server_call.cc; 6s processwrapper-sandbox ... (4 actions running)
[2,748 / 2,801] Compiling src/core/call/server_call.cc; 8s processwrapper-sandbox ... (4 actions running)
[2,751 / 2,801] Compiling src/core/call/server_call.cc; 9s processwrapper-sandbox ... (4 actions running)
INFO: From Compiling src/core/call/server_call.cc:
In file included from external/grpc+/src/core/call/call_filters.h:26,
                 from external/grpc+/src/core/call/call_spine.h:24,
                 from external/grpc+/src/core/call/call_destination.h:20,
                 from external/grpc+/src/core/lib/transport/transport.h:36,
                 from external/grpc+/src/core/lib/channel/channel_stack.h:63,
                 from external/grpc+/src/core/lib/surface/call.h:32,
                 from external/grpc+/src/core/call/server_call.h:46,
                 from external/grpc+/src/core/call/server_call.cc:15:
external/grpc+/src/core/call/call_state.h: In static member function 'static const char* grpc_core::CallState::ClientToServerPullStateString(ClientToServerPullState)':
external/grpc+/src/core/call/call_state.h:161:3: warning: control reaches end of non-void function [-Wreturn-type]
  161 |   }
      |   ^
external/grpc+/src/core/call/call_state.h: In static member function 'static const char* grpc_core::CallState::ClientToServerPushStateString(ClientToServerPushState)':
external/grpc+/src/core/call/call_state.h:191:3: warning: control reaches end of non-void function [-Wreturn-type]
  191 |   }
      |   ^
external/grpc+/src/core/call/call_state.h: In static member function 'static const char* grpc_core::CallState::ServerTrailingMetadataStateString(ServerTrailingMetadataState)':
external/grpc+/src/core/call/call_state.h:314:3: warning: control reaches end of non-void function [-Wreturn-type]
  314 |   }
      |   ^
external/grpc+/src/core/call/call_state.h: In static member function 'static const char* grpc_core::CallState::ServerToClientPushStateString(ServerToClientPushState)':
external/grpc+/src/core/call/call_state.h:284:3: warning: control reaches end of non-void function [-Wreturn-type]
  284 |   }
      |   ^
[2,756 / 2,801] Compiling src/core/lib/iomgr/resolve_address_posix.cc; 2s processwrapper-sandbox ... (4 actions, 3 running)
[2,759 / 2,801] Compiling src/core/lib/iomgr/polling_entity.cc; 1s processwrapper-sandbox ... (4 actions, 3 running)
[2,761 / 2,801] Compiling src/core/lib/iomgr/polling_entity.cc; 2s processwrapper-sandbox ... (4 actions running)
[2,765 / 2,801] Compiling src/core/lib/channel/channel_stack.cc; 4s processwrapper-sandbox ... (4 actions running)
[2,768 / 2,801] Compiling src/core/lib/channel/channel_stack.cc; 5s processwrapper-sandbox ... (4 actions, 3 running)
[2,768 / 2,801] Compiling src/core/lib/channel/channel_stack.cc; 7s processwrapper-sandbox ... (4 actions running)
[2,771 / 2,801] Compiling src/core/lib/iomgr/event_engine_shims/tcp_client.cc; 3s processwrapper-sandbox ... (4 actions, 3 running)
[2,771 / 2,801] Compiling src/core/lib/iomgr/event_engine_shims/tcp_client.cc; 5s processwrapper-sandbox ... (4 actions running)
[2,777 / 2,801] Compiling src/core/lib/channel/channel_stack_builder_impl.cc; 3s processwrapper-sandbox ... (4 actions, 3 running)
[2,779 / 2,801] Compiling src/core/lib/iomgr/ev_epoll1_linux.cc; 1s processwrapper-sandbox ... (4 actions, 3 running)
[2,780 / 2,801] Compiling src/core/lib/iomgr/endpoint_pair_posix.cc; 2s processwrapper-sandbox ... (4 actions, 3 running)
[2,782 / 2,801] Compiling src/core/lib/iomgr/endpoint_pair_posix.cc; 4s processwrapper-sandbox ... (4 actions running)
[2,783 / 2,801] Compiling src/core/lib/iomgr/endpoint_pair_posix.cc; 5s processwrapper-sandbox ... (4 actions, 3 running)
[2,785 / 2,801] Compiling src/core/lib/channel/connected_channel.cc; 5s processwrapper-sandbox ... (4 actions running)
INFO: From Compiling src/core/lib/channel/connected_channel.cc:
In file included from external/grpc+/src/core/lib/channel/connected_channel.cc:53:
external/grpc+/src/core/lib/promise/loop.h:215:31: warning: attribute ignored in declaration of 'union grpc_core::Loop<F, kYield>::<unnamed>' [-Wattributes]
  215 |   GPR_NO_UNIQUE_ADDRESS union {
      |                               ^
external/grpc+/src/core/lib/promise/loop.h:215:31: note: attribute for 'union grpc_core::Loop<F, kYield>::<unnamed>' must follow the 'union' keyword
[2,788 / 2,801] Compiling src/core/lib/transport/transport.cc; 2s processwrapper-sandbox ... (4 actions, 3 running)
[2,789 / 2,801] Compiling src/core/lib/transport/transport.cc; 3s processwrapper-sandbox ... (4 actions, 3 running)
[2,789 / 2,801] Compiling src/core/lib/transport/transport.cc; 5s processwrapper-sandbox ... (4 actions running)
[2,790 / 2,801] Compiling src/core/lib/channel/promise_based_filter.cc; 4s processwrapper-sandbox ... (4 actions, 3 running)
[2,791 / 2,801] Compiling src/core/lib/channel/promise_based_filter.cc; 6s processwrapper-sandbox ... (4 actions running)
[2,792 / 2,801] Compiling src/core/lib/channel/promise_based_filter.cc; 7s processwrapper-sandbox ... (4 actions, 3 running)
[2,793 / 2,801] Compiling src/core/lib/channel/promise_based_filter.cc; 9s processwrapper-sandbox ... (4 actions running)
[2,795 / 2,801] Compiling src/core/lib/channel/promise_based_filter.cc; 10s processwrapper-sandbox ... (4 actions, 3 running)
[2,796 / 2,801] Compiling src/core/lib/surface/call_utils.cc; 4s processwrapper-sandbox ... (4 actions running)
[2,799 / 2,801] Compiling src/core/lib/surface/call_log_batch.cc; 4s processwrapper-sandbox ... (2 actions running)
[2,800 / 2,801] Compiling src/core/lib/surface/call.cc; 3s processwrapper-sandbox
INFO: Found 6 targets...
INFO: Elapsed time: 978.842s, Critical Path: 58.66s
INFO: 2801 processes: 999 internal, 1802 processwrapper-sandbox.
INFO: Build completed successfully, 2801 total actions
